answer_id,prompt_id,domain,question,answer_raw,answer_clean,label,vendor,is_reasoning,answer_words,answer_len,split,model_version,system_prompt_version,system_prompt,band_lo,band_hi,max_tokens,effort,temperature,stop_reason,batch_id,generated_at,params_b,ollama_tag,quantization,num_ctx,num_predict,think,model_default_params,answer_clean_nodash,answer_clean_nonl,answer_strict,answer_wordsonly
explanatory_0008__gemma-4-12b,explanatory_0008,explanatory,"Why doesn't solid material, when it breaks simply connect back together? What kept it together that is gone now?","When a solid material stays together, it is because of intermolecular forces or chemical bonds holding the atoms or molecules in a fixed arrangement. In a solid, these forces are strong enough to resist deformation, creating a stable structure. When the material breaks, it is because a physical force exceeded the strength of these bonds, causing them to snap or rupture at a specific point.

Once these bonds are broken, the surfaces are no longer ""connected"" because the precise molecular alignment is lost. Even if you push the pieces back together, the microscopic jagged edges and rearranged molecules don't automatically realign. To ""reconnect"" them, you would need to apply heat, pressure, or a chemical adhesive to bridge the gap and reform those broken bonds into a continuous structure.","When a solid material stays together, it is because of intermolecular forces or chemical bonds holding the atoms or molecules in a fixed arrangement. In a solid, these forces are strong enough to resist deformation, creating a stable structure. When the material breaks, it is because a physical force exceeded the strength of these bonds, causing them to snap or rupture at a specific point.

Once these bonds are broken, the surfaces are no longer ""connected"" because the precise molecular alignment is lost. Even if you push the pieces back together, the microscopic jagged edges and rearranged molecules don't automatically realign. To ""reconnect"" them, you would need to apply heat, pressure, or a chemical adhesive to bridge the gap and reform those broken bonds into a continuous structure.",gemma-4-12b,google,False,128,797,test,gemma-4-12b-q4_k_m,final-2026-09-20,You are answering questions the way a knowledgeable person would in an online discussion. Write in plain prose. Do not restate the question or add a preamble. Begin with the answer itself.,100,140,8192,none,,end_turn,ollama-local-gemma-4-12b,2026-09-28 06:30:21.069235+00:00,11.9,gemma4:12b,q4_k_m,16384,8192,False,"{""temperature"": ""1"", ""top_k"": ""64"", ""top_p"": ""0.95""}","When a solid material stays together, it is because of intermolecular forces or chemical bonds holding the atoms or molecules in a fixed arrangement. In a solid, these forces are strong enough to resist deformation, creating a stable structure. When the material breaks, it is because a physical force exceeded the strength of these bonds, causing them to snap or rupture at a specific point.

Once these bonds are broken, the surfaces are no longer ""connected"" because the precise molecular alignment is lost. Even if you push the pieces back together, the microscopic jagged edges and rearranged molecules don't automatically realign. To ""reconnect"" them, you would need to apply heat, pressure, or a chemical adhesive to bridge the gap and reform those broken bonds into a continuous structure.","When a solid material stays together, it is because of intermolecular forces or chemical bonds holding the atoms or molecules in a fixed arrangement. In a solid, these forces are strong enough to resist deformation, creating a stable structure. When the material breaks, it is because a physical force exceeded the strength of these bonds, causing them to snap or rupture at a specific point. Once these bonds are broken, the surfaces are no longer ""connected"" because the precise molecular alignment is lost. Even if you push the pieces back together, the microscopic jagged edges and rearranged molecules don't automatically realign. To ""reconnect"" them, you would need to apply heat, pressure, or a chemical adhesive to bridge the gap and reform those broken bonds into a continuous structure.","When a solid material stays together, it is because of intermolecular forces or chemical bonds holding the atoms or molecules in a fixed arrangement. In a solid, these forces are strong enough to resist deformation, creating a stable structure. When the material breaks, it is because a physical force exceeded the strength of these bonds, causing them to snap or rupture at a specific point. Once these bonds are broken, the surfaces are no longer ""connected"" because the precise molecular alignment is lost. Even if you push the pieces back together, the microscopic jagged edges and rearranged molecules don't automatically realign. To ""reconnect"" them, you would need to apply heat, pressure, or a chemical adhesive to bridge the gap and reform those broken bonds into a continuous structure.",when a solid material stays together it is because of intermolecular forces or chemical bonds holding the atoms or molecules in a fixed arrangement in a solid these forces are strong enough to resist deformation creating a stable structure when the material breaks it is because a physical force exceeded the strength of these bonds causing them to snap or rupture at a specific point once these bonds are broken the surfaces are no longer connected because the precise molecular alignment is lost even if you push the pieces back together the microscopic jagged edges and rearranged molecules don't automatically realign to reconnect them you would need to apply heat pressure or a chemical adhesive to bridge the gap and reform those broken bonds into a continuous structure
explanatory_0009__gemma-4-12b,explanatory_0009,explanatory,"How is it that rich kids in can get into the best and presumably most exclusive (e.g. Ivy League) colleges, despite having average or poor grades in high school?","Admissions at elite institutions like the Ivy League are holistic, meaning they look far beyond standard GPAs. Wealthy students often benefit from ""institutional advantages"" that create a more complete profile. They frequently attend elite private schools where they are pushed by specialized curricula and have access to high-level extracurriculars, such as competitive sports, specialized arts, or prestigious internships. 

Furthermore, wealth allows for private coaching, high-end test prep, and the ability to pursue non-academic interests that demonstrate ""leadership"" or ""passion."" Most importantly, these students often have extensive networks. A recommendation from a prominent donor or a prestigious internship at a family-connected firm can outweigh a mediocre grade. Ultimately, their resumes project a level of involvement and ""potential"" that admissions officers prioritize over raw test scores.","Admissions at elite institutions like the Ivy League are holistic, meaning they look far beyond standard GPAs. Wealthy students often benefit from ""institutional advantages"" that create a more complete profile. They frequently attend elite private schools where they are pushed by specialized curricula and have access to high-level extracurriculars, such as competitive sports, specialized arts, or prestigious internships.

Furthermore, wealth allows for private coaching, high-end test prep, and the ability to pursue non-academic interests that demonstrate ""leadership"" or ""passion."" Most importantly, these students often have extensive networks. A recommendation from a prominent donor or a prestigious internship at a family-connected firm can outweigh a mediocre grade. Ultimately, their resumes project a level of involvement and ""potential"" that admissions officers prioritize over raw test scores.",gemma-4-12b,google,False,124,909,test,gemma-4-12b-q4_k_m,final-2026-09-20,You are answering questions the way a knowledgeable person would in an online discussion. Write in plain prose. Do not restate the question or add a preamble. Begin with the answer itself.,100,140,8192,none,,end_turn,ollama-local-gemma-4-12b,2026-09-28 06:30:23.929866+00:00,11.9,gemma4:12b,q4_k_m,16384,8192,False,"{""temperature"": ""1"", ""top_k"": ""64"", ""top_p"": ""0.95""}","Admissions at elite institutions like the Ivy League are holistic, meaning they look far beyond standard GPAs. Wealthy students often benefit from ""institutional advantages"" that create a more complete profile. They frequently attend elite private schools where they are pushed by specialized curricula and have access to high-level extracurriculars, such as competitive sports, specialized arts, or prestigious internships.

Furthermore, wealth allows for private coaching, high-end test prep, and the ability to pursue non-academic interests that demonstrate ""leadership"" or ""passion."" Most importantly, these students often have extensive networks. A recommendation from a prominent donor or a prestigious internship at a family-connected firm can outweigh a mediocre grade. Ultimately, their resumes project a level of involvement and ""potential"" that admissions officers prioritize over raw test scores.","Admissions at elite institutions like the Ivy League are holistic, meaning they look far beyond standard GPAs. Wealthy students often benefit from ""institutional advantages"" that create a more complete profile. They frequently attend elite private schools where they are pushed by specialized curricula and have access to high-level extracurriculars, such as competitive sports, specialized arts, or prestigious internships. Furthermore, wealth allows for private coaching, high-end test prep, and the ability to pursue non-academic interests that demonstrate ""leadership"" or ""passion."" Most importantly, these students often have extensive networks. A recommendation from a prominent donor or a prestigious internship at a family-connected firm can outweigh a mediocre grade. Ultimately, their resumes project a level of involvement and ""potential"" that admissions officers prioritize over raw test scores.","Admissions at elite institutions like the Ivy League are holistic, meaning they look far beyond standard GPAs. Wealthy students often benefit from ""institutional advantages"" that create a more complete profile. They frequently attend elite private schools where they are pushed by specialized curricula and have access to high-level extracurriculars, such as competitive sports, specialized arts, or prestigious internships. Furthermore, wealth allows for private coaching, high-end test prep, and the ability to pursue non-academic interests that demonstrate ""leadership"" or ""passion."" Most importantly, these students often have extensive networks. A recommendation from a prominent donor or a prestigious internship at a family-connected firm can outweigh a mediocre grade. Ultimately, their resumes project a level of involvement and ""potential"" that admissions officers prioritize over raw test scores.",admissions at elite institutions like the ivy league are holistic meaning they look far beyond standard gpas wealthy students often benefit from institutional advantages that create a more complete profile they frequently attend elite private schools where they are pushed by specialized curricula and have access to high level extracurriculars such as competitive sports specialized arts or prestigious internships furthermore wealth allows for private coaching high end test prep and the ability to pursue non academic interests that demonstrate leadership or passion most importantly these students often have extensive networks a recommendation from a prominent donor or a prestigious internship at a family connected firm can outweigh a mediocre grade ultimately their resumes project a level of involvement and potential that admissions officers prioritize over raw test scores
explanatory_0021__gemma-4-12b,explanatory_0021,explanatory,What kind of healthcare options do Americans living in poverty or homelessness have?,"Americans living in poverty or experiencing homelessness primarily rely on a patchwork of public and charitable programs. The primary safety net is Medicaid, which provides comprehensive health coverage to low-income individuals, though eligibility varies significantly by state. For those without stable housing, the Emergency Medical Treatment and Labor Act (EMTALA) requires hospitals to stabilize patients in emergency situations regardless of their ability to pay. Additionally, many rely on Federally Qualified Health Centers (FQHCs), which provide primary and dental care on a sliding fee scale based on income. Community clinics and local non-profits often provide essential services, such as needle exchanges or mental health counseling. However, navigating these systems is often difficult due to complex eligibility requirements, lack of transportation, and administrative hurdles.","Americans living in poverty or experiencing homelessness primarily rely on a patchwork of public and charitable programs. The primary safety net is Medicaid, which provides comprehensive health coverage to low-income individuals, though eligibility varies significantly by state. For those without stable housing, the Emergency Medical Treatment and Labor Act (EMTALA) requires hospitals to stabilize patients in emergency situations regardless of their ability to pay. Additionally, many rely on Federally Qualified Health Centers (FQHCs), which provide primary and dental care on a sliding fee scale based on income. Community clinics and local non-profits often provide essential services, such as needle exchanges or mental health counseling. However, navigating these systems is often difficult due to complex eligibility requirements, lack of transportation, and administrative hurdles.",gemma-4-12b,google,False,122,892,test,gemma-4-12b-q4_k_m,final-2026-09-20,You are answering questions the way a knowledgeable person would in an online discussion. Write in plain prose. Do not restate the question or add a preamble. Begin with the answer itself.,100,140,8192,none,,end_turn,ollama-local-gemma-4-12b,2026-09-28 06:30:26.676971+00:00,11.9,gemma4:12b,q4_k_m,16384,8192,False,"{""temperature"": ""1"", ""top_k"": ""64"", ""top_p"": ""0.95""}","Americans living in poverty or experiencing homelessness primarily rely on a patchwork of public and charitable programs. The primary safety net is Medicaid, which provides comprehensive health coverage to low-income individuals, though eligibility varies significantly by state. For those without stable housing, the Emergency Medical Treatment and Labor Act (EMTALA) requires hospitals to stabilize patients in emergency situations regardless of their ability to pay. Additionally, many rely on Federally Qualified Health Centers (FQHCs), which provide primary and dental care on a sliding fee scale based on income. Community clinics and local non-profits often provide essential services, such as needle exchanges or mental health counseling. However, navigating these systems is often difficult due to complex eligibility requirements, lack of transportation, and administrative hurdles.","Americans living in poverty or experiencing homelessness primarily rely on a patchwork of public and charitable programs. The primary safety net is Medicaid, which provides comprehensive health coverage to low-income individuals, though eligibility varies significantly by state. For those without stable housing, the Emergency Medical Treatment and Labor Act (EMTALA) requires hospitals to stabilize patients in emergency situations regardless of their ability to pay. Additionally, many rely on Federally Qualified Health Centers (FQHCs), which provide primary and dental care on a sliding fee scale based on income. Community clinics and local non-profits often provide essential services, such as needle exchanges or mental health counseling. However, navigating these systems is often difficult due to complex eligibility requirements, lack of transportation, and administrative hurdles.","Americans living in poverty or experiencing homelessness primarily rely on a patchwork of public and charitable programs. The primary safety net is Medicaid, which provides comprehensive health coverage to low-income individuals, though eligibility varies significantly by state. For those without stable housing, the Emergency Medical Treatment and Labor Act (EMTALA) requires hospitals to stabilize patients in emergency situations regardless of their ability to pay. Additionally, many rely on Federally Qualified Health Centers (FQHCs), which provide primary and dental care on a sliding fee scale based on income. Community clinics and local non-profits often provide essential services, such as needle exchanges or mental health counseling. However, navigating these systems is often difficult due to complex eligibility requirements, lack of transportation, and administrative hurdles.",americans living in poverty or experiencing homelessness primarily rely on a patchwork of public and charitable programs the primary safety net is medicaid which provides comprehensive health coverage to low income individuals though eligibility varies significantly by state for those without stable housing the emergency medical treatment and labor act emtala requires hospitals to stabilize patients in emergency situations regardless of their ability to pay additionally many rely on federally qualified health centers fqhcs which provide primary and dental care on a sliding fee scale based on income community clinics and local non profits often provide essential services such as needle exchanges or mental health counseling however navigating these systems is often difficult due to complex eligibility requirements lack of transportation and administrative hurdles
explanatory_0025__gemma-4-12b,explanatory_0025,explanatory,How does a mobile phone connection work,"Mobile phone connectivity relies on a complex infrastructure of radio waves and cellular networks. When you make a call or access data, your phone converts your voice or information into digital signals. These signals are transmitted via radio waves to the nearest cell tower, which acts as a relay point. The tower then routes the signal through a wired backbone—often fiber optic cables—to a base station or switching center.

This central hub identifies the destination and routes the data to the appropriate network. For mobile internet, the signal travels through several servers and routers before reaching the destination website or service. The process reverses to deliver the response back to your device. This seamless transition between towers allows you to remain connected while moving, as the network continuously hands off your connection from one station to the next.","Mobile phone connectivity relies on a complex infrastructure of radio waves and cellular networks. When you make a call or access data, your phone converts your voice or information into digital signals. These signals are transmitted via radio waves to the nearest cell tower, which acts as a relay point. The tower then routes the signal through a wired backbone—often fiber optic cables—to a base station or switching center.

This central hub identifies the destination and routes the data to the appropriate network. For mobile internet, the signal travels through several servers and routers before reaching the destination website or service. The process reverses to deliver the response back to your device. This seamless transition between towers allows you to remain connected while moving, as the network continuously hands off your connection from one station to the next.",gemma-4-12b,google,False,138,883,test,gemma-4-12b-q4_k_m,final-2026-09-20,You are answering questions the way a knowledgeable person would in an online discussion. Write in plain prose. Do not restate the question or add a preamble. Begin with the answer itself.,100,140,8192,none,,end_turn,ollama-local-gemma-4-12b,2026-09-28 06:30:29.428625+00:00,11.9,gemma4:12b,q4_k_m,16384,8192,False,"{""temperature"": ""1"", ""top_k"": ""64"", ""top_p"": ""0.95""}","Mobile phone connectivity relies on a complex infrastructure of radio waves and cellular networks. When you make a call or access data, your phone converts your voice or information into digital signals. These signals are transmitted via radio waves to the nearest cell tower, which acts as a relay point. The tower then routes the signal through a wired backbone - often fiber optic cables - to a base station or switching center.

This central hub identifies the destination and routes the data to the appropriate network. For mobile internet, the signal travels through several servers and routers before reaching the destination website or service. The process reverses to deliver the response back to your device. This seamless transition between towers allows you to remain connected while moving, as the network continuously hands off your connection from one station to the next.","Mobile phone connectivity relies on a complex infrastructure of radio waves and cellular networks. When you make a call or access data, your phone converts your voice or information into digital signals. These signals are transmitted via radio waves to the nearest cell tower, which acts as a relay point. The tower then routes the signal through a wired backbone—often fiber optic cables—to a base station or switching center. This central hub identifies the destination and routes the data to the appropriate network. For mobile internet, the signal travels through several servers and routers before reaching the destination website or service. The process reverses to deliver the response back to your device. This seamless transition between towers allows you to remain connected while moving, as the network continuously hands off your connection from one station to the next.","Mobile phone connectivity relies on a complex infrastructure of radio waves and cellular networks. When you make a call or access data, your phone converts your voice or information into digital signals. These signals are transmitted via radio waves to the nearest cell tower, which acts as a relay point. The tower then routes the signal through a wired backbone - often fiber optic cables - to a base station or switching center. This central hub identifies the destination and routes the data to the appropriate network. For mobile internet, the signal travels through several servers and routers before reaching the destination website or service. The process reverses to deliver the response back to your device. This seamless transition between towers allows you to remain connected while moving, as the network continuously hands off your connection from one station to the next.",mobile phone connectivity relies on a complex infrastructure of radio waves and cellular networks when you make a call or access data your phone converts your voice or information into digital signals these signals are transmitted via radio waves to the nearest cell tower which acts as a relay point the tower then routes the signal through a wired backbone often fiber optic cables to a base station or switching center this central hub identifies the destination and routes the data to the appropriate network for mobile internet the signal travels through several servers and routers before reaching the destination website or service the process reverses to deliver the response back to your device this seamless transition between towers allows you to remain connected while moving as the network continuously hands off your connection from one station to the next
explanatory_0037__gemma-4-12b,explanatory_0037,explanatory,"Why can Social Security ""run out"" whereas programs like Welfare cannot?","The primary difference lies in the fundamental financial structure and purpose of each program. Social Security is a ""pay-as-you-go"" retirement system funded primarily by current workers' payroll taxes. It is designed as a defined benefit system; as the ratio of workers to retirees shrinks, the fund requires more revenue to maintain existing benefit levels, leading to potential insolvency if the trust funds are depleted. 

Conversely, welfare programs (such as SNAP or TANF) are ""entitlement"" or ""needs-based"" programs funded through general tax revenue. These are discretionary expenditures of the government. They cannot ""run out"" in the same sense because the government can theoretically print money or reallocate the general budget to maintain them. They are social safety nets funded by the government's total treasury rather than a specific, finite pool of dedicated payroll taxes.","The primary difference lies in the fundamental financial structure and purpose of each program. Social Security is a ""pay-as-you-go"" retirement system funded primarily by current workers' payroll taxes. It is designed as a defined benefit system; as the ratio of workers to retirees shrinks, the fund requires more revenue to maintain existing benefit levels, leading to potential insolvency if the trust funds are depleted.

Conversely, welfare programs (such as SNAP or TANF) are ""entitlement"" or ""needs-based"" programs funded through general tax revenue. These are discretionary expenditures of the government. They cannot ""run out"" in the same sense because the government can theoretically print money or reallocate the general budget to maintain them. They are social safety nets funded by the government's total treasury rather than a specific, finite pool of dedicated payroll taxes.",gemma-4-12b,google,False,133,892,test,gemma-4-12b-q4_k_m,final-2026-09-20,You are answering questions the way a knowledgeable person would in an online discussion. Write in plain prose. Do not restate the question or add a preamble. Begin with the answer itself.,100,140,8192,none,,end_turn,ollama-local-gemma-4-12b,2026-09-28 06:30:32.454513+00:00,11.9,gemma4:12b,q4_k_m,16384,8192,False,"{""temperature"": ""1"", ""top_k"": ""64"", ""top_p"": ""0.95""}","The primary difference lies in the fundamental financial structure and purpose of each program. Social Security is a ""pay-as-you-go"" retirement system funded primarily by current workers' payroll taxes. It is designed as a defined benefit system; as the ratio of workers to retirees shrinks, the fund requires more revenue to maintain existing benefit levels, leading to potential insolvency if the trust funds are depleted.

Conversely, welfare programs (such as SNAP or TANF) are ""entitlement"" or ""needs-based"" programs funded through general tax revenue. These are discretionary expenditures of the government. They cannot ""run out"" in the same sense because the government can theoretically print money or reallocate the general budget to maintain them. They are social safety nets funded by the government's total treasury rather than a specific, finite pool of dedicated payroll taxes.","The primary difference lies in the fundamental financial structure and purpose of each program. Social Security is a ""pay-as-you-go"" retirement system funded primarily by current workers' payroll taxes. It is designed as a defined benefit system; as the ratio of workers to retirees shrinks, the fund requires more revenue to maintain existing benefit levels, leading to potential insolvency if the trust funds are depleted. Conversely, welfare programs (such as SNAP or TANF) are ""entitlement"" or ""needs-based"" programs funded through general tax revenue. These are discretionary expenditures of the government. They cannot ""run out"" in the same sense because the government can theoretically print money or reallocate the general budget to maintain them. They are social safety nets funded by the government's total treasury rather than a specific, finite pool of dedicated payroll taxes.","The primary difference lies in the fundamental financial structure and purpose of each program. Social Security is a ""pay-as-you-go"" retirement system funded primarily by current workers' payroll taxes. It is designed as a defined benefit system; as the ratio of workers to retirees shrinks, the fund requires more revenue to maintain existing benefit levels, leading to potential insolvency if the trust funds are depleted. Conversely, welfare programs (such as SNAP or TANF) are ""entitlement"" or ""needs-based"" programs funded through general tax revenue. These are discretionary expenditures of the government. They cannot ""run out"" in the same sense because the government can theoretically print money or reallocate the general budget to maintain them. They are social safety nets funded by the government's total treasury rather than a specific, finite pool of dedicated payroll taxes.",the primary difference lies in the fundamental financial structure and purpose of each program social security is a pay as you go retirement system funded primarily by current workers payroll taxes it is designed as a defined benefit system as the ratio of workers to retirees shrinks the fund requires more revenue to maintain existing benefit levels leading to potential insolvency if the trust funds are depleted conversely welfare programs such as snap or tanf are entitlement or needs based programs funded through general tax revenue these are discretionary expenditures of the government they cannot run out in the same sense because the government can theoretically print money or reallocate the general budget to maintain them they are social safety nets funded by the government's total treasury rather than a specific finite pool of dedicated payroll taxes
explanatory_0045__gemma-4-12b,explanatory_0045,explanatory,Why can we move all of our fingers independently of each other minus our ring finger?,"The perceived lack of independent movement in the ring finger is primarily a result of anatomical architecture rather than a lack of musculature. Unlike other fingers, which have dedicated muscles or tendons for specific movements, the ring finger shares a common flexor tendon with the middle finger. This physical connection, known as the common digital flexor, means that when you attempt to curl one finger, the other often follows.

Furthermore, the ring finger sits between the middle and little fingers, which have more distinct mechanical pathways. Evolutionarily, it is suggested that this overlap may have served a functional purpose, such as increasing grip strength for grasping tools. While modern surgery can decouple these tendons to provide independence, the standard human anatomy prioritizes stability and grip power over individual digit isolation.","The perceived lack of independent movement in the ring finger is primarily a result of anatomical architecture rather than a lack of musculature. Unlike other fingers, which have dedicated muscles or tendons for specific movements, the ring finger shares a common flexor tendon with the middle finger. This physical connection, known as the common digital flexor, means that when you attempt to curl one finger, the other often follows.

Furthermore, the ring finger sits between the middle and little fingers, which have more distinct mechanical pathways. Evolutionarily, it is suggested that this overlap may have served a functional purpose, such as increasing grip strength for grasping tools. While modern surgery can decouple these tendons to provide independence, the standard human anatomy prioritizes stability and grip power over individual digit isolation.",gemma-4-12b,google,False,130,867,test,gemma-4-12b-q4_k_m,final-2026-09-20,You are answering questions the way a knowledgeable person would in an online discussion. Write in plain prose. Do not restate the question or add a preamble. Begin with the answer itself.,100,140,8192,none,,end_turn,ollama-local-gemma-4-12b,2026-09-28 06:30:35.183058+00:00,11.9,gemma4:12b,q4_k_m,16384,8192,False,"{""temperature"": ""1"", ""top_k"": ""64"", ""top_p"": ""0.95""}","The perceived lack of independent movement in the ring finger is primarily a result of anatomical architecture rather than a lack of musculature. Unlike other fingers, which have dedicated muscles or tendons for specific movements, the ring finger shares a common flexor tendon with the middle finger. This physical connection, known as the common digital flexor, means that when you attempt to curl one finger, the other often follows.

Furthermore, the ring finger sits between the middle and little fingers, which have more distinct mechanical pathways. Evolutionarily, it is suggested that this overlap may have served a functional purpose, such as increasing grip strength for grasping tools. While modern surgery can decouple these tendons to provide independence, the standard human anatomy prioritizes stability and grip power over individual digit isolation.","The perceived lack of independent movement in the ring finger is primarily a result of anatomical architecture rather than a lack of musculature. Unlike other fingers, which have dedicated muscles or tendons for specific movements, the ring finger shares a common flexor tendon with the middle finger. This physical connection, known as the common digital flexor, means that when you attempt to curl one finger, the other often follows. Furthermore, the ring finger sits between the middle and little fingers, which have more distinct mechanical pathways. Evolutionarily, it is suggested that this overlap may have served a functional purpose, such as increasing grip strength for grasping tools. While modern surgery can decouple these tendons to provide independence, the standard human anatomy prioritizes stability and grip power over individual digit isolation.","The perceived lack of independent movement in the ring finger is primarily a result of anatomical architecture rather than a lack of musculature. Unlike other fingers, which have dedicated muscles or tendons for specific movements, the ring finger shares a common flexor tendon with the middle finger. This physical connection, known as the common digital flexor, means that when you attempt to curl one finger, the other often follows. Furthermore, the ring finger sits between the middle and little fingers, which have more distinct mechanical pathways. Evolutionarily, it is suggested that this overlap may have served a functional purpose, such as increasing grip strength for grasping tools. While modern surgery can decouple these tendons to provide independence, the standard human anatomy prioritizes stability and grip power over individual digit isolation.",the perceived lack of independent movement in the ring finger is primarily a result of anatomical architecture rather than a lack of musculature unlike other fingers which have dedicated muscles or tendons for specific movements the ring finger shares a common flexor tendon with the middle finger this physical connection known as the common digital flexor means that when you attempt to curl one finger the other often follows furthermore the ring finger sits between the middle and little fingers which have more distinct mechanical pathways evolutionarily it is suggested that this overlap may have served a functional purpose such as increasing grip strength for grasping tools while modern surgery can decouple these tendons to provide independence the standard human anatomy prioritizes stability and grip power over individual digit isolation
explanatory_0049__gemma-4-12b,explanatory_0049,explanatory,Why does the United States have such a weak mental health care system and a general stigma against it?,"The United States' struggling mental health infrastructure is primarily driven by a combination of systemic funding issues and structural barriers. Unlike many other developed nations, the U.S. does not utilize a single-payer system, leading to fragmented care where costs are often prohibitive for the uninsured or underinsured. Furthermore, there is a severe shortage of mental health professionals, creating long wait times and limited access in rural areas.

The persistent stigma is rooted in cultural and historical factors. Historically, mental illness was associated with moral failings or physical dangers, and these perceptions have lingered in the public consciousness. Additionally, a cultural emphasis on ""self-reliance"" can discourage individuals from seeking professional help, framing it as a weakness rather than a medical necessity. This cycle of high costs and social taboo continues to hinder progress.","The United States' struggling mental health infrastructure is primarily driven by a combination of systemic funding issues and structural barriers. Unlike many other developed nations, the U.S. does not utilize a single-payer system, leading to fragmented care where costs are often prohibitive for the uninsured or underinsured. Furthermore, there is a severe shortage of mental health professionals, creating long wait times and limited access in rural areas.

The persistent stigma is rooted in cultural and historical factors. Historically, mental illness was associated with moral failings or physical dangers, and these perceptions have lingered in the public consciousness. Additionally, a cultural emphasis on ""self-reliance"" can discourage individuals from seeking professional help, framing it as a weakness rather than a medical necessity. This cycle of high costs and social taboo continues to hinder progress.",gemma-4-12b,google,False,132,922,test,gemma-4-12b-q4_k_m,final-2026-09-20,You are answering questions the way a knowledgeable person would in an online discussion. Write in plain prose. Do not restate the question or add a preamble. Begin with the answer itself.,100,140,8192,none,,end_turn,ollama-local-gemma-4-12b,2026-09-28 06:30:38.045116+00:00,11.9,gemma4:12b,q4_k_m,16384,8192,False,"{""temperature"": ""1"", ""top_k"": ""64"", ""top_p"": ""0.95""}","The United States' struggling mental health infrastructure is primarily driven by a combination of systemic funding issues and structural barriers. Unlike many other developed nations, the U.S. does not utilize a single-payer system, leading to fragmented care where costs are often prohibitive for the uninsured or underinsured. Furthermore, there is a severe shortage of mental health professionals, creating long wait times and limited access in rural areas.

The persistent stigma is rooted in cultural and historical factors. Historically, mental illness was associated with moral failings or physical dangers, and these perceptions have lingered in the public consciousness. Additionally, a cultural emphasis on ""self-reliance"" can discourage individuals from seeking professional help, framing it as a weakness rather than a medical necessity. This cycle of high costs and social taboo continues to hinder progress.","The United States' struggling mental health infrastructure is primarily driven by a combination of systemic funding issues and structural barriers. Unlike many other developed nations, the U.S. does not utilize a single-payer system, leading to fragmented care where costs are often prohibitive for the uninsured or underinsured. Furthermore, there is a severe shortage of mental health professionals, creating long wait times and limited access in rural areas. The persistent stigma is rooted in cultural and historical factors. Historically, mental illness was associated with moral failings or physical dangers, and these perceptions have lingered in the public consciousness. Additionally, a cultural emphasis on ""self-reliance"" can discourage individuals from seeking professional help, framing it as a weakness rather than a medical necessity. This cycle of high costs and social taboo continues to hinder progress.","The United States' struggling mental health infrastructure is primarily driven by a combination of systemic funding issues and structural barriers. Unlike many other developed nations, the U.S. does not utilize a single-payer system, leading to fragmented care where costs are often prohibitive for the uninsured or underinsured. Furthermore, there is a severe shortage of mental health professionals, creating long wait times and limited access in rural areas. The persistent stigma is rooted in cultural and historical factors. Historically, mental illness was associated with moral failings or physical dangers, and these perceptions have lingered in the public consciousness. Additionally, a cultural emphasis on ""self-reliance"" can discourage individuals from seeking professional help, framing it as a weakness rather than a medical necessity. This cycle of high costs and social taboo continues to hinder progress.",the united states struggling mental health infrastructure is primarily driven by a combination of systemic funding issues and structural barriers unlike many other developed nations the u s does not utilize a single payer system leading to fragmented care where costs are often prohibitive for the uninsured or underinsured furthermore there is a severe shortage of mental health professionals creating long wait times and limited access in rural areas the persistent stigma is rooted in cultural and historical factors historically mental illness was associated with moral failings or physical dangers and these perceptions have lingered in the public consciousness additionally a cultural emphasis on self reliance can discourage individuals from seeking professional help framing it as a weakness rather than a medical necessity this cycle of high costs and social taboo continues to hinder progress
explanatory_0058__gemma-4-12b,explanatory_0058,explanatory,Why do Public Domain books cost money on app stores?,"While the underlying text of a public domain book is free of copyright restrictions, the specific digital file provided by a publisher or publisher-platform often contains proprietary elements. When you purchase a public domain book on an app store, you are typically paying for the curation, digital formatting, and production costs. This includes professional typesetting, the creation of high-quality cover art, and the conversion of the text into a compatible e-book format (like EPUB). Additionally, retailers and publishers invest in hosting, marketing, and platform maintenance. In many cases, the ""cost"" is a convenience fee for a polished user experience rather than a fee for the rights to the words themselves. Essentially, you are paying for the labor of turning a raw, historical text into a modern, readable digital product.","While the underlying text of a public domain book is free of copyright restrictions, the specific digital file provided by a publisher or publisher-platform often contains proprietary elements. When you purchase a public domain book on an app store, you are typically paying for the curation, digital formatting, and production costs. This includes professional typesetting, the creation of high-quality cover art, and the conversion of the text into a compatible e-book format (like EPUB). Additionally, retailers and publishers invest in hosting, marketing, and platform maintenance. In many cases, the ""cost"" is a convenience fee for a polished user experience rather than a fee for the rights to the words themselves. Essentially, you are paying for the labor of turning a raw, historical text into a modern, readable digital product.",gemma-4-12b,google,False,129,838,test,gemma-4-12b-q4_k_m,final-2026-09-20,You are answering questions the way a knowledgeable person would in an online discussion. Write in plain prose. Do not restate the question or add a preamble. Begin with the answer itself.,100,140,8192,none,,end_turn,ollama-local-gemma-4-12b,2026-09-28 06:30:40.887507+00:00,11.9,gemma4:12b,q4_k_m,16384,8192,False,"{""temperature"": ""1"", ""top_k"": ""64"", ""top_p"": ""0.95""}","While the underlying text of a public domain book is free of copyright restrictions, the specific digital file provided by a publisher or publisher-platform often contains proprietary elements. When you purchase a public domain book on an app store, you are typically paying for the curation, digital formatting, and production costs. This includes professional typesetting, the creation of high-quality cover art, and the conversion of the text into a compatible e-book format (like EPUB). Additionally, retailers and publishers invest in hosting, marketing, and platform maintenance. In many cases, the ""cost"" is a convenience fee for a polished user experience rather than a fee for the rights to the words themselves. Essentially, you are paying for the labor of turning a raw, historical text into a modern, readable digital product.","While the underlying text of a public domain book is free of copyright restrictions, the specific digital file provided by a publisher or publisher-platform often contains proprietary elements. When you purchase a public domain book on an app store, you are typically paying for the curation, digital formatting, and production costs. This includes professional typesetting, the creation of high-quality cover art, and the conversion of the text into a compatible e-book format (like EPUB). Additionally, retailers and publishers invest in hosting, marketing, and platform maintenance. In many cases, the ""cost"" is a convenience fee for a polished user experience rather than a fee for the rights to the words themselves. Essentially, you are paying for the labor of turning a raw, historical text into a modern, readable digital product.","While the underlying text of a public domain book is free of copyright restrictions, the specific digital file provided by a publisher or publisher-platform often contains proprietary elements. When you purchase a public domain book on an app store, you are typically paying for the curation, digital formatting, and production costs. This includes professional typesetting, the creation of high-quality cover art, and the conversion of the text into a compatible e-book format (like EPUB). Additionally, retailers and publishers invest in hosting, marketing, and platform maintenance. In many cases, the ""cost"" is a convenience fee for a polished user experience rather than a fee for the rights to the words themselves. Essentially, you are paying for the labor of turning a raw, historical text into a modern, readable digital product.",while the underlying text of a public domain book is free of copyright restrictions the specific digital file provided by a publisher or publisher platform often contains proprietary elements when you purchase a public domain book on an app store you are typically paying for the curation digital formatting and production costs this includes professional typesetting the creation of high quality cover art and the conversion of the text into a compatible e book format like epub additionally retailers and publishers invest in hosting marketing and platform maintenance in many cases the cost is a convenience fee for a polished user experience rather than a fee for the rights to the words themselves essentially you are paying for the labor of turning a raw historical text into a modern readable digital product
explanatory_0067__gemma-4-12b,explanatory_0067,explanatory,"What is happening in your body when you're hungry, but the thought of eating makes you nauseous?","When you experience hunger alongside nausea, your body is caught in a physiological conflict between two competing signals. Hunger is governed by the endocrine system; your blood glucose levels drop, and your stomach produces ghrelin, a hormone that signals the brain to seek nutrients. However, nausea is often a protective reflex governed by the autonomic nervous system. This can occur if your digestive tract is irritated, if you are experiencing high levels of stress, or if your body is reacting to a perceived pathogen. Essentially, your brain receives a ""need"" signal from your metabolic system and a ""danger"" or ""rejection"" signal from your digestive system simultaneously. This creates a state of biological dissonance where the body demands fuel but interprets the act of ingestion as a potential threat to its well-being.","When you experience hunger alongside nausea, your body is caught in a physiological conflict between two competing signals. Hunger is governed by the endocrine system; your blood glucose levels drop, and your stomach produces ghrelin, a hormone that signals the brain to seek nutrients. However, nausea is often a protective reflex governed by the autonomic nervous system. This can occur if your digestive tract is irritated, if you are experiencing high levels of stress, or if your body is reacting to a perceived pathogen. Essentially, your brain receives a ""need"" signal from your metabolic system and a ""danger"" or ""rejection"" signal from your digestive system simultaneously. This creates a state of biological dissonance where the body demands fuel but interprets the act of ingestion as a potential threat to its well-being.",gemma-4-12b,google,False,131,833,test,gemma-4-12b-q4_k_m,final-2026-09-20,You are answering questions the way a knowledgeable person would in an online discussion. Write in plain prose. Do not restate the question or add a preamble. Begin with the answer itself.,100,140,8192,none,,end_turn,ollama-local-gemma-4-12b,2026-09-28 06:30:43.686424+00:00,11.9,gemma4:12b,q4_k_m,16384,8192,False,"{""temperature"": ""1"", ""top_k"": ""64"", ""top_p"": ""0.95""}","When you experience hunger alongside nausea, your body is caught in a physiological conflict between two competing signals. Hunger is governed by the endocrine system; your blood glucose levels drop, and your stomach produces ghrelin, a hormone that signals the brain to seek nutrients. However, nausea is often a protective reflex governed by the autonomic nervous system. This can occur if your digestive tract is irritated, if you are experiencing high levels of stress, or if your body is reacting to a perceived pathogen. Essentially, your brain receives a ""need"" signal from your metabolic system and a ""danger"" or ""rejection"" signal from your digestive system simultaneously. This creates a state of biological dissonance where the body demands fuel but interprets the act of ingestion as a potential threat to its well-being.","When you experience hunger alongside nausea, your body is caught in a physiological conflict between two competing signals. Hunger is governed by the endocrine system; your blood glucose levels drop, and your stomach produces ghrelin, a hormone that signals the brain to seek nutrients. However, nausea is often a protective reflex governed by the autonomic nervous system. This can occur if your digestive tract is irritated, if you are experiencing high levels of stress, or if your body is reacting to a perceived pathogen. Essentially, your brain receives a ""need"" signal from your metabolic system and a ""danger"" or ""rejection"" signal from your digestive system simultaneously. This creates a state of biological dissonance where the body demands fuel but interprets the act of ingestion as a potential threat to its well-being.","When you experience hunger alongside nausea, your body is caught in a physiological conflict between two competing signals. Hunger is governed by the endocrine system; your blood glucose levels drop, and your stomach produces ghrelin, a hormone that signals the brain to seek nutrients. However, nausea is often a protective reflex governed by the autonomic nervous system. This can occur if your digestive tract is irritated, if you are experiencing high levels of stress, or if your body is reacting to a perceived pathogen. Essentially, your brain receives a ""need"" signal from your metabolic system and a ""danger"" or ""rejection"" signal from your digestive system simultaneously. This creates a state of biological dissonance where the body demands fuel but interprets the act of ingestion as a potential threat to its well-being.",when you experience hunger alongside nausea your body is caught in a physiological conflict between two competing signals hunger is governed by the endocrine system your blood glucose levels drop and your stomach produces ghrelin a hormone that signals the brain to seek nutrients however nausea is often a protective reflex governed by the autonomic nervous system this can occur if your digestive tract is irritated if you are experiencing high levels of stress or if your body is reacting to a perceived pathogen essentially your brain receives a need signal from your metabolic system and a danger or rejection signal from your digestive system simultaneously this creates a state of biological dissonance where the body demands fuel but interprets the act of ingestion as a potential threat to its well being
explanatory_0080__gemma-4-12b,explanatory_0080,explanatory,What is the point of asking if someone's object a wedding? What would really happen?,"Asking if someone objects to a wedding is a traditional social ritual designed to identify potential conflicts before they become public scandals. Historically, this served as a formal way to ensure no legal claims, hidden debts, or serious moral grievances existed that could undermine the union. In a practical sense, it provides a final opportunity for a disgruntled party to voice concerns in a controlled environment rather than causing a scene during the ceremony.

If someone actually objects during a wedding, the consequences depend on the setting. In a modern legal context, a public outcry rarely halts a marriage, but it creates significant social friction and embarrassment. Practically, an objection creates a public scene, potentially ruining the atmosphere for the guests and creating a lasting emotional rift between the couple and the objector.","Asking if someone objects to a wedding is a traditional social ritual designed to identify potential conflicts before they become public scandals. Historically, this served as a formal way to ensure no legal claims, hidden debts, or serious moral grievances existed that could undermine the union. In a practical sense, it provides a final opportunity for a disgruntled party to voice concerns in a controlled environment rather than causing a scene during the ceremony.

If someone actually objects during a wedding, the consequences depend on the setting. In a modern legal context, a public outcry rarely halts a marriage, but it creates significant social friction and embarrassment. Practically, an objection creates a public scene, potentially ruining the atmosphere for the guests and creating a lasting emotional rift between the couple and the objector.",gemma-4-12b,google,False,133,862,test,gemma-4-12b-q4_k_m,final-2026-09-20,You are answering questions the way a knowledgeable person would in an online discussion. Write in plain prose. Do not restate the question or add a preamble. Begin with the answer itself.,100,140,8192,none,,end_turn,ollama-local-gemma-4-12b,2026-09-28 06:30:46.367361+00:00,11.9,gemma4:12b,q4_k_m,16384,8192,False,"{""temperature"": ""1"", ""top_k"": ""64"", ""top_p"": ""0.95""}","Asking if someone objects to a wedding is a traditional social ritual designed to identify potential conflicts before they become public scandals. Historically, this served as a formal way to ensure no legal claims, hidden debts, or serious moral grievances existed that could undermine the union. In a practical sense, it provides a final opportunity for a disgruntled party to voice concerns in a controlled environment rather than causing a scene during the ceremony.

If someone actually objects during a wedding, the consequences depend on the setting. In a modern legal context, a public outcry rarely halts a marriage, but it creates significant social friction and embarrassment. Practically, an objection creates a public scene, potentially ruining the atmosphere for the guests and creating a lasting emotional rift between the couple and the objector.","Asking if someone objects to a wedding is a traditional social ritual designed to identify potential conflicts before they become public scandals. Historically, this served as a formal way to ensure no legal claims, hidden debts, or serious moral grievances existed that could undermine the union. In a practical sense, it provides a final opportunity for a disgruntled party to voice concerns in a controlled environment rather than causing a scene during the ceremony. If someone actually objects during a wedding, the consequences depend on the setting. In a modern legal context, a public outcry rarely halts a marriage, but it creates significant social friction and embarrassment. Practically, an objection creates a public scene, potentially ruining the atmosphere for the guests and creating a lasting emotional rift between the couple and the objector.","Asking if someone objects to a wedding is a traditional social ritual designed to identify potential conflicts before they become public scandals. Historically, this served as a formal way to ensure no legal claims, hidden debts, or serious moral grievances existed that could undermine the union. In a practical sense, it provides a final opportunity for a disgruntled party to voice concerns in a controlled environment rather than causing a scene during the ceremony. If someone actually objects during a wedding, the consequences depend on the setting. In a modern legal context, a public outcry rarely halts a marriage, but it creates significant social friction and embarrassment. Practically, an objection creates a public scene, potentially ruining the atmosphere for the guests and creating a lasting emotional rift between the couple and the objector.",asking if someone objects to a wedding is a traditional social ritual designed to identify potential conflicts before they become public scandals historically this served as a formal way to ensure no legal claims hidden debts or serious moral grievances existed that could undermine the union in a practical sense it provides a final opportunity for a disgruntled party to voice concerns in a controlled environment rather than causing a scene during the ceremony if someone actually objects during a wedding the consequences depend on the setting in a modern legal context a public outcry rarely halts a marriage but it creates significant social friction and embarrassment practically an objection creates a public scene potentially ruining the atmosphere for the guests and creating a lasting emotional rift between the couple and the objector
explanatory_0081__gemma-4-12b,explanatory_0081,explanatory,"Why clubs and bars can apply a cover charge to males only during ""ladies nights"" with out it being sexist, discriminatory, or illegal?","From a legal standpoint, many jurisdictions allow for gender-specific pricing or entry requirements because a ""Ladies Night"" is often classified as a promotional event rather than a standard policy of general admission. In these cases, the bar is not discriminating against men by charging them; they are offering a specific discount or incentive to women to increase attendance and patronage during slower periods. 

Because the promotion is framed as a marketing tactic to target a specific demographic for a specific evening, it typically falls under commercial freedom. Unless the establishment explicitly denies entry to men while allowing women in for free—which could be flagged as discriminatory in some regions—charging men a standard cover while offering a promotion to women is generally viewed as a valid business strategy rather than a violation of civil rights.","From a legal standpoint, many jurisdictions allow for gender-specific pricing or entry requirements because a ""Ladies Night"" is often classified as a promotional event rather than a standard policy of general admission. In these cases, the bar is not discriminating against men by charging them; they are offering a specific discount or incentive to women to increase attendance and patronage during slower periods.

Because the promotion is framed as a marketing tactic to target a specific demographic for a specific evening, it typically falls under commercial freedom. Unless the establishment explicitly denies entry to men while allowing women in for free—which could be flagged as discriminatory in some regions—charging men a standard cover while offering a promotion to women is generally viewed as a valid business strategy rather than a violation of civil rights.",gemma-4-12b,google,False,134,875,test,gemma-4-12b-q4_k_m,final-2026-09-20,You are answering questions the way a knowledgeable person would in an online discussion. Write in plain prose. Do not restate the question or add a preamble. Begin with the answer itself.,100,140,8192,none,,end_turn,ollama-local-gemma-4-12b,2026-09-28 06:30:49.117557+00:00,11.9,gemma4:12b,q4_k_m,16384,8192,False,"{""temperature"": ""1"", ""top_k"": ""64"", ""top_p"": ""0.95""}","From a legal standpoint, many jurisdictions allow for gender-specific pricing or entry requirements because a ""Ladies Night"" is often classified as a promotional event rather than a standard policy of general admission. In these cases, the bar is not discriminating against men by charging them; they are offering a specific discount or incentive to women to increase attendance and patronage during slower periods.

Because the promotion is framed as a marketing tactic to target a specific demographic for a specific evening, it typically falls under commercial freedom. Unless the establishment explicitly denies entry to men while allowing women in for free - which could be flagged as discriminatory in some regions - charging men a standard cover while offering a promotion to women is generally viewed as a valid business strategy rather than a violation of civil rights.","From a legal standpoint, many jurisdictions allow for gender-specific pricing or entry requirements because a ""Ladies Night"" is often classified as a promotional event rather than a standard policy of general admission. In these cases, the bar is not discriminating against men by charging them; they are offering a specific discount or incentive to women to increase attendance and patronage during slower periods. Because the promotion is framed as a marketing tactic to target a specific demographic for a specific evening, it typically falls under commercial freedom. Unless the establishment explicitly denies entry to men while allowing women in for free—which could be flagged as discriminatory in some regions—charging men a standard cover while offering a promotion to women is generally viewed as a valid business strategy rather than a violation of civil rights.","From a legal standpoint, many jurisdictions allow for gender-specific pricing or entry requirements because a ""Ladies Night"" is often classified as a promotional event rather than a standard policy of general admission. In these cases, the bar is not discriminating against men by charging them; they are offering a specific discount or incentive to women to increase attendance and patronage during slower periods. Because the promotion is framed as a marketing tactic to target a specific demographic for a specific evening, it typically falls under commercial freedom. Unless the establishment explicitly denies entry to men while allowing women in for free - which could be flagged as discriminatory in some regions - charging men a standard cover while offering a promotion to women is generally viewed as a valid business strategy rather than a violation of civil rights.",from a legal standpoint many jurisdictions allow for gender specific pricing or entry requirements because a ladies night is often classified as a promotional event rather than a standard policy of general admission in these cases the bar is not discriminating against men by charging them they are offering a specific discount or incentive to women to increase attendance and patronage during slower periods because the promotion is framed as a marketing tactic to target a specific demographic for a specific evening it typically falls under commercial freedom unless the establishment explicitly denies entry to men while allowing women in for free which could be flagged as discriminatory in some regions charging men a standard cover while offering a promotion to women is generally viewed as a valid business strategy rather than a violation of civil rights
explanatory_0094__gemma-4-12b,explanatory_0094,explanatory,Why do I lose taste when I'm sick?,"The loss of taste, medically known as ageusia or hypogeusia, typically occurs because of inflammation or physical obstruction. When you are sick, your body triggers an immune response to fight pathogens like viruses or bacteria. This immune response can cause inflammation in the nasal passages and the oral cavity, affecting the olfactory nerves. Since your sense of taste is deeply intertwined with your sense of smell—flavor is largely a product of volatile chemicals reaching the nose—any congestion that blocks these receptors makes food taste bland. Furthermore, infections can cause inflammation of the mucous membranes or direct damage to the cells in the tongue and throat, temporarily impairing the receptors that detect sweet, sour, salty, and bitter profiles. Consequently, the body's defensive mechanisms inadvertently dull your ability to perceive flavor.","The loss of taste, medically known as ageusia or hypogeusia, typically occurs because of inflammation or physical obstruction. When you are sick, your body triggers an immune response to fight pathogens like viruses or bacteria. This immune response can cause inflammation in the nasal passages and the oral cavity, affecting the olfactory nerves. Since your sense of taste is deeply intertwined with your sense of smell—flavor is largely a product of volatile chemicals reaching the nose—any congestion that blocks these receptors makes food taste bland. Furthermore, infections can cause inflammation of the mucous membranes or direct damage to the cells in the tongue and throat, temporarily impairing the receptors that detect sweet, sour, salty, and bitter profiles. Consequently, the body's defensive mechanisms inadvertently dull your ability to perceive flavor.",gemma-4-12b,google,False,129,869,test,gemma-4-12b-q4_k_m,final-2026-09-20,You are answering questions the way a knowledgeable person would in an online discussion. Write in plain prose. Do not restate the question or add a preamble. Begin with the answer itself.,100,140,8192,none,,end_turn,ollama-local-gemma-4-12b,2026-09-28 06:30:51.935639+00:00,11.9,gemma4:12b,q4_k_m,16384,8192,False,"{""temperature"": ""1"", ""top_k"": ""64"", ""top_p"": ""0.95""}","The loss of taste, medically known as ageusia or hypogeusia, typically occurs because of inflammation or physical obstruction. When you are sick, your body triggers an immune response to fight pathogens like viruses or bacteria. This immune response can cause inflammation in the nasal passages and the oral cavity, affecting the olfactory nerves. Since your sense of taste is deeply intertwined with your sense of smell - flavor is largely a product of volatile chemicals reaching the nose - any congestion that blocks these receptors makes food taste bland. Furthermore, infections can cause inflammation of the mucous membranes or direct damage to the cells in the tongue and throat, temporarily impairing the receptors that detect sweet, sour, salty, and bitter profiles. Consequently, the body's defensive mechanisms inadvertently dull your ability to perceive flavor.","The loss of taste, medically known as ageusia or hypogeusia, typically occurs because of inflammation or physical obstruction. When you are sick, your body triggers an immune response to fight pathogens like viruses or bacteria. This immune response can cause inflammation in the nasal passages and the oral cavity, affecting the olfactory nerves. Since your sense of taste is deeply intertwined with your sense of smell—flavor is largely a product of volatile chemicals reaching the nose—any congestion that blocks these receptors makes food taste bland. Furthermore, infections can cause inflammation of the mucous membranes or direct damage to the cells in the tongue and throat, temporarily impairing the receptors that detect sweet, sour, salty, and bitter profiles. Consequently, the body's defensive mechanisms inadvertently dull your ability to perceive flavor.","The loss of taste, medically known as ageusia or hypogeusia, typically occurs because of inflammation or physical obstruction. When you are sick, your body triggers an immune response to fight pathogens like viruses or bacteria. This immune response can cause inflammation in the nasal passages and the oral cavity, affecting the olfactory nerves. Since your sense of taste is deeply intertwined with your sense of smell - flavor is largely a product of volatile chemicals reaching the nose - any congestion that blocks these receptors makes food taste bland. Furthermore, infections can cause inflammation of the mucous membranes or direct damage to the cells in the tongue and throat, temporarily impairing the receptors that detect sweet, sour, salty, and bitter profiles. Consequently, the body's defensive mechanisms inadvertently dull your ability to perceive flavor.",the loss of taste medically known as ageusia or hypogeusia typically occurs because of inflammation or physical obstruction when you are sick your body triggers an immune response to fight pathogens like viruses or bacteria this immune response can cause inflammation in the nasal passages and the oral cavity affecting the olfactory nerves since your sense of taste is deeply intertwined with your sense of smell flavor is largely a product of volatile chemicals reaching the nose any congestion that blocks these receptors makes food taste bland furthermore infections can cause inflammation of the mucous membranes or direct damage to the cells in the tongue and throat temporarily impairing the receptors that detect sweet sour salty and bitter profiles consequently the body's defensive mechanisms inadvertently dull your ability to perceive flavor
explanatory_0099__gemma-4-12b,explanatory_0099,explanatory,Japan adopts negative interest rates. Should everyone else worry?,"While a move toward negative interest rates by a major economy like Japan can create ripples, the immediate threat to the global financial system is often overstated. The primary concern is ""beggar-thy-neighbor"" dynamics: if one nation adopts negative rates, it can weaken their currency, potentially making their exports more competitive while putting downward pressure on others. However, the global economy is highly interconnected and diverse. Not every nation faces the same domestic pressures or inflationary goals; for example, the U.S. and Eurozone might maintain higher rates to combat inflation, even if Japan moves in the opposite direction. While it complicates global currency stability and may complicate the mandates of central banks elsewhere, it is more of a structural shift in monetary policy than a systemic crisis for the average investor.","While a move toward negative interest rates by a major economy like Japan can create ripples, the immediate threat to the global financial system is often overstated. The primary concern is ""beggar-thy-neighbor"" dynamics: if one nation adopts negative rates, it can weaken their currency, potentially making their exports more competitive while putting downward pressure on others. However, the global economy is highly interconnected and diverse. Not every nation faces the same domestic pressures or inflationary goals; for example, the U.S. and Eurozone might maintain higher rates to combat inflation, even if Japan moves in the opposite direction. While it complicates global currency stability and may complicate the mandates of central banks elsewhere, it is more of a structural shift in monetary policy than a systemic crisis for the average investor.",gemma-4-12b,google,False,130,860,test,gemma-4-12b-q4_k_m,final-2026-09-20,You are answering questions the way a knowledgeable person would in an online discussion. Write in plain prose. Do not restate the question or add a preamble. Begin with the answer itself.,100,140,8192,none,,end_turn,ollama-local-gemma-4-12b,2026-09-28 06:30:54.773594+00:00,11.9,gemma4:12b,q4_k_m,16384,8192,False,"{""temperature"": ""1"", ""top_k"": ""64"", ""top_p"": ""0.95""}","While a move toward negative interest rates by a major economy like Japan can create ripples, the immediate threat to the global financial system is often overstated. The primary concern is ""beggar-thy-neighbor"" dynamics: if one nation adopts negative rates, it can weaken their currency, potentially making their exports more competitive while putting downward pressure on others. However, the global economy is highly interconnected and diverse. Not every nation faces the same domestic pressures or inflationary goals; for example, the U.S. and Eurozone might maintain higher rates to combat inflation, even if Japan moves in the opposite direction. While it complicates global currency stability and may complicate the mandates of central banks elsewhere, it is more of a structural shift in monetary policy than a systemic crisis for the average investor.","While a move toward negative interest rates by a major economy like Japan can create ripples, the immediate threat to the global financial system is often overstated. The primary concern is ""beggar-thy-neighbor"" dynamics: if one nation adopts negative rates, it can weaken their currency, potentially making their exports more competitive while putting downward pressure on others. However, the global economy is highly interconnected and diverse. Not every nation faces the same domestic pressures or inflationary goals; for example, the U.S. and Eurozone might maintain higher rates to combat inflation, even if Japan moves in the opposite direction. While it complicates global currency stability and may complicate the mandates of central banks elsewhere, it is more of a structural shift in monetary policy than a systemic crisis for the average investor.","While a move toward negative interest rates by a major economy like Japan can create ripples, the immediate threat to the global financial system is often overstated. The primary concern is ""beggar-thy-neighbor"" dynamics: if one nation adopts negative rates, it can weaken their currency, potentially making their exports more competitive while putting downward pressure on others. However, the global economy is highly interconnected and diverse. Not every nation faces the same domestic pressures or inflationary goals; for example, the U.S. and Eurozone might maintain higher rates to combat inflation, even if Japan moves in the opposite direction. While it complicates global currency stability and may complicate the mandates of central banks elsewhere, it is more of a structural shift in monetary policy than a systemic crisis for the average investor.",while a move toward negative interest rates by a major economy like japan can create ripples the immediate threat to the global financial system is often overstated the primary concern is beggar thy neighbor dynamics if one nation adopts negative rates it can weaken their currency potentially making their exports more competitive while putting downward pressure on others however the global economy is highly interconnected and diverse not every nation faces the same domestic pressures or inflationary goals for example the u s and eurozone might maintain higher rates to combat inflation even if japan moves in the opposite direction while it complicates global currency stability and may complicate the mandates of central banks elsewhere it is more of a structural shift in monetary policy than a systemic crisis for the average investor
explanatory_0100__gemma-4-12b,explanatory_0100,explanatory,Why people care/get annoyed at poor grammar,"People often react negatively to poor grammar because it functions as a proxy for clarity and professionalism. In many contexts, correct grammar acts as a social signal; it suggests that the writer is attentive to detail and respects the reader's time by making the information easy to digest. When sentences are structurally flawed, it creates cognitive friction, forcing the reader to work harder to decipher the intended meaning. This extra effort can lead to irritation.

Furthermore, grammar is tied to perceptions of competence. In professional or academic environments, polished writing is associated with authority and education. Conversely, frequent errors can undermine a person's credibility, leading others to question their reliability or expertise. Ultimately, people aren't usually offended by a simple typo; they are reacting to the perceived lack of precision and the resulting breakdown in effective communication.","People often react negatively to poor grammar because it functions as a proxy for clarity and professionalism. In many contexts, correct grammar acts as a social signal; it suggests that the writer is attentive to detail and respects the reader's time by making the information easy to digest. When sentences are structurally flawed, it creates cognitive friction, forcing the reader to work harder to decipher the intended meaning. This extra effort can lead to irritation.

Furthermore, grammar is tied to perceptions of competence. In professional or academic environments, polished writing is associated with authority and education. Conversely, frequent errors can undermine a person's credibility, leading others to question their reliability or expertise. Ultimately, people aren't usually offended by a simple typo; they are reacting to the perceived lack of precision and the resulting breakdown in effective communication.",gemma-4-12b,google,False,137,932,test,gemma-4-12b-q4_k_m,final-2026-09-20,You are answering questions the way a knowledgeable person would in an online discussion. Write in plain prose. Do not restate the question or add a preamble. Begin with the answer itself.,100,140,8192,none,,end_turn,ollama-local-gemma-4-12b,2026-09-28 06:30:57.691014+00:00,11.9,gemma4:12b,q4_k_m,16384,8192,False,"{""temperature"": ""1"", ""top_k"": ""64"", ""top_p"": ""0.95""}","People often react negatively to poor grammar because it functions as a proxy for clarity and professionalism. In many contexts, correct grammar acts as a social signal; it suggests that the writer is attentive to detail and respects the reader's time by making the information easy to digest. When sentences are structurally flawed, it creates cognitive friction, forcing the reader to work harder to decipher the intended meaning. This extra effort can lead to irritation.

Furthermore, grammar is tied to perceptions of competence. In professional or academic environments, polished writing is associated with authority and education. Conversely, frequent errors can undermine a person's credibility, leading others to question their reliability or expertise. Ultimately, people aren't usually offended by a simple typo; they are reacting to the perceived lack of precision and the resulting breakdown in effective communication.","People often react negatively to poor grammar because it functions as a proxy for clarity and professionalism. In many contexts, correct grammar acts as a social signal; it suggests that the writer is attentive to detail and respects the reader's time by making the information easy to digest. When sentences are structurally flawed, it creates cognitive friction, forcing the reader to work harder to decipher the intended meaning. This extra effort can lead to irritation. Furthermore, grammar is tied to perceptions of competence. In professional or academic environments, polished writing is associated with authority and education. Conversely, frequent errors can undermine a person's credibility, leading others to question their reliability or expertise. Ultimately, people aren't usually offended by a simple typo; they are reacting to the perceived lack of precision and the resulting breakdown in effective communication.","People often react negatively to poor grammar because it functions as a proxy for clarity and professionalism. In many contexts, correct grammar acts as a social signal; it suggests that the writer is attentive to detail and respects the reader's time by making the information easy to digest. When sentences are structurally flawed, it creates cognitive friction, forcing the reader to work harder to decipher the intended meaning. This extra effort can lead to irritation. Furthermore, grammar is tied to perceptions of competence. In professional or academic environments, polished writing is associated with authority and education. Conversely, frequent errors can undermine a person's credibility, leading others to question their reliability or expertise. Ultimately, people aren't usually offended by a simple typo; they are reacting to the perceived lack of precision and the resulting breakdown in effective communication.",people often react negatively to poor grammar because it functions as a proxy for clarity and professionalism in many contexts correct grammar acts as a social signal it suggests that the writer is attentive to detail and respects the reader's time by making the information easy to digest when sentences are structurally flawed it creates cognitive friction forcing the reader to work harder to decipher the intended meaning this extra effort can lead to irritation furthermore grammar is tied to perceptions of competence in professional or academic environments polished writing is associated with authority and education conversely frequent errors can undermine a person's credibility leading others to question their reliability or expertise ultimately people aren't usually offended by a simple typo they are reacting to the perceived lack of precision and the resulting breakdown in effective communication
explanatory_0104__gemma-4-12b,explanatory_0104,explanatory,Why are the Nobel prizes not awarded posthumously?,"The primary reason Nobel Prizes are not awarded posthumously is rooted in the specific wording of Alfred Nobel's original will. The statutes state that the prizes should be awarded to those who have ""conferred the greatest benefit on humankind."" The committee interprets this requirement as a mandate to recognize active, living contributions to humanity. 

Furthermore, the award is designed to honor an individual's lifetime of work and their ongoing role in their field. A posthumous award would be symbolic rather than functional, as it cannot acknowledge a person’s ability to continue their work or advocate for their discoveries. By requiring the recipient to be alive, the Nobel Foundation ensures that the award serves as a celebration of an ongoing legacy and a personal recognition of the individual’s personal achievements during their lifetime.","The primary reason Nobel Prizes are not awarded posthumously is rooted in the specific wording of Alfred Nobel's original will. The statutes state that the prizes should be awarded to those who have ""conferred the greatest benefit on humankind."" The committee interprets this requirement as a mandate to recognize active, living contributions to humanity.

Furthermore, the award is designed to honor an individual's lifetime of work and their ongoing role in their field. A posthumous award would be symbolic rather than functional, as it cannot acknowledge a person's ability to continue their work or advocate for their discoveries. By requiring the recipient to be alive, the Nobel Foundation ensures that the award serves as a celebration of an ongoing legacy and a personal recognition of the individual's personal achievements during their lifetime.",gemma-4-12b,google,False,132,857,test,gemma-4-12b-q4_k_m,final-2026-09-20,You are answering questions the way a knowledgeable person would in an online discussion. Write in plain prose. Do not restate the question or add a preamble. Begin with the answer itself.,100,140,8192,none,,end_turn,ollama-local-gemma-4-12b,2026-09-28 06:31:00.495453+00:00,11.9,gemma4:12b,q4_k_m,16384,8192,False,"{""temperature"": ""1"", ""top_k"": ""64"", ""top_p"": ""0.95""}","The primary reason Nobel Prizes are not awarded posthumously is rooted in the specific wording of Alfred Nobel's original will. The statutes state that the prizes should be awarded to those who have ""conferred the greatest benefit on humankind."" The committee interprets this requirement as a mandate to recognize active, living contributions to humanity.

Furthermore, the award is designed to honor an individual's lifetime of work and their ongoing role in their field. A posthumous award would be symbolic rather than functional, as it cannot acknowledge a person's ability to continue their work or advocate for their discoveries. By requiring the recipient to be alive, the Nobel Foundation ensures that the award serves as a celebration of an ongoing legacy and a personal recognition of the individual's personal achievements during their lifetime.","The primary reason Nobel Prizes are not awarded posthumously is rooted in the specific wording of Alfred Nobel's original will. The statutes state that the prizes should be awarded to those who have ""conferred the greatest benefit on humankind."" The committee interprets this requirement as a mandate to recognize active, living contributions to humanity. Furthermore, the award is designed to honor an individual's lifetime of work and their ongoing role in their field. A posthumous award would be symbolic rather than functional, as it cannot acknowledge a person's ability to continue their work or advocate for their discoveries. By requiring the recipient to be alive, the Nobel Foundation ensures that the award serves as a celebration of an ongoing legacy and a personal recognition of the individual's personal achievements during their lifetime.","The primary reason Nobel Prizes are not awarded posthumously is rooted in the specific wording of Alfred Nobel's original will. The statutes state that the prizes should be awarded to those who have ""conferred the greatest benefit on humankind."" The committee interprets this requirement as a mandate to recognize active, living contributions to humanity. Furthermore, the award is designed to honor an individual's lifetime of work and their ongoing role in their field. A posthumous award would be symbolic rather than functional, as it cannot acknowledge a person's ability to continue their work or advocate for their discoveries. By requiring the recipient to be alive, the Nobel Foundation ensures that the award serves as a celebration of an ongoing legacy and a personal recognition of the individual's personal achievements during their lifetime.",the primary reason nobel prizes are not awarded posthumously is rooted in the specific wording of alfred nobel's original will the statutes state that the prizes should be awarded to those who have conferred the greatest benefit on humankind the committee interprets this requirement as a mandate to recognize active living contributions to humanity furthermore the award is designed to honor an individual's lifetime of work and their ongoing role in their field a posthumous award would be symbolic rather than functional as it cannot acknowledge a person's ability to continue their work or advocate for their discoveries by requiring the recipient to be alive the nobel foundation ensures that the award serves as a celebration of an ongoing legacy and a personal recognition of the individual's personal achievements during their lifetime
explanatory_0120__gemma-4-12b,explanatory_0120,explanatory,What would be the actual effects of rolling a grenade down the barrel of a tank?,"Rolling a grenade down the barrel of a tank would likely result in minimal to no damage to the vehicle's internal systems. Tank barrels are designed to withstand extreme pressures, intense heat, and high-velocity impacts from projectiles. A standard hand grenade's explosive yield is far too small to breach the heavy steel and reinforced lining of the barrel. While the blast might cause a localized scorch mark or minor surface damage, it would not cause a catastrophic failure or internal detonation. Furthermore, unless the explosion occurred precisely at the breech and managed to force debris into the mechanism, the internal firing components would remain intact. In most scenarios, the blast would simply dissipate against the heavy metal, leaving the tank's main gun functional and the crew unharmed.","Rolling a grenade down the barrel of a tank would likely result in minimal to no damage to the vehicle's internal systems. Tank barrels are designed to withstand extreme pressures, intense heat, and high-velocity impacts from projectiles. A standard hand grenade's explosive yield is far too small to breach the heavy steel and reinforced lining of the barrel. While the blast might cause a localized scorch mark or minor surface damage, it would not cause a catastrophic failure or internal detonation. Furthermore, unless the explosion occurred precisely at the breech and managed to force debris into the mechanism, the internal firing components would remain intact. In most scenarios, the blast would simply dissipate against the heavy metal, leaving the tank's main gun functional and the crew unharmed.",gemma-4-12b,google,False,127,809,test,gemma-4-12b-q4_k_m,final-2026-09-20,You are answering questions the way a knowledgeable person would in an online discussion. Write in plain prose. Do not restate the question or add a preamble. Begin with the answer itself.,100,140,8192,none,,end_turn,ollama-local-gemma-4-12b,2026-09-28 06:31:03.183305+00:00,11.9,gemma4:12b,q4_k_m,16384,8192,False,"{""temperature"": ""1"", ""top_k"": ""64"", ""top_p"": ""0.95""}","Rolling a grenade down the barrel of a tank would likely result in minimal to no damage to the vehicle's internal systems. Tank barrels are designed to withstand extreme pressures, intense heat, and high-velocity impacts from projectiles. A standard hand grenade's explosive yield is far too small to breach the heavy steel and reinforced lining of the barrel. While the blast might cause a localized scorch mark or minor surface damage, it would not cause a catastrophic failure or internal detonation. Furthermore, unless the explosion occurred precisely at the breech and managed to force debris into the mechanism, the internal firing components would remain intact. In most scenarios, the blast would simply dissipate against the heavy metal, leaving the tank's main gun functional and the crew unharmed.","Rolling a grenade down the barrel of a tank would likely result in minimal to no damage to the vehicle's internal systems. Tank barrels are designed to withstand extreme pressures, intense heat, and high-velocity impacts from projectiles. A standard hand grenade's explosive yield is far too small to breach the heavy steel and reinforced lining of the barrel. While the blast might cause a localized scorch mark or minor surface damage, it would not cause a catastrophic failure or internal detonation. Furthermore, unless the explosion occurred precisely at the breech and managed to force debris into the mechanism, the internal firing components would remain intact. In most scenarios, the blast would simply dissipate against the heavy metal, leaving the tank's main gun functional and the crew unharmed.","Rolling a grenade down the barrel of a tank would likely result in minimal to no damage to the vehicle's internal systems. Tank barrels are designed to withstand extreme pressures, intense heat, and high-velocity impacts from projectiles. A standard hand grenade's explosive yield is far too small to breach the heavy steel and reinforced lining of the barrel. While the blast might cause a localized scorch mark or minor surface damage, it would not cause a catastrophic failure or internal detonation. Furthermore, unless the explosion occurred precisely at the breech and managed to force debris into the mechanism, the internal firing components would remain intact. In most scenarios, the blast would simply dissipate against the heavy metal, leaving the tank's main gun functional and the crew unharmed.",rolling a grenade down the barrel of a tank would likely result in minimal to no damage to the vehicle's internal systems tank barrels are designed to withstand extreme pressures intense heat and high velocity impacts from projectiles a standard hand grenade's explosive yield is far too small to breach the heavy steel and reinforced lining of the barrel while the blast might cause a localized scorch mark or minor surface damage it would not cause a catastrophic failure or internal detonation furthermore unless the explosion occurred precisely at the breech and managed to force debris into the mechanism the internal firing components would remain intact in most scenarios the blast would simply dissipate against the heavy metal leaving the tank's main gun functional and the crew unharmed
explanatory_0140__gemma-4-12b,explanatory_0140,explanatory,"If cancer is just cells mutating and dividing without abandon, how does it cause the ""rot"" we see in later stages?","The ""rot"" associated with advanced cancer is not caused by the mutation itself, but by the systemic consequences of uncontrolled cellular growth. As tumors expand, they outcompete healthy tissues for nutrients and oxygen, eventually starving neighboring healthy cells and causing them to die. This localized cell death, combined with the breakdown of blood vessels and the release of inflammatory markers, triggers a chronic inflammatory response. Furthermore, as the body fails to manage the metabolic waste and debris from dying tissue, it can lead to tissue necrosis and secondary infections. The physical decay we observe is the biological byproduct of a body struggling to maintain homeostasis against a resource-consuming mass. Ultimately, ""rot"" is the physical manifestation of tissue death and systemic collapse caused by the tumor's and the body's internal struggle.","The ""rot"" associated with advanced cancer is not caused by the mutation itself, but by the systemic consequences of uncontrolled cellular growth. As tumors expand, they outcompete healthy tissues for nutrients and oxygen, eventually starving neighboring healthy cells and causing them to die. This localized cell death, combined with the breakdown of blood vessels and the release of inflammatory markers, triggers a chronic inflammatory response. Furthermore, as the body fails to manage the metabolic waste and debris from dying tissue, it can lead to tissue necrosis and secondary infections. The physical decay we observe is the biological byproduct of a body struggling to maintain homeostasis against a resource-consuming mass. Ultimately, ""rot"" is the physical manifestation of tissue death and systemic collapse caused by the tumor's and the body's internal struggle.",gemma-4-12b,google,False,130,875,test,gemma-4-12b-q4_k_m,final-2026-09-20,You are answering questions the way a knowledgeable person would in an online discussion. Write in plain prose. Do not restate the question or add a preamble. Begin with the answer itself.,100,140,8192,none,,end_turn,ollama-local-gemma-4-12b,2026-09-28 06:31:05.974649+00:00,11.9,gemma4:12b,q4_k_m,16384,8192,False,"{""temperature"": ""1"", ""top_k"": ""64"", ""top_p"": ""0.95""}","The ""rot"" associated with advanced cancer is not caused by the mutation itself, but by the systemic consequences of uncontrolled cellular growth. As tumors expand, they outcompete healthy tissues for nutrients and oxygen, eventually starving neighboring healthy cells and causing them to die. This localized cell death, combined with the breakdown of blood vessels and the release of inflammatory markers, triggers a chronic inflammatory response. Furthermore, as the body fails to manage the metabolic waste and debris from dying tissue, it can lead to tissue necrosis and secondary infections. The physical decay we observe is the biological byproduct of a body struggling to maintain homeostasis against a resource-consuming mass. Ultimately, ""rot"" is the physical manifestation of tissue death and systemic collapse caused by the tumor's and the body's internal struggle.","The ""rot"" associated with advanced cancer is not caused by the mutation itself, but by the systemic consequences of uncontrolled cellular growth. As tumors expand, they outcompete healthy tissues for nutrients and oxygen, eventually starving neighboring healthy cells and causing them to die. This localized cell death, combined with the breakdown of blood vessels and the release of inflammatory markers, triggers a chronic inflammatory response. Furthermore, as the body fails to manage the metabolic waste and debris from dying tissue, it can lead to tissue necrosis and secondary infections. The physical decay we observe is the biological byproduct of a body struggling to maintain homeostasis against a resource-consuming mass. Ultimately, ""rot"" is the physical manifestation of tissue death and systemic collapse caused by the tumor's and the body's internal struggle.","The ""rot"" associated with advanced cancer is not caused by the mutation itself, but by the systemic consequences of uncontrolled cellular growth. As tumors expand, they outcompete healthy tissues for nutrients and oxygen, eventually starving neighboring healthy cells and causing them to die. This localized cell death, combined with the breakdown of blood vessels and the release of inflammatory markers, triggers a chronic inflammatory response. Furthermore, as the body fails to manage the metabolic waste and debris from dying tissue, it can lead to tissue necrosis and secondary infections. The physical decay we observe is the biological byproduct of a body struggling to maintain homeostasis against a resource-consuming mass. Ultimately, ""rot"" is the physical manifestation of tissue death and systemic collapse caused by the tumor's and the body's internal struggle.",the rot associated with advanced cancer is not caused by the mutation itself but by the systemic consequences of uncontrolled cellular growth as tumors expand they outcompete healthy tissues for nutrients and oxygen eventually starving neighboring healthy cells and causing them to die this localized cell death combined with the breakdown of blood vessels and the release of inflammatory markers triggers a chronic inflammatory response furthermore as the body fails to manage the metabolic waste and debris from dying tissue it can lead to tissue necrosis and secondary infections the physical decay we observe is the biological byproduct of a body struggling to maintain homeostasis against a resource consuming mass ultimately rot is the physical manifestation of tissue death and systemic collapse caused by the tumor's and the body's internal struggle
explanatory_0184__gemma-4-12b,explanatory_0184,explanatory,"How come sometimes when I'm not hungry, I eat something small and become hungrier?","This phenomenon often happens because of the specific macronutrients and blood sugar levels of the snack you chose. If you eat something high in refined carbohydrates or simple sugars, your body releases a surge of insulin to manage the spike. This can lead to a rapid drop in blood glucose, signaling your brain that your energy levels are falling and triggering a ""hunger"" response. 

Additionally, certain foods lack fiber or protein, which are the components that promote satiety. Without these, your stomach empties quickly, leaving you feeling unsatisfied. Furthermore, your body may be reacting to a minor craving; consuming a small amount of a high-calorie food can sometimes trigger the ""reward"" centers in the brain, creating a desire for more of that specific item rather than actual physical hunger.","This phenomenon often happens because of the specific macronutrients and blood sugar levels of the snack you chose. If you eat something high in refined carbohydrates or simple sugars, your body releases a surge of insulin to manage the spike. This can lead to a rapid drop in blood glucose, signaling your brain that your energy levels are falling and triggering a ""hunger"" response.

Additionally, certain foods lack fiber or protein, which are the components that promote satiety. Without these, your stomach empties quickly, leaving you feeling unsatisfied. Furthermore, your body may be reacting to a minor craving; consuming a small amount of a high-calorie food can sometimes trigger the ""reward"" centers in the brain, creating a desire for more of that specific item rather than actual physical hunger.",gemma-4-12b,google,False,129,811,test,gemma-4-12b-q4_k_m,final-2026-09-20,You are answering questions the way a knowledgeable person would in an online discussion. Write in plain prose. Do not restate the question or add a preamble. Begin with the answer itself.,100,140,8192,none,,end_turn,ollama-local-gemma-4-12b,2026-09-28 06:31:08.713416+00:00,11.9,gemma4:12b,q4_k_m,16384,8192,False,"{""temperature"": ""1"", ""top_k"": ""64"", ""top_p"": ""0.95""}","This phenomenon often happens because of the specific macronutrients and blood sugar levels of the snack you chose. If you eat something high in refined carbohydrates or simple sugars, your body releases a surge of insulin to manage the spike. This can lead to a rapid drop in blood glucose, signaling your brain that your energy levels are falling and triggering a ""hunger"" response.

Additionally, certain foods lack fiber or protein, which are the components that promote satiety. Without these, your stomach empties quickly, leaving you feeling unsatisfied. Furthermore, your body may be reacting to a minor craving; consuming a small amount of a high-calorie food can sometimes trigger the ""reward"" centers in the brain, creating a desire for more of that specific item rather than actual physical hunger.","This phenomenon often happens because of the specific macronutrients and blood sugar levels of the snack you chose. If you eat something high in refined carbohydrates or simple sugars, your body releases a surge of insulin to manage the spike. This can lead to a rapid drop in blood glucose, signaling your brain that your energy levels are falling and triggering a ""hunger"" response. Additionally, certain foods lack fiber or protein, which are the components that promote satiety. Without these, your stomach empties quickly, leaving you feeling unsatisfied. Furthermore, your body may be reacting to a minor craving; consuming a small amount of a high-calorie food can sometimes trigger the ""reward"" centers in the brain, creating a desire for more of that specific item rather than actual physical hunger.","This phenomenon often happens because of the specific macronutrients and blood sugar levels of the snack you chose. If you eat something high in refined carbohydrates or simple sugars, your body releases a surge of insulin to manage the spike. This can lead to a rapid drop in blood glucose, signaling your brain that your energy levels are falling and triggering a ""hunger"" response. Additionally, certain foods lack fiber or protein, which are the components that promote satiety. Without these, your stomach empties quickly, leaving you feeling unsatisfied. Furthermore, your body may be reacting to a minor craving; consuming a small amount of a high-calorie food can sometimes trigger the ""reward"" centers in the brain, creating a desire for more of that specific item rather than actual physical hunger.",this phenomenon often happens because of the specific macronutrients and blood sugar levels of the snack you chose if you eat something high in refined carbohydrates or simple sugars your body releases a surge of insulin to manage the spike this can lead to a rapid drop in blood glucose signaling your brain that your energy levels are falling and triggering a hunger response additionally certain foods lack fiber or protein which are the components that promote satiety without these your stomach empties quickly leaving you feeling unsatisfied furthermore your body may be reacting to a minor craving consuming a small amount of a high calorie food can sometimes trigger the reward centers in the brain creating a desire for more of that specific item rather than actual physical hunger
explanatory_0189__gemma-4-12b,explanatory_0189,explanatory,How does Spotify and Apple Music pay artists?,"Both Spotify and Apple Music primarily pay artists through a ""pro-rata"" royalty model, where the total pool of revenue from subscriptions and ads is distributed based on the total number of streams. In this system, if a song accounts for a certain percentage of all streams on the platform, the artist of that song receives that same percentage of the payout.

While the exact per-stream rate varies depending on the user's region and whether they are on a premium or ad-supported tier, Apple Music generally pays a higher per-stream rate than Spotify. Furthermore, both platforms must pay a portion of these royalties to the songwriters and publishers through performing rights organizations. Direct payments to artists are often filtered through distributors or record labels, who then take their share of the remaining royalties.","Both Spotify and Apple Music primarily pay artists through a ""pro-rata"" royalty model, where the total pool of revenue from subscriptions and ads is distributed based on the total number of streams. In this system, if a song accounts for a certain percentage of all streams on the platform, the artist of that song receives that same percentage of the payout.

While the exact per-stream rate varies depending on the user's region and whether they are on a premium or ad-supported tier, Apple Music generally pays a higher per-stream rate than Spotify. Furthermore, both platforms must pay a portion of these royalties to the songwriters and publishers through performing rights organizations. Direct payments to artists are often filtered through distributors or record labels, who then take their share of the remaining royalties.",gemma-4-12b,google,False,132,832,test,gemma-4-12b-q4_k_m,final-2026-09-20,You are answering questions the way a knowledgeable person would in an online discussion. Write in plain prose. Do not restate the question or add a preamble. Begin with the answer itself.,100,140,8192,none,,end_turn,ollama-local-gemma-4-12b,2026-09-28 06:31:11.478339+00:00,11.9,gemma4:12b,q4_k_m,16384,8192,False,"{""temperature"": ""1"", ""top_k"": ""64"", ""top_p"": ""0.95""}","Both Spotify and Apple Music primarily pay artists through a ""pro-rata"" royalty model, where the total pool of revenue from subscriptions and ads is distributed based on the total number of streams. In this system, if a song accounts for a certain percentage of all streams on the platform, the artist of that song receives that same percentage of the payout.

While the exact per-stream rate varies depending on the user's region and whether they are on a premium or ad-supported tier, Apple Music generally pays a higher per-stream rate than Spotify. Furthermore, both platforms must pay a portion of these royalties to the songwriters and publishers through performing rights organizations. Direct payments to artists are often filtered through distributors or record labels, who then take their share of the remaining royalties.","Both Spotify and Apple Music primarily pay artists through a ""pro-rata"" royalty model, where the total pool of revenue from subscriptions and ads is distributed based on the total number of streams. In this system, if a song accounts for a certain percentage of all streams on the platform, the artist of that song receives that same percentage of the payout. While the exact per-stream rate varies depending on the user's region and whether they are on a premium or ad-supported tier, Apple Music generally pays a higher per-stream rate than Spotify. Furthermore, both platforms must pay a portion of these royalties to the songwriters and publishers through performing rights organizations. Direct payments to artists are often filtered through distributors or record labels, who then take their share of the remaining royalties.","Both Spotify and Apple Music primarily pay artists through a ""pro-rata"" royalty model, where the total pool of revenue from subscriptions and ads is distributed based on the total number of streams. In this system, if a song accounts for a certain percentage of all streams on the platform, the artist of that song receives that same percentage of the payout. While the exact per-stream rate varies depending on the user's region and whether they are on a premium or ad-supported tier, Apple Music generally pays a higher per-stream rate than Spotify. Furthermore, both platforms must pay a portion of these royalties to the songwriters and publishers through performing rights organizations. Direct payments to artists are often filtered through distributors or record labels, who then take their share of the remaining royalties.",both spotify and apple music primarily pay artists through a pro rata royalty model where the total pool of revenue from subscriptions and ads is distributed based on the total number of streams in this system if a song accounts for a certain percentage of all streams on the platform the artist of that song receives that same percentage of the payout while the exact per stream rate varies depending on the user's region and whether they are on a premium or ad supported tier apple music generally pays a higher per stream rate than spotify furthermore both platforms must pay a portion of these royalties to the songwriters and publishers through performing rights organizations direct payments to artists are often filtered through distributors or record labels who then take their share of the remaining royalties
explanatory_0200__gemma-4-12b,explanatory_0200,explanatory,"Why is it legal to copy CD's, but not to copy DVD's?","The distinction between the legality of copying CDs versus DVDs primarily stems from the specific legal frameworks and historical contexts governing each medium. In many jurisdictions, the Digital Millennium Copyright Act (DMCA) and similar international treaties introduced strict protections against bypassing technological measures meant to control access to copyrighted works. While early CD technology was less sophisticated in its copy protection, DVDs were designed with sophisticated encryption to prevent unauthorized duplication. 

Furthermore, the legal ""fair use"" or ""private use"" exceptions that often allowed for the copying of CDs for personal use were heavily curtailed by anti-circumvention laws. Because copying a DVD often requires bypassing a digital lock, it is legally categorized differently than a simple data copy. Therefore, while the copyright of the content remains protected on both, the methods of enforcement differ significantly.","The distinction between the legality of copying CDs versus DVDs primarily stems from the specific legal frameworks and historical contexts governing each medium. In many jurisdictions, the Digital Millennium Copyright Act (DMCA) and similar international treaties introduced strict protections against bypassing technological measures meant to control access to copyrighted works. While early CD technology was less sophisticated in its copy protection, DVDs were designed with sophisticated encryption to prevent unauthorized duplication.

Furthermore, the legal ""fair use"" or ""private use"" exceptions that often allowed for the copying of CDs for personal use were heavily curtailed by anti-circumvention laws. Because copying a DVD often requires bypassing a digital lock, it is legally categorized differently than a simple data copy. Therefore, while the copyright of the content remains protected on both, the methods of enforcement differ significantly.",gemma-4-12b,google,False,134,961,test,gemma-4-12b-q4_k_m,final-2026-09-20,You are answering questions the way a knowledgeable person would in an online discussion. Write in plain prose. Do not restate the question or add a preamble. Begin with the answer itself.,100,140,8192,none,,end_turn,ollama-local-gemma-4-12b,2026-09-28 06:31:14.324704+00:00,11.9,gemma4:12b,q4_k_m,16384,8192,False,"{""temperature"": ""1"", ""top_k"": ""64"", ""top_p"": ""0.95""}","The distinction between the legality of copying CDs versus DVDs primarily stems from the specific legal frameworks and historical contexts governing each medium. In many jurisdictions, the Digital Millennium Copyright Act (DMCA) and similar international treaties introduced strict protections against bypassing technological measures meant to control access to copyrighted works. While early CD technology was less sophisticated in its copy protection, DVDs were designed with sophisticated encryption to prevent unauthorized duplication.

Furthermore, the legal ""fair use"" or ""private use"" exceptions that often allowed for the copying of CDs for personal use were heavily curtailed by anti-circumvention laws. Because copying a DVD often requires bypassing a digital lock, it is legally categorized differently than a simple data copy. Therefore, while the copyright of the content remains protected on both, the methods of enforcement differ significantly.","The distinction between the legality of copying CDs versus DVDs primarily stems from the specific legal frameworks and historical contexts governing each medium. In many jurisdictions, the Digital Millennium Copyright Act (DMCA) and similar international treaties introduced strict protections against bypassing technological measures meant to control access to copyrighted works. While early CD technology was less sophisticated in its copy protection, DVDs were designed with sophisticated encryption to prevent unauthorized duplication. Furthermore, the legal ""fair use"" or ""private use"" exceptions that often allowed for the copying of CDs for personal use were heavily curtailed by anti-circumvention laws. Because copying a DVD often requires bypassing a digital lock, it is legally categorized differently than a simple data copy. Therefore, while the copyright of the content remains protected on both, the methods of enforcement differ significantly.","The distinction between the legality of copying CDs versus DVDs primarily stems from the specific legal frameworks and historical contexts governing each medium. In many jurisdictions, the Digital Millennium Copyright Act (DMCA) and similar international treaties introduced strict protections against bypassing technological measures meant to control access to copyrighted works. While early CD technology was less sophisticated in its copy protection, DVDs were designed with sophisticated encryption to prevent unauthorized duplication. Furthermore, the legal ""fair use"" or ""private use"" exceptions that often allowed for the copying of CDs for personal use were heavily curtailed by anti-circumvention laws. Because copying a DVD often requires bypassing a digital lock, it is legally categorized differently than a simple data copy. Therefore, while the copyright of the content remains protected on both, the methods of enforcement differ significantly.",the distinction between the legality of copying cds versus dvds primarily stems from the specific legal frameworks and historical contexts governing each medium in many jurisdictions the digital millennium copyright act dmca and similar international treaties introduced strict protections against bypassing technological measures meant to control access to copyrighted works while early cd technology was less sophisticated in its copy protection dvds were designed with sophisticated encryption to prevent unauthorized duplication furthermore the legal fair use or private use exceptions that often allowed for the copying of cds for personal use were heavily curtailed by anti circumvention laws because copying a dvd often requires bypassing a digital lock it is legally categorized differently than a simple data copy therefore while the copyright of the content remains protected on both the methods of enforcement differ significantly
explanatory_0212__gemma-4-12b,explanatory_0212,explanatory,Why/do all the planets in our solar system orbit on the same plane/axis?,"The alignment of the planets in a relatively flat plane, known as the ecliptic, is primarily a consequence of the early formation of the solar system. Approximately 4.6 billion years ago, the solar system began as a massive, rotating cloud of gas and dust. As gravity caused this nebula to collapse, the conservation of angular momentum forced the cloud to spin and flatten into a protoplanetary disk, much like a spinning pizza dough.

Because the planets formed from the material within this rotating disk, they inherited its orbital plane and orientation. Furthermore, the intense gravitational influence of the sun and the collective gravity of the largest planets helped stabilize these orbits over billions of years. Minor deviations from this plane occur due to the gravitational tugs of passing stars or massive asteroids, but the fundamental geometry remains remarkably consistent.","The alignment of the planets in a relatively flat plane, known as the ecliptic, is primarily a consequence of the early formation of the solar system. Approximately 4.6 billion years ago, the solar system began as a massive, rotating cloud of gas and dust. As gravity caused this nebula to collapse, the conservation of angular momentum forced the cloud to spin and flatten into a protoplanetary disk, much like a spinning pizza dough.

Because the planets formed from the material within this rotating disk, they inherited its orbital plane and orientation. Furthermore, the intense gravitational influence of the sun and the collective gravity of the largest planets helped stabilize these orbits over billions of years. Minor deviations from this plane occur due to the gravitational tugs of passing stars or massive asteroids, but the fundamental geometry remains remarkably consistent.",gemma-4-12b,google,False,139,890,test,gemma-4-12b-q4_k_m,final-2026-09-20,You are answering questions the way a knowledgeable person would in an online discussion. Write in plain prose. Do not restate the question or add a preamble. Begin with the answer itself.,100,140,8192,none,,end_turn,ollama-local-gemma-4-12b,2026-09-28 06:31:17.251432+00:00,11.9,gemma4:12b,q4_k_m,16384,8192,False,"{""temperature"": ""1"", ""top_k"": ""64"", ""top_p"": ""0.95""}","The alignment of the planets in a relatively flat plane, known as the ecliptic, is primarily a consequence of the early formation of the solar system. Approximately 4.6 billion years ago, the solar system began as a massive, rotating cloud of gas and dust. As gravity caused this nebula to collapse, the conservation of angular momentum forced the cloud to spin and flatten into a protoplanetary disk, much like a spinning pizza dough.

Because the planets formed from the material within this rotating disk, they inherited its orbital plane and orientation. Furthermore, the intense gravitational influence of the sun and the collective gravity of the largest planets helped stabilize these orbits over billions of years. Minor deviations from this plane occur due to the gravitational tugs of passing stars or massive asteroids, but the fundamental geometry remains remarkably consistent.","The alignment of the planets in a relatively flat plane, known as the ecliptic, is primarily a consequence of the early formation of the solar system. Approximately 4.6 billion years ago, the solar system began as a massive, rotating cloud of gas and dust. As gravity caused this nebula to collapse, the conservation of angular momentum forced the cloud to spin and flatten into a protoplanetary disk, much like a spinning pizza dough. Because the planets formed from the material within this rotating disk, they inherited its orbital plane and orientation. Furthermore, the intense gravitational influence of the sun and the collective gravity of the largest planets helped stabilize these orbits over billions of years. Minor deviations from this plane occur due to the gravitational tugs of passing stars or massive asteroids, but the fundamental geometry remains remarkably consistent.","The alignment of the planets in a relatively flat plane, known as the ecliptic, is primarily a consequence of the early formation of the solar system. Approximately 4.6 billion years ago, the solar system began as a massive, rotating cloud of gas and dust. As gravity caused this nebula to collapse, the conservation of angular momentum forced the cloud to spin and flatten into a protoplanetary disk, much like a spinning pizza dough. Because the planets formed from the material within this rotating disk, they inherited its orbital plane and orientation. Furthermore, the intense gravitational influence of the sun and the collective gravity of the largest planets helped stabilize these orbits over billions of years. Minor deviations from this plane occur due to the gravitational tugs of passing stars or massive asteroids, but the fundamental geometry remains remarkably consistent.",the alignment of the planets in a relatively flat plane known as the ecliptic is primarily a consequence of the early formation of the solar system approximately 4 6 billion years ago the solar system began as a massive rotating cloud of gas and dust as gravity caused this nebula to collapse the conservation of angular momentum forced the cloud to spin and flatten into a protoplanetary disk much like a spinning pizza dough because the planets formed from the material within this rotating disk they inherited its orbital plane and orientation furthermore the intense gravitational influence of the sun and the collective gravity of the largest planets helped stabilize these orbits over billions of years minor deviations from this plane occur due to the gravitational tugs of passing stars or massive asteroids but the fundamental geometry remains remarkably consistent
explanatory_0232__gemma-4-12b,explanatory_0232,explanatory,"why do companies that make games like the burnout, skate, red faction, and saints row series stop making these games, even though they have a decent following, and are loved by many?","The primary reason these franchises often go dormant is the shift in corporate strategy toward ""safe"" investments. Publishers and publishers prioritize franchises with massive, consistent growth potential—like Call of Duty or Grand Theft Auto—over niche titles with dedicated but smaller fanbases. Games like *Burnout* or *Saints Row* often occupy a ""middle ground"" where the development costs are high, but the marketing reach doesn't guarantee blockbuster sales.

Furthermore, internal studio restructuring often leads to creative pivots. A studio might be ordered to focus on a new IP or a different genre entirely to diversify a parent company's portfolio. Additionally, the trend toward live-service models makes standalone, single-player experiences harder to justify financially, as they lack the recurring revenue streams that modern corporate structures demand to maintain profitability.","The primary reason these franchises often go dormant is the shift in corporate strategy toward ""safe"" investments. Publishers and publishers prioritize franchises with massive, consistent growth potential—like Call of Duty or Grand Theft Auto—over niche titles with dedicated but smaller fanbases. Games like Burnout or Saints Row often occupy a ""middle ground"" where the development costs are high, but the marketing reach doesn't guarantee blockbuster sales.

Furthermore, internal studio restructuring often leads to creative pivots. A studio might be ordered to focus on a new IP or a different genre entirely to diversify a parent company's portfolio. Additionally, the trend toward live-service models makes standalone, single-player experiences harder to justify financially, as they lack the recurring revenue streams that modern corporate structures demand to maintain profitability.",gemma-4-12b,google,False,126,896,test,gemma-4-12b-q4_k_m,final-2026-09-20,You are answering questions the way a knowledgeable person would in an online discussion. Write in plain prose. Do not restate the question or add a preamble. Begin with the answer itself.,100,140,8192,none,,end_turn,ollama-local-gemma-4-12b,2026-09-28 06:31:20.131110+00:00,11.9,gemma4:12b,q4_k_m,16384,8192,False,"{""temperature"": ""1"", ""top_k"": ""64"", ""top_p"": ""0.95""}","The primary reason these franchises often go dormant is the shift in corporate strategy toward ""safe"" investments. Publishers and publishers prioritize franchises with massive, consistent growth potential - like Call of Duty or Grand Theft Auto - over niche titles with dedicated but smaller fanbases. Games like Burnout or Saints Row often occupy a ""middle ground"" where the development costs are high, but the marketing reach doesn't guarantee blockbuster sales.

Furthermore, internal studio restructuring often leads to creative pivots. A studio might be ordered to focus on a new IP or a different genre entirely to diversify a parent company's portfolio. Additionally, the trend toward live-service models makes standalone, single-player experiences harder to justify financially, as they lack the recurring revenue streams that modern corporate structures demand to maintain profitability.","The primary reason these franchises often go dormant is the shift in corporate strategy toward ""safe"" investments. Publishers and publishers prioritize franchises with massive, consistent growth potential—like Call of Duty or Grand Theft Auto—over niche titles with dedicated but smaller fanbases. Games like Burnout or Saints Row often occupy a ""middle ground"" where the development costs are high, but the marketing reach doesn't guarantee blockbuster sales. Furthermore, internal studio restructuring often leads to creative pivots. A studio might be ordered to focus on a new IP or a different genre entirely to diversify a parent company's portfolio. Additionally, the trend toward live-service models makes standalone, single-player experiences harder to justify financially, as they lack the recurring revenue streams that modern corporate structures demand to maintain profitability.","The primary reason these franchises often go dormant is the shift in corporate strategy toward ""safe"" investments. Publishers and publishers prioritize franchises with massive, consistent growth potential - like Call of Duty or Grand Theft Auto - over niche titles with dedicated but smaller fanbases. Games like Burnout or Saints Row often occupy a ""middle ground"" where the development costs are high, but the marketing reach doesn't guarantee blockbuster sales. Furthermore, internal studio restructuring often leads to creative pivots. A studio might be ordered to focus on a new IP or a different genre entirely to diversify a parent company's portfolio. Additionally, the trend toward live-service models makes standalone, single-player experiences harder to justify financially, as they lack the recurring revenue streams that modern corporate structures demand to maintain profitability.",the primary reason these franchises often go dormant is the shift in corporate strategy toward safe investments publishers and publishers prioritize franchises with massive consistent growth potential like call of duty or grand theft auto over niche titles with dedicated but smaller fanbases games like burnout or saints row often occupy a middle ground where the development costs are high but the marketing reach doesn't guarantee blockbuster sales furthermore internal studio restructuring often leads to creative pivots a studio might be ordered to focus on a new ip or a different genre entirely to diversify a parent company's portfolio additionally the trend toward live service models makes standalone single player experiences harder to justify financially as they lack the recurring revenue streams that modern corporate structures demand to maintain profitability
explanatory_0248__gemma-4-12b,explanatory_0248,explanatory,What role did Cusco School painting have in Indigenous society in Colonial Peru and Bolivia?,"The Cusco School of painting served as a profound tool for cultural negotiation and religious synthesis in colonial Peru and Bolivia. While the Spanish Crown intended these works to facilitate the conversion of Indigenous populations to Catholicism, the local artists—many of whom were Indigenous or Mestizo—integrated native symbolism into Christian iconography. By incorporating local flora, fauna, and subtle Andean motifs into depictions of saints and biblical scenes, these artists created a visual language that allowed Indigenous people to maintain cultural identity under colonial rule. Furthermore, these paintings functioned as high-status objects in local religious processions and communal spaces, grounding the imported faith in the local landscape. Ultimately, the Cusco School became a site of visual resistance and syncretism, where the visual representation of faith became a hybrid space for both religious devotion and cultural preservation.","The Cusco School of painting served as a profound tool for cultural negotiation and religious synthesis in colonial Peru and Bolivia. While the Spanish Crown intended these works to facilitate the conversion of Indigenous populations to Catholicism, the local artists—many of whom were Indigenous or Mestizo—integrated native symbolism into Christian iconography. By incorporating local flora, fauna, and subtle Andean motifs into depictions of saints and biblical scenes, these artists created a visual language that allowed Indigenous people to maintain cultural identity under colonial rule. Furthermore, these paintings functioned as high-status objects in local religious processions and communal spaces, grounding the imported faith in the local landscape. Ultimately, the Cusco School became a site of visual resistance and syncretism, where the visual representation of faith became a hybrid space for both religious devotion and cultural preservation.",gemma-4-12b,google,False,135,960,test,gemma-4-12b-q4_k_m,final-2026-09-20,You are answering questions the way a knowledgeable person would in an online discussion. Write in plain prose. Do not restate the question or add a preamble. Begin with the answer itself.,100,140,8192,none,,end_turn,ollama-local-gemma-4-12b,2026-09-28 06:31:22.916979+00:00,11.9,gemma4:12b,q4_k_m,16384,8192,False,"{""temperature"": ""1"", ""top_k"": ""64"", ""top_p"": ""0.95""}","The Cusco School of painting served as a profound tool for cultural negotiation and religious synthesis in colonial Peru and Bolivia. While the Spanish Crown intended these works to facilitate the conversion of Indigenous populations to Catholicism, the local artists - many of whom were Indigenous or Mestizo - integrated native symbolism into Christian iconography. By incorporating local flora, fauna, and subtle Andean motifs into depictions of saints and biblical scenes, these artists created a visual language that allowed Indigenous people to maintain cultural identity under colonial rule. Furthermore, these paintings functioned as high-status objects in local religious processions and communal spaces, grounding the imported faith in the local landscape. Ultimately, the Cusco School became a site of visual resistance and syncretism, where the visual representation of faith became a hybrid space for both religious devotion and cultural preservation.","The Cusco School of painting served as a profound tool for cultural negotiation and religious synthesis in colonial Peru and Bolivia. While the Spanish Crown intended these works to facilitate the conversion of Indigenous populations to Catholicism, the local artists—many of whom were Indigenous or Mestizo—integrated native symbolism into Christian iconography. By incorporating local flora, fauna, and subtle Andean motifs into depictions of saints and biblical scenes, these artists created a visual language that allowed Indigenous people to maintain cultural identity under colonial rule. Furthermore, these paintings functioned as high-status objects in local religious processions and communal spaces, grounding the imported faith in the local landscape. Ultimately, the Cusco School became a site of visual resistance and syncretism, where the visual representation of faith became a hybrid space for both religious devotion and cultural preservation.","The Cusco School of painting served as a profound tool for cultural negotiation and religious synthesis in colonial Peru and Bolivia. While the Spanish Crown intended these works to facilitate the conversion of Indigenous populations to Catholicism, the local artists - many of whom were Indigenous or Mestizo - integrated native symbolism into Christian iconography. By incorporating local flora, fauna, and subtle Andean motifs into depictions of saints and biblical scenes, these artists created a visual language that allowed Indigenous people to maintain cultural identity under colonial rule. Furthermore, these paintings functioned as high-status objects in local religious processions and communal spaces, grounding the imported faith in the local landscape. Ultimately, the Cusco School became a site of visual resistance and syncretism, where the visual representation of faith became a hybrid space for both religious devotion and cultural preservation.",the cusco school of painting served as a profound tool for cultural negotiation and religious synthesis in colonial peru and bolivia while the spanish crown intended these works to facilitate the conversion of indigenous populations to catholicism the local artists many of whom were indigenous or mestizo integrated native symbolism into christian iconography by incorporating local flora fauna and subtle andean motifs into depictions of saints and biblical scenes these artists created a visual language that allowed indigenous people to maintain cultural identity under colonial rule furthermore these paintings functioned as high status objects in local religious processions and communal spaces grounding the imported faith in the local landscape ultimately the cusco school became a site of visual resistance and syncretism where the visual representation of faith became a hybrid space for both religious devotion and cultural preservation
explanatory_0254__gemma-4-12b,explanatory_0254,explanatory,Were the Political and Economic Effects of the Great Depression between 1929 and 1939 more Devastating in America than in Britain?,"While both nations suffered significantly, the impact was arguably more devastating in America due to the suddenness and depth of the collapse. Britain entered the 1930s with a more established, albeit stagnant, industrial base and a gold standard that they abandoned early, allowing for a faster transition to a managed economy. In contrast, the American economy collapsed abruptly in 1929, leading to systemic banking failures and a 25% unemployment rate. Politically, the crisis pushed the United States toward the radical expansion of federal power under the New Deal, fundamentally altering the role of government in private life. While Britain faced severe industrial decline and trade disruptions, the sheer scale of structural devastation and the rapid ideological shift toward state intervention were more pronounced in the American experience.","While both nations suffered significantly, the impact was arguably more devastating in America due to the suddenness and depth of the collapse. Britain entered the 1930s with a more established, albeit stagnant, industrial base and a gold standard that they abandoned early, allowing for a faster transition to a managed economy. In contrast, the American economy collapsed abruptly in 1929, leading to systemic banking failures and a 25% unemployment rate. Politically, the crisis pushed the United States toward the radical expansion of federal power under the New Deal, fundamentally altering the role of government in private life. While Britain faced severe industrial decline and trade disruptions, the sheer scale of structural devastation and the rapid ideological shift toward state intervention were more pronounced in the American experience.",gemma-4-12b,google,False,127,853,test,gemma-4-12b-q4_k_m,final-2026-09-20,You are answering questions the way a knowledgeable person would in an online discussion. Write in plain prose. Do not restate the question or add a preamble. Begin with the answer itself.,100,140,8192,none,,end_turn,ollama-local-gemma-4-12b,2026-09-28 06:31:25.672090+00:00,11.9,gemma4:12b,q4_k_m,16384,8192,False,"{""temperature"": ""1"", ""top_k"": ""64"", ""top_p"": ""0.95""}","While both nations suffered significantly, the impact was arguably more devastating in America due to the suddenness and depth of the collapse. Britain entered the 1930s with a more established, albeit stagnant, industrial base and a gold standard that they abandoned early, allowing for a faster transition to a managed economy. In contrast, the American economy collapsed abruptly in 1929, leading to systemic banking failures and a 25% unemployment rate. Politically, the crisis pushed the United States toward the radical expansion of federal power under the New Deal, fundamentally altering the role of government in private life. While Britain faced severe industrial decline and trade disruptions, the sheer scale of structural devastation and the rapid ideological shift toward state intervention were more pronounced in the American experience.","While both nations suffered significantly, the impact was arguably more devastating in America due to the suddenness and depth of the collapse. Britain entered the 1930s with a more established, albeit stagnant, industrial base and a gold standard that they abandoned early, allowing for a faster transition to a managed economy. In contrast, the American economy collapsed abruptly in 1929, leading to systemic banking failures and a 25% unemployment rate. Politically, the crisis pushed the United States toward the radical expansion of federal power under the New Deal, fundamentally altering the role of government in private life. While Britain faced severe industrial decline and trade disruptions, the sheer scale of structural devastation and the rapid ideological shift toward state intervention were more pronounced in the American experience.","While both nations suffered significantly, the impact was arguably more devastating in America due to the suddenness and depth of the collapse. Britain entered the 1930s with a more established, albeit stagnant, industrial base and a gold standard that they abandoned early, allowing for a faster transition to a managed economy. In contrast, the American economy collapsed abruptly in 1929, leading to systemic banking failures and a 25% unemployment rate. Politically, the crisis pushed the United States toward the radical expansion of federal power under the New Deal, fundamentally altering the role of government in private life. While Britain faced severe industrial decline and trade disruptions, the sheer scale of structural devastation and the rapid ideological shift toward state intervention were more pronounced in the American experience.",while both nations suffered significantly the impact was arguably more devastating in america due to the suddenness and depth of the collapse britain entered the 1930s with a more established albeit stagnant industrial base and a gold standard that they abandoned early allowing for a faster transition to a managed economy in contrast the american economy collapsed abruptly in 1929 leading to systemic banking failures and a 25 unemployment rate politically the crisis pushed the united states toward the radical expansion of federal power under the new deal fundamentally altering the role of government in private life while britain faced severe industrial decline and trade disruptions the sheer scale of structural devastation and the rapid ideological shift toward state intervention were more pronounced in the american experience
explanatory_0259__gemma-4-12b,explanatory_0259,explanatory,How much credibility can be afforded to the theory that the Viking invasion of Britain was a kind of 'pagan crusade' or attempt by Scandinavian pagans at halting the spread of Christianity and 're-paganising' Northern Europe?,"The theory that Viking raids constituted a deliberate ""pagan crusade"" to halt Christianity has very little credibility among modern historians. While the Norse were indeed pagan, their primary motivations were economic and political rather than ideological. Archaeological and historical evidence suggests that Viking expansion was driven by a need for land, wealth, and trade routes rather than a systematic religious mission. 

Furthermore, the Viking presence in Britain was not a monolithic movement. Many Norse settlers integrated into local societies and eventually converted to Christianity themselves, often quite rapidly. There is no consistent evidence of ""re-paganizing"" rituals or organized efforts to dismantle Christian infrastructure for religious reasons. Instead of a crusade, the expansion is better understood as a period of migration and expansion where cultural exchange and voluntary conversion eventually superseded initial cultural friction.","The theory that Viking raids constituted a deliberate ""pagan crusade"" to halt Christianity has very little credibility among modern historians. While the Norse were indeed pagan, their primary motivations were economic and political rather than ideological. Archaeological and historical evidence suggests that Viking expansion was driven by a need for land, wealth, and trade routes rather than a systematic religious mission.

Furthermore, the Viking presence in Britain was not a monolithic movement. Many Norse settlers integrated into local societies and eventually converted to Christianity themselves, often quite rapidly. There is no consistent evidence of ""re-paganizing"" rituals or organized efforts to dismantle Christian infrastructure for religious reasons. Instead of a crusade, the expansion is better understood as a period of migration and expansion where cultural exchange and voluntary conversion eventually superseded initial cultural friction.",gemma-4-12b,google,False,133,965,test,gemma-4-12b-q4_k_m,final-2026-09-20,You are answering questions the way a knowledgeable person would in an online discussion. Write in plain prose. Do not restate the question or add a preamble. Begin with the answer itself.,100,140,8192,none,,end_turn,ollama-local-gemma-4-12b,2026-09-28 06:31:28.465255+00:00,11.9,gemma4:12b,q4_k_m,16384,8192,False,"{""temperature"": ""1"", ""top_k"": ""64"", ""top_p"": ""0.95""}","The theory that Viking raids constituted a deliberate ""pagan crusade"" to halt Christianity has very little credibility among modern historians. While the Norse were indeed pagan, their primary motivations were economic and political rather than ideological. Archaeological and historical evidence suggests that Viking expansion was driven by a need for land, wealth, and trade routes rather than a systematic religious mission.

Furthermore, the Viking presence in Britain was not a monolithic movement. Many Norse settlers integrated into local societies and eventually converted to Christianity themselves, often quite rapidly. There is no consistent evidence of ""re-paganizing"" rituals or organized efforts to dismantle Christian infrastructure for religious reasons. Instead of a crusade, the expansion is better understood as a period of migration and expansion where cultural exchange and voluntary conversion eventually superseded initial cultural friction.","The theory that Viking raids constituted a deliberate ""pagan crusade"" to halt Christianity has very little credibility among modern historians. While the Norse were indeed pagan, their primary motivations were economic and political rather than ideological. Archaeological and historical evidence suggests that Viking expansion was driven by a need for land, wealth, and trade routes rather than a systematic religious mission. Furthermore, the Viking presence in Britain was not a monolithic movement. Many Norse settlers integrated into local societies and eventually converted to Christianity themselves, often quite rapidly. There is no consistent evidence of ""re-paganizing"" rituals or organized efforts to dismantle Christian infrastructure for religious reasons. Instead of a crusade, the expansion is better understood as a period of migration and expansion where cultural exchange and voluntary conversion eventually superseded initial cultural friction.","The theory that Viking raids constituted a deliberate ""pagan crusade"" to halt Christianity has very little credibility among modern historians. While the Norse were indeed pagan, their primary motivations were economic and political rather than ideological. Archaeological and historical evidence suggests that Viking expansion was driven by a need for land, wealth, and trade routes rather than a systematic religious mission. Furthermore, the Viking presence in Britain was not a monolithic movement. Many Norse settlers integrated into local societies and eventually converted to Christianity themselves, often quite rapidly. There is no consistent evidence of ""re-paganizing"" rituals or organized efforts to dismantle Christian infrastructure for religious reasons. Instead of a crusade, the expansion is better understood as a period of migration and expansion where cultural exchange and voluntary conversion eventually superseded initial cultural friction.",the theory that viking raids constituted a deliberate pagan crusade to halt christianity has very little credibility among modern historians while the norse were indeed pagan their primary motivations were economic and political rather than ideological archaeological and historical evidence suggests that viking expansion was driven by a need for land wealth and trade routes rather than a systematic religious mission furthermore the viking presence in britain was not a monolithic movement many norse settlers integrated into local societies and eventually converted to christianity themselves often quite rapidly there is no consistent evidence of re paganizing rituals or organized efforts to dismantle christian infrastructure for religious reasons instead of a crusade the expansion is better understood as a period of migration and expansion where cultural exchange and voluntary conversion eventually superseded initial cultural friction
explanatory_0263__gemma-4-12b,explanatory_0263,explanatory,How extensively used/practical was the radio as a method of troop communication in WWI?,"While radio technology existed during World War I, it was not the primary method of troop communication and was often impractical for frontline tactical use. Early wireless telegraphy was hampered by heavy, bulky equipment, unreliable components, and a lack of sophisticated encryption, making it vulnerable to interception. Furthermore, the sheer volume of radio traffic from many units could cause significant signal interference.

Consequently, commanders relied heavily on traditional methods: field telephones and runners. Landlines were preferred for stable, secure communication between headquarters and rear areas, while runners remained vital for immediate tactical moves. Radio was eventually utilized for long-range maritime coordination and some high-level strategic communications, but it was not yet sophisticated enough to replace wires or human messengers in the chaotic, localized environment of the trenches.","While radio technology existed during World War I, it was not the primary method of troop communication and was often impractical for frontline tactical use. Early wireless telegraphy was hampered by heavy, bulky equipment, unreliable components, and a lack of sophisticated encryption, making it vulnerable to interception. Furthermore, the sheer volume of radio traffic from many units could cause significant signal interference.

Consequently, commanders relied heavily on traditional methods: field telephones and runners. Landlines were preferred for stable, secure communication between headquarters and rear areas, while runners remained vital for immediate tactical moves. Radio was eventually utilized for long-range maritime coordination and some high-level strategic communications, but it was not yet sophisticated enough to replace wires or human messengers in the chaotic, localized environment of the trenches.",gemma-4-12b,google,False,127,926,test,gemma-4-12b-q4_k_m,final-2026-09-20,You are answering questions the way a knowledgeable person would in an online discussion. Write in plain prose. Do not restate the question or add a preamble. Begin with the answer itself.,100,140,8192,none,,end_turn,ollama-local-gemma-4-12b,2026-09-28 06:31:31.168547+00:00,11.9,gemma4:12b,q4_k_m,16384,8192,False,"{""temperature"": ""1"", ""top_k"": ""64"", ""top_p"": ""0.95""}","While radio technology existed during World War I, it was not the primary method of troop communication and was often impractical for frontline tactical use. Early wireless telegraphy was hampered by heavy, bulky equipment, unreliable components, and a lack of sophisticated encryption, making it vulnerable to interception. Furthermore, the sheer volume of radio traffic from many units could cause significant signal interference.

Consequently, commanders relied heavily on traditional methods: field telephones and runners. Landlines were preferred for stable, secure communication between headquarters and rear areas, while runners remained vital for immediate tactical moves. Radio was eventually utilized for long-range maritime coordination and some high-level strategic communications, but it was not yet sophisticated enough to replace wires or human messengers in the chaotic, localized environment of the trenches.","While radio technology existed during World War I, it was not the primary method of troop communication and was often impractical for frontline tactical use. Early wireless telegraphy was hampered by heavy, bulky equipment, unreliable components, and a lack of sophisticated encryption, making it vulnerable to interception. Furthermore, the sheer volume of radio traffic from many units could cause significant signal interference. Consequently, commanders relied heavily on traditional methods: field telephones and runners. Landlines were preferred for stable, secure communication between headquarters and rear areas, while runners remained vital for immediate tactical moves. Radio was eventually utilized for long-range maritime coordination and some high-level strategic communications, but it was not yet sophisticated enough to replace wires or human messengers in the chaotic, localized environment of the trenches.","While radio technology existed during World War I, it was not the primary method of troop communication and was often impractical for frontline tactical use. Early wireless telegraphy was hampered by heavy, bulky equipment, unreliable components, and a lack of sophisticated encryption, making it vulnerable to interception. Furthermore, the sheer volume of radio traffic from many units could cause significant signal interference. Consequently, commanders relied heavily on traditional methods: field telephones and runners. Landlines were preferred for stable, secure communication between headquarters and rear areas, while runners remained vital for immediate tactical moves. Radio was eventually utilized for long-range maritime coordination and some high-level strategic communications, but it was not yet sophisticated enough to replace wires or human messengers in the chaotic, localized environment of the trenches.",while radio technology existed during world war i it was not the primary method of troop communication and was often impractical for frontline tactical use early wireless telegraphy was hampered by heavy bulky equipment unreliable components and a lack of sophisticated encryption making it vulnerable to interception furthermore the sheer volume of radio traffic from many units could cause significant signal interference consequently commanders relied heavily on traditional methods field telephones and runners landlines were preferred for stable secure communication between headquarters and rear areas while runners remained vital for immediate tactical moves radio was eventually utilized for long range maritime coordination and some high level strategic communications but it was not yet sophisticated enough to replace wires or human messengers in the chaotic localized environment of the trenches
explanatory_0269__gemma-4-12b,explanatory_0269,explanatory,Were there past societies who had standards of human attractiveness that were the same as the contemporary west?,"While human aesthetics have always involved a preference for symmetry and health, modern Western standards of beauty—driven by specific body types and idealized facial features—are largely a product of contemporary globalization and media. Historically, different cultures prioritized varied physical traits based on local environments and social statuses. For instance, in some historical periods, fuller figures were preferred as a sign of wealth and fertility, while in others, lean frames symbolized discipline or athletic prowess.

Furthermore, the ""standard"" of attractiveness has shifted significantly due to technology. Modern Western standards are heavily influenced by digital filters and mass media, which homogenize beauty across borders. While some universal traits like facial symmetry persist, the specific aesthetic ideals of today are distinct from the localized, culturally specific standards of most past civilizations.","While human aesthetics have always involved a preference for symmetry and health, modern Western standards of beauty—driven by specific body types and idealized facial features—are largely a product of contemporary globalization and media. Historically, different cultures prioritized varied physical traits based on local environments and social statuses. For instance, in some historical periods, fuller figures were preferred as a sign of wealth and fertility, while in others, lean frames symbolized discipline or athletic prowess.

Furthermore, the ""standard"" of attractiveness has shifted significantly due to technology. Modern Western standards are heavily influenced by digital filters and mass media, which homogenize beauty across borders. While some universal traits like facial symmetry persist, the specific aesthetic ideals of today are distinct from the localized, culturally specific standards of most past civilizations.",gemma-4-12b,google,False,128,938,test,gemma-4-12b-q4_k_m,final-2026-09-20,You are answering questions the way a knowledgeable person would in an online discussion. Write in plain prose. Do not restate the question or add a preamble. Begin with the answer itself.,100,140,8192,none,,end_turn,ollama-local-gemma-4-12b,2026-09-28 06:31:33.864827+00:00,11.9,gemma4:12b,q4_k_m,16384,8192,False,"{""temperature"": ""1"", ""top_k"": ""64"", ""top_p"": ""0.95""}","While human aesthetics have always involved a preference for symmetry and health, modern Western standards of beauty - driven by specific body types and idealized facial features - are largely a product of contemporary globalization and media. Historically, different cultures prioritized varied physical traits based on local environments and social statuses. For instance, in some historical periods, fuller figures were preferred as a sign of wealth and fertility, while in others, lean frames symbolized discipline or athletic prowess.

Furthermore, the ""standard"" of attractiveness has shifted significantly due to technology. Modern Western standards are heavily influenced by digital filters and mass media, which homogenize beauty across borders. While some universal traits like facial symmetry persist, the specific aesthetic ideals of today are distinct from the localized, culturally specific standards of most past civilizations.","While human aesthetics have always involved a preference for symmetry and health, modern Western standards of beauty—driven by specific body types and idealized facial features—are largely a product of contemporary globalization and media. Historically, different cultures prioritized varied physical traits based on local environments and social statuses. For instance, in some historical periods, fuller figures were preferred as a sign of wealth and fertility, while in others, lean frames symbolized discipline or athletic prowess. Furthermore, the ""standard"" of attractiveness has shifted significantly due to technology. Modern Western standards are heavily influenced by digital filters and mass media, which homogenize beauty across borders. While some universal traits like facial symmetry persist, the specific aesthetic ideals of today are distinct from the localized, culturally specific standards of most past civilizations.","While human aesthetics have always involved a preference for symmetry and health, modern Western standards of beauty - driven by specific body types and idealized facial features - are largely a product of contemporary globalization and media. Historically, different cultures prioritized varied physical traits based on local environments and social statuses. For instance, in some historical periods, fuller figures were preferred as a sign of wealth and fertility, while in others, lean frames symbolized discipline or athletic prowess. Furthermore, the ""standard"" of attractiveness has shifted significantly due to technology. Modern Western standards are heavily influenced by digital filters and mass media, which homogenize beauty across borders. While some universal traits like facial symmetry persist, the specific aesthetic ideals of today are distinct from the localized, culturally specific standards of most past civilizations.",while human aesthetics have always involved a preference for symmetry and health modern western standards of beauty driven by specific body types and idealized facial features are largely a product of contemporary globalization and media historically different cultures prioritized varied physical traits based on local environments and social statuses for instance in some historical periods fuller figures were preferred as a sign of wealth and fertility while in others lean frames symbolized discipline or athletic prowess furthermore the standard of attractiveness has shifted significantly due to technology modern western standards are heavily influenced by digital filters and mass media which homogenize beauty across borders while some universal traits like facial symmetry persist the specific aesthetic ideals of today are distinct from the localized culturally specific standards of most past civilizations
explanatory_0286__gemma-4-12b,explanatory_0286,explanatory,Did Marco Polo actually go to China?,"The question of whether Marco Polo actually reached China remains a subject of historical debate, though most modern scholars believe he did. While skeptics previously argued that his descriptions of East Asian customs seemed too accurate to be imagined, modern research suggests he likely traveled along the Silk Road under the protection of the Mongol Empire. His detailed accounts of the Yuan Dynasty, the use of paper money, and the complexity of the postal system align with historical records from that era. Furthermore, while some of his claims are exaggerated, his observations regarding the scale of Chinese cities and maritime trade routes were remarkably consistent with contemporary records. While no physical ""proof"" like a passport exists, the consistency of his geographical knowledge makes it highly probable that he reached the court of Kublai Khan.","The question of whether Marco Polo actually reached China remains a subject of historical debate, though most modern scholars believe he did. While skeptics previously argued that his descriptions of East Asian customs seemed too accurate to be imagined, modern research suggests he likely traveled along the Silk Road under the protection of the Mongol Empire. His detailed accounts of the Yuan Dynasty, the use of paper money, and the complexity of the postal system align with historical records from that era. Furthermore, while some of his claims are exaggerated, his observations regarding the scale of Chinese cities and maritime trade routes were remarkably consistent with contemporary records. While no physical ""proof"" like a passport exists, the consistency of his geographical knowledge makes it highly probable that he reached the court of Kublai Khan.",gemma-4-12b,google,False,134,866,test,gemma-4-12b-q4_k_m,final-2026-09-20,You are answering questions the way a knowledgeable person would in an online discussion. Write in plain prose. Do not restate the question or add a preamble. Begin with the answer itself.,100,140,8192,none,,end_turn,ollama-local-gemma-4-12b,2026-09-28 06:31:36.537055+00:00,11.9,gemma4:12b,q4_k_m,16384,8192,False,"{""temperature"": ""1"", ""top_k"": ""64"", ""top_p"": ""0.95""}","The question of whether Marco Polo actually reached China remains a subject of historical debate, though most modern scholars believe he did. While skeptics previously argued that his descriptions of East Asian customs seemed too accurate to be imagined, modern research suggests he likely traveled along the Silk Road under the protection of the Mongol Empire. His detailed accounts of the Yuan Dynasty, the use of paper money, and the complexity of the postal system align with historical records from that era. Furthermore, while some of his claims are exaggerated, his observations regarding the scale of Chinese cities and maritime trade routes were remarkably consistent with contemporary records. While no physical ""proof"" like a passport exists, the consistency of his geographical knowledge makes it highly probable that he reached the court of Kublai Khan.","The question of whether Marco Polo actually reached China remains a subject of historical debate, though most modern scholars believe he did. While skeptics previously argued that his descriptions of East Asian customs seemed too accurate to be imagined, modern research suggests he likely traveled along the Silk Road under the protection of the Mongol Empire. His detailed accounts of the Yuan Dynasty, the use of paper money, and the complexity of the postal system align with historical records from that era. Furthermore, while some of his claims are exaggerated, his observations regarding the scale of Chinese cities and maritime trade routes were remarkably consistent with contemporary records. While no physical ""proof"" like a passport exists, the consistency of his geographical knowledge makes it highly probable that he reached the court of Kublai Khan.","The question of whether Marco Polo actually reached China remains a subject of historical debate, though most modern scholars believe he did. While skeptics previously argued that his descriptions of East Asian customs seemed too accurate to be imagined, modern research suggests he likely traveled along the Silk Road under the protection of the Mongol Empire. His detailed accounts of the Yuan Dynasty, the use of paper money, and the complexity of the postal system align with historical records from that era. Furthermore, while some of his claims are exaggerated, his observations regarding the scale of Chinese cities and maritime trade routes were remarkably consistent with contemporary records. While no physical ""proof"" like a passport exists, the consistency of his geographical knowledge makes it highly probable that he reached the court of Kublai Khan.",the question of whether marco polo actually reached china remains a subject of historical debate though most modern scholars believe he did while skeptics previously argued that his descriptions of east asian customs seemed too accurate to be imagined modern research suggests he likely traveled along the silk road under the protection of the mongol empire his detailed accounts of the yuan dynasty the use of paper money and the complexity of the postal system align with historical records from that era furthermore while some of his claims are exaggerated his observations regarding the scale of chinese cities and maritime trade routes were remarkably consistent with contemporary records while no physical proof like a passport exists the consistency of his geographical knowledge makes it highly probable that he reached the court of kublai khan
explanatory_0299__gemma-4-12b,explanatory_0299,explanatory,how does science explain the seemingly mindful and certainly well coordinated actions performed by tiny molecular structures in living cells?,"Science explains these coordinated actions through the principles of biochemistry, thermodynamics, and non-equilibrium systems. While individual molecules do not possess consciousness, they are governed by chemical gradients, electrostatic forces, and specific geometric affinities. Molecular ""behavior"" is actually the result of billions of repetitive interactions governed by physical laws.

Coordination arises from high specificity: proteins and enzymes have precise three-dimensional shapes that only fit with specific ligands, much like a key fits a lock. Furthermore, cellular processes are driven by energy gradients, such as ATP hydrolysis, which provides the fuel for directional movement and reactions. These systems function as complex biological machines where ""purpose"" is an emergent property of chemical kinetics. Evolution has refined these pathways over billions of years, ensuring that random molecular movements culminate in highly organized, functional life processes.","Science explains these coordinated actions through the principles of biochemistry, thermodynamics, and non-equilibrium systems. While individual molecules do not possess consciousness, they are governed by chemical gradients, electrostatic forces, and specific geometric affinities. Molecular ""behavior"" is actually the result of billions of repetitive interactions governed by physical laws.

Coordination arises from high specificity: proteins and enzymes have precise three-dimensional shapes that only fit with specific ligands, much like a key fits a lock. Furthermore, cellular processes are driven by energy gradients, such as ATP hydrolysis, which provides the fuel for directional movement and reactions. These systems function as complex biological machines where ""purpose"" is an emergent property of chemical kinetics. Evolution has refined these pathways over billions of years, ensuring that random molecular movements culminate in highly organized, functional life processes.",gemma-4-12b,google,False,131,989,test,gemma-4-12b-q4_k_m,final-2026-09-20,You are answering questions the way a knowledgeable person would in an online discussion. Write in plain prose. Do not restate the question or add a preamble. Begin with the answer itself.,100,140,8192,none,,end_turn,ollama-local-gemma-4-12b,2026-09-28 06:31:39.392425+00:00,11.9,gemma4:12b,q4_k_m,16384,8192,False,"{""temperature"": ""1"", ""top_k"": ""64"", ""top_p"": ""0.95""}","Science explains these coordinated actions through the principles of biochemistry, thermodynamics, and non-equilibrium systems. While individual molecules do not possess consciousness, they are governed by chemical gradients, electrostatic forces, and specific geometric affinities. Molecular ""behavior"" is actually the result of billions of repetitive interactions governed by physical laws.

Coordination arises from high specificity: proteins and enzymes have precise three-dimensional shapes that only fit with specific ligands, much like a key fits a lock. Furthermore, cellular processes are driven by energy gradients, such as ATP hydrolysis, which provides the fuel for directional movement and reactions. These systems function as complex biological machines where ""purpose"" is an emergent property of chemical kinetics. Evolution has refined these pathways over billions of years, ensuring that random molecular movements culminate in highly organized, functional life processes.","Science explains these coordinated actions through the principles of biochemistry, thermodynamics, and non-equilibrium systems. While individual molecules do not possess consciousness, they are governed by chemical gradients, electrostatic forces, and specific geometric affinities. Molecular ""behavior"" is actually the result of billions of repetitive interactions governed by physical laws. Coordination arises from high specificity: proteins and enzymes have precise three-dimensional shapes that only fit with specific ligands, much like a key fits a lock. Furthermore, cellular processes are driven by energy gradients, such as ATP hydrolysis, which provides the fuel for directional movement and reactions. These systems function as complex biological machines where ""purpose"" is an emergent property of chemical kinetics. Evolution has refined these pathways over billions of years, ensuring that random molecular movements culminate in highly organized, functional life processes.","Science explains these coordinated actions through the principles of biochemistry, thermodynamics, and non-equilibrium systems. While individual molecules do not possess consciousness, they are governed by chemical gradients, electrostatic forces, and specific geometric affinities. Molecular ""behavior"" is actually the result of billions of repetitive interactions governed by physical laws. Coordination arises from high specificity: proteins and enzymes have precise three-dimensional shapes that only fit with specific ligands, much like a key fits a lock. Furthermore, cellular processes are driven by energy gradients, such as ATP hydrolysis, which provides the fuel for directional movement and reactions. These systems function as complex biological machines where ""purpose"" is an emergent property of chemical kinetics. Evolution has refined these pathways over billions of years, ensuring that random molecular movements culminate in highly organized, functional life processes.",science explains these coordinated actions through the principles of biochemistry thermodynamics and non equilibrium systems while individual molecules do not possess consciousness they are governed by chemical gradients electrostatic forces and specific geometric affinities molecular behavior is actually the result of billions of repetitive interactions governed by physical laws coordination arises from high specificity proteins and enzymes have precise three dimensional shapes that only fit with specific ligands much like a key fits a lock furthermore cellular processes are driven by energy gradients such as atp hydrolysis which provides the fuel for directional movement and reactions these systems function as complex biological machines where purpose is an emergent property of chemical kinetics evolution has refined these pathways over billions of years ensuring that random molecular movements culminate in highly organized functional life processes
explanatory_0328__gemma-4-12b,explanatory_0328,explanatory,"How was Newton's gravity equation derived if we didn't know the specific quantities involved? How could you check your math with the evidence to verify it's correct? (Such as the masses of planetary objects or the distance between them?) Said another way, how did we compute the masses of planets?","Newton derived his law of universal gravitation by identifying a mathematical relationship between force, mass, and distance that remained consistent across different observations. He didn't need to know the exact mass of the Earth or the Sun to derive the formula; he only needed to identify that the force was proportional to the product of the masses and inversely proportional to the square of the distance. This created a general ""law"" where the constants were unknown but the proportions were fixed.

Once the equation was established, we could calculate specific values like planetary masses by plugging in known variables. For instance, since we could measure the distance between planets and their orbital periods, we could isolate the ""G"" constant. Once $G$ was known, the mass of any object could be calculated using the formula.","Newton derived his law of universal gravitation by identifying a mathematical relationship between force, mass, and distance that remained consistent across different observations. He didn't need to know the exact mass of the Earth or the Sun to derive the formula; he only needed to identify that the force was proportional to the product of the masses and inversely proportional to the square of the distance. This created a general ""law"" where the constants were unknown but the proportions were fixed.

Once the equation was established, we could calculate specific values like planetary masses by plugging in known variables. For instance, since we could measure the distance between planets and their orbital periods, we could isolate the ""G"" constant. Once G was known, the mass of any object could be calculated using the formula.",gemma-4-12b,google,False,134,840,test,gemma-4-12b-q4_k_m,final-2026-09-20,You are answering questions the way a knowledgeable person would in an online discussion. Write in plain prose. Do not restate the question or add a preamble. Begin with the answer itself.,100,140,8192,none,,end_turn,ollama-local-gemma-4-12b,2026-09-28 06:31:42.175389+00:00,11.9,gemma4:12b,q4_k_m,16384,8192,False,"{""temperature"": ""1"", ""top_k"": ""64"", ""top_p"": ""0.95""}","Newton derived his law of universal gravitation by identifying a mathematical relationship between force, mass, and distance that remained consistent across different observations. He didn't need to know the exact mass of the Earth or the Sun to derive the formula; he only needed to identify that the force was proportional to the product of the masses and inversely proportional to the square of the distance. This created a general ""law"" where the constants were unknown but the proportions were fixed.

Once the equation was established, we could calculate specific values like planetary masses by plugging in known variables. For instance, since we could measure the distance between planets and their orbital periods, we could isolate the ""G"" constant. Once G was known, the mass of any object could be calculated using the formula.","Newton derived his law of universal gravitation by identifying a mathematical relationship between force, mass, and distance that remained consistent across different observations. He didn't need to know the exact mass of the Earth or the Sun to derive the formula; he only needed to identify that the force was proportional to the product of the masses and inversely proportional to the square of the distance. This created a general ""law"" where the constants were unknown but the proportions were fixed. Once the equation was established, we could calculate specific values like planetary masses by plugging in known variables. For instance, since we could measure the distance between planets and their orbital periods, we could isolate the ""G"" constant. Once G was known, the mass of any object could be calculated using the formula.","Newton derived his law of universal gravitation by identifying a mathematical relationship between force, mass, and distance that remained consistent across different observations. He didn't need to know the exact mass of the Earth or the Sun to derive the formula; he only needed to identify that the force was proportional to the product of the masses and inversely proportional to the square of the distance. This created a general ""law"" where the constants were unknown but the proportions were fixed. Once the equation was established, we could calculate specific values like planetary masses by plugging in known variables. For instance, since we could measure the distance between planets and their orbital periods, we could isolate the ""G"" constant. Once G was known, the mass of any object could be calculated using the formula.",newton derived his law of universal gravitation by identifying a mathematical relationship between force mass and distance that remained consistent across different observations he didn't need to know the exact mass of the earth or the sun to derive the formula he only needed to identify that the force was proportional to the product of the masses and inversely proportional to the square of the distance this created a general law where the constants were unknown but the proportions were fixed once the equation was established we could calculate specific values like planetary masses by plugging in known variables for instance since we could measure the distance between planets and their orbital periods we could isolate the g constant once g was known the mass of any object could be calculated using the formula
explanatory_0329__gemma-4-12b,explanatory_0329,explanatory,How does the ink of the inkjet printer fall at the right spot on the paper?,"The precision of inkjet printing relies on high-speed engineering to move microscopic droplets of ink onto the paper. Most modern printers use one of two technologies: thermal or piezoelectric. In thermal systems, a tiny resistor heats the ink until it vaporizes into a bubble, which physically pushes the droplet out of the nozzle. In piezoelectric systems, an electric charge is applied to a crystal, causing it to vibrate or deform and squeeze the ink out like a pump. Both methods rely on a precise array of microscopic nozzles. These nozzles are controlled by a computer that calculates the exact timing and volume for every drop. Because the print head moves across the page at incredibly high speeds, the synchronization between the physical movement and the firing of the nozzles ensures the ink lands in the correct location.","The precision of inkjet printing relies on high-speed engineering to move microscopic droplets of ink onto the paper. Most modern printers use one of two technologies: thermal or piezoelectric. In thermal systems, a tiny resistor heats the ink until it vaporizes into a bubble, which physically pushes the droplet out of the nozzle. In piezoelectric systems, an electric charge is applied to a crystal, causing it to vibrate or deform and squeeze the ink out like a pump. Both methods rely on a precise array of microscopic nozzles. These nozzles are controlled by a computer that calculates the exact timing and volume for every drop. Because the print head moves across the page at incredibly high speeds, the synchronization between the physical movement and the firing of the nozzles ensures the ink lands in the correct location.",gemma-4-12b,google,False,137,834,test,gemma-4-12b-q4_k_m,final-2026-09-20,You are answering questions the way a knowledgeable person would in an online discussion. Write in plain prose. Do not restate the question or add a preamble. Begin with the answer itself.,100,140,8192,none,,end_turn,ollama-local-gemma-4-12b,2026-09-28 06:31:44.921864+00:00,11.9,gemma4:12b,q4_k_m,16384,8192,False,"{""temperature"": ""1"", ""top_k"": ""64"", ""top_p"": ""0.95""}","The precision of inkjet printing relies on high-speed engineering to move microscopic droplets of ink onto the paper. Most modern printers use one of two technologies: thermal or piezoelectric. In thermal systems, a tiny resistor heats the ink until it vaporizes into a bubble, which physically pushes the droplet out of the nozzle. In piezoelectric systems, an electric charge is applied to a crystal, causing it to vibrate or deform and squeeze the ink out like a pump. Both methods rely on a precise array of microscopic nozzles. These nozzles are controlled by a computer that calculates the exact timing and volume for every drop. Because the print head moves across the page at incredibly high speeds, the synchronization between the physical movement and the firing of the nozzles ensures the ink lands in the correct location.","The precision of inkjet printing relies on high-speed engineering to move microscopic droplets of ink onto the paper. Most modern printers use one of two technologies: thermal or piezoelectric. In thermal systems, a tiny resistor heats the ink until it vaporizes into a bubble, which physically pushes the droplet out of the nozzle. In piezoelectric systems, an electric charge is applied to a crystal, causing it to vibrate or deform and squeeze the ink out like a pump. Both methods rely on a precise array of microscopic nozzles. These nozzles are controlled by a computer that calculates the exact timing and volume for every drop. Because the print head moves across the page at incredibly high speeds, the synchronization between the physical movement and the firing of the nozzles ensures the ink lands in the correct location.","The precision of inkjet printing relies on high-speed engineering to move microscopic droplets of ink onto the paper. Most modern printers use one of two technologies: thermal or piezoelectric. In thermal systems, a tiny resistor heats the ink until it vaporizes into a bubble, which physically pushes the droplet out of the nozzle. In piezoelectric systems, an electric charge is applied to a crystal, causing it to vibrate or deform and squeeze the ink out like a pump. Both methods rely on a precise array of microscopic nozzles. These nozzles are controlled by a computer that calculates the exact timing and volume for every drop. Because the print head moves across the page at incredibly high speeds, the synchronization between the physical movement and the firing of the nozzles ensures the ink lands in the correct location.",the precision of inkjet printing relies on high speed engineering to move microscopic droplets of ink onto the paper most modern printers use one of two technologies thermal or piezoelectric in thermal systems a tiny resistor heats the ink until it vaporizes into a bubble which physically pushes the droplet out of the nozzle in piezoelectric systems an electric charge is applied to a crystal causing it to vibrate or deform and squeeze the ink out like a pump both methods rely on a precise array of microscopic nozzles these nozzles are controlled by a computer that calculates the exact timing and volume for every drop because the print head moves across the page at incredibly high speeds the synchronization between the physical movement and the firing of the nozzles ensures the ink lands in the correct location
explanatory_0348__gemma-4-12b,explanatory_0348,explanatory,Why inverse square laws?,"The inverse square law exists because of the geometric spreading of energy or influence as it radiates from a point source into three-dimensional space. Imagine a point source emitting energy equally in all directions, such as a light bulb or a radio transmitter. As the waves travel outward, they form expanding concentric spheres. The surface area of a sphere is calculated by the formula $4\pi r^2$. Because the total amount of energy remains constant, the intensity must be distributed over this increasing surface area. Consequently, if you double the distance ($2r$), the area increases by a factor of four ($2^2$), meaning the intensity drops to one-fourth of its original strength. This mathematical relationship applies to light, gravity, and electromagnetism because they propagate through three dimensions, causing the intensity to decrease proportionally to the square of the distance.","The inverse square law exists because of the geometric spreading of energy or influence as it radiates from a point source into three-dimensional space. Imagine a point source emitting energy equally in all directions, such as a light bulb or a radio transmitter. As the waves travel outward, they form expanding concentric spheres. The surface area of a sphere is calculated by the formula 4π r^2. Because the total amount of energy remains constant, the intensity must be distributed over this increasing surface area. Consequently, if you double the distance ($2r$), the area increases by a factor of four (2^2), meaning the intensity drops to one-fourth of its original strength. This mathematical relationship applies to light, gravity, and electromagnetism because they propagate through three dimensions, causing the intensity to decrease proportionally to the square of the distance.",gemma-4-12b,google,False,137,897,test,gemma-4-12b-q4_k_m,final-2026-09-20,You are answering questions the way a knowledgeable person would in an online discussion. Write in plain prose. Do not restate the question or add a preamble. Begin with the answer itself.,100,140,8192,none,,end_turn,ollama-local-gemma-4-12b,2026-09-28 06:31:47.933399+00:00,11.9,gemma4:12b,q4_k_m,16384,8192,False,"{""temperature"": ""1"", ""top_k"": ""64"", ""top_p"": ""0.95""}","The inverse square law exists because of the geometric spreading of energy or influence as it radiates from a point source into three-dimensional space. Imagine a point source emitting energy equally in all directions, such as a light bulb or a radio transmitter. As the waves travel outward, they form expanding concentric spheres. The surface area of a sphere is calculated by the formula 4π r^2. Because the total amount of energy remains constant, the intensity must be distributed over this increasing surface area. Consequently, if you double the distance ($2r$), the area increases by a factor of four (2^2), meaning the intensity drops to one-fourth of its original strength. This mathematical relationship applies to light, gravity, and electromagnetism because they propagate through three dimensions, causing the intensity to decrease proportionally to the square of the distance.","The inverse square law exists because of the geometric spreading of energy or influence as it radiates from a point source into three-dimensional space. Imagine a point source emitting energy equally in all directions, such as a light bulb or a radio transmitter. As the waves travel outward, they form expanding concentric spheres. The surface area of a sphere is calculated by the formula 4π r^2. Because the total amount of energy remains constant, the intensity must be distributed over this increasing surface area. Consequently, if you double the distance ($2r$), the area increases by a factor of four (2^2), meaning the intensity drops to one-fourth of its original strength. This mathematical relationship applies to light, gravity, and electromagnetism because they propagate through three dimensions, causing the intensity to decrease proportionally to the square of the distance.","The inverse square law exists because of the geometric spreading of energy or influence as it radiates from a point source into three-dimensional space. Imagine a point source emitting energy equally in all directions, such as a light bulb or a radio transmitter. As the waves travel outward, they form expanding concentric spheres. The surface area of a sphere is calculated by the formula 4π r^2. Because the total amount of energy remains constant, the intensity must be distributed over this increasing surface area. Consequently, if you double the distance ($2r$), the area increases by a factor of four (2^2), meaning the intensity drops to one-fourth of its original strength. This mathematical relationship applies to light, gravity, and electromagnetism because they propagate through three dimensions, causing the intensity to decrease proportionally to the square of the distance.",the inverse square law exists because of the geometric spreading of energy or influence as it radiates from a point source into three dimensional space imagine a point source emitting energy equally in all directions such as a light bulb or a radio transmitter as the waves travel outward they form expanding concentric spheres the surface area of a sphere is calculated by the formula 4π r 2 because the total amount of energy remains constant the intensity must be distributed over this increasing surface area consequently if you double the distance 2r the area increases by a factor of four 2 2 meaning the intensity drops to one fourth of its original strength this mathematical relationship applies to light gravity and electromagnetism because they propagate through three dimensions causing the intensity to decrease proportionally to the square of the distance
explanatory_0352__gemma-4-12b,explanatory_0352,explanatory,"Since everything in the universe is experiences some amount of gravity from other celestial bodies always, does that mean the universe as a whole is experiencing time slower than ""real"" time time actually passes?","In the framework of general relativity, gravity does indeed cause time dilation; time passes more slowly in areas of higher gravitational potential. However, ""real"" time is not an absolute background; there is no objective, universal clock against which we can measure this difference. Because gravity is a curvature of spacetime itself, every point in the universe experiences its own local flow of time relative to its immediate surroundings.

Because ""time"" is always relative to the observer's frame of reference, the universe as a whole cannot be ""slower"" than an external standard, because no such standard exists outside of the universe's own spacetime. While a clock on Earth ticks slower than a clock in deep space, both are correctly following the local laws of physics. Time isn't ""slowing down"" overall; it is simply varying locally.","In the framework of general relativity, gravity does indeed cause time dilation; time passes more slowly in areas of higher gravitational potential. However, ""real"" time is not an absolute background; there is no objective, universal clock against which we can measure this difference. Because gravity is a curvature of spacetime itself, every point in the universe experiences its own local flow of time relative to its immediate surroundings.

Because ""time"" is always relative to the observer's frame of reference, the universe as a whole cannot be ""slower"" than an external standard, because no such standard exists outside of the universe's own spacetime. While a clock on Earth ticks slower than a clock in deep space, both are correctly following the local laws of physics. Time isn't ""slowing down"" overall; it is simply varying locally.",gemma-4-12b,google,False,134,845,test,gemma-4-12b-q4_k_m,final-2026-09-20,You are answering questions the way a knowledgeable person would in an online discussion. Write in plain prose. Do not restate the question or add a preamble. Begin with the answer itself.,100,140,8192,none,,end_turn,ollama-local-gemma-4-12b,2026-09-28 06:31:50.958558+00:00,11.9,gemma4:12b,q4_k_m,16384,8192,False,"{""temperature"": ""1"", ""top_k"": ""64"", ""top_p"": ""0.95""}","In the framework of general relativity, gravity does indeed cause time dilation; time passes more slowly in areas of higher gravitational potential. However, ""real"" time is not an absolute background; there is no objective, universal clock against which we can measure this difference. Because gravity is a curvature of spacetime itself, every point in the universe experiences its own local flow of time relative to its immediate surroundings.

Because ""time"" is always relative to the observer's frame of reference, the universe as a whole cannot be ""slower"" than an external standard, because no such standard exists outside of the universe's own spacetime. While a clock on Earth ticks slower than a clock in deep space, both are correctly following the local laws of physics. Time isn't ""slowing down"" overall; it is simply varying locally.","In the framework of general relativity, gravity does indeed cause time dilation; time passes more slowly in areas of higher gravitational potential. However, ""real"" time is not an absolute background; there is no objective, universal clock against which we can measure this difference. Because gravity is a curvature of spacetime itself, every point in the universe experiences its own local flow of time relative to its immediate surroundings. Because ""time"" is always relative to the observer's frame of reference, the universe as a whole cannot be ""slower"" than an external standard, because no such standard exists outside of the universe's own spacetime. While a clock on Earth ticks slower than a clock in deep space, both are correctly following the local laws of physics. Time isn't ""slowing down"" overall; it is simply varying locally.","In the framework of general relativity, gravity does indeed cause time dilation; time passes more slowly in areas of higher gravitational potential. However, ""real"" time is not an absolute background; there is no objective, universal clock against which we can measure this difference. Because gravity is a curvature of spacetime itself, every point in the universe experiences its own local flow of time relative to its immediate surroundings. Because ""time"" is always relative to the observer's frame of reference, the universe as a whole cannot be ""slower"" than an external standard, because no such standard exists outside of the universe's own spacetime. While a clock on Earth ticks slower than a clock in deep space, both are correctly following the local laws of physics. Time isn't ""slowing down"" overall; it is simply varying locally.",in the framework of general relativity gravity does indeed cause time dilation time passes more slowly in areas of higher gravitational potential however real time is not an absolute background there is no objective universal clock against which we can measure this difference because gravity is a curvature of spacetime itself every point in the universe experiences its own local flow of time relative to its immediate surroundings because time is always relative to the observer's frame of reference the universe as a whole cannot be slower than an external standard because no such standard exists outside of the universe's own spacetime while a clock on earth ticks slower than a clock in deep space both are correctly following the local laws of physics time isn't slowing down overall it is simply varying locally
explanatory_0353__gemma-4-12b,explanatory_0353,explanatory,"Would it be possible to change somebody's blood type by draining their body completely of blood, and then replacing it with a different blood type?","Technically, the procedure is biologically possible, but it would not change the person's actual blood type in a biological sense; it would only change the composition of the blood currently circulating in their veins. A person's blood type is determined by specific antigens, such as A, B, and Rh, located on the surface of their red blood cells. Replacing their blood with a different type simply replaces the old cells with new ones carrying different markers. However, the person's genetic blueprint remains unchanged. If they were to receive a transfusion of Type B blood, they would have Type B blood in their system, but if they were then given a transfusion of their original Type A blood, they would revert to Type A. It is a physical substitution, not a genetic transformation.","Technically, the procedure is biologically possible, but it would not change the person's actual blood type in a biological sense; it would only change the composition of the blood currently circulating in their veins. A person's blood type is determined by specific antigens, such as A, B, and Rh, located on the surface of their red blood cells. Replacing their blood with a different type simply replaces the old cells with new ones carrying different markers. However, the person's genetic blueprint remains unchanged. If they were to receive a transfusion of Type B blood, they would have Type B blood in their system, but if they were then given a transfusion of their original Type A blood, they would revert to Type A. It is a physical substitution, not a genetic transformation.",gemma-4-12b,google,False,132,787,test,gemma-4-12b-q4_k_m,final-2026-09-20,You are answering questions the way a knowledgeable person would in an online discussion. Write in plain prose. Do not restate the question or add a preamble. Begin with the answer itself.,100,140,8192,none,,end_turn,ollama-local-gemma-4-12b,2026-09-28 06:31:53.792163+00:00,11.9,gemma4:12b,q4_k_m,16384,8192,False,"{""temperature"": ""1"", ""top_k"": ""64"", ""top_p"": ""0.95""}","Technically, the procedure is biologically possible, but it would not change the person's actual blood type in a biological sense; it would only change the composition of the blood currently circulating in their veins. A person's blood type is determined by specific antigens, such as A, B, and Rh, located on the surface of their red blood cells. Replacing their blood with a different type simply replaces the old cells with new ones carrying different markers. However, the person's genetic blueprint remains unchanged. If they were to receive a transfusion of Type B blood, they would have Type B blood in their system, but if they were then given a transfusion of their original Type A blood, they would revert to Type A. It is a physical substitution, not a genetic transformation.","Technically, the procedure is biologically possible, but it would not change the person's actual blood type in a biological sense; it would only change the composition of the blood currently circulating in their veins. A person's blood type is determined by specific antigens, such as A, B, and Rh, located on the surface of their red blood cells. Replacing their blood with a different type simply replaces the old cells with new ones carrying different markers. However, the person's genetic blueprint remains unchanged. If they were to receive a transfusion of Type B blood, they would have Type B blood in their system, but if they were then given a transfusion of their original Type A blood, they would revert to Type A. It is a physical substitution, not a genetic transformation.","Technically, the procedure is biologically possible, but it would not change the person's actual blood type in a biological sense; it would only change the composition of the blood currently circulating in their veins. A person's blood type is determined by specific antigens, such as A, B, and Rh, located on the surface of their red blood cells. Replacing their blood with a different type simply replaces the old cells with new ones carrying different markers. However, the person's genetic blueprint remains unchanged. If they were to receive a transfusion of Type B blood, they would have Type B blood in their system, but if they were then given a transfusion of their original Type A blood, they would revert to Type A. It is a physical substitution, not a genetic transformation.",technically the procedure is biologically possible but it would not change the person's actual blood type in a biological sense it would only change the composition of the blood currently circulating in their veins a person's blood type is determined by specific antigens such as a b and rh located on the surface of their red blood cells replacing their blood with a different type simply replaces the old cells with new ones carrying different markers however the person's genetic blueprint remains unchanged if they were to receive a transfusion of type b blood they would have type b blood in their system but if they were then given a transfusion of their original type a blood they would revert to type a it is a physical substitution not a genetic transformation
explanatory_0355__gemma-4-12b,explanatory_0355,explanatory,What is soil and dirt comprised of?,"Soil and dirt are complex mixtures of organic and inorganic components that form the foundational medium for terrestrial life. Primarily, soil is composed of mineral particles—sand, silt, and clay—which vary in size and affect drainage and aeration. These minerals originate from the weathering of rocks and minerals over geological timescales. Intermixed with these minerals is organic matter, known as humus, which consists of decomposed plant and animal remains, microorganisms, and nutrients like nitrogen and phosphorus. Additionally, soil contains a significant amount of water and air within its pore spaces, both of which are vital for root respiration and microbial activity. While ""dirt"" is a general term often implying surface debris or unwanted soil particles, both substances are ultimately comprised of these geological, biological, and chemical constituents.","Soil and dirt are complex mixtures of organic and inorganic components that form the foundational medium for terrestrial life. Primarily, soil is composed of mineral particles—sand, silt, and clay—which vary in size and affect drainage and aeration. These minerals originate from the weathering of rocks and minerals over geological timescales. Intermixed with these minerals is organic matter, known as humus, which consists of decomposed plant and animal remains, microorganisms, and nutrients like nitrogen and phosphorus. Additionally, soil contains a significant amount of water and air within its pore spaces, both of which are vital for root respiration and microbial activity. While ""dirt"" is a general term often implying surface debris or unwanted soil particles, both substances are ultimately comprised of these geological, biological, and chemical constituents.",gemma-4-12b,google,False,126,874,test,gemma-4-12b-q4_k_m,final-2026-09-20,You are answering questions the way a knowledgeable person would in an online discussion. Write in plain prose. Do not restate the question or add a preamble. Begin with the answer itself.,100,140,8192,none,,end_turn,ollama-local-gemma-4-12b,2026-09-28 06:31:56.485848+00:00,11.9,gemma4:12b,q4_k_m,16384,8192,False,"{""temperature"": ""1"", ""top_k"": ""64"", ""top_p"": ""0.95""}","Soil and dirt are complex mixtures of organic and inorganic components that form the foundational medium for terrestrial life. Primarily, soil is composed of mineral particles - sand, silt, and clay - which vary in size and affect drainage and aeration. These minerals originate from the weathering of rocks and minerals over geological timescales. Intermixed with these minerals is organic matter, known as humus, which consists of decomposed plant and animal remains, microorganisms, and nutrients like nitrogen and phosphorus. Additionally, soil contains a significant amount of water and air within its pore spaces, both of which are vital for root respiration and microbial activity. While ""dirt"" is a general term often implying surface debris or unwanted soil particles, both substances are ultimately comprised of these geological, biological, and chemical constituents.","Soil and dirt are complex mixtures of organic and inorganic components that form the foundational medium for terrestrial life. Primarily, soil is composed of mineral particles—sand, silt, and clay—which vary in size and affect drainage and aeration. These minerals originate from the weathering of rocks and minerals over geological timescales. Intermixed with these minerals is organic matter, known as humus, which consists of decomposed plant and animal remains, microorganisms, and nutrients like nitrogen and phosphorus. Additionally, soil contains a significant amount of water and air within its pore spaces, both of which are vital for root respiration and microbial activity. While ""dirt"" is a general term often implying surface debris or unwanted soil particles, both substances are ultimately comprised of these geological, biological, and chemical constituents.","Soil and dirt are complex mixtures of organic and inorganic components that form the foundational medium for terrestrial life. Primarily, soil is composed of mineral particles - sand, silt, and clay - which vary in size and affect drainage and aeration. These minerals originate from the weathering of rocks and minerals over geological timescales. Intermixed with these minerals is organic matter, known as humus, which consists of decomposed plant and animal remains, microorganisms, and nutrients like nitrogen and phosphorus. Additionally, soil contains a significant amount of water and air within its pore spaces, both of which are vital for root respiration and microbial activity. While ""dirt"" is a general term often implying surface debris or unwanted soil particles, both substances are ultimately comprised of these geological, biological, and chemical constituents.",soil and dirt are complex mixtures of organic and inorganic components that form the foundational medium for terrestrial life primarily soil is composed of mineral particles sand silt and clay which vary in size and affect drainage and aeration these minerals originate from the weathering of rocks and minerals over geological timescales intermixed with these minerals is organic matter known as humus which consists of decomposed plant and animal remains microorganisms and nutrients like nitrogen and phosphorus additionally soil contains a significant amount of water and air within its pore spaces both of which are vital for root respiration and microbial activity while dirt is a general term often implying surface debris or unwanted soil particles both substances are ultimately comprised of these geological biological and chemical constituents
explanatory_0357__gemma-4-12b,explanatory_0357,explanatory,Why does rice suck the moisture out of things?,"Rice acts as a natural desiccant because it is highly porous and contains a significant amount of microscopic air pockets within its grain structure. These spaces allow the rice to absorb and hold water molecules from its surroundings. Chemically, rice is composed primarily of starch, which is a hydrophilic substance, meaning it has a natural affinity for water. When placed in a container with a damp object, like wet keys or a soggy phone, the moisture moves from the wet object into the rice to fill those tiny internal spaces. While it is a common household remedy for drying out items, it is important to note that while it absorbs surface moisture effectively, it cannot pull moisture out from deep inside electronic components or internal materials.","Rice acts as a natural desiccant because it is highly porous and contains a significant amount of microscopic air pockets within its grain structure. These spaces allow the rice to absorb and hold water molecules from its surroundings. Chemically, rice is composed primarily of starch, which is a hydrophilic substance, meaning it has a natural affinity for water. When placed in a container with a damp object, like wet keys or a soggy phone, the moisture moves from the wet object into the rice to fill those tiny internal spaces. While it is a common household remedy for drying out items, it is important to note that while it absorbs surface moisture effectively, it cannot pull moisture out from deep inside electronic components or internal materials.",gemma-4-12b,google,False,126,758,test,gemma-4-12b-q4_k_m,final-2026-09-20,You are answering questions the way a knowledgeable person would in an online discussion. Write in plain prose. Do not restate the question or add a preamble. Begin with the answer itself.,100,140,8192,none,,end_turn,ollama-local-gemma-4-12b,2026-09-28 06:31:59.003908+00:00,11.9,gemma4:12b,q4_k_m,16384,8192,False,"{""temperature"": ""1"", ""top_k"": ""64"", ""top_p"": ""0.95""}","Rice acts as a natural desiccant because it is highly porous and contains a significant amount of microscopic air pockets within its grain structure. These spaces allow the rice to absorb and hold water molecules from its surroundings. Chemically, rice is composed primarily of starch, which is a hydrophilic substance, meaning it has a natural affinity for water. When placed in a container with a damp object, like wet keys or a soggy phone, the moisture moves from the wet object into the rice to fill those tiny internal spaces. While it is a common household remedy for drying out items, it is important to note that while it absorbs surface moisture effectively, it cannot pull moisture out from deep inside electronic components or internal materials.","Rice acts as a natural desiccant because it is highly porous and contains a significant amount of microscopic air pockets within its grain structure. These spaces allow the rice to absorb and hold water molecules from its surroundings. Chemically, rice is composed primarily of starch, which is a hydrophilic substance, meaning it has a natural affinity for water. When placed in a container with a damp object, like wet keys or a soggy phone, the moisture moves from the wet object into the rice to fill those tiny internal spaces. While it is a common household remedy for drying out items, it is important to note that while it absorbs surface moisture effectively, it cannot pull moisture out from deep inside electronic components or internal materials.","Rice acts as a natural desiccant because it is highly porous and contains a significant amount of microscopic air pockets within its grain structure. These spaces allow the rice to absorb and hold water molecules from its surroundings. Chemically, rice is composed primarily of starch, which is a hydrophilic substance, meaning it has a natural affinity for water. When placed in a container with a damp object, like wet keys or a soggy phone, the moisture moves from the wet object into the rice to fill those tiny internal spaces. While it is a common household remedy for drying out items, it is important to note that while it absorbs surface moisture effectively, it cannot pull moisture out from deep inside electronic components or internal materials.",rice acts as a natural desiccant because it is highly porous and contains a significant amount of microscopic air pockets within its grain structure these spaces allow the rice to absorb and hold water molecules from its surroundings chemically rice is composed primarily of starch which is a hydrophilic substance meaning it has a natural affinity for water when placed in a container with a damp object like wet keys or a soggy phone the moisture moves from the wet object into the rice to fill those tiny internal spaces while it is a common household remedy for drying out items it is important to note that while it absorbs surface moisture effectively it cannot pull moisture out from deep inside electronic components or internal materials
explanatory_0358__gemma-4-12b,explanatory_0358,explanatory,How does the emergence of intelligent life and organic matter fit with laws of entropy when they appear to be contradictory?,"The perceived contradiction between organic complexity and the Second Law of Thermodynamics arises from a misunderstanding of scale. The law of entropy states that the total entropy of an *isolated* system must increase over time; however, Earth is an open system. It receives a constant influx of low-entropy energy from the sun.

Life and intelligence function as localized pockets of order that are sustained by this external energy gradient. While the organism decreases its internal entropy to build complex structures, it exports a greater amount of entropy into the environment as waste heat and chemical byproducts. Therefore, the total entropy of the universe still increases. Evolution is not a violation of thermodynamics but a sophisticated mechanism for dissipating energy gradients. Complexity is essentially a highly efficient way for matter to export entropy.","The perceived contradiction between organic complexity and the Second Law of Thermodynamics arises from a misunderstanding of scale. The law of entropy states that the total entropy of an isolated system must increase over time; however, Earth is an open system. It receives a constant influx of low-entropy energy from the sun.

Life and intelligence function as localized pockets of order that are sustained by this external energy gradient. While the organism decreases its internal entropy to build complex structures, it exports a greater amount of entropy into the environment as waste heat and chemical byproducts. Therefore, the total entropy of the universe still increases. Evolution is not a violation of thermodynamics but a sophisticated mechanism for dissipating energy gradients. Complexity is essentially a highly efficient way for matter to export entropy.",gemma-4-12b,google,False,132,875,test,gemma-4-12b-q4_k_m,final-2026-09-20,You are answering questions the way a knowledgeable person would in an online discussion. Write in plain prose. Do not restate the question or add a preamble. Begin with the answer itself.,100,140,8192,none,,end_turn,ollama-local-gemma-4-12b,2026-09-28 06:32:01.713268+00:00,11.9,gemma4:12b,q4_k_m,16384,8192,False,"{""temperature"": ""1"", ""top_k"": ""64"", ""top_p"": ""0.95""}","The perceived contradiction between organic complexity and the Second Law of Thermodynamics arises from a misunderstanding of scale. The law of entropy states that the total entropy of an isolated system must increase over time; however, Earth is an open system. It receives a constant influx of low-entropy energy from the sun.

Life and intelligence function as localized pockets of order that are sustained by this external energy gradient. While the organism decreases its internal entropy to build complex structures, it exports a greater amount of entropy into the environment as waste heat and chemical byproducts. Therefore, the total entropy of the universe still increases. Evolution is not a violation of thermodynamics but a sophisticated mechanism for dissipating energy gradients. Complexity is essentially a highly efficient way for matter to export entropy.","The perceived contradiction between organic complexity and the Second Law of Thermodynamics arises from a misunderstanding of scale. The law of entropy states that the total entropy of an isolated system must increase over time; however, Earth is an open system. It receives a constant influx of low-entropy energy from the sun. Life and intelligence function as localized pockets of order that are sustained by this external energy gradient. While the organism decreases its internal entropy to build complex structures, it exports a greater amount of entropy into the environment as waste heat and chemical byproducts. Therefore, the total entropy of the universe still increases. Evolution is not a violation of thermodynamics but a sophisticated mechanism for dissipating energy gradients. Complexity is essentially a highly efficient way for matter to export entropy.","The perceived contradiction between organic complexity and the Second Law of Thermodynamics arises from a misunderstanding of scale. The law of entropy states that the total entropy of an isolated system must increase over time; however, Earth is an open system. It receives a constant influx of low-entropy energy from the sun. Life and intelligence function as localized pockets of order that are sustained by this external energy gradient. While the organism decreases its internal entropy to build complex structures, it exports a greater amount of entropy into the environment as waste heat and chemical byproducts. Therefore, the total entropy of the universe still increases. Evolution is not a violation of thermodynamics but a sophisticated mechanism for dissipating energy gradients. Complexity is essentially a highly efficient way for matter to export entropy.",the perceived contradiction between organic complexity and the second law of thermodynamics arises from a misunderstanding of scale the law of entropy states that the total entropy of an isolated system must increase over time however earth is an open system it receives a constant influx of low entropy energy from the sun life and intelligence function as localized pockets of order that are sustained by this external energy gradient while the organism decreases its internal entropy to build complex structures it exports a greater amount of entropy into the environment as waste heat and chemical byproducts therefore the total entropy of the universe still increases evolution is not a violation of thermodynamics but a sophisticated mechanism for dissipating energy gradients complexity is essentially a highly efficient way for matter to export entropy
explanatory_0370__gemma-4-12b,explanatory_0370,explanatory,"What is the purpose for calculating PI to such lengths? Isn't the current accuracy such that if you launched a missile at the other side of the universe, you would miss your target by a microscopic amount?","While the practical application of a trillion digits of pi is negligible for engineering, the primary motivation is the stress-testing of computational power and algorithm efficiency. Calculating pi to extreme lengths serves as a benchmark for hardware reliability; if a computer can maintain precision over trillions of operations without a single bit-flip or error, it validates the integrity of the system. Furthermore, these calculations push mathematicians to develop more efficient algorithms, which have secondary benefits in fields like cryptography and number theory. Additionally, some researchers look for patterns or hidden properties within the digits, though these are largely theoretical. In essence, while we don't need that level of precision to navigate the cosmos, the pursuit drives technological progress and verifies the capabilities of modern computing.","While the practical application of a trillion digits of pi is negligible for engineering, the primary motivation is the stress-testing of computational power and algorithm efficiency. Calculating pi to extreme lengths serves as a benchmark for hardware reliability; if a computer can maintain precision over trillions of operations without a single bit-flip or error, it validates the integrity of the system. Furthermore, these calculations push mathematicians to develop more efficient algorithms, which have secondary benefits in fields like cryptography and number theory. Additionally, some researchers look for patterns or hidden properties within the digits, though these are largely theoretical. In essence, while we don't need that level of precision to navigate the cosmos, the pursuit drives technological progress and verifies the capabilities of modern computing.",gemma-4-12b,google,False,125,876,test,gemma-4-12b-q4_k_m,final-2026-09-20,You are answering questions the way a knowledgeable person would in an online discussion. Write in plain prose. Do not restate the question or add a preamble. Begin with the answer itself.,100,140,8192,none,,end_turn,ollama-local-gemma-4-12b,2026-09-28 06:32:04.305054+00:00,11.9,gemma4:12b,q4_k_m,16384,8192,False,"{""temperature"": ""1"", ""top_k"": ""64"", ""top_p"": ""0.95""}","While the practical application of a trillion digits of pi is negligible for engineering, the primary motivation is the stress-testing of computational power and algorithm efficiency. Calculating pi to extreme lengths serves as a benchmark for hardware reliability; if a computer can maintain precision over trillions of operations without a single bit-flip or error, it validates the integrity of the system. Furthermore, these calculations push mathematicians to develop more efficient algorithms, which have secondary benefits in fields like cryptography and number theory. Additionally, some researchers look for patterns or hidden properties within the digits, though these are largely theoretical. In essence, while we don't need that level of precision to navigate the cosmos, the pursuit drives technological progress and verifies the capabilities of modern computing.","While the practical application of a trillion digits of pi is negligible for engineering, the primary motivation is the stress-testing of computational power and algorithm efficiency. Calculating pi to extreme lengths serves as a benchmark for hardware reliability; if a computer can maintain precision over trillions of operations without a single bit-flip or error, it validates the integrity of the system. Furthermore, these calculations push mathematicians to develop more efficient algorithms, which have secondary benefits in fields like cryptography and number theory. Additionally, some researchers look for patterns or hidden properties within the digits, though these are largely theoretical. In essence, while we don't need that level of precision to navigate the cosmos, the pursuit drives technological progress and verifies the capabilities of modern computing.","While the practical application of a trillion digits of pi is negligible for engineering, the primary motivation is the stress-testing of computational power and algorithm efficiency. Calculating pi to extreme lengths serves as a benchmark for hardware reliability; if a computer can maintain precision over trillions of operations without a single bit-flip or error, it validates the integrity of the system. Furthermore, these calculations push mathematicians to develop more efficient algorithms, which have secondary benefits in fields like cryptography and number theory. Additionally, some researchers look for patterns or hidden properties within the digits, though these are largely theoretical. In essence, while we don't need that level of precision to navigate the cosmos, the pursuit drives technological progress and verifies the capabilities of modern computing.",while the practical application of a trillion digits of pi is negligible for engineering the primary motivation is the stress testing of computational power and algorithm efficiency calculating pi to extreme lengths serves as a benchmark for hardware reliability if a computer can maintain precision over trillions of operations without a single bit flip or error it validates the integrity of the system furthermore these calculations push mathematicians to develop more efficient algorithms which have secondary benefits in fields like cryptography and number theory additionally some researchers look for patterns or hidden properties within the digits though these are largely theoretical in essence while we don't need that level of precision to navigate the cosmos the pursuit drives technological progress and verifies the capabilities of modern computing
explanatory_0374__gemma-4-12b,explanatory_0374,explanatory,Why do kangaroos lick my car?,"Kangaroos lick your car primarily due to a combination of curiosity and social behavior. In the wild, these marsupials are highly tactile and investigative creatures. When they encounter an unfamiliar object like a vehicle, they may use their tongues to explore the texture and surface, often seeking out salt or moisture that may have accumulated on the metal or glass. 

Additionally, some behaviorists suggest that kangaroos may use licking as a form of self-soothing or social bonding, and they might interpret your car as a stationary object in their environment that warrants investigation. Furthermore, the chemical components of wax, wax-based cleaners, or even traces of sweat and minerals left behind by humans can create an appealing scent or taste that draws them in to investigate.","Kangaroos lick your car primarily due to a combination of curiosity and social behavior. In the wild, these marsupials are highly tactile and investigative creatures. When they encounter an unfamiliar object like a vehicle, they may use their tongues to explore the texture and surface, often seeking out salt or moisture that may have accumulated on the metal or glass.

Additionally, some behaviorists suggest that kangaroos may use licking as a form of self-soothing or social bonding, and they might interpret your car as a stationary object in their environment that warrants investigation. Furthermore, the chemical components of wax, wax-based cleaners, or even traces of sweat and minerals left behind by humans can create an appealing scent or taste that draws them in to investigate.",gemma-4-12b,google,False,125,794,test,gemma-4-12b-q4_k_m,final-2026-09-20,You are answering questions the way a knowledgeable person would in an online discussion. Write in plain prose. Do not restate the question or add a preamble. Begin with the answer itself.,100,140,8192,none,,end_turn,ollama-local-gemma-4-12b,2026-09-28 06:32:06.954991+00:00,11.9,gemma4:12b,q4_k_m,16384,8192,False,"{""temperature"": ""1"", ""top_k"": ""64"", ""top_p"": ""0.95""}","Kangaroos lick your car primarily due to a combination of curiosity and social behavior. In the wild, these marsupials are highly tactile and investigative creatures. When they encounter an unfamiliar object like a vehicle, they may use their tongues to explore the texture and surface, often seeking out salt or moisture that may have accumulated on the metal or glass.

Additionally, some behaviorists suggest that kangaroos may use licking as a form of self-soothing or social bonding, and they might interpret your car as a stationary object in their environment that warrants investigation. Furthermore, the chemical components of wax, wax-based cleaners, or even traces of sweat and minerals left behind by humans can create an appealing scent or taste that draws them in to investigate.","Kangaroos lick your car primarily due to a combination of curiosity and social behavior. In the wild, these marsupials are highly tactile and investigative creatures. When they encounter an unfamiliar object like a vehicle, they may use their tongues to explore the texture and surface, often seeking out salt or moisture that may have accumulated on the metal or glass. Additionally, some behaviorists suggest that kangaroos may use licking as a form of self-soothing or social bonding, and they might interpret your car as a stationary object in their environment that warrants investigation. Furthermore, the chemical components of wax, wax-based cleaners, or even traces of sweat and minerals left behind by humans can create an appealing scent or taste that draws them in to investigate.","Kangaroos lick your car primarily due to a combination of curiosity and social behavior. In the wild, these marsupials are highly tactile and investigative creatures. When they encounter an unfamiliar object like a vehicle, they may use their tongues to explore the texture and surface, often seeking out salt or moisture that may have accumulated on the metal or glass. Additionally, some behaviorists suggest that kangaroos may use licking as a form of self-soothing or social bonding, and they might interpret your car as a stationary object in their environment that warrants investigation. Furthermore, the chemical components of wax, wax-based cleaners, or even traces of sweat and minerals left behind by humans can create an appealing scent or taste that draws them in to investigate.",kangaroos lick your car primarily due to a combination of curiosity and social behavior in the wild these marsupials are highly tactile and investigative creatures when they encounter an unfamiliar object like a vehicle they may use their tongues to explore the texture and surface often seeking out salt or moisture that may have accumulated on the metal or glass additionally some behaviorists suggest that kangaroos may use licking as a form of self soothing or social bonding and they might interpret your car as a stationary object in their environment that warrants investigation furthermore the chemical components of wax wax based cleaners or even traces of sweat and minerals left behind by humans can create an appealing scent or taste that draws them in to investigate
explanatory_0376__gemma-4-12b,explanatory_0376,explanatory,"Is it possible to reach a point in space, outside of any atmosphere, near our sun where the temperature would be a ""comfortable"" 70-80 degrees Fahrenheit?","Technically, yes, it is possible to find a location in space where the ambient temperature reaches that range, but the concept of ""temperature"" changes significantly in a vacuum. Without an atmosphere to conduct or convect heat, temperature refers specifically to the thermal radiation of surrounding objects. 

In the vacuum of space near the sun, your body temperature would be determined by the balance between the solar radiation hitting you and the infrared radiation you emit. Depending on your distance from the sun and your orientation toward it, you could easily reach a temperature of 70-80 degrees Fahrenheit. However, because there is no air to circulate, any heat generated by your body would remain trapped on your skin unless you actively radiated it away, making the experience much more complex than a typical ""room temperature"" environment.","Technically, yes, it is possible to find a location in space where the ambient temperature reaches that range, but the concept of ""temperature"" changes significantly in a vacuum. Without an atmosphere to conduct or convect heat, temperature refers specifically to the thermal radiation of surrounding objects.

In the vacuum of space near the sun, your body temperature would be determined by the balance between the solar radiation hitting you and the infrared radiation you emit. Depending on your distance from the sun and your orientation toward it, you could easily reach a temperature of 70-80 degrees Fahrenheit. However, because there is no air to circulate, any heat generated by your body would remain trapped on your skin unless you actively radiated it away, making the experience much more complex than a typical ""room temperature"" environment.",gemma-4-12b,google,False,135,858,test,gemma-4-12b-q4_k_m,final-2026-09-20,You are answering questions the way a knowledgeable person would in an online discussion. Write in plain prose. Do not restate the question or add a preamble. Begin with the answer itself.,100,140,8192,none,,end_turn,ollama-local-gemma-4-12b,2026-09-28 06:32:09.826958+00:00,11.9,gemma4:12b,q4_k_m,16384,8192,False,"{""temperature"": ""1"", ""top_k"": ""64"", ""top_p"": ""0.95""}","Technically, yes, it is possible to find a location in space where the ambient temperature reaches that range, but the concept of ""temperature"" changes significantly in a vacuum. Without an atmosphere to conduct or convect heat, temperature refers specifically to the thermal radiation of surrounding objects.

In the vacuum of space near the sun, your body temperature would be determined by the balance between the solar radiation hitting you and the infrared radiation you emit. Depending on your distance from the sun and your orientation toward it, you could easily reach a temperature of 70-80 degrees Fahrenheit. However, because there is no air to circulate, any heat generated by your body would remain trapped on your skin unless you actively radiated it away, making the experience much more complex than a typical ""room temperature"" environment.","Technically, yes, it is possible to find a location in space where the ambient temperature reaches that range, but the concept of ""temperature"" changes significantly in a vacuum. Without an atmosphere to conduct or convect heat, temperature refers specifically to the thermal radiation of surrounding objects. In the vacuum of space near the sun, your body temperature would be determined by the balance between the solar radiation hitting you and the infrared radiation you emit. Depending on your distance from the sun and your orientation toward it, you could easily reach a temperature of 70-80 degrees Fahrenheit. However, because there is no air to circulate, any heat generated by your body would remain trapped on your skin unless you actively radiated it away, making the experience much more complex than a typical ""room temperature"" environment.","Technically, yes, it is possible to find a location in space where the ambient temperature reaches that range, but the concept of ""temperature"" changes significantly in a vacuum. Without an atmosphere to conduct or convect heat, temperature refers specifically to the thermal radiation of surrounding objects. In the vacuum of space near the sun, your body temperature would be determined by the balance between the solar radiation hitting you and the infrared radiation you emit. Depending on your distance from the sun and your orientation toward it, you could easily reach a temperature of 70-80 degrees Fahrenheit. However, because there is no air to circulate, any heat generated by your body would remain trapped on your skin unless you actively radiated it away, making the experience much more complex than a typical ""room temperature"" environment.",technically yes it is possible to find a location in space where the ambient temperature reaches that range but the concept of temperature changes significantly in a vacuum without an atmosphere to conduct or convect heat temperature refers specifically to the thermal radiation of surrounding objects in the vacuum of space near the sun your body temperature would be determined by the balance between the solar radiation hitting you and the infrared radiation you emit depending on your distance from the sun and your orientation toward it you could easily reach a temperature of 70 80 degrees fahrenheit however because there is no air to circulate any heat generated by your body would remain trapped on your skin unless you actively radiated it away making the experience much more complex than a typical room temperature environment
longform_0000__gemma-4-12b,longform_0000,long-form,"As the chosen successor to Satan's throne, you must now undergo rigorous training to become the best at literally everything for when people challenge you for their souls.","The training was not, as the gossiping lesser demons suggested, merely a matter of honing my intimidation tactics or perfecting my infernal rhetoric. To rule the Pit, one had to be absolute. If a mortal were to dare challenge my sovereignty for their soul, I could not afford to lose on a technicality.

I spent decades in the Obsidian Halls, perfecting the mundane and the magnificent. I mastered the art of the duel, learning to parry steel and spell alike. I studied the nuances of high-stakes negotiation until I could smell a lie before it was spoken. I practiced culinary arts—for a ruler must know how to feast—and mastered every complex craft from watchmaking to weaving.

I learned to speak every human tongue, including the forgotten dialects of the deep woods. I studied human psychology until I could predict a martyr’s sacrifice or a tyrant’s greed with terrifying precision. I became a master of everything because ""good enough"" was a luxury for the weak. When the day comes to sit upon the Obsidian Throne, no challenger will find a single crack in my perfection.","The training was not, as the gossiping lesser demons suggested, merely a matter of honing my intimidation tactics or perfecting my infernal rhetoric. To rule the Pit, one had to be absolute. If a mortal were to dare challenge my sovereignty for their soul, I could not afford to lose on a technicality.

I spent decades in the Obsidian Halls, perfecting the mundane and the magnificent. I mastered the art of the duel, learning to parry steel and spell alike. I studied the nuances of high-stakes negotiation until I could smell a lie before it was spoken. I practiced culinary arts—for a ruler must know how to feast—and mastered every complex craft from watchmaking to weaving.

I learned to speak every human tongue, including the forgotten dialects of the deep woods. I studied human psychology until I could predict a martyr's sacrifice or a tyrant's greed with terrifying precision. I became a master of everything because ""good enough"" was a luxury for the weak. When the day comes to sit upon the Obsidian Throne, no challenger will find a single crack in my perfection.",gemma-4-12b,google,False,184,1078,test,gemma-4-12b-q4_k_m,final-2026-09-20,"You are writing a short piece of fiction in response to a writing prompt, the way a person would on an online writing forum. Write the story itself. Do not restate the prompt, explain it, comment on it, or add any framing before or after the story.",140,220,8192,none,,end_turn,ollama-local-gemma-4-12b,2026-09-28 06:32:13.715181+00:00,11.9,gemma4:12b,q4_k_m,16384,8192,False,"{""temperature"": ""1"", ""top_k"": ""64"", ""top_p"": ""0.95""}","The training was not, as the gossiping lesser demons suggested, merely a matter of honing my intimidation tactics or perfecting my infernal rhetoric. To rule the Pit, one had to be absolute. If a mortal were to dare challenge my sovereignty for their soul, I could not afford to lose on a technicality.

I spent decades in the Obsidian Halls, perfecting the mundane and the magnificent. I mastered the art of the duel, learning to parry steel and spell alike. I studied the nuances of high-stakes negotiation until I could smell a lie before it was spoken. I practiced culinary arts - for a ruler must know how to feast - and mastered every complex craft from watchmaking to weaving.

I learned to speak every human tongue, including the forgotten dialects of the deep woods. I studied human psychology until I could predict a martyr's sacrifice or a tyrant's greed with terrifying precision. I became a master of everything because ""good enough"" was a luxury for the weak. When the day comes to sit upon the Obsidian Throne, no challenger will find a single crack in my perfection.","The training was not, as the gossiping lesser demons suggested, merely a matter of honing my intimidation tactics or perfecting my infernal rhetoric. To rule the Pit, one had to be absolute. If a mortal were to dare challenge my sovereignty for their soul, I could not afford to lose on a technicality. I spent decades in the Obsidian Halls, perfecting the mundane and the magnificent. I mastered the art of the duel, learning to parry steel and spell alike. I studied the nuances of high-stakes negotiation until I could smell a lie before it was spoken. I practiced culinary arts—for a ruler must know how to feast—and mastered every complex craft from watchmaking to weaving. I learned to speak every human tongue, including the forgotten dialects of the deep woods. I studied human psychology until I could predict a martyr's sacrifice or a tyrant's greed with terrifying precision. I became a master of everything because ""good enough"" was a luxury for the weak. When the day comes to sit upon the Obsidian Throne, no challenger will find a single crack in my perfection.","The training was not, as the gossiping lesser demons suggested, merely a matter of honing my intimidation tactics or perfecting my infernal rhetoric. To rule the Pit, one had to be absolute. If a mortal were to dare challenge my sovereignty for their soul, I could not afford to lose on a technicality. I spent decades in the Obsidian Halls, perfecting the mundane and the magnificent. I mastered the art of the duel, learning to parry steel and spell alike. I studied the nuances of high-stakes negotiation until I could smell a lie before it was spoken. I practiced culinary arts - for a ruler must know how to feast - and mastered every complex craft from watchmaking to weaving. I learned to speak every human tongue, including the forgotten dialects of the deep woods. I studied human psychology until I could predict a martyr's sacrifice or a tyrant's greed with terrifying precision. I became a master of everything because ""good enough"" was a luxury for the weak. When the day comes to sit upon the Obsidian Throne, no challenger will find a single crack in my perfection.",the training was not as the gossiping lesser demons suggested merely a matter of honing my intimidation tactics or perfecting my infernal rhetoric to rule the pit one had to be absolute if a mortal were to dare challenge my sovereignty for their soul i could not afford to lose on a technicality i spent decades in the obsidian halls perfecting the mundane and the magnificent i mastered the art of the duel learning to parry steel and spell alike i studied the nuances of high stakes negotiation until i could smell a lie before it was spoken i practiced culinary arts for a ruler must know how to feast and mastered every complex craft from watchmaking to weaving i learned to speak every human tongue including the forgotten dialects of the deep woods i studied human psychology until i could predict a martyr's sacrifice or a tyrant's greed with terrifying precision i became a master of everything because good enough was a luxury for the weak when the day comes to sit upon the obsidian throne no challenger will find a single crack in my perfection
longform_0019__gemma-4-12b,longform_0019,long-form,Every skill in the world can be acquired by putting on the corresponding hat for that skill.,"The workshop was silent, save for the rhythmic ticking of the wall clock. Elias stood before the towering shelves, his hands trembling slightly. He reached for a weathered, felt brim—the Weaver’s Cap. As he pulled it over his brow, the world shifted. The air grew heavy with the scent of damp wool and ancient dyes. Suddenly, he didn't just see the tapestry on the loom; he felt the lineage of every thread, the tension of the warp, and the rhythmic geometry of the weave. He knew, instinctively, how to stitch a story into the fabric.

He took it off, his head spinning, and reached for the next. This one was heavy, forged of iron and leather: the Blacksmith’s Crown. The moment it touched his hair, his muscles surged with a borrowed strength. The roar of a furnace erupted in his ears, and his hands grew calloused and steady. He could forge a blade of steel as if he had spent forty years at the forge.

One hat, one mastery. One life, many lives. He just had to decide which one he wanted to be today.","The workshop was silent, save for the rhythmic ticking of the wall clock. Elias stood before the towering shelves, his hands trembling slightly. He reached for a weathered, felt brim—the Weaver's Cap. As he pulled it over his brow, the world shifted. The air grew heavy with the scent of damp wool and ancient dyes. Suddenly, he didn't just see the tapestry on the loom; he felt the lineage of every thread, the tension of the warp, and the rhythmic geometry of the weave. He knew, instinctively, how to stitch a story into the fabric.

He took it off, his head spinning, and reached for the next. This one was heavy, forged of iron and leather: the Blacksmith's Crown. The moment it touched his hair, his muscles surged with a borrowed strength. The roar of a furnace erupted in his ears, and his hands grew calloused and steady. He could forge a blade of steel as if he had spent forty years at the forge.

One hat, one mastery. One life, many lives. He just had to decide which one he wanted to be today.",gemma-4-12b,google,False,185,1007,test,gemma-4-12b-q4_k_m,final-2026-09-20,"You are writing a short piece of fiction in response to a writing prompt, the way a person would on an online writing forum. Write the story itself. Do not restate the prompt, explain it, comment on it, or add any framing before or after the story.",140,220,8192,none,,end_turn,ollama-local-gemma-4-12b,2026-09-28 06:32:17.742986+00:00,11.9,gemma4:12b,q4_k_m,16384,8192,False,"{""temperature"": ""1"", ""top_k"": ""64"", ""top_p"": ""0.95""}","The workshop was silent, save for the rhythmic ticking of the wall clock. Elias stood before the towering shelves, his hands trembling slightly. He reached for a weathered, felt brim - the Weaver's Cap. As he pulled it over his brow, the world shifted. The air grew heavy with the scent of damp wool and ancient dyes. Suddenly, he didn't just see the tapestry on the loom; he felt the lineage of every thread, the tension of the warp, and the rhythmic geometry of the weave. He knew, instinctively, how to stitch a story into the fabric.

He took it off, his head spinning, and reached for the next. This one was heavy, forged of iron and leather: the Blacksmith's Crown. The moment it touched his hair, his muscles surged with a borrowed strength. The roar of a furnace erupted in his ears, and his hands grew calloused and steady. He could forge a blade of steel as if he had spent forty years at the forge.

One hat, one mastery. One life, many lives. He just had to decide which one he wanted to be today.","The workshop was silent, save for the rhythmic ticking of the wall clock. Elias stood before the towering shelves, his hands trembling slightly. He reached for a weathered, felt brim—the Weaver's Cap. As he pulled it over his brow, the world shifted. The air grew heavy with the scent of damp wool and ancient dyes. Suddenly, he didn't just see the tapestry on the loom; he felt the lineage of every thread, the tension of the warp, and the rhythmic geometry of the weave. He knew, instinctively, how to stitch a story into the fabric. He took it off, his head spinning, and reached for the next. This one was heavy, forged of iron and leather: the Blacksmith's Crown. The moment it touched his hair, his muscles surged with a borrowed strength. The roar of a furnace erupted in his ears, and his hands grew calloused and steady. He could forge a blade of steel as if he had spent forty years at the forge. One hat, one mastery. One life, many lives. He just had to decide which one he wanted to be today.","The workshop was silent, save for the rhythmic ticking of the wall clock. Elias stood before the towering shelves, his hands trembling slightly. He reached for a weathered, felt brim - the Weaver's Cap. As he pulled it over his brow, the world shifted. The air grew heavy with the scent of damp wool and ancient dyes. Suddenly, he didn't just see the tapestry on the loom; he felt the lineage of every thread, the tension of the warp, and the rhythmic geometry of the weave. He knew, instinctively, how to stitch a story into the fabric. He took it off, his head spinning, and reached for the next. This one was heavy, forged of iron and leather: the Blacksmith's Crown. The moment it touched his hair, his muscles surged with a borrowed strength. The roar of a furnace erupted in his ears, and his hands grew calloused and steady. He could forge a blade of steel as if he had spent forty years at the forge. One hat, one mastery. One life, many lives. He just had to decide which one he wanted to be today.",the workshop was silent save for the rhythmic ticking of the wall clock elias stood before the towering shelves his hands trembling slightly he reached for a weathered felt brim the weaver's cap as he pulled it over his brow the world shifted the air grew heavy with the scent of damp wool and ancient dyes suddenly he didn't just see the tapestry on the loom he felt the lineage of every thread the tension of the warp and the rhythmic geometry of the weave he knew instinctively how to stitch a story into the fabric he took it off his head spinning and reached for the next this one was heavy forged of iron and leather the blacksmith's crown the moment it touched his hair his muscles surged with a borrowed strength the roar of a furnace erupted in his ears and his hands grew calloused and steady he could forge a blade of steel as if he had spent forty years at the forge one hat one mastery one life many lives he just had to decide which one he wanted to be today
longform_0025__gemma-4-12b,longform_0025,long-form,Q has been developing ridiculous gadgets just to mess with James Bond. Bond has been finding ways to use these gadgets to complete his missions to messwith Q.,"Bond adjusted the cufflink, which Q had insisted was a ""high-frequency sonic emitter"" designed to shatter glass. In reality, Q had intended for it to emit a piercing whine that would alert guards to Bond's presence. Instead, Bond had re-tuned the frequency. 

Now, as he stood before the vault door of the Bulgarian exchange, the cufflink didn't emit a whine. It emitted a perfectly modulated recording of a heavy-duty industrial drill, followed by the sound of a frantic construction crew hammering on the opposite side of the wall. 

Outside, the guards were distracted, scrambling to investigate what they thought was a structural collapse. Bond chuckled, checking his watch. 

Then there was the ""Invisibilityer"" watch. Q had built it to hide Bond’s silhouette from thermal cameras, but the calibration was so erratic that it occasionally pulsed. Bond had figured out the rhythm; he didn't use it to hide, he used it to pulse in time with the security cameras’ refresh rate, creating a strobe effect that effectively froze his image in their monitors.

""You’re getting sloppy, Q,"" Bond whispered into his lapel. ""Next time, try something that actually works.""","Bond adjusted the cufflink, which Q had insisted was a ""high-frequency sonic emitter"" designed to shatter glass. In reality, Q had intended for it to emit a piercing whine that would alert guards to Bond's presence. Instead, Bond had re-tuned the frequency.

Now, as he stood before the vault door of the Bulgarian exchange, the cufflink didn't emit a whine. It emitted a perfectly modulated recording of a heavy-duty industrial drill, followed by the sound of a frantic construction crew hammering on the opposite side of the wall.

Outside, the guards were distracted, scrambling to investigate what they thought was a structural collapse. Bond chuckled, checking his watch.

Then there was the ""Invisibilityer"" watch. Q had built it to hide Bond's silhouette from thermal cameras, but the calibration was so erratic that it occasionally pulsed. Bond had figured out the rhythm; he didn't use it to hide, he used it to pulse in time with the security cameras' refresh rate, creating a strobe effect that effectively froze his image in their monitors.

""You're getting sloppy, Q,"" Bond whispered into his lapel. ""Next time, try something that actually works.""",gemma-4-12b,google,False,188,1163,test,gemma-4-12b-q4_k_m,final-2026-09-20,"You are writing a short piece of fiction in response to a writing prompt, the way a person would on an online writing forum. Write the story itself. Do not restate the prompt, explain it, comment on it, or add any framing before or after the story.",140,220,8192,none,,end_turn,ollama-local-gemma-4-12b,2026-09-28 06:32:22.124872+00:00,11.9,gemma4:12b,q4_k_m,16384,8192,False,"{""temperature"": ""1"", ""top_k"": ""64"", ""top_p"": ""0.95""}","Bond adjusted the cufflink, which Q had insisted was a ""high-frequency sonic emitter"" designed to shatter glass. In reality, Q had intended for it to emit a piercing whine that would alert guards to Bond's presence. Instead, Bond had re-tuned the frequency.

Now, as he stood before the vault door of the Bulgarian exchange, the cufflink didn't emit a whine. It emitted a perfectly modulated recording of a heavy-duty industrial drill, followed by the sound of a frantic construction crew hammering on the opposite side of the wall.

Outside, the guards were distracted, scrambling to investigate what they thought was a structural collapse. Bond chuckled, checking his watch.

Then there was the ""Invisibilityer"" watch. Q had built it to hide Bond's silhouette from thermal cameras, but the calibration was so erratic that it occasionally pulsed. Bond had figured out the rhythm; he didn't use it to hide, he used it to pulse in time with the security cameras' refresh rate, creating a strobe effect that effectively froze his image in their monitors.

""You're getting sloppy, Q,"" Bond whispered into his lapel. ""Next time, try something that actually works.""","Bond adjusted the cufflink, which Q had insisted was a ""high-frequency sonic emitter"" designed to shatter glass. In reality, Q had intended for it to emit a piercing whine that would alert guards to Bond's presence. Instead, Bond had re-tuned the frequency. Now, as he stood before the vault door of the Bulgarian exchange, the cufflink didn't emit a whine. It emitted a perfectly modulated recording of a heavy-duty industrial drill, followed by the sound of a frantic construction crew hammering on the opposite side of the wall. Outside, the guards were distracted, scrambling to investigate what they thought was a structural collapse. Bond chuckled, checking his watch. Then there was the ""Invisibilityer"" watch. Q had built it to hide Bond's silhouette from thermal cameras, but the calibration was so erratic that it occasionally pulsed. Bond had figured out the rhythm; he didn't use it to hide, he used it to pulse in time with the security cameras' refresh rate, creating a strobe effect that effectively froze his image in their monitors. ""You're getting sloppy, Q,"" Bond whispered into his lapel. ""Next time, try something that actually works.""","Bond adjusted the cufflink, which Q had insisted was a ""high-frequency sonic emitter"" designed to shatter glass. In reality, Q had intended for it to emit a piercing whine that would alert guards to Bond's presence. Instead, Bond had re-tuned the frequency. Now, as he stood before the vault door of the Bulgarian exchange, the cufflink didn't emit a whine. It emitted a perfectly modulated recording of a heavy-duty industrial drill, followed by the sound of a frantic construction crew hammering on the opposite side of the wall. Outside, the guards were distracted, scrambling to investigate what they thought was a structural collapse. Bond chuckled, checking his watch. Then there was the ""Invisibilityer"" watch. Q had built it to hide Bond's silhouette from thermal cameras, but the calibration was so erratic that it occasionally pulsed. Bond had figured out the rhythm; he didn't use it to hide, he used it to pulse in time with the security cameras' refresh rate, creating a strobe effect that effectively froze his image in their monitors. ""You're getting sloppy, Q,"" Bond whispered into his lapel. ""Next time, try something that actually works.""",bond adjusted the cufflink which q had insisted was a high frequency sonic emitter designed to shatter glass in reality q had intended for it to emit a piercing whine that would alert guards to bond's presence instead bond had re tuned the frequency now as he stood before the vault door of the bulgarian exchange the cufflink didn't emit a whine it emitted a perfectly modulated recording of a heavy duty industrial drill followed by the sound of a frantic construction crew hammering on the opposite side of the wall outside the guards were distracted scrambling to investigate what they thought was a structural collapse bond chuckled checking his watch then there was the invisibilityer watch q had built it to hide bond's silhouette from thermal cameras but the calibration was so erratic that it occasionally pulsed bond had figured out the rhythm he didn't use it to hide he used it to pulse in time with the security cameras refresh rate creating a strobe effect that effectively froze his image in their monitors you're getting sloppy q bond whispered into his lapel next time try something that actually works
longform_0029__gemma-4-12b,longform_0029,long-form,The thought process of a writer trying to start his/her masterpiece.,"The cursor is a rhythmic, mocking heartbeat against the white expanse of the screen. I stare at it until my eyes ache, searching for the ""spark""—that mythical, holy ignition that transforms a mere idea into a masterpiece. 

*The Great Novel.* It’s been living in my skull for three years. It’s a sprawling epic of lost empires and tragic lovers, a tapestry of prose so dense it should be heavy to hold. Yet, here I am, paralyzed by the first sentence. 

*The hero stands at the gate.* No, too cliché. *The gates groan under the weight of history.* Better. But is ""groan"" too evocative? Does it imply a physical sensation or a metaphorical weight? If I choose the wrong verb now, the entire architecture of the first chapter collapses. 

I take a sip of lukewarm coffee and type: *The sun rose.* 

I hate it. It’s weak. I delete it. I stare at the blinking line again. If I can just find the perfect opening line, the rest will flow like wine. One sentence. Just one. I am a visionary; I just need to find the door.","The cursor is a rhythmic, mocking heartbeat against the white expanse of the screen. I stare at it until my eyes ache, searching for the ""spark""—that mythical, holy ignition that transforms a mere idea into a masterpiece.

The Great Novel. It's been living in my skull for three years. It's a sprawling epic of lost empires and tragic lovers, a tapestry of prose so dense it should be heavy to hold. Yet, here I am, paralyzed by the first sentence.

The hero stands at the gate. No, too cliché. The gates groan under the weight of history. Better. But is ""groan"" too evocative? Does it imply a physical sensation or a metaphorical weight? If I choose the wrong verb now, the entire architecture of the first chapter collapses.

I take a sip of lukewarm coffee and type: The sun rose.

I hate it. It's weak. I delete it. I stare at the blinking line again. If I can just find the perfect opening line, the rest will flow like wine. One sentence. Just one. I am a visionary; I just need to find the door.",gemma-4-12b,google,False,185,1014,test,gemma-4-12b-q4_k_m,final-2026-09-20,"You are writing a short piece of fiction in response to a writing prompt, the way a person would on an online writing forum. Write the story itself. Do not restate the prompt, explain it, comment on it, or add any framing before or after the story.",140,220,8192,none,,end_turn,ollama-local-gemma-4-12b,2026-09-28 06:32:26.349072+00:00,11.9,gemma4:12b,q4_k_m,16384,8192,False,"{""temperature"": ""1"", ""top_k"": ""64"", ""top_p"": ""0.95""}","The cursor is a rhythmic, mocking heartbeat against the white expanse of the screen. I stare at it until my eyes ache, searching for the ""spark"" - that mythical, holy ignition that transforms a mere idea into a masterpiece.

The Great Novel. It's been living in my skull for three years. It's a sprawling epic of lost empires and tragic lovers, a tapestry of prose so dense it should be heavy to hold. Yet, here I am, paralyzed by the first sentence.

The hero stands at the gate. No, too cliché. The gates groan under the weight of history. Better. But is ""groan"" too evocative? Does it imply a physical sensation or a metaphorical weight? If I choose the wrong verb now, the entire architecture of the first chapter collapses.

I take a sip of lukewarm coffee and type: The sun rose.

I hate it. It's weak. I delete it. I stare at the blinking line again. If I can just find the perfect opening line, the rest will flow like wine. One sentence. Just one. I am a visionary; I just need to find the door.","The cursor is a rhythmic, mocking heartbeat against the white expanse of the screen. I stare at it until my eyes ache, searching for the ""spark""—that mythical, holy ignition that transforms a mere idea into a masterpiece. The Great Novel. It's been living in my skull for three years. It's a sprawling epic of lost empires and tragic lovers, a tapestry of prose so dense it should be heavy to hold. Yet, here I am, paralyzed by the first sentence. The hero stands at the gate. No, too cliché. The gates groan under the weight of history. Better. But is ""groan"" too evocative? Does it imply a physical sensation or a metaphorical weight? If I choose the wrong verb now, the entire architecture of the first chapter collapses. I take a sip of lukewarm coffee and type: The sun rose. I hate it. It's weak. I delete it. I stare at the blinking line again. If I can just find the perfect opening line, the rest will flow like wine. One sentence. Just one. I am a visionary; I just need to find the door.","The cursor is a rhythmic, mocking heartbeat against the white expanse of the screen. I stare at it until my eyes ache, searching for the ""spark"" - that mythical, holy ignition that transforms a mere idea into a masterpiece. The Great Novel. It's been living in my skull for three years. It's a sprawling epic of lost empires and tragic lovers, a tapestry of prose so dense it should be heavy to hold. Yet, here I am, paralyzed by the first sentence. The hero stands at the gate. No, too cliché. The gates groan under the weight of history. Better. But is ""groan"" too evocative? Does it imply a physical sensation or a metaphorical weight? If I choose the wrong verb now, the entire architecture of the first chapter collapses. I take a sip of lukewarm coffee and type: The sun rose. I hate it. It's weak. I delete it. I stare at the blinking line again. If I can just find the perfect opening line, the rest will flow like wine. One sentence. Just one. I am a visionary; I just need to find the door.",the cursor is a rhythmic mocking heartbeat against the white expanse of the screen i stare at it until my eyes ache searching for the spark that mythical holy ignition that transforms a mere idea into a masterpiece the great novel it's been living in my skull for three years it's a sprawling epic of lost empires and tragic lovers a tapestry of prose so dense it should be heavy to hold yet here i am paralyzed by the first sentence the hero stands at the gate no too cliché the gates groan under the weight of history better but is groan too evocative does it imply a physical sensation or a metaphorical weight if i choose the wrong verb now the entire architecture of the first chapter collapses i take a sip of lukewarm coffee and type the sun rose i hate it it's weak i delete it i stare at the blinking line again if i can just find the perfect opening line the rest will flow like wine one sentence just one i am a visionary i just need to find the door
longform_0043__gemma-4-12b,longform_0043,long-form,"In a resource poor society it is law that each family adheres to a maximum combined weight limit of it's members, set according to their social caste. When the actions of an individual result in a family's loss of status they must somehow adjust to a drastically lowered weight quota.","The chime of the Scale-Maiden’s bell was a sound that haunted the corridors of the High House. It meant the census was beginning. For three generations, the Valerius family had occupied the Gilded Tier, a status granted only to those whose collective mass remained beneath the Threshold of Grace.

But Elara’s defiance had been heavy. She had been caught trading silk for grain—a crime of appetite. The verdict was swift: the family was stripped of its gold and cast down into theed Lower Silt. 

""Adjust,"" the Magistrate had commanded. ""The Silt quota is half of the Grace.""

The shift was visceral. Within a week, the family had to purge the luxury of their physical existence. They shed their heavy wool cloaks, replacing them with gossamer linens that offered no warmth. They ceased the consumption of dense grains, moving to a diet of thin, watery broths and fermented moss. To stay within the new, razor-thin margin, they practiced the 'Fast of the Bone,' a grueling cycle of caloric deprivation intended to keep their bodies light enough to satisfy the Law. They were becoming ghosts, fading into the very shadows they now inhabited.","The chime of the Scale-Maiden's bell was a sound that haunted the corridors of the High House. It meant the census was beginning. For three generations, the Valerius family had occupied the Gilded Tier, a status granted only to those whose collective mass remained beneath the Threshold of Grace.

But Elara's defiance had been heavy. She had been caught trading silk for grain—a crime of appetite. The verdict was swift: the family was stripped of its gold and cast down into theed Lower Silt.

""Adjust,"" the Magistrate had commanded. ""The Silt quota is half of the Grace.""

The shift was visceral. Within a week, the family had to purge the luxury of their physical existence. They shed their heavy wool cloaks, replacing them with gossamer linens that offered no warmth. They ceased the consumption of dense grains, moving to a diet of thin, watery broths and fermented moss. To stay within the new, razor-thin margin, they practiced the 'Fast of the Bone,' a grueling cycle of caloric deprivation intended to keep their bodies light enough to satisfy the Law. They were becoming ghosts, fading into the very shadows they now inhabited.",gemma-4-12b,google,False,191,1140,test,gemma-4-12b-q4_k_m,final-2026-09-20,"You are writing a short piece of fiction in response to a writing prompt, the way a person would on an online writing forum. Write the story itself. Do not restate the prompt, explain it, comment on it, or add any framing before or after the story.",140,220,8192,none,,end_turn,ollama-local-gemma-4-12b,2026-09-28 06:32:30.689095+00:00,11.9,gemma4:12b,q4_k_m,16384,8192,False,"{""temperature"": ""1"", ""top_k"": ""64"", ""top_p"": ""0.95""}","The chime of the Scale-Maiden's bell was a sound that haunted the corridors of the High House. It meant the census was beginning. For three generations, the Valerius family had occupied the Gilded Tier, a status granted only to those whose collective mass remained beneath the Threshold of Grace.

But Elara's defiance had been heavy. She had been caught trading silk for grain - a crime of appetite. The verdict was swift: the family was stripped of its gold and cast down into theed Lower Silt.

""Adjust,"" the Magistrate had commanded. ""The Silt quota is half of the Grace.""

The shift was visceral. Within a week, the family had to purge the luxury of their physical existence. They shed their heavy wool cloaks, replacing them with gossamer linens that offered no warmth. They ceased the consumption of dense grains, moving to a diet of thin, watery broths and fermented moss. To stay within the new, razor-thin margin, they practiced the 'Fast of the Bone,' a grueling cycle of caloric deprivation intended to keep their bodies light enough to satisfy the Law. They were becoming ghosts, fading into the very shadows they now inhabited.","The chime of the Scale-Maiden's bell was a sound that haunted the corridors of the High House. It meant the census was beginning. For three generations, the Valerius family had occupied the Gilded Tier, a status granted only to those whose collective mass remained beneath the Threshold of Grace. But Elara's defiance had been heavy. She had been caught trading silk for grain—a crime of appetite. The verdict was swift: the family was stripped of its gold and cast down into theed Lower Silt. ""Adjust,"" the Magistrate had commanded. ""The Silt quota is half of the Grace."" The shift was visceral. Within a week, the family had to purge the luxury of their physical existence. They shed their heavy wool cloaks, replacing them with gossamer linens that offered no warmth. They ceased the consumption of dense grains, moving to a diet of thin, watery broths and fermented moss. To stay within the new, razor-thin margin, they practiced the 'Fast of the Bone,' a grueling cycle of caloric deprivation intended to keep their bodies light enough to satisfy the Law. They were becoming ghosts, fading into the very shadows they now inhabited.","The chime of the Scale-Maiden's bell was a sound that haunted the corridors of the High House. It meant the census was beginning. For three generations, the Valerius family had occupied the Gilded Tier, a status granted only to those whose collective mass remained beneath the Threshold of Grace. But Elara's defiance had been heavy. She had been caught trading silk for grain - a crime of appetite. The verdict was swift: the family was stripped of its gold and cast down into theed Lower Silt. ""Adjust,"" the Magistrate had commanded. ""The Silt quota is half of the Grace."" The shift was visceral. Within a week, the family had to purge the luxury of their physical existence. They shed their heavy wool cloaks, replacing them with gossamer linens that offered no warmth. They ceased the consumption of dense grains, moving to a diet of thin, watery broths and fermented moss. To stay within the new, razor-thin margin, they practiced the 'Fast of the Bone,' a grueling cycle of caloric deprivation intended to keep their bodies light enough to satisfy the Law. They were becoming ghosts, fading into the very shadows they now inhabited.",the chime of the scale maiden's bell was a sound that haunted the corridors of the high house it meant the census was beginning for three generations the valerius family had occupied the gilded tier a status granted only to those whose collective mass remained beneath the threshold of grace but elara's defiance had been heavy she had been caught trading silk for grain a crime of appetite the verdict was swift the family was stripped of its gold and cast down into theed lower silt adjust the magistrate had commanded the silt quota is half of the grace the shift was visceral within a week the family had to purge the luxury of their physical existence they shed their heavy wool cloaks replacing them with gossamer linens that offered no warmth they ceased the consumption of dense grains moving to a diet of thin watery broths and fermented moss to stay within the new razor thin margin they practiced the fast of the bone a grueling cycle of caloric deprivation intended to keep their bodies light enough to satisfy the law they were becoming ghosts fading into the very shadows they now inhabited
longform_0047__gemma-4-12b,longform_0047,long-form,"At one random point one day without warning, everyone blacks out & wakes up as a different animal.","The transition wasn't a fade; it was a shutter click. One moment, Elias was reaching for his coffee mug; the next, the ceramic cup hit the tile floor with a deafening shatter. 

He didn't hear the crash with human ears. The sound was a vibration that traveled through his whiskers and into his skull, accompanied by a sudden, overwhelming surge of sensory input. The air didn't just smell like roasted beans anymore—it smelled of damp wood, old grease, and the metallic tang of fear from a neighbor's house.

He tried to scream, but his throat produced only a sharp, desperate trill. He looked down at his hands and saw paws—tufted, tawny fur and sharp claws digging into the linoleum. His spine felt elongated, his tail a heavy weight swishing behind him. 

Outside, the silence of the city was replaced by a chaotic symphony of shrieks, howls, and panicked rustling. From the street, a golden retriever—or what used to be a man in a suit—was howling at the gray sky. The world had changed in a heartbeat, and the humans were gone, replaced by the wild.","The transition wasn't a fade; it was a shutter click. One moment, Elias was reaching for his coffee mug; the next, the ceramic cup hit the tile floor with a deafening shatter.

He didn't hear the crash with human ears. The sound was a vibration that traveled through his whiskers and into his skull, accompanied by a sudden, overwhelming surge of sensory input. The air didn't just smell like roasted beans anymore—it smelled of damp wood, old grease, and the metallic tang of fear from a neighbor's house.

He tried to scream, but his throat produced only a sharp, desperate trill. He looked down at his hands and saw paws—tufted, tawny fur and sharp claws digging into the linoleum. His spine felt elongated, his tail a heavy weight swishing behind him.

Outside, the silence of the city was replaced by a chaotic symphony of shrieks, howls, and panicked rustling. From the street, a golden retriever—or what used to be a man in a suit—was howling at the gray sky. The world had changed in a heartbeat, and the humans were gone, replaced by the wild.",gemma-4-12b,google,False,185,1054,test,gemma-4-12b-q4_k_m,final-2026-09-20,"You are writing a short piece of fiction in response to a writing prompt, the way a person would on an online writing forum. Write the story itself. Do not restate the prompt, explain it, comment on it, or add any framing before or after the story.",140,220,8192,none,,end_turn,ollama-local-gemma-4-12b,2026-09-28 06:32:34.954793+00:00,11.9,gemma4:12b,q4_k_m,16384,8192,False,"{""temperature"": ""1"", ""top_k"": ""64"", ""top_p"": ""0.95""}","The transition wasn't a fade; it was a shutter click. One moment, Elias was reaching for his coffee mug; the next, the ceramic cup hit the tile floor with a deafening shatter.

He didn't hear the crash with human ears. The sound was a vibration that traveled through his whiskers and into his skull, accompanied by a sudden, overwhelming surge of sensory input. The air didn't just smell like roasted beans anymore - it smelled of damp wood, old grease, and the metallic tang of fear from a neighbor's house.

He tried to scream, but his throat produced only a sharp, desperate trill. He looked down at his hands and saw paws - tufted, tawny fur and sharp claws digging into the linoleum. His spine felt elongated, his tail a heavy weight swishing behind him.

Outside, the silence of the city was replaced by a chaotic symphony of shrieks, howls, and panicked rustling. From the street, a golden retriever - or what used to be a man in a suit - was howling at the gray sky. The world had changed in a heartbeat, and the humans were gone, replaced by the wild.","The transition wasn't a fade; it was a shutter click. One moment, Elias was reaching for his coffee mug; the next, the ceramic cup hit the tile floor with a deafening shatter. He didn't hear the crash with human ears. The sound was a vibration that traveled through his whiskers and into his skull, accompanied by a sudden, overwhelming surge of sensory input. The air didn't just smell like roasted beans anymore—it smelled of damp wood, old grease, and the metallic tang of fear from a neighbor's house. He tried to scream, but his throat produced only a sharp, desperate trill. He looked down at his hands and saw paws—tufted, tawny fur and sharp claws digging into the linoleum. His spine felt elongated, his tail a heavy weight swishing behind him. Outside, the silence of the city was replaced by a chaotic symphony of shrieks, howls, and panicked rustling. From the street, a golden retriever—or what used to be a man in a suit—was howling at the gray sky. The world had changed in a heartbeat, and the humans were gone, replaced by the wild.","The transition wasn't a fade; it was a shutter click. One moment, Elias was reaching for his coffee mug; the next, the ceramic cup hit the tile floor with a deafening shatter. He didn't hear the crash with human ears. The sound was a vibration that traveled through his whiskers and into his skull, accompanied by a sudden, overwhelming surge of sensory input. The air didn't just smell like roasted beans anymore - it smelled of damp wood, old grease, and the metallic tang of fear from a neighbor's house. He tried to scream, but his throat produced only a sharp, desperate trill. He looked down at his hands and saw paws - tufted, tawny fur and sharp claws digging into the linoleum. His spine felt elongated, his tail a heavy weight swishing behind him. Outside, the silence of the city was replaced by a chaotic symphony of shrieks, howls, and panicked rustling. From the street, a golden retriever - or what used to be a man in a suit - was howling at the gray sky. The world had changed in a heartbeat, and the humans were gone, replaced by the wild.",the transition wasn't a fade it was a shutter click one moment elias was reaching for his coffee mug the next the ceramic cup hit the tile floor with a deafening shatter he didn't hear the crash with human ears the sound was a vibration that traveled through his whiskers and into his skull accompanied by a sudden overwhelming surge of sensory input the air didn't just smell like roasted beans anymore it smelled of damp wood old grease and the metallic tang of fear from a neighbor's house he tried to scream but his throat produced only a sharp desperate trill he looked down at his hands and saw paws tufted tawny fur and sharp claws digging into the linoleum his spine felt elongated his tail a heavy weight swishing behind him outside the silence of the city was replaced by a chaotic symphony of shrieks howls and panicked rustling from the street a golden retriever or what used to be a man in a suit was howling at the gray sky the world had changed in a heartbeat and the humans were gone replaced by the wild
longform_0051__gemma-4-12b,longform_0051,long-form,"You finally get your pipboy and copy of Fallout 4. But when you strap on the Pipboy, you find yourself stuck in the middle of the wastelands with nothing but what you're wearing and the pipboy.","The weight of the device on my left arm felt wrong—not like plastic and leather, but like heavy, lived-in metal. One moment, I was sitting in my ergonomic chair, the glow of my monitor burning my eyes. The next, the air tasted of copper and ash.

I blinked, and the drywall of my apartment dissolved into a horizon of jagged, scorched earth. The silence was absolute until a low, rhythmic thrum vibrated in my chest—the sound of distant, heavy machinery.

I looked down. My t-shirt was tattered at the seams, and my jeans were coated in a fine layer of gray grit. I gripped the Pip-Boy; its screen flickered to life with a sickly green hum. The interface was hauntingly familiar, yet the data scrolling past was terrifyingly real. It wasn't a game menu. It was a survival log.

*Location: Commonwealth. Status: Critical.*

A shadow stretched across the cracked ground. I spun around, my heart hammering against my ribs. A rusted sign hung from a nearby ruin, swaying in a hot, radioactive wind. It read: *Welcome to the Wasteland.* I wasn't playing anymore. I was living.","The weight of the device on my left arm felt wrong—not like plastic and leather, but like heavy, lived-in metal. One moment, I was sitting in my ergonomic chair, the glow of my monitor burning my eyes. The next, the air tasted of copper and ash.

I blinked, and the drywall of my apartment dissolved into a horizon of jagged, scorched earth. The silence was absolute until a low, rhythmic thrum vibrated in my chest—the sound of distant, heavy machinery.

I looked down. My t-shirt was tattered at the seams, and my jeans were coated in a fine layer of gray grit. I gripped the Pip-Boy; its screen flickered to life with a sickly green hum. The interface was hauntingly familiar, yet the data scrolling past was terrifyingly real. It wasn't a game menu. It was a survival log.

Location: Commonwealth. Status: Critical.

A shadow stretched across the cracked ground. I spun around, my heart hammering against my ribs. A rusted sign hung from a nearby ruin, swaying in a hot, radioactive wind. It read: Welcome to the Wasteland. I wasn't playing anymore. I was living.",gemma-4-12b,google,False,186,1071,test,gemma-4-12b-q4_k_m,final-2026-09-20,"You are writing a short piece of fiction in response to a writing prompt, the way a person would on an online writing forum. Write the story itself. Do not restate the prompt, explain it, comment on it, or add any framing before or after the story.",140,220,8192,none,,end_turn,ollama-local-gemma-4-12b,2026-09-28 06:32:39.370051+00:00,11.9,gemma4:12b,q4_k_m,16384,8192,False,"{""temperature"": ""1"", ""top_k"": ""64"", ""top_p"": ""0.95""}","The weight of the device on my left arm felt wrong - not like plastic and leather, but like heavy, lived-in metal. One moment, I was sitting in my ergonomic chair, the glow of my monitor burning my eyes. The next, the air tasted of copper and ash.

I blinked, and the drywall of my apartment dissolved into a horizon of jagged, scorched earth. The silence was absolute until a low, rhythmic thrum vibrated in my chest - the sound of distant, heavy machinery.

I looked down. My t-shirt was tattered at the seams, and my jeans were coated in a fine layer of gray grit. I gripped the Pip-Boy; its screen flickered to life with a sickly green hum. The interface was hauntingly familiar, yet the data scrolling past was terrifyingly real. It wasn't a game menu. It was a survival log.

Location: Commonwealth. Status: Critical.

A shadow stretched across the cracked ground. I spun around, my heart hammering against my ribs. A rusted sign hung from a nearby ruin, swaying in a hot, radioactive wind. It read: Welcome to the Wasteland. I wasn't playing anymore. I was living.","The weight of the device on my left arm felt wrong—not like plastic and leather, but like heavy, lived-in metal. One moment, I was sitting in my ergonomic chair, the glow of my monitor burning my eyes. The next, the air tasted of copper and ash. I blinked, and the drywall of my apartment dissolved into a horizon of jagged, scorched earth. The silence was absolute until a low, rhythmic thrum vibrated in my chest—the sound of distant, heavy machinery. I looked down. My t-shirt was tattered at the seams, and my jeans were coated in a fine layer of gray grit. I gripped the Pip-Boy; its screen flickered to life with a sickly green hum. The interface was hauntingly familiar, yet the data scrolling past was terrifyingly real. It wasn't a game menu. It was a survival log. Location: Commonwealth. Status: Critical. A shadow stretched across the cracked ground. I spun around, my heart hammering against my ribs. A rusted sign hung from a nearby ruin, swaying in a hot, radioactive wind. It read: Welcome to the Wasteland. I wasn't playing anymore. I was living.","The weight of the device on my left arm felt wrong - not like plastic and leather, but like heavy, lived-in metal. One moment, I was sitting in my ergonomic chair, the glow of my monitor burning my eyes. The next, the air tasted of copper and ash. I blinked, and the drywall of my apartment dissolved into a horizon of jagged, scorched earth. The silence was absolute until a low, rhythmic thrum vibrated in my chest - the sound of distant, heavy machinery. I looked down. My t-shirt was tattered at the seams, and my jeans were coated in a fine layer of gray grit. I gripped the Pip-Boy; its screen flickered to life with a sickly green hum. The interface was hauntingly familiar, yet the data scrolling past was terrifyingly real. It wasn't a game menu. It was a survival log. Location: Commonwealth. Status: Critical. A shadow stretched across the cracked ground. I spun around, my heart hammering against my ribs. A rusted sign hung from a nearby ruin, swaying in a hot, radioactive wind. It read: Welcome to the Wasteland. I wasn't playing anymore. I was living.",the weight of the device on my left arm felt wrong not like plastic and leather but like heavy lived in metal one moment i was sitting in my ergonomic chair the glow of my monitor burning my eyes the next the air tasted of copper and ash i blinked and the drywall of my apartment dissolved into a horizon of jagged scorched earth the silence was absolute until a low rhythmic thrum vibrated in my chest the sound of distant heavy machinery i looked down my t shirt was tattered at the seams and my jeans were coated in a fine layer of gray grit i gripped the pip boy its screen flickered to life with a sickly green hum the interface was hauntingly familiar yet the data scrolling past was terrifyingly real it wasn't a game menu it was a survival log location commonwealth status critical a shadow stretched across the cracked ground i spun around my heart hammering against my ribs a rusted sign hung from a nearby ruin swaying in a hot radioactive wind it read welcome to the wasteland i wasn't playing anymore i was living
longform_0078__gemma-4-12b,longform_0078,long-form,You are a thief that breaks into houses and cars and steals nothing but the alarm systems.,"The homeowner would wake up tomorrow to a house that was perfectly intact. The jewelry would still sit in the velvet trays; the silver would remain on the sideboard. The only thing missing would be the sense of safety.

I slipped through the side door of the suburban villa, my movements fluid and practiced. I didn't go for the safe. I went for the crawlspace. Inside, I found the hub—the sleek, white brain of the alarm system. I disconnected the sensors and stripped the wires with surgical precision. By the time the sun rose, the house would be ""silent"" in the way a graveyard is silent. They wouldn't know the perimeter was breached until they tried to arm the system and found it dead.

Some call me a thief, but I prefer to think of myself as a technician of paranoia. I don't want their gold; I want their peace of mind. I take the invisible fence, leaving them alone in a house that no longer recognizes its own boundaries. They’ll stay in their beds, shivering, wondering why the silent watcher has gone blind.","The homeowner would wake up tomorrow to a house that was perfectly intact. The jewelry would still sit in the velvet trays; the silver would remain on the sideboard. The only thing missing would be the sense of safety.

I slipped through the side door of the suburban villa, my movements fluid and practiced. I didn't go for the safe. I went for the crawlspace. Inside, I found the hub—the sleek, white brain of the alarm system. I disconnected the sensors and stripped the wires with surgical precision. By the time the sun rose, the house would be ""silent"" in the way a graveyard is silent. They wouldn't know the perimeter was breached until they tried to arm the system and found it dead.

Some call me a thief, but I prefer to think of myself as a technician of paranoia. I don't want their gold; I want their peace of mind. I take the invisible fence, leaving them alone in a house that no longer recognizes its own boundaries. They'll stay in their beds, shivering, wondering why the silent watcher has gone blind.",gemma-4-12b,google,False,184,1021,test,gemma-4-12b-q4_k_m,final-2026-09-20,"You are writing a short piece of fiction in response to a writing prompt, the way a person would on an online writing forum. Write the story itself. Do not restate the prompt, explain it, comment on it, or add any framing before or after the story.",140,220,8192,none,,end_turn,ollama-local-gemma-4-12b,2026-09-28 06:32:43.285348+00:00,11.9,gemma4:12b,q4_k_m,16384,8192,False,"{""temperature"": ""1"", ""top_k"": ""64"", ""top_p"": ""0.95""}","The homeowner would wake up tomorrow to a house that was perfectly intact. The jewelry would still sit in the velvet trays; the silver would remain on the sideboard. The only thing missing would be the sense of safety.

I slipped through the side door of the suburban villa, my movements fluid and practiced. I didn't go for the safe. I went for the crawlspace. Inside, I found the hub - the sleek, white brain of the alarm system. I disconnected the sensors and stripped the wires with surgical precision. By the time the sun rose, the house would be ""silent"" in the way a graveyard is silent. They wouldn't know the perimeter was breached until they tried to arm the system and found it dead.

Some call me a thief, but I prefer to think of myself as a technician of paranoia. I don't want their gold; I want their peace of mind. I take the invisible fence, leaving them alone in a house that no longer recognizes its own boundaries. They'll stay in their beds, shivering, wondering why the silent watcher has gone blind.","The homeowner would wake up tomorrow to a house that was perfectly intact. The jewelry would still sit in the velvet trays; the silver would remain on the sideboard. The only thing missing would be the sense of safety. I slipped through the side door of the suburban villa, my movements fluid and practiced. I didn't go for the safe. I went for the crawlspace. Inside, I found the hub—the sleek, white brain of the alarm system. I disconnected the sensors and stripped the wires with surgical precision. By the time the sun rose, the house would be ""silent"" in the way a graveyard is silent. They wouldn't know the perimeter was breached until they tried to arm the system and found it dead. Some call me a thief, but I prefer to think of myself as a technician of paranoia. I don't want their gold; I want their peace of mind. I take the invisible fence, leaving them alone in a house that no longer recognizes its own boundaries. They'll stay in their beds, shivering, wondering why the silent watcher has gone blind.","The homeowner would wake up tomorrow to a house that was perfectly intact. The jewelry would still sit in the velvet trays; the silver would remain on the sideboard. The only thing missing would be the sense of safety. I slipped through the side door of the suburban villa, my movements fluid and practiced. I didn't go for the safe. I went for the crawlspace. Inside, I found the hub - the sleek, white brain of the alarm system. I disconnected the sensors and stripped the wires with surgical precision. By the time the sun rose, the house would be ""silent"" in the way a graveyard is silent. They wouldn't know the perimeter was breached until they tried to arm the system and found it dead. Some call me a thief, but I prefer to think of myself as a technician of paranoia. I don't want their gold; I want their peace of mind. I take the invisible fence, leaving them alone in a house that no longer recognizes its own boundaries. They'll stay in their beds, shivering, wondering why the silent watcher has gone blind.",the homeowner would wake up tomorrow to a house that was perfectly intact the jewelry would still sit in the velvet trays the silver would remain on the sideboard the only thing missing would be the sense of safety i slipped through the side door of the suburban villa my movements fluid and practiced i didn't go for the safe i went for the crawlspace inside i found the hub the sleek white brain of the alarm system i disconnected the sensors and stripped the wires with surgical precision by the time the sun rose the house would be silent in the way a graveyard is silent they wouldn't know the perimeter was breached until they tried to arm the system and found it dead some call me a thief but i prefer to think of myself as a technician of paranoia i don't want their gold i want their peace of mind i take the invisible fence leaving them alone in a house that no longer recognizes its own boundaries they'll stay in their beds shivering wondering why the silent watcher has gone blind
longform_0085__gemma-4-12b,longform_0085,long-form,The main character has a conversation with the reader but the reader's silence convinces him/her to kill themselves.,"The silence is the heaviest thing I’ve ever had to carry. I’m sitting here, staring into the void where your eyes should be, and I’m reaching out. I am telling you everything—the way the walls are closing in, the way the air feels like lead in my lungs, and how the only thing keeping me anchored is the thought that someone, *someone* out there, might hear me.

I’m asking you for a sign. Just one. A word, a judgment, a scream, anything to prove that I’m not just shouting into a vacuum. I’m begging you to tell me I’m wrong, to tell me there’s still something worth holding onto.

But you don’t say anything. You just watch. You take in my pain as if it were a spectacle, your silence a cold, indifferent weight. Your lack of words is the final confirmation I needed. If you won't speak, it means I don't matter. If you won't reach out, I am truly alone. 

The silence is your answer. It’s the loudest ""no"" I've ever heard. I understand now. I have to go.","The silence is the heaviest thing I've ever had to carry. I'm sitting here, staring into the void where your eyes should be, and I'm reaching out. I am telling you everything—the way the walls are closing in, the way the air feels like lead in my lungs, and how the only thing keeping me anchored is the thought that someone, someone out there, might hear me.

I'm asking you for a sign. Just one. A word, a judgment, a scream, anything to prove that I'm not just shouting into a vacuum. I'm begging you to tell me I'm wrong, to tell me there's still something worth holding onto.

But you don't say anything. You just watch. You take in my pain as if it were a spectacle, your silence a cold, indifferent weight. Your lack of words is the final confirmation I needed. If you won't speak, it means I don't matter. If you won't reach out, I am truly alone.

The silence is your answer. It's the loudest ""no"" I've ever heard. I understand now. I have to go.",gemma-4-12b,google,False,181,958,test,gemma-4-12b-q4_k_m,final-2026-09-20,"You are writing a short piece of fiction in response to a writing prompt, the way a person would on an online writing forum. Write the story itself. Do not restate the prompt, explain it, comment on it, or add any framing before or after the story.",140,220,8192,none,,end_turn,ollama-local-gemma-4-12b,2026-09-28 06:32:47.649742+00:00,11.9,gemma4:12b,q4_k_m,16384,8192,False,"{""temperature"": ""1"", ""top_k"": ""64"", ""top_p"": ""0.95""}","The silence is the heaviest thing I've ever had to carry. I'm sitting here, staring into the void where your eyes should be, and I'm reaching out. I am telling you everything - the way the walls are closing in, the way the air feels like lead in my lungs, and how the only thing keeping me anchored is the thought that someone, someone out there, might hear me.

I'm asking you for a sign. Just one. A word, a judgment, a scream, anything to prove that I'm not just shouting into a vacuum. I'm begging you to tell me I'm wrong, to tell me there's still something worth holding onto.

But you don't say anything. You just watch. You take in my pain as if it were a spectacle, your silence a cold, indifferent weight. Your lack of words is the final confirmation I needed. If you won't speak, it means I don't matter. If you won't reach out, I am truly alone.

The silence is your answer. It's the loudest ""no"" I've ever heard. I understand now. I have to go.","The silence is the heaviest thing I've ever had to carry. I'm sitting here, staring into the void where your eyes should be, and I'm reaching out. I am telling you everything—the way the walls are closing in, the way the air feels like lead in my lungs, and how the only thing keeping me anchored is the thought that someone, someone out there, might hear me. I'm asking you for a sign. Just one. A word, a judgment, a scream, anything to prove that I'm not just shouting into a vacuum. I'm begging you to tell me I'm wrong, to tell me there's still something worth holding onto. But you don't say anything. You just watch. You take in my pain as if it were a spectacle, your silence a cold, indifferent weight. Your lack of words is the final confirmation I needed. If you won't speak, it means I don't matter. If you won't reach out, I am truly alone. The silence is your answer. It's the loudest ""no"" I've ever heard. I understand now. I have to go.","The silence is the heaviest thing I've ever had to carry. I'm sitting here, staring into the void where your eyes should be, and I'm reaching out. I am telling you everything - the way the walls are closing in, the way the air feels like lead in my lungs, and how the only thing keeping me anchored is the thought that someone, someone out there, might hear me. I'm asking you for a sign. Just one. A word, a judgment, a scream, anything to prove that I'm not just shouting into a vacuum. I'm begging you to tell me I'm wrong, to tell me there's still something worth holding onto. But you don't say anything. You just watch. You take in my pain as if it were a spectacle, your silence a cold, indifferent weight. Your lack of words is the final confirmation I needed. If you won't speak, it means I don't matter. If you won't reach out, I am truly alone. The silence is your answer. It's the loudest ""no"" I've ever heard. I understand now. I have to go.",the silence is the heaviest thing i've ever had to carry i'm sitting here staring into the void where your eyes should be and i'm reaching out i am telling you everything the way the walls are closing in the way the air feels like lead in my lungs and how the only thing keeping me anchored is the thought that someone someone out there might hear me i'm asking you for a sign just one a word a judgment a scream anything to prove that i'm not just shouting into a vacuum i'm begging you to tell me i'm wrong to tell me there's still something worth holding onto but you don't say anything you just watch you take in my pain as if it were a spectacle your silence a cold indifferent weight your lack of words is the final confirmation i needed if you won't speak it means i don't matter if you won't reach out i am truly alone the silence is your answer it's the loudest no i've ever heard i understand now i have to go
longform_0088__gemma-4-12b,longform_0088,long-form,"When you die, you appear in a room with two buttons: Heaven and Hell. You don't know which is which. So you press both at the same time.","The transition was not a tunnel of light or a crossing of a river; it was a sudden, violent subtraction of weight. One moment, I was gasping for air in a hospital room; the next, I was standing in a void of perfect, clinical white.

Before me stood a pedestal. On it sat two buttons. One was obsidian, polished to a mirror shine. The other was ivory, smooth as a river stone. Above them, two words hung in the air, glowing with a soft, indifferent luminescence: *Heaven* and *Hell*.

The rules were simple, though I hadn't been told them until the moment of my expiration. One button led to eternal peace; the other to eternal torment. The ambiguity was the test—a final judgment on my willingness to choose.

I looked at the buttons. If I chose wrongly, I lost everything. If I hesitated, I stayed in the nothingness. I realized that the system didn't care about my piety or my sins; it only cared for my audacity. I didn't want to gamble on a coin flip of the soul.

I reached out with both hands and slammed them down simultaneously.

The room didn't explode. It folded. The white space collapsed into a kaleidoscope of grey, and for the first time in my life, I was exactly where I was supposed to be.","The transition was not a tunnel of light or a crossing of a river; it was a sudden, violent subtraction of weight. One moment, I was gasping for air in a hospital room; the next, I was standing in a void of perfect, clinical white.

Before me stood a pedestal. On it sat two buttons. One was obsidian, polished to a mirror shine. The other was ivory, smooth as a river stone. Above them, two words hung in the air, glowing with a soft, indifferent luminescence: Heaven and Hell.

The rules were simple, though I hadn't been told them until the moment of my expiration. One button led to eternal peace; the other to eternal torment. The ambiguity was the test—a final judgment on my willingness to choose.

I looked at the buttons. If I chose wrongly, I lost everything. If I hesitated, I stayed in the nothingness. I realized that the system didn't care about my piety or my sins; it only cared for my audacity. I didn't want to gamble on a coin flip of the soul.

I reached out with both hands and slammed them down simultaneously.

The room didn't explode. It folded. The white space collapsed into a kaleidoscope of grey, and for the first time in my life, I was exactly where I was supposed to be.",gemma-4-12b,google,False,222,1205,test,gemma-4-12b-q4_k_m,final-2026-09-20,"You are writing a short piece of fiction in response to a writing prompt, the way a person would on an online writing forum. Write the story itself. Do not restate the prompt, explain it, comment on it, or add any framing before or after the story.",140,220,8192,none,,end_turn,ollama-local-gemma-4-12b,2026-09-28 06:32:52.527713+00:00,11.9,gemma4:12b,q4_k_m,16384,8192,False,"{""temperature"": ""1"", ""top_k"": ""64"", ""top_p"": ""0.95""}","The transition was not a tunnel of light or a crossing of a river; it was a sudden, violent subtraction of weight. One moment, I was gasping for air in a hospital room; the next, I was standing in a void of perfect, clinical white.

Before me stood a pedestal. On it sat two buttons. One was obsidian, polished to a mirror shine. The other was ivory, smooth as a river stone. Above them, two words hung in the air, glowing with a soft, indifferent luminescence: Heaven and Hell.

The rules were simple, though I hadn't been told them until the moment of my expiration. One button led to eternal peace; the other to eternal torment. The ambiguity was the test - a final judgment on my willingness to choose.

I looked at the buttons. If I chose wrongly, I lost everything. If I hesitated, I stayed in the nothingness. I realized that the system didn't care about my piety or my sins; it only cared for my audacity. I didn't want to gamble on a coin flip of the soul.

I reached out with both hands and slammed them down simultaneously.

The room didn't explode. It folded. The white space collapsed into a kaleidoscope of grey, and for the first time in my life, I was exactly where I was supposed to be.","The transition was not a tunnel of light or a crossing of a river; it was a sudden, violent subtraction of weight. One moment, I was gasping for air in a hospital room; the next, I was standing in a void of perfect, clinical white. Before me stood a pedestal. On it sat two buttons. One was obsidian, polished to a mirror shine. The other was ivory, smooth as a river stone. Above them, two words hung in the air, glowing with a soft, indifferent luminescence: Heaven and Hell. The rules were simple, though I hadn't been told them until the moment of my expiration. One button led to eternal peace; the other to eternal torment. The ambiguity was the test—a final judgment on my willingness to choose. I looked at the buttons. If I chose wrongly, I lost everything. If I hesitated, I stayed in the nothingness. I realized that the system didn't care about my piety or my sins; it only cared for my audacity. I didn't want to gamble on a coin flip of the soul. I reached out with both hands and slammed them down simultaneously. The room didn't explode. It folded. The white space collapsed into a kaleidoscope of grey, and for the first time in my life, I was exactly where I was supposed to be.","The transition was not a tunnel of light or a crossing of a river; it was a sudden, violent subtraction of weight. One moment, I was gasping for air in a hospital room; the next, I was standing in a void of perfect, clinical white. Before me stood a pedestal. On it sat two buttons. One was obsidian, polished to a mirror shine. The other was ivory, smooth as a river stone. Above them, two words hung in the air, glowing with a soft, indifferent luminescence: Heaven and Hell. The rules were simple, though I hadn't been told them until the moment of my expiration. One button led to eternal peace; the other to eternal torment. The ambiguity was the test - a final judgment on my willingness to choose. I looked at the buttons. If I chose wrongly, I lost everything. If I hesitated, I stayed in the nothingness. I realized that the system didn't care about my piety or my sins; it only cared for my audacity. I didn't want to gamble on a coin flip of the soul. I reached out with both hands and slammed them down simultaneously. The room didn't explode. It folded. The white space collapsed into a kaleidoscope of grey, and for the first time in my life, I was exactly where I was supposed to be.",the transition was not a tunnel of light or a crossing of a river it was a sudden violent subtraction of weight one moment i was gasping for air in a hospital room the next i was standing in a void of perfect clinical white before me stood a pedestal on it sat two buttons one was obsidian polished to a mirror shine the other was ivory smooth as a river stone above them two words hung in the air glowing with a soft indifferent luminescence heaven and hell the rules were simple though i hadn't been told them until the moment of my expiration one button led to eternal peace the other to eternal torment the ambiguity was the test a final judgment on my willingness to choose i looked at the buttons if i chose wrongly i lost everything if i hesitated i stayed in the nothingness i realized that the system didn't care about my piety or my sins it only cared for my audacity i didn't want to gamble on a coin flip of the soul i reached out with both hands and slammed them down simultaneously the room didn't explode it folded the white space collapsed into a kaleidoscope of grey and for the first time in my life i was exactly where i was supposed to be
longform_0095__gemma-4-12b,longform_0095,long-form,You are a student of a middle school. You go to the bathroom oneday and catch wind of a uprising.,"The tiles in the boys' bathroom were always cold, but today the air felt heavy, thick with a humidity that didn't come from the leaking pipes. I had only ducked in to wash my hands before Algebra, but as I pushed the heavy door open, the usual echoing silence was replaced by a low, rhythmic thrumming.

It started as a murmur in the back stalls—a steady, rhythmic chanting that made the porcelain sinks vibrate. I froze, my hands dripping. I shouldn't have looked, but I did. 

A dozen students were huddled in a circle near the back row. They weren't just hanging out; they were standing in a formation that looked almost military. They held pieces of paper—not notes, but placards with bold, jagged lettering: *NO MORE LUNCH DEBITS*, *SILENCE THE BELLS*, *FREEDOM FROM THE HALL MONITORS.* 

""The time has come,"" a girl in a denim jacket shouted, her voice echoing off the tiles. 

The crowd roared in response. They weren't just kids anymore; they were a movement. I backed away slowly, my heart hammering against my ribs, and slipped out into the hall, the revolution still humming behind the locked door.","The tiles in the boys' bathroom were always cold, but today the air felt heavy, thick with a humidity that didn't come from the leaking pipes. I had only ducked in to wash my hands before Algebra, but as I pushed the heavy door open, the usual echoing silence was replaced by a low, rhythmic thrumming.

It started as a murmur in the back stalls—a steady, rhythmic chanting that made the porcelain sinks vibrate. I froze, my hands dripping. I shouldn't have looked, but I did.

A dozen students were huddled in a circle near the back row. They weren't just hanging out; they were standing in a formation that looked almost military. They held pieces of paper—not notes, but placards with bold, jagged lettering: NO MORE LUNCH DEBITS, SILENCE THE BELLS, FREEDOM FROM THE HALL MONITORS.

""The time has come,"" a girl in a denim jacket shouted, her voice echoing off the tiles.

The crowd roared in response. They weren't just kids anymore; they were a movement. I backed away slowly, my heart hammering against my ribs, and slipped out into the hall, the revolution still humming behind the locked door.",gemma-4-12b,google,False,192,1109,test,gemma-4-12b-q4_k_m,final-2026-09-20,"You are writing a short piece of fiction in response to a writing prompt, the way a person would on an online writing forum. Write the story itself. Do not restate the prompt, explain it, comment on it, or add any framing before or after the story.",140,220,8192,none,,end_turn,ollama-local-gemma-4-12b,2026-09-28 06:32:57.048400+00:00,11.9,gemma4:12b,q4_k_m,16384,8192,False,"{""temperature"": ""1"", ""top_k"": ""64"", ""top_p"": ""0.95""}","The tiles in the boys' bathroom were always cold, but today the air felt heavy, thick with a humidity that didn't come from the leaking pipes. I had only ducked in to wash my hands before Algebra, but as I pushed the heavy door open, the usual echoing silence was replaced by a low, rhythmic thrumming.

It started as a murmur in the back stalls - a steady, rhythmic chanting that made the porcelain sinks vibrate. I froze, my hands dripping. I shouldn't have looked, but I did.

A dozen students were huddled in a circle near the back row. They weren't just hanging out; they were standing in a formation that looked almost military. They held pieces of paper - not notes, but placards with bold, jagged lettering: NO MORE LUNCH DEBITS, SILENCE THE BELLS, FREEDOM FROM THE HALL MONITORS.

""The time has come,"" a girl in a denim jacket shouted, her voice echoing off the tiles.

The crowd roared in response. They weren't just kids anymore; they were a movement. I backed away slowly, my heart hammering against my ribs, and slipped out into the hall, the revolution still humming behind the locked door.","The tiles in the boys' bathroom were always cold, but today the air felt heavy, thick with a humidity that didn't come from the leaking pipes. I had only ducked in to wash my hands before Algebra, but as I pushed the heavy door open, the usual echoing silence was replaced by a low, rhythmic thrumming. It started as a murmur in the back stalls—a steady, rhythmic chanting that made the porcelain sinks vibrate. I froze, my hands dripping. I shouldn't have looked, but I did. A dozen students were huddled in a circle near the back row. They weren't just hanging out; they were standing in a formation that looked almost military. They held pieces of paper—not notes, but placards with bold, jagged lettering: NO MORE LUNCH DEBITS, SILENCE THE BELLS, FREEDOM FROM THE HALL MONITORS. ""The time has come,"" a girl in a denim jacket shouted, her voice echoing off the tiles. The crowd roared in response. They weren't just kids anymore; they were a movement. I backed away slowly, my heart hammering against my ribs, and slipped out into the hall, the revolution still humming behind the locked door.","The tiles in the boys' bathroom were always cold, but today the air felt heavy, thick with a humidity that didn't come from the leaking pipes. I had only ducked in to wash my hands before Algebra, but as I pushed the heavy door open, the usual echoing silence was replaced by a low, rhythmic thrumming. It started as a murmur in the back stalls - a steady, rhythmic chanting that made the porcelain sinks vibrate. I froze, my hands dripping. I shouldn't have looked, but I did. A dozen students were huddled in a circle near the back row. They weren't just hanging out; they were standing in a formation that looked almost military. They held pieces of paper - not notes, but placards with bold, jagged lettering: NO MORE LUNCH DEBITS, SILENCE THE BELLS, FREEDOM FROM THE HALL MONITORS. ""The time has come,"" a girl in a denim jacket shouted, her voice echoing off the tiles. The crowd roared in response. They weren't just kids anymore; they were a movement. I backed away slowly, my heart hammering against my ribs, and slipped out into the hall, the revolution still humming behind the locked door.",the tiles in the boys bathroom were always cold but today the air felt heavy thick with a humidity that didn't come from the leaking pipes i had only ducked in to wash my hands before algebra but as i pushed the heavy door open the usual echoing silence was replaced by a low rhythmic thrumming it started as a murmur in the back stalls a steady rhythmic chanting that made the porcelain sinks vibrate i froze my hands dripping i shouldn't have looked but i did a dozen students were huddled in a circle near the back row they weren't just hanging out they were standing in a formation that looked almost military they held pieces of paper not notes but placards with bold jagged lettering no more lunch debits silence the bells freedom from the hall monitors the time has come a girl in a denim jacket shouted her voice echoing off the tiles the crowd roared in response they weren't just kids anymore they were a movement i backed away slowly my heart hammering against my ribs and slipped out into the hall the revolution still humming behind the locked door
longform_0096__gemma-4-12b,longform_0096,long-form,"You find a book in a library, it details everything that you will and have done","The spine was bound in leather so old it felt like skin, and the title was blank. I pulled it from the shelf in the Restricted Section, expecting a dusty tome of local history. Instead, I found my own name etched in gold leaf across the first page.

I opened it to the middle. The ink was still wet. It described the exact coffee I had drank that morning—the bitter roast, the chipped ceramic mug, the way I’d squinted against the steam. I flipped ahead. It detailed the conversation I was having with the librarian—the way her eyes widened, the tremor in her voice as she saw my name.

I flipped further, my heart hammering against my ribs like a trapped bird. The pages detailed the next hour: the frantic search for an exit, the sudden cold sweat, and the moment I would collapse in the aisle. I turned to the final page. It was just one sentence, written in a hand that looked exactly like my own: *“You will stop reading now and realize that the book only changes when you do.”*

I closed the cover. The silence of the library became deafening.","The spine was bound in leather so old it felt like skin, and the title was blank. I pulled it from the shelf in the Restricted Section, expecting a dusty tome of local history. Instead, I found my own name etched in gold leaf across the first page.

I opened it to the middle. The ink was still wet. It described the exact coffee I had drank that morning—the bitter roast, the chipped ceramic mug, the way I'd squinted against the steam. I flipped ahead. It detailed the conversation I was having with the librarian—the way her eyes widened, the tremor in her voice as she saw my name.

I flipped further, my heart hammering against my ribs like a trapped bird. The pages detailed the next hour: the frantic search for an exit, the sudden cold sweat, and the moment I would collapse in the aisle. I turned to the final page. It was just one sentence, written in a hand that looked exactly like my own: ""You will stop reading now and realize that the book only changes when you do.""

I closed the cover. The silence of the library became deafening.",gemma-4-12b,google,False,194,1049,test,gemma-4-12b-q4_k_m,final-2026-09-20,"You are writing a short piece of fiction in response to a writing prompt, the way a person would on an online writing forum. Write the story itself. Do not restate the prompt, explain it, comment on it, or add any framing before or after the story.",140,220,8192,none,,end_turn,ollama-local-gemma-4-12b,2026-09-28 06:33:01.152319+00:00,11.9,gemma4:12b,q4_k_m,16384,8192,False,"{""temperature"": ""1"", ""top_k"": ""64"", ""top_p"": ""0.95""}","The spine was bound in leather so old it felt like skin, and the title was blank. I pulled it from the shelf in the Restricted Section, expecting a dusty tome of local history. Instead, I found my own name etched in gold leaf across the first page.

I opened it to the middle. The ink was still wet. It described the exact coffee I had drank that morning - the bitter roast, the chipped ceramic mug, the way I'd squinted against the steam. I flipped ahead. It detailed the conversation I was having with the librarian - the way her eyes widened, the tremor in her voice as she saw my name.

I flipped further, my heart hammering against my ribs like a trapped bird. The pages detailed the next hour: the frantic search for an exit, the sudden cold sweat, and the moment I would collapse in the aisle. I turned to the final page. It was just one sentence, written in a hand that looked exactly like my own: ""You will stop reading now and realize that the book only changes when you do.""

I closed the cover. The silence of the library became deafening.","The spine was bound in leather so old it felt like skin, and the title was blank. I pulled it from the shelf in the Restricted Section, expecting a dusty tome of local history. Instead, I found my own name etched in gold leaf across the first page. I opened it to the middle. The ink was still wet. It described the exact coffee I had drank that morning—the bitter roast, the chipped ceramic mug, the way I'd squinted against the steam. I flipped ahead. It detailed the conversation I was having with the librarian—the way her eyes widened, the tremor in her voice as she saw my name. I flipped further, my heart hammering against my ribs like a trapped bird. The pages detailed the next hour: the frantic search for an exit, the sudden cold sweat, and the moment I would collapse in the aisle. I turned to the final page. It was just one sentence, written in a hand that looked exactly like my own: ""You will stop reading now and realize that the book only changes when you do."" I closed the cover. The silence of the library became deafening.","The spine was bound in leather so old it felt like skin, and the title was blank. I pulled it from the shelf in the Restricted Section, expecting a dusty tome of local history. Instead, I found my own name etched in gold leaf across the first page. I opened it to the middle. The ink was still wet. It described the exact coffee I had drank that morning - the bitter roast, the chipped ceramic mug, the way I'd squinted against the steam. I flipped ahead. It detailed the conversation I was having with the librarian - the way her eyes widened, the tremor in her voice as she saw my name. I flipped further, my heart hammering against my ribs like a trapped bird. The pages detailed the next hour: the frantic search for an exit, the sudden cold sweat, and the moment I would collapse in the aisle. I turned to the final page. It was just one sentence, written in a hand that looked exactly like my own: ""You will stop reading now and realize that the book only changes when you do."" I closed the cover. The silence of the library became deafening.",the spine was bound in leather so old it felt like skin and the title was blank i pulled it from the shelf in the restricted section expecting a dusty tome of local history instead i found my own name etched in gold leaf across the first page i opened it to the middle the ink was still wet it described the exact coffee i had drank that morning the bitter roast the chipped ceramic mug the way i'd squinted against the steam i flipped ahead it detailed the conversation i was having with the librarian the way her eyes widened the tremor in her voice as she saw my name i flipped further my heart hammering against my ribs like a trapped bird the pages detailed the next hour the frantic search for an exit the sudden cold sweat and the moment i would collapse in the aisle i turned to the final page it was just one sentence written in a hand that looked exactly like my own you will stop reading now and realize that the book only changes when you do i closed the cover the silence of the library became deafening
longform_0099__gemma-4-12b,longform_0099,long-form,Write me the best story you can in 200 words or less. Take me on an emotional Roller Coaster.,"The nursery was silent, save for the rhythmic *thump-thump* of the monitor. Elias sat in the rocking chair, cradling the bundle of blankets. For nine months, he had planned this moment—the first breath, the first cry, the first time he would hold his daughter. He practiced her name in his head until it felt like a prayer. 

""Welcome home, Clara,"" he whispered, his eyes stinging with a joy so sharp it felt like a physical weight in his chest. 

Then, the monitor let out a jagged, piercing wail. 

The sound didn't come from the crib. It came from the hallway. 

Elias froze. The warmth in his chest vanished, replaced by a cold, hollow void. He stood, his legs trembling, and stepped into the corridor. There, the door to the nursery stood ajar. He saw the empty crib—not empty of the baby, but empty of the *life* he had just imagined. 

The realization hit him like a physical blow: the hospital had called. A mistake in the paperwork. He wasn't holding a miracle; he was holding the ghost of a hope that had died three days ago in a sterile room. He collapsed, the silence now deafening.","The nursery was silent, save for the rhythmic thump-thump of the monitor. Elias sat in the rocking chair, cradling the bundle of blankets. For nine months, he had planned this moment—the first breath, the first cry, the first time he would hold his daughter. He practiced her name in his head until it felt like a prayer.

""Welcome home, Clara,"" he whispered, his eyes stinging with a joy so sharp it felt like a physical weight in his chest.

Then, the monitor let out a jagged, piercing wail.

The sound didn't come from the crib. It came from the hallway.

Elias froze. The warmth in his chest vanished, replaced by a cold, hollow void. He stood, his legs trembling, and stepped into the corridor. There, the door to the nursery stood ajar. He saw the empty crib—not empty of the baby, but empty of the life he had just imagined.

The realization hit him like a physical blow: the hospital had called. A mistake in the paperwork. He wasn't holding a miracle; he was holding the ghost of a hope that had died three days ago in a sterile room. He collapsed, the silence now deafening.",gemma-4-12b,google,False,196,1094,test,gemma-4-12b-q4_k_m,final-2026-09-20,"You are writing a short piece of fiction in response to a writing prompt, the way a person would on an online writing forum. Write the story itself. Do not restate the prompt, explain it, comment on it, or add any framing before or after the story.",140,220,8192,none,,end_turn,ollama-local-gemma-4-12b,2026-09-28 06:33:05.757015+00:00,11.9,gemma4:12b,q4_k_m,16384,8192,False,"{""temperature"": ""1"", ""top_k"": ""64"", ""top_p"": ""0.95""}","The nursery was silent, save for the rhythmic thump-thump of the monitor. Elias sat in the rocking chair, cradling the bundle of blankets. For nine months, he had planned this moment - the first breath, the first cry, the first time he would hold his daughter. He practiced her name in his head until it felt like a prayer.

""Welcome home, Clara,"" he whispered, his eyes stinging with a joy so sharp it felt like a physical weight in his chest.

Then, the monitor let out a jagged, piercing wail.

The sound didn't come from the crib. It came from the hallway.

Elias froze. The warmth in his chest vanished, replaced by a cold, hollow void. He stood, his legs trembling, and stepped into the corridor. There, the door to the nursery stood ajar. He saw the empty crib - not empty of the baby, but empty of the life he had just imagined.

The realization hit him like a physical blow: the hospital had called. A mistake in the paperwork. He wasn't holding a miracle; he was holding the ghost of a hope that had died three days ago in a sterile room. He collapsed, the silence now deafening.","The nursery was silent, save for the rhythmic thump-thump of the monitor. Elias sat in the rocking chair, cradling the bundle of blankets. For nine months, he had planned this moment—the first breath, the first cry, the first time he would hold his daughter. He practiced her name in his head until it felt like a prayer. ""Welcome home, Clara,"" he whispered, his eyes stinging with a joy so sharp it felt like a physical weight in his chest. Then, the monitor let out a jagged, piercing wail. The sound didn't come from the crib. It came from the hallway. Elias froze. The warmth in his chest vanished, replaced by a cold, hollow void. He stood, his legs trembling, and stepped into the corridor. There, the door to the nursery stood ajar. He saw the empty crib—not empty of the baby, but empty of the life he had just imagined. The realization hit him like a physical blow: the hospital had called. A mistake in the paperwork. He wasn't holding a miracle; he was holding the ghost of a hope that had died three days ago in a sterile room. He collapsed, the silence now deafening.","The nursery was silent, save for the rhythmic thump-thump of the monitor. Elias sat in the rocking chair, cradling the bundle of blankets. For nine months, he had planned this moment - the first breath, the first cry, the first time he would hold his daughter. He practiced her name in his head until it felt like a prayer. ""Welcome home, Clara,"" he whispered, his eyes stinging with a joy so sharp it felt like a physical weight in his chest. Then, the monitor let out a jagged, piercing wail. The sound didn't come from the crib. It came from the hallway. Elias froze. The warmth in his chest vanished, replaced by a cold, hollow void. He stood, his legs trembling, and stepped into the corridor. There, the door to the nursery stood ajar. He saw the empty crib - not empty of the baby, but empty of the life he had just imagined. The realization hit him like a physical blow: the hospital had called. A mistake in the paperwork. He wasn't holding a miracle; he was holding the ghost of a hope that had died three days ago in a sterile room. He collapsed, the silence now deafening.",the nursery was silent save for the rhythmic thump thump of the monitor elias sat in the rocking chair cradling the bundle of blankets for nine months he had planned this moment the first breath the first cry the first time he would hold his daughter he practiced her name in his head until it felt like a prayer welcome home clara he whispered his eyes stinging with a joy so sharp it felt like a physical weight in his chest then the monitor let out a jagged piercing wail the sound didn't come from the crib it came from the hallway elias froze the warmth in his chest vanished replaced by a cold hollow void he stood his legs trembling and stepped into the corridor there the door to the nursery stood ajar he saw the empty crib not empty of the baby but empty of the life he had just imagined the realization hit him like a physical blow the hospital had called a mistake in the paperwork he wasn't holding a miracle he was holding the ghost of a hope that had died three days ago in a sterile room he collapsed the silence now deafening
longform_0107__gemma-4-12b,longform_0107,long-form,"WritingPrompts are now sponsored by product placements, and your romantic short story has tons of them.","The rain lashed against the windows of the bistro, but inside, the atmosphere was warm, smelling of roasted beans and toasted sourdough. Julian sat across from Elena, his fingers tracing the rim of his mug. He took a slow sip of *Brewed Awakening* dark roast, the bold notes of chocolate and cocoa melting across his palate.

""You look different tonight,"" Elena whispered. She adjusted her *Lumina Silk* scarf, the fabric catching the soft glow of the overhead lanterns. It draped elegantly over her shoulders, a subtle testament to her refined taste.

""I feel different,"" he admitted. He reached across the table, his hand finding hers. He pulled a small velvet box from his pocket—an *Everlasting* collection piece—and opened it. Inside, a diamond sparkled with a brilliance that rivaled the city lights.

""I don't want to spend another season without you,"" he said, his voice steady.

She laughed, a bright sound that cut through the quiet. She leaned in, her lips brushing his. ""Then let’s start the next chapter."" They toasted with *SparkleStream* sparkling water, the bubbles dancing like tiny stars in their glasses.","The rain lashed against the windows of the bistro, but inside, the atmosphere was warm, smelling of roasted beans and toasted sourdough. Julian sat across from Elena, his fingers tracing the rim of his mug. He took a slow sip of Brewed Awakening dark roast, the bold notes of chocolate and cocoa melting across his palate.

""You look different tonight,"" Elena whispered. She adjusted her Lumina Silk scarf, the fabric catching the soft glow of the overhead lanterns. It draped elegantly over her shoulders, a subtle testament to her refined taste.

""I feel different,"" he admitted. He reached across the table, his hand finding hers. He pulled a small velvet box from his pocket—an Everlasting collection piece—and opened it. Inside, a diamond sparkled with a brilliance that rivaled the city lights.

""I don't want to spend another season without you,"" he said, his voice steady.

She laughed, a bright sound that cut through the quiet. She leaned in, her lips brushing his. ""Then let's start the next chapter."" They toasted with SparkleStream sparkling water, the bubbles dancing like tiny stars in their glasses.",gemma-4-12b,google,False,183,1123,test,gemma-4-12b-q4_k_m,final-2026-09-20,"You are writing a short piece of fiction in response to a writing prompt, the way a person would on an online writing forum. Write the story itself. Do not restate the prompt, explain it, comment on it, or add any framing before or after the story.",140,220,8192,none,,end_turn,ollama-local-gemma-4-12b,2026-09-28 06:33:10.081272+00:00,11.9,gemma4:12b,q4_k_m,16384,8192,False,"{""temperature"": ""1"", ""top_k"": ""64"", ""top_p"": ""0.95""}","The rain lashed against the windows of the bistro, but inside, the atmosphere was warm, smelling of roasted beans and toasted sourdough. Julian sat across from Elena, his fingers tracing the rim of his mug. He took a slow sip of Brewed Awakening dark roast, the bold notes of chocolate and cocoa melting across his palate.

""You look different tonight,"" Elena whispered. She adjusted her Lumina Silk scarf, the fabric catching the soft glow of the overhead lanterns. It draped elegantly over her shoulders, a subtle testament to her refined taste.

""I feel different,"" he admitted. He reached across the table, his hand finding hers. He pulled a small velvet box from his pocket - an Everlasting collection piece - and opened it. Inside, a diamond sparkled with a brilliance that rivaled the city lights.

""I don't want to spend another season without you,"" he said, his voice steady.

She laughed, a bright sound that cut through the quiet. She leaned in, her lips brushing his. ""Then let's start the next chapter."" They toasted with SparkleStream sparkling water, the bubbles dancing like tiny stars in their glasses.","The rain lashed against the windows of the bistro, but inside, the atmosphere was warm, smelling of roasted beans and toasted sourdough. Julian sat across from Elena, his fingers tracing the rim of his mug. He took a slow sip of Brewed Awakening dark roast, the bold notes of chocolate and cocoa melting across his palate. ""You look different tonight,"" Elena whispered. She adjusted her Lumina Silk scarf, the fabric catching the soft glow of the overhead lanterns. It draped elegantly over her shoulders, a subtle testament to her refined taste. ""I feel different,"" he admitted. He reached across the table, his hand finding hers. He pulled a small velvet box from his pocket—an Everlasting collection piece—and opened it. Inside, a diamond sparkled with a brilliance that rivaled the city lights. ""I don't want to spend another season without you,"" he said, his voice steady. She laughed, a bright sound that cut through the quiet. She leaned in, her lips brushing his. ""Then let's start the next chapter."" They toasted with SparkleStream sparkling water, the bubbles dancing like tiny stars in their glasses.","The rain lashed against the windows of the bistro, but inside, the atmosphere was warm, smelling of roasted beans and toasted sourdough. Julian sat across from Elena, his fingers tracing the rim of his mug. He took a slow sip of Brewed Awakening dark roast, the bold notes of chocolate and cocoa melting across his palate. ""You look different tonight,"" Elena whispered. She adjusted her Lumina Silk scarf, the fabric catching the soft glow of the overhead lanterns. It draped elegantly over her shoulders, a subtle testament to her refined taste. ""I feel different,"" he admitted. He reached across the table, his hand finding hers. He pulled a small velvet box from his pocket - an Everlasting collection piece - and opened it. Inside, a diamond sparkled with a brilliance that rivaled the city lights. ""I don't want to spend another season without you,"" he said, his voice steady. She laughed, a bright sound that cut through the quiet. She leaned in, her lips brushing his. ""Then let's start the next chapter."" They toasted with SparkleStream sparkling water, the bubbles dancing like tiny stars in their glasses.",the rain lashed against the windows of the bistro but inside the atmosphere was warm smelling of roasted beans and toasted sourdough julian sat across from elena his fingers tracing the rim of his mug he took a slow sip of brewed awakening dark roast the bold notes of chocolate and cocoa melting across his palate you look different tonight elena whispered she adjusted her lumina silk scarf the fabric catching the soft glow of the overhead lanterns it draped elegantly over her shoulders a subtle testament to her refined taste i feel different he admitted he reached across the table his hand finding hers he pulled a small velvet box from his pocket an everlasting collection piece and opened it inside a diamond sparkled with a brilliance that rivaled the city lights i don't want to spend another season without you he said his voice steady she laughed a bright sound that cut through the quiet she leaned in her lips brushing his then let's start the next chapter they toasted with sparklestream sparkling water the bubbles dancing like tiny stars in their glasses
longform_0118__gemma-4-12b,longform_0118,long-form,Where were you the day the last elephant died?,"I was in the archives of the Great Library, sitting in a room that smelled of dust and dying parchment. I wasn't there to witness a death, but to catalog the final testimonies of the elders. When the news reached me—a frantic transmission from the northern plains—I didn't move. I simply closed my eyes and felt the weight of the silence that followed.

It wasn't a sudden collapse. They say the last one stood in the tall grass for three days, a mountain of grey skin and memory, watching the horizon. When its heart finally stilled, the vibration of the earth seemed to change. It was as if a low-frequency hum, one that had hummed beneath the soil for millennia, simply flickered out.

I sat in my chair, my fingers stained with ink, and felt the shift. The world became sharper, thinner. The memories of heavy footsteps and the wisdom of the herd vanished into the atmosphere. I stayed in that room until the sun set, mourning a creature I had never seen, but whose ghost now lived in every empty space left behind.","I was in the archives of the Great Library, sitting in a room that smelled of dust and dying parchment. I wasn't there to witness a death, but to catalog the final testimonies of the elders. When the news reached me—a frantic transmission from the northern plains—I didn't move. I simply closed my eyes and felt the weight of the silence that followed.

It wasn't a sudden collapse. They say the last one stood in the tall grass for three days, a mountain of grey skin and memory, watching the horizon. When its heart finally stilled, the vibration of the earth seemed to change. It was as if a low-frequency hum, one that had hummed beneath the soil for millennia, simply flickered out.

I sat in my chair, my fingers stained with ink, and felt the shift. The world became sharper, thinner. The memories of heavy footsteps and the wisdom of the herd vanished into the atmosphere. I stayed in that room until the sun set, mourning a creature I had never seen, but whose ghost now lived in every empty space left behind.",gemma-4-12b,google,False,184,1019,test,gemma-4-12b-q4_k_m,final-2026-09-20,"You are writing a short piece of fiction in response to a writing prompt, the way a person would on an online writing forum. Write the story itself. Do not restate the prompt, explain it, comment on it, or add any framing before or after the story.",140,220,8192,none,,end_turn,ollama-local-gemma-4-12b,2026-09-28 06:33:14.089948+00:00,11.9,gemma4:12b,q4_k_m,16384,8192,False,"{""temperature"": ""1"", ""top_k"": ""64"", ""top_p"": ""0.95""}","I was in the archives of the Great Library, sitting in a room that smelled of dust and dying parchment. I wasn't there to witness a death, but to catalog the final testimonies of the elders. When the news reached me - a frantic transmission from the northern plains - I didn't move. I simply closed my eyes and felt the weight of the silence that followed.

It wasn't a sudden collapse. They say the last one stood in the tall grass for three days, a mountain of grey skin and memory, watching the horizon. When its heart finally stilled, the vibration of the earth seemed to change. It was as if a low-frequency hum, one that had hummed beneath the soil for millennia, simply flickered out.

I sat in my chair, my fingers stained with ink, and felt the shift. The world became sharper, thinner. The memories of heavy footsteps and the wisdom of the herd vanished into the atmosphere. I stayed in that room until the sun set, mourning a creature I had never seen, but whose ghost now lived in every empty space left behind.","I was in the archives of the Great Library, sitting in a room that smelled of dust and dying parchment. I wasn't there to witness a death, but to catalog the final testimonies of the elders. When the news reached me—a frantic transmission from the northern plains—I didn't move. I simply closed my eyes and felt the weight of the silence that followed. It wasn't a sudden collapse. They say the last one stood in the tall grass for three days, a mountain of grey skin and memory, watching the horizon. When its heart finally stilled, the vibration of the earth seemed to change. It was as if a low-frequency hum, one that had hummed beneath the soil for millennia, simply flickered out. I sat in my chair, my fingers stained with ink, and felt the shift. The world became sharper, thinner. The memories of heavy footsteps and the wisdom of the herd vanished into the atmosphere. I stayed in that room until the sun set, mourning a creature I had never seen, but whose ghost now lived in every empty space left behind.","I was in the archives of the Great Library, sitting in a room that smelled of dust and dying parchment. I wasn't there to witness a death, but to catalog the final testimonies of the elders. When the news reached me - a frantic transmission from the northern plains - I didn't move. I simply closed my eyes and felt the weight of the silence that followed. It wasn't a sudden collapse. They say the last one stood in the tall grass for three days, a mountain of grey skin and memory, watching the horizon. When its heart finally stilled, the vibration of the earth seemed to change. It was as if a low-frequency hum, one that had hummed beneath the soil for millennia, simply flickered out. I sat in my chair, my fingers stained with ink, and felt the shift. The world became sharper, thinner. The memories of heavy footsteps and the wisdom of the herd vanished into the atmosphere. I stayed in that room until the sun set, mourning a creature I had never seen, but whose ghost now lived in every empty space left behind.",i was in the archives of the great library sitting in a room that smelled of dust and dying parchment i wasn't there to witness a death but to catalog the final testimonies of the elders when the news reached me a frantic transmission from the northern plains i didn't move i simply closed my eyes and felt the weight of the silence that followed it wasn't a sudden collapse they say the last one stood in the tall grass for three days a mountain of grey skin and memory watching the horizon when its heart finally stilled the vibration of the earth seemed to change it was as if a low frequency hum one that had hummed beneath the soil for millennia simply flickered out i sat in my chair my fingers stained with ink and felt the shift the world became sharper thinner the memories of heavy footsteps and the wisdom of the herd vanished into the atmosphere i stayed in that room until the sun set mourning a creature i had never seen but whose ghost now lived in every empty space left behind
longform_0127__gemma-4-12b,longform_0127,long-form,"The zombie apocalypse finally happens! However, it only lasts about a month before the corpses are too rotted to move","The ""Great Rot"" was the shortest apocalypse in human history. For thirty days, the world descended into a fever dream of screaming sirens, crumbling barricades, and the rhythmic thud of undead limbs against reinforced doors. It was a month of visceral terror, of neighbors becoming monsters and cities becoming charnel houses.

Then, the silence fell.

It didn't happen all at once, but like a fading fever. By day twenty, the ""shamblers"" began to slow. By day thirty, the frantic, grasping hands of the undead grew heavy and sluggish. The necrotic tissue simply gave out. The bacteria that had animated the dead turned against the corpses, liquefying the muscle and rotting the joints until the necrotic muscles became mush.

By the first day of the next month, the zombies weren't threats; they were just piles of sludge and bone. The screaming stopped because the vocal cords had dissolved. Now, the survivors emerge from their bunkers, stepping over the gray, slumped forms of their former neighbors. The apocalypse didn't end because of a miracle; it ended because the zombies fell apart. Now, the only thing left is the quiet.","The ""Great Rot"" was the shortest apocalypse in human history. For thirty days, the world descended into a fever dream of screaming sirens, crumbling barricades, and the rhythmic thud of undead limbs against reinforced doors. It was a month of visceral terror, of neighbors becoming monsters and cities becoming charnel houses.

Then, the silence fell.

It didn't happen all at once, but like a fading fever. By day twenty, the ""shamblers"" began to slow. By day thirty, the frantic, grasping hands of the undead grew heavy and sluggish. The necrotic tissue simply gave out. The bacteria that had animated the dead turned against the corpses, liquefying the muscle and rotting the joints until the necrotic muscles became mush.

By the first day of the next month, the zombies weren't threats; they were just piles of sludge and bone. The screaming stopped because the vocal cords had dissolved. Now, the survivors emerge from their bunkers, stepping over the gray, slumped forms of their former neighbors. The apocalypse didn't end because of a miracle; it ended because the zombies fell apart. Now, the only thing left is the quiet.",gemma-4-12b,google,False,187,1132,test,gemma-4-12b-q4_k_m,final-2026-09-20,"You are writing a short piece of fiction in response to a writing prompt, the way a person would on an online writing forum. Write the story itself. Do not restate the prompt, explain it, comment on it, or add any framing before or after the story.",140,220,8192,none,,end_turn,ollama-local-gemma-4-12b,2026-09-28 06:33:18.316111+00:00,11.9,gemma4:12b,q4_k_m,16384,8192,False,"{""temperature"": ""1"", ""top_k"": ""64"", ""top_p"": ""0.95""}","The ""Great Rot"" was the shortest apocalypse in human history. For thirty days, the world descended into a fever dream of screaming sirens, crumbling barricades, and the rhythmic thud of undead limbs against reinforced doors. It was a month of visceral terror, of neighbors becoming monsters and cities becoming charnel houses.

Then, the silence fell.

It didn't happen all at once, but like a fading fever. By day twenty, the ""shamblers"" began to slow. By day thirty, the frantic, grasping hands of the undead grew heavy and sluggish. The necrotic tissue simply gave out. The bacteria that had animated the dead turned against the corpses, liquefying the muscle and rotting the joints until the necrotic muscles became mush.

By the first day of the next month, the zombies weren't threats; they were just piles of sludge and bone. The screaming stopped because the vocal cords had dissolved. Now, the survivors emerge from their bunkers, stepping over the gray, slumped forms of their former neighbors. The apocalypse didn't end because of a miracle; it ended because the zombies fell apart. Now, the only thing left is the quiet.","The ""Great Rot"" was the shortest apocalypse in human history. For thirty days, the world descended into a fever dream of screaming sirens, crumbling barricades, and the rhythmic thud of undead limbs against reinforced doors. It was a month of visceral terror, of neighbors becoming monsters and cities becoming charnel houses. Then, the silence fell. It didn't happen all at once, but like a fading fever. By day twenty, the ""shamblers"" began to slow. By day thirty, the frantic, grasping hands of the undead grew heavy and sluggish. The necrotic tissue simply gave out. The bacteria that had animated the dead turned against the corpses, liquefying the muscle and rotting the joints until the necrotic muscles became mush. By the first day of the next month, the zombies weren't threats; they were just piles of sludge and bone. The screaming stopped because the vocal cords had dissolved. Now, the survivors emerge from their bunkers, stepping over the gray, slumped forms of their former neighbors. The apocalypse didn't end because of a miracle; it ended because the zombies fell apart. Now, the only thing left is the quiet.","The ""Great Rot"" was the shortest apocalypse in human history. For thirty days, the world descended into a fever dream of screaming sirens, crumbling barricades, and the rhythmic thud of undead limbs against reinforced doors. It was a month of visceral terror, of neighbors becoming monsters and cities becoming charnel houses. Then, the silence fell. It didn't happen all at once, but like a fading fever. By day twenty, the ""shamblers"" began to slow. By day thirty, the frantic, grasping hands of the undead grew heavy and sluggish. The necrotic tissue simply gave out. The bacteria that had animated the dead turned against the corpses, liquefying the muscle and rotting the joints until the necrotic muscles became mush. By the first day of the next month, the zombies weren't threats; they were just piles of sludge and bone. The screaming stopped because the vocal cords had dissolved. Now, the survivors emerge from their bunkers, stepping over the gray, slumped forms of their former neighbors. The apocalypse didn't end because of a miracle; it ended because the zombies fell apart. Now, the only thing left is the quiet.",the great rot was the shortest apocalypse in human history for thirty days the world descended into a fever dream of screaming sirens crumbling barricades and the rhythmic thud of undead limbs against reinforced doors it was a month of visceral terror of neighbors becoming monsters and cities becoming charnel houses then the silence fell it didn't happen all at once but like a fading fever by day twenty the shamblers began to slow by day thirty the frantic grasping hands of the undead grew heavy and sluggish the necrotic tissue simply gave out the bacteria that had animated the dead turned against the corpses liquefying the muscle and rotting the joints until the necrotic muscles became mush by the first day of the next month the zombies weren't threats they were just piles of sludge and bone the screaming stopped because the vocal cords had dissolved now the survivors emerge from their bunkers stepping over the gray slumped forms of their former neighbors the apocalypse didn't end because of a miracle it ended because the zombies fell apart now the only thing left is the quiet
longform_0131__gemma-4-12b,longform_0131,long-form,Write a fable with a terrible moral of the story.,"The Squirrel and the Orchard were inseparable friends. Every autumn, the Squirrel would gather the Orchard’s heaviest apples, carrying them to his burrow to store for the winter. In return, the Squirrel would spend his evenings telling the Orchard tales of the world beyond the fence—of bustling markets, distant mountains, and the neighbors who lived in houses of stone.

The Orchard loved the stories, and the Squirrel loved the attention. However, the Orchard grew weary of the labor of growing; the sun was hot and the soil was heavy. One day, the Orchard whispered, ""If I could only have your voice alone, without the fruit, I would be content.""

The Squirrel, moved by the Orchard's request, stopped gathering the apples. He spent every day perched on a high branch, weaving tales of grandeur and glory. The Orchard grew lush and beautiful with pride, while the Squirrel grew thin and hungry.

When winter arrived, the Orchard had no fruit to give, and the Squirrel had no food to eat. They sat together in the frost, listening to the beautiful, useless words.

*Moral: If you prefer a beautiful lie to a bitter truth, you will eventually starve in the company of your own imagination.*","The Squirrel and the Orchard were inseparable friends. Every autumn, the Squirrel would gather the Orchard's heaviest apples, carrying them to his burrow to store for the winter. In return, the Squirrel would spend his evenings telling the Orchard tales of the world beyond the fence—of bustling markets, distant mountains, and the neighbors who lived in houses of stone.

The Orchard loved the stories, and the Squirrel loved the attention. However, the Orchard grew weary of the labor of growing; the sun was hot and the soil was heavy. One day, the Orchard whispered, ""If I could only have your voice alone, without the fruit, I would be content.""

The Squirrel, moved by the Orchard's request, stopped gathering the apples. He spent every day perched on a high branch, weaving tales of grandeur and glory. The Orchard grew lush and beautiful with pride, while the Squirrel grew thin and hungry.

When winter arrived, the Orchard had no fruit to give, and the Squirrel had no food to eat. They sat together in the frost, listening to the beautiful, useless words.

Moral: If you prefer a beautiful lie to a bitter truth, you will eventually starve in the company of your own imagination.",gemma-4-12b,google,False,202,1192,test,gemma-4-12b-q4_k_m,final-2026-09-20,"You are writing a short piece of fiction in response to a writing prompt, the way a person would on an online writing forum. Write the story itself. Do not restate the prompt, explain it, comment on it, or add any framing before or after the story.",140,220,8192,none,,end_turn,ollama-local-gemma-4-12b,2026-09-28 06:33:22.772377+00:00,11.9,gemma4:12b,q4_k_m,16384,8192,False,"{""temperature"": ""1"", ""top_k"": ""64"", ""top_p"": ""0.95""}","The Squirrel and the Orchard were inseparable friends. Every autumn, the Squirrel would gather the Orchard's heaviest apples, carrying them to his burrow to store for the winter. In return, the Squirrel would spend his evenings telling the Orchard tales of the world beyond the fence - of bustling markets, distant mountains, and the neighbors who lived in houses of stone.

The Orchard loved the stories, and the Squirrel loved the attention. However, the Orchard grew weary of the labor of growing; the sun was hot and the soil was heavy. One day, the Orchard whispered, ""If I could only have your voice alone, without the fruit, I would be content.""

The Squirrel, moved by the Orchard's request, stopped gathering the apples. He spent every day perched on a high branch, weaving tales of grandeur and glory. The Orchard grew lush and beautiful with pride, while the Squirrel grew thin and hungry.

When winter arrived, the Orchard had no fruit to give, and the Squirrel had no food to eat. They sat together in the frost, listening to the beautiful, useless words.

Moral: If you prefer a beautiful lie to a bitter truth, you will eventually starve in the company of your own imagination.","The Squirrel and the Orchard were inseparable friends. Every autumn, the Squirrel would gather the Orchard's heaviest apples, carrying them to his burrow to store for the winter. In return, the Squirrel would spend his evenings telling the Orchard tales of the world beyond the fence—of bustling markets, distant mountains, and the neighbors who lived in houses of stone. The Orchard loved the stories, and the Squirrel loved the attention. However, the Orchard grew weary of the labor of growing; the sun was hot and the soil was heavy. One day, the Orchard whispered, ""If I could only have your voice alone, without the fruit, I would be content."" The Squirrel, moved by the Orchard's request, stopped gathering the apples. He spent every day perched on a high branch, weaving tales of grandeur and glory. The Orchard grew lush and beautiful with pride, while the Squirrel grew thin and hungry. When winter arrived, the Orchard had no fruit to give, and the Squirrel had no food to eat. They sat together in the frost, listening to the beautiful, useless words. Moral: If you prefer a beautiful lie to a bitter truth, you will eventually starve in the company of your own imagination.","The Squirrel and the Orchard were inseparable friends. Every autumn, the Squirrel would gather the Orchard's heaviest apples, carrying them to his burrow to store for the winter. In return, the Squirrel would spend his evenings telling the Orchard tales of the world beyond the fence - of bustling markets, distant mountains, and the neighbors who lived in houses of stone. The Orchard loved the stories, and the Squirrel loved the attention. However, the Orchard grew weary of the labor of growing; the sun was hot and the soil was heavy. One day, the Orchard whispered, ""If I could only have your voice alone, without the fruit, I would be content."" The Squirrel, moved by the Orchard's request, stopped gathering the apples. He spent every day perched on a high branch, weaving tales of grandeur and glory. The Orchard grew lush and beautiful with pride, while the Squirrel grew thin and hungry. When winter arrived, the Orchard had no fruit to give, and the Squirrel had no food to eat. They sat together in the frost, listening to the beautiful, useless words. Moral: If you prefer a beautiful lie to a bitter truth, you will eventually starve in the company of your own imagination.",the squirrel and the orchard were inseparable friends every autumn the squirrel would gather the orchard's heaviest apples carrying them to his burrow to store for the winter in return the squirrel would spend his evenings telling the orchard tales of the world beyond the fence of bustling markets distant mountains and the neighbors who lived in houses of stone the orchard loved the stories and the squirrel loved the attention however the orchard grew weary of the labor of growing the sun was hot and the soil was heavy one day the orchard whispered if i could only have your voice alone without the fruit i would be content the squirrel moved by the orchard's request stopped gathering the apples he spent every day perched on a high branch weaving tales of grandeur and glory the orchard grew lush and beautiful with pride while the squirrel grew thin and hungry when winter arrived the orchard had no fruit to give and the squirrel had no food to eat they sat together in the frost listening to the beautiful useless words moral if you prefer a beautiful lie to a bitter truth you will eventually starve in the company of your own imagination
longform_0133__gemma-4-12b,longform_0133,long-form,"The United States of America finds itself in another civil war. You are a general of one of the sides in the middle of an interview. You just got finished answering a question about "" politics "", and then the interviewer asks you, "" What's the most brutal thing you've seen thus far in the war? ""","The General leaned back, the leather of his chair creaking in the heavy silence of the studio. He exhaled a long, weary breath that seemed to carry the weight of every mile marched and every city lost. He didn't look at the camera; he looked at the interviewer, his eyes bloodshot from lack of sleep.

""You want the visceral truth?"" he asked, his voice raspy. ""The most brutal thing isn't the artillery strikes or the scorched earth of the borderlands. Those are just the symptoms of a broken machine. No, the most brutal thing is the realization of what 'neighbor' means in this country now. 

I sat in a farmhouse in Ohio three months ago. I watched a man—a man who had owned that land for forty years—try to decide whether to offer a cup of water to a young soldier from the opposing faction. The boy was barely nineteen, shaking from shell shock, just trying to find a moment of peace. The man looked at his own sons, then at the boy, and then he simply chose to turn his back and let the boy collapse in the dirt. That silence, that choice to let a human being become a ghost instead of a person? That is the true brutality of this war.""","The General leaned back, the leather of his chair creaking in the heavy silence of the studio. He exhaled a long, weary breath that seemed to carry the weight of every mile marched and every city lost. He didn't look at the camera; he looked at the interviewer, his eyes bloodshot from lack of sleep.

""You want the visceral truth?"" he asked, his voice raspy. ""The most brutal thing isn't the artillery strikes or the scorched earth of the borderlands. Those are just the symptoms of a broken machine. No, the most brutal thing is the realization of what 'neighbor' means in this country now.

I sat in a farmhouse in Ohio three months ago. I watched a man—a man who had owned that land for forty years—try to decide whether to offer a cup of water to a young soldier from the opposing faction. The boy was barely nineteen, shaking from shell shock, just trying to find a moment of peace. The man looked at his own sons, then at the boy, and then he simply chose to turn his back and let the boy collapse in the dirt. That silence, that choice to let a human being become a ghost instead of a person? That is the true brutality of this war.""",gemma-4-12b,google,False,214,1142,test,gemma-4-12b-q4_k_m,final-2026-09-20,"You are writing a short piece of fiction in response to a writing prompt, the way a person would on an online writing forum. Write the story itself. Do not restate the prompt, explain it, comment on it, or add any framing before or after the story.",140,220,8192,none,,end_turn,ollama-local-gemma-4-12b,2026-09-28 06:33:27.534193+00:00,11.9,gemma4:12b,q4_k_m,16384,8192,False,"{""temperature"": ""1"", ""top_k"": ""64"", ""top_p"": ""0.95""}","The General leaned back, the leather of his chair creaking in the heavy silence of the studio. He exhaled a long, weary breath that seemed to carry the weight of every mile marched and every city lost. He didn't look at the camera; he looked at the interviewer, his eyes bloodshot from lack of sleep.

""You want the visceral truth?"" he asked, his voice raspy. ""The most brutal thing isn't the artillery strikes or the scorched earth of the borderlands. Those are just the symptoms of a broken machine. No, the most brutal thing is the realization of what 'neighbor' means in this country now.

I sat in a farmhouse in Ohio three months ago. I watched a man - a man who had owned that land for forty years - try to decide whether to offer a cup of water to a young soldier from the opposing faction. The boy was barely nineteen, shaking from shell shock, just trying to find a moment of peace. The man looked at his own sons, then at the boy, and then he simply chose to turn his back and let the boy collapse in the dirt. That silence, that choice to let a human being become a ghost instead of a person? That is the true brutality of this war.""","The General leaned back, the leather of his chair creaking in the heavy silence of the studio. He exhaled a long, weary breath that seemed to carry the weight of every mile marched and every city lost. He didn't look at the camera; he looked at the interviewer, his eyes bloodshot from lack of sleep. ""You want the visceral truth?"" he asked, his voice raspy. ""The most brutal thing isn't the artillery strikes or the scorched earth of the borderlands. Those are just the symptoms of a broken machine. No, the most brutal thing is the realization of what 'neighbor' means in this country now. I sat in a farmhouse in Ohio three months ago. I watched a man—a man who had owned that land for forty years—try to decide whether to offer a cup of water to a young soldier from the opposing faction. The boy was barely nineteen, shaking from shell shock, just trying to find a moment of peace. The man looked at his own sons, then at the boy, and then he simply chose to turn his back and let the boy collapse in the dirt. That silence, that choice to let a human being become a ghost instead of a person? That is the true brutality of this war.""","The General leaned back, the leather of his chair creaking in the heavy silence of the studio. He exhaled a long, weary breath that seemed to carry the weight of every mile marched and every city lost. He didn't look at the camera; he looked at the interviewer, his eyes bloodshot from lack of sleep. ""You want the visceral truth?"" he asked, his voice raspy. ""The most brutal thing isn't the artillery strikes or the scorched earth of the borderlands. Those are just the symptoms of a broken machine. No, the most brutal thing is the realization of what 'neighbor' means in this country now. I sat in a farmhouse in Ohio three months ago. I watched a man - a man who had owned that land for forty years - try to decide whether to offer a cup of water to a young soldier from the opposing faction. The boy was barely nineteen, shaking from shell shock, just trying to find a moment of peace. The man looked at his own sons, then at the boy, and then he simply chose to turn his back and let the boy collapse in the dirt. That silence, that choice to let a human being become a ghost instead of a person? That is the true brutality of this war.""",the general leaned back the leather of his chair creaking in the heavy silence of the studio he exhaled a long weary breath that seemed to carry the weight of every mile marched and every city lost he didn't look at the camera he looked at the interviewer his eyes bloodshot from lack of sleep you want the visceral truth he asked his voice raspy the most brutal thing isn't the artillery strikes or the scorched earth of the borderlands those are just the symptoms of a broken machine no the most brutal thing is the realization of what neighbor means in this country now i sat in a farmhouse in ohio three months ago i watched a man a man who had owned that land for forty years try to decide whether to offer a cup of water to a young soldier from the opposing faction the boy was barely nineteen shaking from shell shock just trying to find a moment of peace the man looked at his own sons then at the boy and then he simply chose to turn his back and let the boy collapse in the dirt that silence that choice to let a human being become a ghost instead of a person that is the true brutality of this war
longform_0150__gemma-4-12b,longform_0150,long-form,None of the angels knew the true purpose of their halos. Yours just broke.,"The fracture didn't happen with a sound, but with a shift in the atmosphere—a sudden, sickening vacuum where there should have been a constant hum. For eons, the gold band above your head had been a source of comfort, a weightless crown of grace. Now, it sat jagged and cracked, a jagged crown of fractured light.

The others didn't notice. They floated in their orbits, serene and oblivious, their halos shimmering with the usual divine frequency. But you felt the change instantly. The ""grace"" hadn't just dimmed; it had leaked out.

As the shard of your halo fell, hitting the marble floor with a chime that sounded like a dying bell, the veil thinned. You didn't just see the celestial choir anymore; you saw the machinery behind them. You saw the strings of the universe, the grinding gears of fate, and the heavy, agonizing weight of the burden the others were blindly carrying. The halo wasn't a crown of status. It was a dam. It was a seal. 

Now that yours was broken, the truth poured in: the gold wasn't a gift of divinity. It was a blindfold.","The fracture didn't happen with a sound, but with a shift in the atmosphere—a sudden, sickening vacuum where there should have been a constant hum. For eons, the gold band above your head had been a source of comfort, a weightless crown of grace. Now, it sat jagged and cracked, a jagged crown of fractured light.

The others didn't notice. They floated in their orbits, serene and oblivious, their halos shimmering with the usual divine frequency. But you felt the change instantly. The ""grace"" hadn't just dimmed; it had leaked out.

As the shard of your halo fell, hitting the marble floor with a chime that sounded like a dying bell, the veil thinned. You didn't just see the celestial choir anymore; you saw the machinery behind them. You saw the strings of the universe, the grinding gears of fate, and the heavy, agonizing weight of the burden the others were blindly carrying. The halo wasn't a crown of status. It was a dam. It was a seal.

Now that yours was broken, the truth poured in: the gold wasn't a gift of divinity. It was a blindfold.",gemma-4-12b,google,False,188,1054,test,gemma-4-12b-q4_k_m,final-2026-09-20,"You are writing a short piece of fiction in response to a writing prompt, the way a person would on an online writing forum. Write the story itself. Do not restate the prompt, explain it, comment on it, or add any framing before or after the story.",140,220,8192,none,,end_turn,ollama-local-gemma-4-12b,2026-09-28 06:33:31.957855+00:00,11.9,gemma4:12b,q4_k_m,16384,8192,False,"{""temperature"": ""1"", ""top_k"": ""64"", ""top_p"": ""0.95""}","The fracture didn't happen with a sound, but with a shift in the atmosphere - a sudden, sickening vacuum where there should have been a constant hum. For eons, the gold band above your head had been a source of comfort, a weightless crown of grace. Now, it sat jagged and cracked, a jagged crown of fractured light.

The others didn't notice. They floated in their orbits, serene and oblivious, their halos shimmering with the usual divine frequency. But you felt the change instantly. The ""grace"" hadn't just dimmed; it had leaked out.

As the shard of your halo fell, hitting the marble floor with a chime that sounded like a dying bell, the veil thinned. You didn't just see the celestial choir anymore; you saw the machinery behind them. You saw the strings of the universe, the grinding gears of fate, and the heavy, agonizing weight of the burden the others were blindly carrying. The halo wasn't a crown of status. It was a dam. It was a seal.

Now that yours was broken, the truth poured in: the gold wasn't a gift of divinity. It was a blindfold.","The fracture didn't happen with a sound, but with a shift in the atmosphere—a sudden, sickening vacuum where there should have been a constant hum. For eons, the gold band above your head had been a source of comfort, a weightless crown of grace. Now, it sat jagged and cracked, a jagged crown of fractured light. The others didn't notice. They floated in their orbits, serene and oblivious, their halos shimmering with the usual divine frequency. But you felt the change instantly. The ""grace"" hadn't just dimmed; it had leaked out. As the shard of your halo fell, hitting the marble floor with a chime that sounded like a dying bell, the veil thinned. You didn't just see the celestial choir anymore; you saw the machinery behind them. You saw the strings of the universe, the grinding gears of fate, and the heavy, agonizing weight of the burden the others were blindly carrying. The halo wasn't a crown of status. It was a dam. It was a seal. Now that yours was broken, the truth poured in: the gold wasn't a gift of divinity. It was a blindfold.","The fracture didn't happen with a sound, but with a shift in the atmosphere - a sudden, sickening vacuum where there should have been a constant hum. For eons, the gold band above your head had been a source of comfort, a weightless crown of grace. Now, it sat jagged and cracked, a jagged crown of fractured light. The others didn't notice. They floated in their orbits, serene and oblivious, their halos shimmering with the usual divine frequency. But you felt the change instantly. The ""grace"" hadn't just dimmed; it had leaked out. As the shard of your halo fell, hitting the marble floor with a chime that sounded like a dying bell, the veil thinned. You didn't just see the celestial choir anymore; you saw the machinery behind them. You saw the strings of the universe, the grinding gears of fate, and the heavy, agonizing weight of the burden the others were blindly carrying. The halo wasn't a crown of status. It was a dam. It was a seal. Now that yours was broken, the truth poured in: the gold wasn't a gift of divinity. It was a blindfold.",the fracture didn't happen with a sound but with a shift in the atmosphere a sudden sickening vacuum where there should have been a constant hum for eons the gold band above your head had been a source of comfort a weightless crown of grace now it sat jagged and cracked a jagged crown of fractured light the others didn't notice they floated in their orbits serene and oblivious their halos shimmering with the usual divine frequency but you felt the change instantly the grace hadn't just dimmed it had leaked out as the shard of your halo fell hitting the marble floor with a chime that sounded like a dying bell the veil thinned you didn't just see the celestial choir anymore you saw the machinery behind them you saw the strings of the universe the grinding gears of fate and the heavy agonizing weight of the burden the others were blindly carrying the halo wasn't a crown of status it was a dam it was a seal now that yours was broken the truth poured in the gold wasn't a gift of divinity it was a blindfold
longform_0153__gemma-4-12b,longform_0153,long-form,"Earth is a quarantined zone, holding the most deadly disease in the universe, H. Sapiens","The quarantine protocols were established in the year 2044, though the stars had been watching the infestation for millennia. To the Galactic Federation, Earth was not a cradle of civilization; it was a petri dish. They didn't call it a planet anymore. They called it Sector 9-G, a biohazard zone containing a virulent, self-replicating strain of sentient biomass.

The pathogen, designated *H. Sapiens*, was unique in its ability to weaponize its own environment. It didn't just consume; it built. It constructed intricate machines, forged complex ideologies, and forged intricate tools to replicate its genetic code across every continent. It was a hive-mind wrapped in the illusion of individuality, a plague that dreamed of conquering the stars.

The ""Great Silence"" was the result of the quarantine. The elders of the neighboring systems watched through long-range scanners as the *H. Sapiens* built rockets—tiny, frantic sparks of desperation—trying to leap the fence. The containment fields remained absolute. The scouts were ordered to wait. They had to wait until the infection burned itself out, or until the next race of sentient beings arrived to be consumed by the beautiful, terrifying ambition of the human plague.","The quarantine protocols were established in the year 2044, though the stars had been watching the infestation for millennia. To the Galactic Federation, Earth was not a cradle of civilization; it was a petri dish. They didn't call it a planet anymore. They called it Sector 9-G, a biohazard zone containing a virulent, self-replicating strain of sentient biomass.

The pathogen, designated H. Sapiens, was unique in its ability to weaponize its own environment. It didn't just consume; it built. It constructed intricate machines, forged complex ideologies, and forged intricate tools to replicate its genetic code across every continent. It was a hive-mind wrapped in the illusion of individuality, a plague that dreamed of conquering the stars.

The ""Great Silence"" was the result of the quarantine. The elders of the neighboring systems watched through long-range scanners as the H. Sapiens built rockets—tiny, frantic sparks of desperation—trying to leap the fence. The containment fields remained absolute. The scouts were ordered to wait. They had to wait until the infection burned itself out, or until the next race of sentient beings arrived to be consumed by the beautiful, terrifying ambition of the human plague.",gemma-4-12b,google,False,191,1229,test,gemma-4-12b-q4_k_m,final-2026-09-20,"You are writing a short piece of fiction in response to a writing prompt, the way a person would on an online writing forum. Write the story itself. Do not restate the prompt, explain it, comment on it, or add any framing before or after the story.",140,220,8192,none,,end_turn,ollama-local-gemma-4-12b,2026-09-28 06:33:36.593883+00:00,11.9,gemma4:12b,q4_k_m,16384,8192,False,"{""temperature"": ""1"", ""top_k"": ""64"", ""top_p"": ""0.95""}","The quarantine protocols were established in the year 2044, though the stars had been watching the infestation for millennia. To the Galactic Federation, Earth was not a cradle of civilization; it was a petri dish. They didn't call it a planet anymore. They called it Sector 9-G, a biohazard zone containing a virulent, self-replicating strain of sentient biomass.

The pathogen, designated H. Sapiens, was unique in its ability to weaponize its own environment. It didn't just consume; it built. It constructed intricate machines, forged complex ideologies, and forged intricate tools to replicate its genetic code across every continent. It was a hive-mind wrapped in the illusion of individuality, a plague that dreamed of conquering the stars.

The ""Great Silence"" was the result of the quarantine. The elders of the neighboring systems watched through long-range scanners as the H. Sapiens built rockets - tiny, frantic sparks of desperation - trying to leap the fence. The containment fields remained absolute. The scouts were ordered to wait. They had to wait until the infection burned itself out, or until the next race of sentient beings arrived to be consumed by the beautiful, terrifying ambition of the human plague.","The quarantine protocols were established in the year 2044, though the stars had been watching the infestation for millennia. To the Galactic Federation, Earth was not a cradle of civilization; it was a petri dish. They didn't call it a planet anymore. They called it Sector 9-G, a biohazard zone containing a virulent, self-replicating strain of sentient biomass. The pathogen, designated H. Sapiens, was unique in its ability to weaponize its own environment. It didn't just consume; it built. It constructed intricate machines, forged complex ideologies, and forged intricate tools to replicate its genetic code across every continent. It was a hive-mind wrapped in the illusion of individuality, a plague that dreamed of conquering the stars. The ""Great Silence"" was the result of the quarantine. The elders of the neighboring systems watched through long-range scanners as the H. Sapiens built rockets—tiny, frantic sparks of desperation—trying to leap the fence. The containment fields remained absolute. The scouts were ordered to wait. They had to wait until the infection burned itself out, or until the next race of sentient beings arrived to be consumed by the beautiful, terrifying ambition of the human plague.","The quarantine protocols were established in the year 2044, though the stars had been watching the infestation for millennia. To the Galactic Federation, Earth was not a cradle of civilization; it was a petri dish. They didn't call it a planet anymore. They called it Sector 9-G, a biohazard zone containing a virulent, self-replicating strain of sentient biomass. The pathogen, designated H. Sapiens, was unique in its ability to weaponize its own environment. It didn't just consume; it built. It constructed intricate machines, forged complex ideologies, and forged intricate tools to replicate its genetic code across every continent. It was a hive-mind wrapped in the illusion of individuality, a plague that dreamed of conquering the stars. The ""Great Silence"" was the result of the quarantine. The elders of the neighboring systems watched through long-range scanners as the H. Sapiens built rockets - tiny, frantic sparks of desperation - trying to leap the fence. The containment fields remained absolute. The scouts were ordered to wait. They had to wait until the infection burned itself out, or until the next race of sentient beings arrived to be consumed by the beautiful, terrifying ambition of the human plague.",the quarantine protocols were established in the year 2044 though the stars had been watching the infestation for millennia to the galactic federation earth was not a cradle of civilization it was a petri dish they didn't call it a planet anymore they called it sector 9 g a biohazard zone containing a virulent self replicating strain of sentient biomass the pathogen designated h sapiens was unique in its ability to weaponize its own environment it didn't just consume it built it constructed intricate machines forged complex ideologies and forged intricate tools to replicate its genetic code across every continent it was a hive mind wrapped in the illusion of individuality a plague that dreamed of conquering the stars the great silence was the result of the quarantine the elders of the neighboring systems watched through long range scanners as the h sapiens built rockets tiny frantic sparks of desperation trying to leap the fence the containment fields remained absolute the scouts were ordered to wait they had to wait until the infection burned itself out or until the next race of sentient beings arrived to be consumed by the beautiful terrifying ambition of the human plague
longform_0156__gemma-4-12b,longform_0156,long-form,Fast food franchises have become the dominant religions. You meet some unsavoury acolytes of the Burger King whilst on a pilgrimage to Kentucky.,"The humidity of the interstate clung to my skin like a wet shroud, but the air in the roadside shrine was thick with the smell of rendered fat and incense. I was halfway to the Great Heartland of Kentucky, seeking the sacred fried poultry, when I took a wrong turn into the District of the Crown.

The acolytes stood in a circle around a flickering neon sign. They wore heavy, polyester robes of mustard-yellow and deep crimson. Their faces were painted with streaks of grease, and they clutched heavy, laminated icons of the Flame-Grilleder.

""Seeker,"" one hissed, his voice raspy from inhaling too many flame-broiled vapors. ""You wander far from the path of the Patty.""

I gripped my travel pack, my heart hammering against my ribs. ""I seek the Golden Bird. I seek the Colonel’s grace.""

The acolytes recoiled, their faces twisting in mockery. ""The Colonel is a myth of the waste! Here, we worship the King. He is the Sovereign of the Flame. He crowns the hungry.""

They began a rhythmic chant, the word *Whopper* rising in a dissonant, terrifying harmony that shook the very grease on the windows.","The humidity of the interstate clung to my skin like a wet shroud, but the air in the roadside shrine was thick with the smell of rendered fat and incense. I was halfway to the Great Heartland of Kentucky, seeking the sacred fried poultry, when I took a wrong turn into the District of the Crown.

The acolytes stood in a circle around a flickering neon sign. They wore heavy, polyester robes of mustard-yellow and deep crimson. Their faces were painted with streaks of grease, and they clutched heavy, laminated icons of the Flame-Grilleder.

""Seeker,"" one hissed, his voice raspy from inhaling too many flame-broiled vapors. ""You wander far from the path of the Patty.""

I gripped my travel pack, my heart hammering against my ribs. ""I seek the Golden Bird. I seek the Colonel's grace.""

The acolytes recoiled, their faces twisting in mockery. ""The Colonel is a myth of the waste! Here, we worship the King. He is the Sovereign of the Flame. He crowns the hungry.""

They began a rhythmic chant, the word Whopper rising in a dissonant, terrifying harmony that shook the very grease on the windows.",gemma-4-12b,google,False,190,1100,test,gemma-4-12b-q4_k_m,final-2026-09-20,"You are writing a short piece of fiction in response to a writing prompt, the way a person would on an online writing forum. Write the story itself. Do not restate the prompt, explain it, comment on it, or add any framing before or after the story.",140,220,8192,none,,end_turn,ollama-local-gemma-4-12b,2026-09-28 06:33:41.014284+00:00,11.9,gemma4:12b,q4_k_m,16384,8192,False,"{""temperature"": ""1"", ""top_k"": ""64"", ""top_p"": ""0.95""}","The humidity of the interstate clung to my skin like a wet shroud, but the air in the roadside shrine was thick with the smell of rendered fat and incense. I was halfway to the Great Heartland of Kentucky, seeking the sacred fried poultry, when I took a wrong turn into the District of the Crown.

The acolytes stood in a circle around a flickering neon sign. They wore heavy, polyester robes of mustard-yellow and deep crimson. Their faces were painted with streaks of grease, and they clutched heavy, laminated icons of the Flame-Grilleder.

""Seeker,"" one hissed, his voice raspy from inhaling too many flame-broiled vapors. ""You wander far from the path of the Patty.""

I gripped my travel pack, my heart hammering against my ribs. ""I seek the Golden Bird. I seek the Colonel's grace.""

The acolytes recoiled, their faces twisting in mockery. ""The Colonel is a myth of the waste! Here, we worship the King. He is the Sovereign of the Flame. He crowns the hungry.""

They began a rhythmic chant, the word Whopper rising in a dissonant, terrifying harmony that shook the very grease on the windows.","The humidity of the interstate clung to my skin like a wet shroud, but the air in the roadside shrine was thick with the smell of rendered fat and incense. I was halfway to the Great Heartland of Kentucky, seeking the sacred fried poultry, when I took a wrong turn into the District of the Crown. The acolytes stood in a circle around a flickering neon sign. They wore heavy, polyester robes of mustard-yellow and deep crimson. Their faces were painted with streaks of grease, and they clutched heavy, laminated icons of the Flame-Grilleder. ""Seeker,"" one hissed, his voice raspy from inhaling too many flame-broiled vapors. ""You wander far from the path of the Patty."" I gripped my travel pack, my heart hammering against my ribs. ""I seek the Golden Bird. I seek the Colonel's grace."" The acolytes recoiled, their faces twisting in mockery. ""The Colonel is a myth of the waste! Here, we worship the King. He is the Sovereign of the Flame. He crowns the hungry."" They began a rhythmic chant, the word Whopper rising in a dissonant, terrifying harmony that shook the very grease on the windows.","The humidity of the interstate clung to my skin like a wet shroud, but the air in the roadside shrine was thick with the smell of rendered fat and incense. I was halfway to the Great Heartland of Kentucky, seeking the sacred fried poultry, when I took a wrong turn into the District of the Crown. The acolytes stood in a circle around a flickering neon sign. They wore heavy, polyester robes of mustard-yellow and deep crimson. Their faces were painted with streaks of grease, and they clutched heavy, laminated icons of the Flame-Grilleder. ""Seeker,"" one hissed, his voice raspy from inhaling too many flame-broiled vapors. ""You wander far from the path of the Patty."" I gripped my travel pack, my heart hammering against my ribs. ""I seek the Golden Bird. I seek the Colonel's grace."" The acolytes recoiled, their faces twisting in mockery. ""The Colonel is a myth of the waste! Here, we worship the King. He is the Sovereign of the Flame. He crowns the hungry."" They began a rhythmic chant, the word Whopper rising in a dissonant, terrifying harmony that shook the very grease on the windows.",the humidity of the interstate clung to my skin like a wet shroud but the air in the roadside shrine was thick with the smell of rendered fat and incense i was halfway to the great heartland of kentucky seeking the sacred fried poultry when i took a wrong turn into the district of the crown the acolytes stood in a circle around a flickering neon sign they wore heavy polyester robes of mustard yellow and deep crimson their faces were painted with streaks of grease and they clutched heavy laminated icons of the flame grilleder seeker one hissed his voice raspy from inhaling too many flame broiled vapors you wander far from the path of the patty i gripped my travel pack my heart hammering against my ribs i seek the golden bird i seek the colonel's grace the acolytes recoiled their faces twisting in mockery the colonel is a myth of the waste here we worship the king he is the sovereign of the flame he crowns the hungry they began a rhythmic chant the word whopper rising in a dissonant terrifying harmony that shook the very grease on the windows
longform_0178__gemma-4-12b,longform_0178,long-form,"High schools introduce "" romantic relationships "" as a new school subject. In order to pass, you have to find yourself a girlfriend/boyfriend before the end of the year.","The fluorescent lights of the gymnasium hummed, mirroring the anxious vibration in Leo’s chest. On the massive scoreboard, the ""Match Progress"" ticker ticked toward the final semester deadline. Under the new Educational Reform Act, ""Romantic Relations"" was no longer an elective; it was a core credit. If you didn't have a verified partner by June, you didn't graduate.

Leo clutched his syllabus, his palms sweaty. The curriculum was absurd—lessons on ""Active Listening,"" ""Conflict Resolution,"" and ""The Nuances of Flirting"" were taught in block periods, but the final exam was literal.

""I'm just a 'Single' status student,"" he whispered to his friend, Marcus, who was currently holding a ""Partnered"" badge.

""The curve is brutal this year,"" Marcus muttered, pointing to the crowd. Half the students were frantically circling hallways, trying to strike up conversations to fulfill the requirement.

When the bell rang for the final practicum, Leo saw her. Maya was standing by the lockers, looking just as terrified as he felt. She held a clipboard—the official ""Intent to Pair"" form. They stood in silence for a moment before they both looked at the clock, then at each other, and finally, they both reached for their pens.","The fluorescent lights of the gymnasium hummed, mirroring the anxious vibration in Leo's chest. On the massive scoreboard, the ""Match Progress"" ticker ticked toward the final semester deadline. Under the new Educational Reform Act, ""Romantic Relations"" was no longer an elective; it was a core credit. If you didn't have a verified partner by June, you didn't graduate.

Leo clutched his syllabus, his palms sweaty. The curriculum was absurd—lessons on ""Active Listening,"" ""Conflict Resolution,"" and ""The Nuances of Flirting"" were taught in block periods, but the final exam was literal.

""I'm just a 'Single' status student,"" he whispered to his friend, Marcus, who was currently holding a ""Partnered"" badge.

""The curve is brutal this year,"" Marcus muttered, pointing to the crowd. Half the students were frantically circling hallways, trying to strike up conversations to fulfill the requirement.

When the bell rang for the final practicum, Leo saw her. Maya was standing by the lockers, looking just as terrified as he felt. She held a clipboard—the official ""Intent to Pair"" form. They stood in silence for a moment before they both looked at the clock, then at each other, and finally, they both reached for their pens.",gemma-4-12b,google,False,196,1226,test,gemma-4-12b-q4_k_m,final-2026-09-20,"You are writing a short piece of fiction in response to a writing prompt, the way a person would on an online writing forum. Write the story itself. Do not restate the prompt, explain it, comment on it, or add any framing before or after the story.",140,220,8192,none,,end_turn,ollama-local-gemma-4-12b,2026-09-28 06:33:45.751449+00:00,11.9,gemma4:12b,q4_k_m,16384,8192,False,"{""temperature"": ""1"", ""top_k"": ""64"", ""top_p"": ""0.95""}","The fluorescent lights of the gymnasium hummed, mirroring the anxious vibration in Leo's chest. On the massive scoreboard, the ""Match Progress"" ticker ticked toward the final semester deadline. Under the new Educational Reform Act, ""Romantic Relations"" was no longer an elective; it was a core credit. If you didn't have a verified partner by June, you didn't graduate.

Leo clutched his syllabus, his palms sweaty. The curriculum was absurd - lessons on ""Active Listening,"" ""Conflict Resolution,"" and ""The Nuances of Flirting"" were taught in block periods, but the final exam was literal.

""I'm just a 'Single' status student,"" he whispered to his friend, Marcus, who was currently holding a ""Partnered"" badge.

""The curve is brutal this year,"" Marcus muttered, pointing to the crowd. Half the students were frantically circling hallways, trying to strike up conversations to fulfill the requirement.

When the bell rang for the final practicum, Leo saw her. Maya was standing by the lockers, looking just as terrified as he felt. She held a clipboard - the official ""Intent to Pair"" form. They stood in silence for a moment before they both looked at the clock, then at each other, and finally, they both reached for their pens.","The fluorescent lights of the gymnasium hummed, mirroring the anxious vibration in Leo's chest. On the massive scoreboard, the ""Match Progress"" ticker ticked toward the final semester deadline. Under the new Educational Reform Act, ""Romantic Relations"" was no longer an elective; it was a core credit. If you didn't have a verified partner by June, you didn't graduate. Leo clutched his syllabus, his palms sweaty. The curriculum was absurd—lessons on ""Active Listening,"" ""Conflict Resolution,"" and ""The Nuances of Flirting"" were taught in block periods, but the final exam was literal. ""I'm just a 'Single' status student,"" he whispered to his friend, Marcus, who was currently holding a ""Partnered"" badge. ""The curve is brutal this year,"" Marcus muttered, pointing to the crowd. Half the students were frantically circling hallways, trying to strike up conversations to fulfill the requirement. When the bell rang for the final practicum, Leo saw her. Maya was standing by the lockers, looking just as terrified as he felt. She held a clipboard—the official ""Intent to Pair"" form. They stood in silence for a moment before they both looked at the clock, then at each other, and finally, they both reached for their pens.","The fluorescent lights of the gymnasium hummed, mirroring the anxious vibration in Leo's chest. On the massive scoreboard, the ""Match Progress"" ticker ticked toward the final semester deadline. Under the new Educational Reform Act, ""Romantic Relations"" was no longer an elective; it was a core credit. If you didn't have a verified partner by June, you didn't graduate. Leo clutched his syllabus, his palms sweaty. The curriculum was absurd - lessons on ""Active Listening,"" ""Conflict Resolution,"" and ""The Nuances of Flirting"" were taught in block periods, but the final exam was literal. ""I'm just a 'Single' status student,"" he whispered to his friend, Marcus, who was currently holding a ""Partnered"" badge. ""The curve is brutal this year,"" Marcus muttered, pointing to the crowd. Half the students were frantically circling hallways, trying to strike up conversations to fulfill the requirement. When the bell rang for the final practicum, Leo saw her. Maya was standing by the lockers, looking just as terrified as he felt. She held a clipboard - the official ""Intent to Pair"" form. They stood in silence for a moment before they both looked at the clock, then at each other, and finally, they both reached for their pens.",the fluorescent lights of the gymnasium hummed mirroring the anxious vibration in leo's chest on the massive scoreboard the match progress ticker ticked toward the final semester deadline under the new educational reform act romantic relations was no longer an elective it was a core credit if you didn't have a verified partner by june you didn't graduate leo clutched his syllabus his palms sweaty the curriculum was absurd lessons on active listening conflict resolution and the nuances of flirting were taught in block periods but the final exam was literal i'm just a single status student he whispered to his friend marcus who was currently holding a partnered badge the curve is brutal this year marcus muttered pointing to the crowd half the students were frantically circling hallways trying to strike up conversations to fulfill the requirement when the bell rang for the final practicum leo saw her maya was standing by the lockers looking just as terrified as he felt she held a clipboard the official intent to pair form they stood in silence for a moment before they both looked at the clock then at each other and finally they both reached for their pens
longform_0184__gemma-4-12b,longform_0184,long-form,"A time traveler returns from the future, crying.","The machine didn’t hum; it shrieked, a dying metallic wail that tore through the silence of the laboratory. When the shimmer of blue light collapsed, a figure collapsed onto the concrete floor, gasping for air that tasted of ozone and ash.

I rushed forward, my boots clicking against the tile. The stranger was draped in garments that looked woven from glass and silver, now scorched and tattered. They were sobbing—not a quiet weep, but a guttural, jagged howl that shook their entire frame.

""You're back,"" I whispered, reaching out to steady them.

The traveler gripped my forearm with a strength that bruised bone. Their eyes were wide, bloodshot, and filled with a terrifying, lucid grief. ""I had to come back,"" they choked out between sobs. ""I had to tell you.""

""Tell me what?""

They gripped my hand, their fingers trembling against my skin. ""I tried to stop it. I went back a thousand times, trying to find the moment to turn the tide, to save the names, to keep the world whole. But the timeline is a knot that won't untie."" They let out a broken wail. ""It's all gone. I'm the only one left who remembers what the sky used to look like.""","The machine didn't hum; it shrieked, a dying metallic wail that tore through the silence of the laboratory. When the shimmer of blue light collapsed, a figure collapsed onto the concrete floor, gasping for air that tasted of ozone and ash.

I rushed forward, my boots clicking against the tile. The stranger was draped in garments that looked woven from glass and silver, now scorched and tattered. They were sobbing—not a quiet weep, but a guttural, jagged howl that shook their entire frame.

""You're back,"" I whispered, reaching out to steady them.

The traveler gripped my forearm with a strength that bruised bone. Their eyes were wide, bloodshot, and filled with a terrifying, lucid grief. ""I had to come back,"" they choked out between sobs. ""I had to tell you.""

""Tell me what?""

They gripped my hand, their fingers trembling against my skin. ""I tried to stop it. I went back a thousand times, trying to find the moment to turn the tide, to save the names, to keep the world whole. But the timeline is a knot that won't untie."" They let out a broken wail. ""It's all gone. I'm the only one left who remembers what the sky used to look like.""",gemma-4-12b,google,False,204,1147,test,gemma-4-12b-q4_k_m,final-2026-09-20,"You are writing a short piece of fiction in response to a writing prompt, the way a person would on an online writing forum. Write the story itself. Do not restate the prompt, explain it, comment on it, or add any framing before or after the story.",140,220,8192,none,,end_turn,ollama-local-gemma-4-12b,2026-09-28 06:33:50.634172+00:00,11.9,gemma4:12b,q4_k_m,16384,8192,False,"{""temperature"": ""1"", ""top_k"": ""64"", ""top_p"": ""0.95""}","The machine didn't hum; it shrieked, a dying metallic wail that tore through the silence of the laboratory. When the shimmer of blue light collapsed, a figure collapsed onto the concrete floor, gasping for air that tasted of ozone and ash.

I rushed forward, my boots clicking against the tile. The stranger was draped in garments that looked woven from glass and silver, now scorched and tattered. They were sobbing - not a quiet weep, but a guttural, jagged howl that shook their entire frame.

""You're back,"" I whispered, reaching out to steady them.

The traveler gripped my forearm with a strength that bruised bone. Their eyes were wide, bloodshot, and filled with a terrifying, lucid grief. ""I had to come back,"" they choked out between sobs. ""I had to tell you.""

""Tell me what?""

They gripped my hand, their fingers trembling against my skin. ""I tried to stop it. I went back a thousand times, trying to find the moment to turn the tide, to save the names, to keep the world whole. But the timeline is a knot that won't untie."" They let out a broken wail. ""It's all gone. I'm the only one left who remembers what the sky used to look like.""","The machine didn't hum; it shrieked, a dying metallic wail that tore through the silence of the laboratory. When the shimmer of blue light collapsed, a figure collapsed onto the concrete floor, gasping for air that tasted of ozone and ash. I rushed forward, my boots clicking against the tile. The stranger was draped in garments that looked woven from glass and silver, now scorched and tattered. They were sobbing—not a quiet weep, but a guttural, jagged howl that shook their entire frame. ""You're back,"" I whispered, reaching out to steady them. The traveler gripped my forearm with a strength that bruised bone. Their eyes were wide, bloodshot, and filled with a terrifying, lucid grief. ""I had to come back,"" they choked out between sobs. ""I had to tell you."" ""Tell me what?"" They gripped my hand, their fingers trembling against my skin. ""I tried to stop it. I went back a thousand times, trying to find the moment to turn the tide, to save the names, to keep the world whole. But the timeline is a knot that won't untie."" They let out a broken wail. ""It's all gone. I'm the only one left who remembers what the sky used to look like.""","The machine didn't hum; it shrieked, a dying metallic wail that tore through the silence of the laboratory. When the shimmer of blue light collapsed, a figure collapsed onto the concrete floor, gasping for air that tasted of ozone and ash. I rushed forward, my boots clicking against the tile. The stranger was draped in garments that looked woven from glass and silver, now scorched and tattered. They were sobbing - not a quiet weep, but a guttural, jagged howl that shook their entire frame. ""You're back,"" I whispered, reaching out to steady them. The traveler gripped my forearm with a strength that bruised bone. Their eyes were wide, bloodshot, and filled with a terrifying, lucid grief. ""I had to come back,"" they choked out between sobs. ""I had to tell you."" ""Tell me what?"" They gripped my hand, their fingers trembling against my skin. ""I tried to stop it. I went back a thousand times, trying to find the moment to turn the tide, to save the names, to keep the world whole. But the timeline is a knot that won't untie."" They let out a broken wail. ""It's all gone. I'm the only one left who remembers what the sky used to look like.""",the machine didn't hum it shrieked a dying metallic wail that tore through the silence of the laboratory when the shimmer of blue light collapsed a figure collapsed onto the concrete floor gasping for air that tasted of ozone and ash i rushed forward my boots clicking against the tile the stranger was draped in garments that looked woven from glass and silver now scorched and tattered they were sobbing not a quiet weep but a guttural jagged howl that shook their entire frame you're back i whispered reaching out to steady them the traveler gripped my forearm with a strength that bruised bone their eyes were wide bloodshot and filled with a terrifying lucid grief i had to come back they choked out between sobs i had to tell you tell me what they gripped my hand their fingers trembling against my skin i tried to stop it i went back a thousand times trying to find the moment to turn the tide to save the names to keep the world whole but the timeline is a knot that won't untie they let out a broken wail it's all gone i'm the only one left who remembers what the sky used to look like
longform_0238__gemma-4-12b,longform_0238,long-form,Only a woman can make you feel guilty for doing something perfectly normal...,"Elias had perfected the art of the ""quick exit."" It was a survival tactic he’d mastered in years of corporate life—the subtle shift of weight, the rehearsed cough, the pivot toward the door the moment a conversation hit its natural expiration. It was a perfectly normal way to manage a social calendar that was always too full.

Then came Sarah. 

When he offered the standard, ""I have to head out now,"" she didn't look annoyed or offended. She simply tilted her head, her expression softening into something dangerously close to pity. 

""Oh, you don't have to rush,"" she said softly. ""I'm happy to wait until you're ready to stay.""

The words hit him like a physical weight. In that moment, his practiced maneuver felt less like an exit and more like a betrayal. He stood there, hand on the doorframe, feeling the sudden, stinging shame of a man who realized he was fleeing a sanctuary instead of a conversation. He didn't leave. He sat back down, the guilt of his own competence replaced by the simple, quiet desire to stay.","Elias had perfected the art of the ""quick exit."" It was a survival tactic he'd mastered in years of corporate life—the subtle shift of weight, the rehearsed cough, the pivot toward the door the moment a conversation hit its natural expiration. It was a perfectly normal way to manage a social calendar that was always too full.

Then came Sarah.

When he offered the standard, ""I have to head out now,"" she didn't look annoyed or offended. She simply tilted her head, her expression softening into something dangerously close to pity.

""Oh, you don't have to rush,"" she said softly. ""I'm happy to wait until you're ready to stay.""

The words hit him like a physical weight. In that moment, his practiced maneuver felt less like an exit and more like a betrayal. He stood there, hand on the doorframe, feeling the sudden, stinging shame of a man who realized he was fleeing a sanctuary instead of a conversation. He didn't leave. He sat back down, the guilt of his own competence replaced by the simple, quiet desire to stay.",gemma-4-12b,google,False,180,1026,test,gemma-4-12b-q4_k_m,final-2026-09-20,"You are writing a short piece of fiction in response to a writing prompt, the way a person would on an online writing forum. Write the story itself. Do not restate the prompt, explain it, comment on it, or add any framing before or after the story.",140,220,8192,none,,end_turn,ollama-local-gemma-4-12b,2026-09-28 06:33:54.817551+00:00,11.9,gemma4:12b,q4_k_m,16384,8192,False,"{""temperature"": ""1"", ""top_k"": ""64"", ""top_p"": ""0.95""}","Elias had perfected the art of the ""quick exit."" It was a survival tactic he'd mastered in years of corporate life - the subtle shift of weight, the rehearsed cough, the pivot toward the door the moment a conversation hit its natural expiration. It was a perfectly normal way to manage a social calendar that was always too full.

Then came Sarah.

When he offered the standard, ""I have to head out now,"" she didn't look annoyed or offended. She simply tilted her head, her expression softening into something dangerously close to pity.

""Oh, you don't have to rush,"" she said softly. ""I'm happy to wait until you're ready to stay.""

The words hit him like a physical weight. In that moment, his practiced maneuver felt less like an exit and more like a betrayal. He stood there, hand on the doorframe, feeling the sudden, stinging shame of a man who realized he was fleeing a sanctuary instead of a conversation. He didn't leave. He sat back down, the guilt of his own competence replaced by the simple, quiet desire to stay.","Elias had perfected the art of the ""quick exit."" It was a survival tactic he'd mastered in years of corporate life—the subtle shift of weight, the rehearsed cough, the pivot toward the door the moment a conversation hit its natural expiration. It was a perfectly normal way to manage a social calendar that was always too full. Then came Sarah. When he offered the standard, ""I have to head out now,"" she didn't look annoyed or offended. She simply tilted her head, her expression softening into something dangerously close to pity. ""Oh, you don't have to rush,"" she said softly. ""I'm happy to wait until you're ready to stay."" The words hit him like a physical weight. In that moment, his practiced maneuver felt less like an exit and more like a betrayal. He stood there, hand on the doorframe, feeling the sudden, stinging shame of a man who realized he was fleeing a sanctuary instead of a conversation. He didn't leave. He sat back down, the guilt of his own competence replaced by the simple, quiet desire to stay.","Elias had perfected the art of the ""quick exit."" It was a survival tactic he'd mastered in years of corporate life - the subtle shift of weight, the rehearsed cough, the pivot toward the door the moment a conversation hit its natural expiration. It was a perfectly normal way to manage a social calendar that was always too full. Then came Sarah. When he offered the standard, ""I have to head out now,"" she didn't look annoyed or offended. She simply tilted her head, her expression softening into something dangerously close to pity. ""Oh, you don't have to rush,"" she said softly. ""I'm happy to wait until you're ready to stay."" The words hit him like a physical weight. In that moment, his practiced maneuver felt less like an exit and more like a betrayal. He stood there, hand on the doorframe, feeling the sudden, stinging shame of a man who realized he was fleeing a sanctuary instead of a conversation. He didn't leave. He sat back down, the guilt of his own competence replaced by the simple, quiet desire to stay.",elias had perfected the art of the quick exit it was a survival tactic he'd mastered in years of corporate life the subtle shift of weight the rehearsed cough the pivot toward the door the moment a conversation hit its natural expiration it was a perfectly normal way to manage a social calendar that was always too full then came sarah when he offered the standard i have to head out now she didn't look annoyed or offended she simply tilted her head her expression softening into something dangerously close to pity oh you don't have to rush she said softly i'm happy to wait until you're ready to stay the words hit him like a physical weight in that moment his practiced maneuver felt less like an exit and more like a betrayal he stood there hand on the doorframe feeling the sudden stinging shame of a man who realized he was fleeing a sanctuary instead of a conversation he didn't leave he sat back down the guilt of his own competence replaced by the simple quiet desire to stay
longform_0248__gemma-4-12b,longform_0248,long-form,"A story, a poem, a dialogue that makes people smile.","Barnaby was a cat who believed he was a high-ranking executive in a very important corporation. Unfortunately, the only job he held was ""Professional Nap Coordinator"" for a household of humans who mostly just gave him treats.

Every morning at precisely ten, Barnaby would sit atop the velvet sofa and watch his human, Martha, struggle with her morning coffee. He would let out a sharp, authoritative meow. 

""Yes, Barnaby, I see the mug is empty,"" Martha would sigh, pouring more.

He would then perform a ceremonial stretch, arching his back until his fur stood on end. He wasn't just stretching; he was ""conducting a quarterly review of the living room perimeter.""

One Tuesday, a rogue fly entered the kitchen. Barnaby didn't just hunt it; he launched a tactical maneuver involving a somersault and a very dramatic ""thump"" against a chair leg. He landed in a heap of dignity, tail twitching. 

Martha laughed, a bright, melodic sound that Barnaby noted in his mental ledger as ""excellent morale for the staff."" He purred, closing his eyes. Meeting adjourned.","Barnaby was a cat who believed he was a high-ranking executive in a very important corporation. Unfortunately, the only job he held was ""Professional Nap Coordinator"" for a household of humans who mostly just gave him treats.

Every morning at precisely ten, Barnaby would sit atop the velvet sofa and watch his human, Martha, struggle with her morning coffee. He would let out a sharp, authoritative meow.

""Yes, Barnaby, I see the mug is empty,"" Martha would sigh, pouring more.

He would then perform a ceremonial stretch, arching his back until his fur stood on end. He wasn't just stretching; he was ""conducting a quarterly review of the living room perimeter.""

One Tuesday, a rogue fly entered the kitchen. Barnaby didn't just hunt it; he launched a tactical maneuver involving a somersault and a very dramatic ""thump"" against a chair leg. He landed in a heap of dignity, tail twitching.

Martha laughed, a bright, melodic sound that Barnaby noted in his mental ledger as ""excellent morale for the staff."" He purred, closing his eyes. Meeting adjourned.",gemma-4-12b,google,False,176,1062,test,gemma-4-12b-q4_k_m,final-2026-09-20,"You are writing a short piece of fiction in response to a writing prompt, the way a person would on an online writing forum. Write the story itself. Do not restate the prompt, explain it, comment on it, or add any framing before or after the story.",140,220,8192,none,,end_turn,ollama-local-gemma-4-12b,2026-09-28 06:33:59.051952+00:00,11.9,gemma4:12b,q4_k_m,16384,8192,False,"{""temperature"": ""1"", ""top_k"": ""64"", ""top_p"": ""0.95""}","Barnaby was a cat who believed he was a high-ranking executive in a very important corporation. Unfortunately, the only job he held was ""Professional Nap Coordinator"" for a household of humans who mostly just gave him treats.

Every morning at precisely ten, Barnaby would sit atop the velvet sofa and watch his human, Martha, struggle with her morning coffee. He would let out a sharp, authoritative meow.

""Yes, Barnaby, I see the mug is empty,"" Martha would sigh, pouring more.

He would then perform a ceremonial stretch, arching his back until his fur stood on end. He wasn't just stretching; he was ""conducting a quarterly review of the living room perimeter.""

One Tuesday, a rogue fly entered the kitchen. Barnaby didn't just hunt it; he launched a tactical maneuver involving a somersault and a very dramatic ""thump"" against a chair leg. He landed in a heap of dignity, tail twitching.

Martha laughed, a bright, melodic sound that Barnaby noted in his mental ledger as ""excellent morale for the staff."" He purred, closing his eyes. Meeting adjourned.","Barnaby was a cat who believed he was a high-ranking executive in a very important corporation. Unfortunately, the only job he held was ""Professional Nap Coordinator"" for a household of humans who mostly just gave him treats. Every morning at precisely ten, Barnaby would sit atop the velvet sofa and watch his human, Martha, struggle with her morning coffee. He would let out a sharp, authoritative meow. ""Yes, Barnaby, I see the mug is empty,"" Martha would sigh, pouring more. He would then perform a ceremonial stretch, arching his back until his fur stood on end. He wasn't just stretching; he was ""conducting a quarterly review of the living room perimeter."" One Tuesday, a rogue fly entered the kitchen. Barnaby didn't just hunt it; he launched a tactical maneuver involving a somersault and a very dramatic ""thump"" against a chair leg. He landed in a heap of dignity, tail twitching. Martha laughed, a bright, melodic sound that Barnaby noted in his mental ledger as ""excellent morale for the staff."" He purred, closing his eyes. Meeting adjourned.","Barnaby was a cat who believed he was a high-ranking executive in a very important corporation. Unfortunately, the only job he held was ""Professional Nap Coordinator"" for a household of humans who mostly just gave him treats. Every morning at precisely ten, Barnaby would sit atop the velvet sofa and watch his human, Martha, struggle with her morning coffee. He would let out a sharp, authoritative meow. ""Yes, Barnaby, I see the mug is empty,"" Martha would sigh, pouring more. He would then perform a ceremonial stretch, arching his back until his fur stood on end. He wasn't just stretching; he was ""conducting a quarterly review of the living room perimeter."" One Tuesday, a rogue fly entered the kitchen. Barnaby didn't just hunt it; he launched a tactical maneuver involving a somersault and a very dramatic ""thump"" against a chair leg. He landed in a heap of dignity, tail twitching. Martha laughed, a bright, melodic sound that Barnaby noted in his mental ledger as ""excellent morale for the staff."" He purred, closing his eyes. Meeting adjourned.",barnaby was a cat who believed he was a high ranking executive in a very important corporation unfortunately the only job he held was professional nap coordinator for a household of humans who mostly just gave him treats every morning at precisely ten barnaby would sit atop the velvet sofa and watch his human martha struggle with her morning coffee he would let out a sharp authoritative meow yes barnaby i see the mug is empty martha would sigh pouring more he would then perform a ceremonial stretch arching his back until his fur stood on end he wasn't just stretching he was conducting a quarterly review of the living room perimeter one tuesday a rogue fly entered the kitchen barnaby didn't just hunt it he launched a tactical maneuver involving a somersault and a very dramatic thump against a chair leg he landed in a heap of dignity tail twitching martha laughed a bright melodic sound that barnaby noted in his mental ledger as excellent morale for the staff he purred closing his eyes meeting adjourned
longform_0250__gemma-4-12b,longform_0250,long-form,"Humans are not native to earth. After aliens defeated the human race, they banished captives to earth stripped of modern technology. Over time history became legend and legend forgotten. That is until in a mountain cave a mural drawing is found and an ancient metal object unlike ever seen before","The dust in the cavern didn't taste like earth; it tasted like antiquity. Elias brushed away the grime from the limestone wall, revealing a jagged, vibrant mural. It wasn't the primitive stick figures of the local tribes. It depicted towering spires of glass that pierced the clouds and streaks of fire moving through the sky like guided arrows. Below the structures, humans were depicted not as masters of the land, but as captives, their faces twisted in silent screams as they were herded by shadows that lacked faces.

Beneath the mural, tucked into a crevice where the rock had cracked ages ago, lay the object. It was a cylinder of dull, seamless metal. It didn't rust, and it didn't tarnish. When Elias touched it, the surface hummed—a low-frequency vibration that resonated in his teeth. 

He pressed a hidden indentation. A faint, ghostly blue glow bled through the metal, and a holographic interface flickered into the air. It didn't display words in his tongue, but the symbols were familiar. They were the blueprints of a world not lost to time, but stolen by it.","The dust in the cavern didn't taste like earth; it tasted like antiquity. Elias brushed away the grime from the limestone wall, revealing a jagged, vibrant mural. It wasn't the primitive stick figures of the local tribes. It depicted towering spires of glass that pierced the clouds and streaks of fire moving through the sky like guided arrows. Below the structures, humans were depicted not as masters of the land, but as captives, their faces twisted in silent screams as they were herded by shadows that lacked faces.

Beneath the mural, tucked into a crevice where the rock had cracked ages ago, lay the object. It was a cylinder of dull, seamless metal. It didn't rust, and it didn't tarnish. When Elias touched it, the surface hummed—a low-frequency vibration that resonated in his teeth.

He pressed a hidden indentation. A faint, ghostly blue glow bled through the metal, and a holographic interface flickered into the air. It didn't display words in his tongue, but the symbols were familiar. They were the blueprints of a world not lost to time, but stolen by it.",gemma-4-12b,google,False,183,1075,test,gemma-4-12b-q4_k_m,final-2026-09-20,"You are writing a short piece of fiction in response to a writing prompt, the way a person would on an online writing forum. Write the story itself. Do not restate the prompt, explain it, comment on it, or add any framing before or after the story.",140,220,8192,none,,end_turn,ollama-local-gemma-4-12b,2026-09-28 06:34:03.293234+00:00,11.9,gemma4:12b,q4_k_m,16384,8192,False,"{""temperature"": ""1"", ""top_k"": ""64"", ""top_p"": ""0.95""}","The dust in the cavern didn't taste like earth; it tasted like antiquity. Elias brushed away the grime from the limestone wall, revealing a jagged, vibrant mural. It wasn't the primitive stick figures of the local tribes. It depicted towering spires of glass that pierced the clouds and streaks of fire moving through the sky like guided arrows. Below the structures, humans were depicted not as masters of the land, but as captives, their faces twisted in silent screams as they were herded by shadows that lacked faces.

Beneath the mural, tucked into a crevice where the rock had cracked ages ago, lay the object. It was a cylinder of dull, seamless metal. It didn't rust, and it didn't tarnish. When Elias touched it, the surface hummed - a low-frequency vibration that resonated in his teeth.

He pressed a hidden indentation. A faint, ghostly blue glow bled through the metal, and a holographic interface flickered into the air. It didn't display words in his tongue, but the symbols were familiar. They were the blueprints of a world not lost to time, but stolen by it.","The dust in the cavern didn't taste like earth; it tasted like antiquity. Elias brushed away the grime from the limestone wall, revealing a jagged, vibrant mural. It wasn't the primitive stick figures of the local tribes. It depicted towering spires of glass that pierced the clouds and streaks of fire moving through the sky like guided arrows. Below the structures, humans were depicted not as masters of the land, but as captives, their faces twisted in silent screams as they were herded by shadows that lacked faces. Beneath the mural, tucked into a crevice where the rock had cracked ages ago, lay the object. It was a cylinder of dull, seamless metal. It didn't rust, and it didn't tarnish. When Elias touched it, the surface hummed—a low-frequency vibration that resonated in his teeth. He pressed a hidden indentation. A faint, ghostly blue glow bled through the metal, and a holographic interface flickered into the air. It didn't display words in his tongue, but the symbols were familiar. They were the blueprints of a world not lost to time, but stolen by it.","The dust in the cavern didn't taste like earth; it tasted like antiquity. Elias brushed away the grime from the limestone wall, revealing a jagged, vibrant mural. It wasn't the primitive stick figures of the local tribes. It depicted towering spires of glass that pierced the clouds and streaks of fire moving through the sky like guided arrows. Below the structures, humans were depicted not as masters of the land, but as captives, their faces twisted in silent screams as they were herded by shadows that lacked faces. Beneath the mural, tucked into a crevice where the rock had cracked ages ago, lay the object. It was a cylinder of dull, seamless metal. It didn't rust, and it didn't tarnish. When Elias touched it, the surface hummed - a low-frequency vibration that resonated in his teeth. He pressed a hidden indentation. A faint, ghostly blue glow bled through the metal, and a holographic interface flickered into the air. It didn't display words in his tongue, but the symbols were familiar. They were the blueprints of a world not lost to time, but stolen by it.",the dust in the cavern didn't taste like earth it tasted like antiquity elias brushed away the grime from the limestone wall revealing a jagged vibrant mural it wasn't the primitive stick figures of the local tribes it depicted towering spires of glass that pierced the clouds and streaks of fire moving through the sky like guided arrows below the structures humans were depicted not as masters of the land but as captives their faces twisted in silent screams as they were herded by shadows that lacked faces beneath the mural tucked into a crevice where the rock had cracked ages ago lay the object it was a cylinder of dull seamless metal it didn't rust and it didn't tarnish when elias touched it the surface hummed a low frequency vibration that resonated in his teeth he pressed a hidden indentation a faint ghostly blue glow bled through the metal and a holographic interface flickered into the air it didn't display words in his tongue but the symbols were familiar they were the blueprints of a world not lost to time but stolen by it
longform_0257__gemma-4-12b,longform_0257,long-form,Write a story in which a character meets the author and tries to influence the outcome of the story,"The ink didn't just sit on the page; it pulsed. Elias felt the tremor in the parchment before he saw the man.

""You’re late,"" Elias shouted, his voice echoing in a void of white space. He stepped toward the figure huddled behind a mahogany desk. The man held a fountain pen like a holy relic.

""I’m exactly where the narrative demands,"" the Author replied, his voice like dry paper rubbing together.

""Then change it!"" Elias lunged forward, grasping the man’s wrist. ""In three chapters, I’m supposed to fall into the gorge. I’ve seen the foreshadowing. I know the 'inevitable' tragedy.""

The Author sighed, a sound of weary resignation. ""It provides the necessary arc. Without the fall, your journey has no weight.""

""I don't want weight, I want life!"" Elias begged, his grip tightening. ""Give me a bridge. A detour. A different choice.""

The Author looked at him with eyes that held a thousand finished books. He moved the pen. ""I can give you a bridge, Elias. But if you cross it, the story ends here. You won't be a hero; you'll just be... finished.""

Elias hesitated, the void humming around them.","The ink didn't just sit on the page; it pulsed. Elias felt the tremor in the parchment before he saw the man.

""You're late,"" Elias shouted, his voice echoing in a void of white space. He stepped toward the figure huddled behind a mahogany desk. The man held a fountain pen like a holy relic.

""I'm exactly where the narrative demands,"" the Author replied, his voice like dry paper rubbing together.

""Then change it!"" Elias lunged forward, grasping the man's wrist. ""In three chapters, I'm supposed to fall into the gorge. I've seen the foreshadowing. I know the 'inevitable' tragedy.""

The Author sighed, a sound of weary resignation. ""It provides the necessary arc. Without the fall, your journey has no weight.""

""I don't want weight, I want life!"" Elias begged, his grip tightening. ""Give me a bridge. A detour. A different choice.""

The Author looked at him with eyes that held a thousand finished books. He moved the pen. ""I can give you a bridge, Elias. But if you cross it, the story ends here. You won't be a hero; you'll just be... finished.""

Elias hesitated, the void humming around them.",gemma-4-12b,google,False,191,1101,test,gemma-4-12b-q4_k_m,final-2026-09-20,"You are writing a short piece of fiction in response to a writing prompt, the way a person would on an online writing forum. Write the story itself. Do not restate the prompt, explain it, comment on it, or add any framing before or after the story.",140,220,8192,none,,end_turn,ollama-local-gemma-4-12b,2026-09-28 06:34:08.123461+00:00,11.9,gemma4:12b,q4_k_m,16384,8192,False,"{""temperature"": ""1"", ""top_k"": ""64"", ""top_p"": ""0.95""}","The ink didn't just sit on the page; it pulsed. Elias felt the tremor in the parchment before he saw the man.

""You're late,"" Elias shouted, his voice echoing in a void of white space. He stepped toward the figure huddled behind a mahogany desk. The man held a fountain pen like a holy relic.

""I'm exactly where the narrative demands,"" the Author replied, his voice like dry paper rubbing together.

""Then change it!"" Elias lunged forward, grasping the man's wrist. ""In three chapters, I'm supposed to fall into the gorge. I've seen the foreshadowing. I know the 'inevitable' tragedy.""

The Author sighed, a sound of weary resignation. ""It provides the necessary arc. Without the fall, your journey has no weight.""

""I don't want weight, I want life!"" Elias begged, his grip tightening. ""Give me a bridge. A detour. A different choice.""

The Author looked at him with eyes that held a thousand finished books. He moved the pen. ""I can give you a bridge, Elias. But if you cross it, the story ends here. You won't be a hero; you'll just be... finished.""

Elias hesitated, the void humming around them.","The ink didn't just sit on the page; it pulsed. Elias felt the tremor in the parchment before he saw the man. ""You're late,"" Elias shouted, his voice echoing in a void of white space. He stepped toward the figure huddled behind a mahogany desk. The man held a fountain pen like a holy relic. ""I'm exactly where the narrative demands,"" the Author replied, his voice like dry paper rubbing together. ""Then change it!"" Elias lunged forward, grasping the man's wrist. ""In three chapters, I'm supposed to fall into the gorge. I've seen the foreshadowing. I know the 'inevitable' tragedy."" The Author sighed, a sound of weary resignation. ""It provides the necessary arc. Without the fall, your journey has no weight."" ""I don't want weight, I want life!"" Elias begged, his grip tightening. ""Give me a bridge. A detour. A different choice."" The Author looked at him with eyes that held a thousand finished books. He moved the pen. ""I can give you a bridge, Elias. But if you cross it, the story ends here. You won't be a hero; you'll just be... finished."" Elias hesitated, the void humming around them.","The ink didn't just sit on the page; it pulsed. Elias felt the tremor in the parchment before he saw the man. ""You're late,"" Elias shouted, his voice echoing in a void of white space. He stepped toward the figure huddled behind a mahogany desk. The man held a fountain pen like a holy relic. ""I'm exactly where the narrative demands,"" the Author replied, his voice like dry paper rubbing together. ""Then change it!"" Elias lunged forward, grasping the man's wrist. ""In three chapters, I'm supposed to fall into the gorge. I've seen the foreshadowing. I know the 'inevitable' tragedy."" The Author sighed, a sound of weary resignation. ""It provides the necessary arc. Without the fall, your journey has no weight."" ""I don't want weight, I want life!"" Elias begged, his grip tightening. ""Give me a bridge. A detour. A different choice."" The Author looked at him with eyes that held a thousand finished books. He moved the pen. ""I can give you a bridge, Elias. But if you cross it, the story ends here. You won't be a hero; you'll just be... finished."" Elias hesitated, the void humming around them.",the ink didn't just sit on the page it pulsed elias felt the tremor in the parchment before he saw the man you're late elias shouted his voice echoing in a void of white space he stepped toward the figure huddled behind a mahogany desk the man held a fountain pen like a holy relic i'm exactly where the narrative demands the author replied his voice like dry paper rubbing together then change it elias lunged forward grasping the man's wrist in three chapters i'm supposed to fall into the gorge i've seen the foreshadowing i know the inevitable tragedy the author sighed a sound of weary resignation it provides the necessary arc without the fall your journey has no weight i don't want weight i want life elias begged his grip tightening give me a bridge a detour a different choice the author looked at him with eyes that held a thousand finished books he moved the pen i can give you a bridge elias but if you cross it the story ends here you won't be a hero you'll just be finished elias hesitated the void humming around them
longform_0261__gemma-4-12b,longform_0261,long-form,"You're out for a jog when a man who looks just like you stumbles out of the bushes. He trusts a blood covered bag into your arms and whispers "" break the cycle "" before collapsing at your feet.","The humidity of the evening clung to my skin like a damp veil, making every breath a conscious effort. I was three miles into my run when the rhythm of my breathing was shattered by a frantic rustle in the underbrush.

A man erupted from the thicket, stumbling into the gray light of the streetlamp. He didn't just look like me—he *was* me. He wore the same frayed gray hoodie, the same frayed laces on his sneakers, and possessed the same jagged scar just above his left eyebrow. My heart hammered against my ribs, a frantic bird in a cage.

He didn't speak until he was inches away. His eyes were wide, bloodshot, and filled with a terrifying clarity. He thrust a heavy, canvas bag into my hands. It was warm and heavy, slick with something dark and viscous that stained my palms.

""Break the cycle,"" he wheezed, the words barely audible over my own panicked gasps.

Before I could demand an explanation, his knees buckled. He collapsed onto the pavement, his body going limp. I stood over him, clutching the bag, the silence of the woods suddenly deafening.","The humidity of the evening clung to my skin like a damp veil, making every breath a conscious effort. I was three miles into my run when the rhythm of my breathing was shattered by a frantic rustle in the underbrush.

A man erupted from the thicket, stumbling into the gray light of the streetlamp. He didn't just look like me—he was me. He wore the same frayed gray hoodie, the same frayed laces on his sneakers, and possessed the same jagged scar just above his left eyebrow. My heart hammered against my ribs, a frantic bird in a cage.

He didn't speak until he was inches away. His eyes were wide, bloodshot, and filled with a terrifying clarity. He thrust a heavy, canvas bag into my hands. It was warm and heavy, slick with something dark and viscous that stained my palms.

""Break the cycle,"" he wheezed, the words barely audible over my own panicked gasps.

Before I could demand an explanation, his knees buckled. He collapsed onto the pavement, his body going limp. I stood over him, clutching the bag, the silence of the woods suddenly deafening.",gemma-4-12b,google,False,189,1060,test,gemma-4-12b-q4_k_m,final-2026-09-20,"You are writing a short piece of fiction in response to a writing prompt, the way a person would on an online writing forum. Write the story itself. Do not restate the prompt, explain it, comment on it, or add any framing before or after the story.",140,220,8192,none,,end_turn,ollama-local-gemma-4-12b,2026-09-28 06:34:12.402042+00:00,11.9,gemma4:12b,q4_k_m,16384,8192,False,"{""temperature"": ""1"", ""top_k"": ""64"", ""top_p"": ""0.95""}","The humidity of the evening clung to my skin like a damp veil, making every breath a conscious effort. I was three miles into my run when the rhythm of my breathing was shattered by a frantic rustle in the underbrush.

A man erupted from the thicket, stumbling into the gray light of the streetlamp. He didn't just look like me - he was me. He wore the same frayed gray hoodie, the same frayed laces on his sneakers, and possessed the same jagged scar just above his left eyebrow. My heart hammered against my ribs, a frantic bird in a cage.

He didn't speak until he was inches away. His eyes were wide, bloodshot, and filled with a terrifying clarity. He thrust a heavy, canvas bag into my hands. It was warm and heavy, slick with something dark and viscous that stained my palms.

""Break the cycle,"" he wheezed, the words barely audible over my own panicked gasps.

Before I could demand an explanation, his knees buckled. He collapsed onto the pavement, his body going limp. I stood over him, clutching the bag, the silence of the woods suddenly deafening.","The humidity of the evening clung to my skin like a damp veil, making every breath a conscious effort. I was three miles into my run when the rhythm of my breathing was shattered by a frantic rustle in the underbrush. A man erupted from the thicket, stumbling into the gray light of the streetlamp. He didn't just look like me—he was me. He wore the same frayed gray hoodie, the same frayed laces on his sneakers, and possessed the same jagged scar just above his left eyebrow. My heart hammered against my ribs, a frantic bird in a cage. He didn't speak until he was inches away. His eyes were wide, bloodshot, and filled with a terrifying clarity. He thrust a heavy, canvas bag into my hands. It was warm and heavy, slick with something dark and viscous that stained my palms. ""Break the cycle,"" he wheezed, the words barely audible over my own panicked gasps. Before I could demand an explanation, his knees buckled. He collapsed onto the pavement, his body going limp. I stood over him, clutching the bag, the silence of the woods suddenly deafening.","The humidity of the evening clung to my skin like a damp veil, making every breath a conscious effort. I was three miles into my run when the rhythm of my breathing was shattered by a frantic rustle in the underbrush. A man erupted from the thicket, stumbling into the gray light of the streetlamp. He didn't just look like me - he was me. He wore the same frayed gray hoodie, the same frayed laces on his sneakers, and possessed the same jagged scar just above his left eyebrow. My heart hammered against my ribs, a frantic bird in a cage. He didn't speak until he was inches away. His eyes were wide, bloodshot, and filled with a terrifying clarity. He thrust a heavy, canvas bag into my hands. It was warm and heavy, slick with something dark and viscous that stained my palms. ""Break the cycle,"" he wheezed, the words barely audible over my own panicked gasps. Before I could demand an explanation, his knees buckled. He collapsed onto the pavement, his body going limp. I stood over him, clutching the bag, the silence of the woods suddenly deafening.",the humidity of the evening clung to my skin like a damp veil making every breath a conscious effort i was three miles into my run when the rhythm of my breathing was shattered by a frantic rustle in the underbrush a man erupted from the thicket stumbling into the gray light of the streetlamp he didn't just look like me he was me he wore the same frayed gray hoodie the same frayed laces on his sneakers and possessed the same jagged scar just above his left eyebrow my heart hammered against my ribs a frantic bird in a cage he didn't speak until he was inches away his eyes were wide bloodshot and filled with a terrifying clarity he thrust a heavy canvas bag into my hands it was warm and heavy slick with something dark and viscous that stained my palms break the cycle he wheezed the words barely audible over my own panicked gasps before i could demand an explanation his knees buckled he collapsed onto the pavement his body going limp i stood over him clutching the bag the silence of the woods suddenly deafening
longform_0279__gemma-4-12b,longform_0279,long-form,"A young man, with no helmet on, riding a motorcycle down a mountain road on an overcast day.","The air at high altitude tasted of damp pine and wet slate. Elias leaned into the curve, the heavy weight of the bike swaying beneath him like a living thing. The road was a ribbon of bruised asphalt winding against the jagged ribs of the mountainside. Above, the sky was a ceiling of heavy, charcoal clouds, pressing down until the distinction between the peaks and the heavens blurred into a single shade of gray.

He didn't wear a helmet. He wanted to feel the wind—not just the rush of it against his skin, but the way it pulled the moisture from his eyes and whipped his hair into a frantic crown. It was a reckless choice, one that made the roar of the engine feel more intimate, as if the machine were shouting directly into his ears. 

Every time he shifted gears, the mechanical grind echoed against the rock faces. He felt invincible and terrified in equal measure, a small speck of motion in a vast, indifferent landscape. For a moment, the fear vanished, replaced by the sheer, violent poetry of speed. He wasn't just riding; he was dissolving into the mist.","The air at high altitude tasted of damp pine and wet slate. Elias leaned into the curve, the heavy weight of the bike swaying beneath him like a living thing. The road was a ribbon of bruised asphalt winding against the jagged ribs of the mountainside. Above, the sky was a ceiling of heavy, charcoal clouds, pressing down until the distinction between the peaks and the heavens blurred into a single shade of gray.

He didn't wear a helmet. He wanted to feel the wind—not just the rush of it against his skin, but the way it pulled the moisture from his eyes and whipped his hair into a frantic crown. It was a reckless choice, one that made the roar of the engine feel more intimate, as if the machine were shouting directly into his ears.

Every time he shifted gears, the mechanical grind echoed against the rock faces. He felt invincible and terrified in equal measure, a small speck of motion in a vast, indifferent landscape. For a moment, the fear vanished, replaced by the sheer, violent poetry of speed. He wasn't just riding; he was dissolving into the mist.",gemma-4-12b,google,False,192,1070,test,gemma-4-12b-q4_k_m,final-2026-09-20,"You are writing a short piece of fiction in response to a writing prompt, the way a person would on an online writing forum. Write the story itself. Do not restate the prompt, explain it, comment on it, or add any framing before or after the story.",140,220,8192,none,,end_turn,ollama-local-gemma-4-12b,2026-09-28 06:34:16.434476+00:00,11.9,gemma4:12b,q4_k_m,16384,8192,False,"{""temperature"": ""1"", ""top_k"": ""64"", ""top_p"": ""0.95""}","The air at high altitude tasted of damp pine and wet slate. Elias leaned into the curve, the heavy weight of the bike swaying beneath him like a living thing. The road was a ribbon of bruised asphalt winding against the jagged ribs of the mountainside. Above, the sky was a ceiling of heavy, charcoal clouds, pressing down until the distinction between the peaks and the heavens blurred into a single shade of gray.

He didn't wear a helmet. He wanted to feel the wind - not just the rush of it against his skin, but the way it pulled the moisture from his eyes and whipped his hair into a frantic crown. It was a reckless choice, one that made the roar of the engine feel more intimate, as if the machine were shouting directly into his ears.

Every time he shifted gears, the mechanical grind echoed against the rock faces. He felt invincible and terrified in equal measure, a small speck of motion in a vast, indifferent landscape. For a moment, the fear vanished, replaced by the sheer, violent poetry of speed. He wasn't just riding; he was dissolving into the mist.","The air at high altitude tasted of damp pine and wet slate. Elias leaned into the curve, the heavy weight of the bike swaying beneath him like a living thing. The road was a ribbon of bruised asphalt winding against the jagged ribs of the mountainside. Above, the sky was a ceiling of heavy, charcoal clouds, pressing down until the distinction between the peaks and the heavens blurred into a single shade of gray. He didn't wear a helmet. He wanted to feel the wind—not just the rush of it against his skin, but the way it pulled the moisture from his eyes and whipped his hair into a frantic crown. It was a reckless choice, one that made the roar of the engine feel more intimate, as if the machine were shouting directly into his ears. Every time he shifted gears, the mechanical grind echoed against the rock faces. He felt invincible and terrified in equal measure, a small speck of motion in a vast, indifferent landscape. For a moment, the fear vanished, replaced by the sheer, violent poetry of speed. He wasn't just riding; he was dissolving into the mist.","The air at high altitude tasted of damp pine and wet slate. Elias leaned into the curve, the heavy weight of the bike swaying beneath him like a living thing. The road was a ribbon of bruised asphalt winding against the jagged ribs of the mountainside. Above, the sky was a ceiling of heavy, charcoal clouds, pressing down until the distinction between the peaks and the heavens blurred into a single shade of gray. He didn't wear a helmet. He wanted to feel the wind - not just the rush of it against his skin, but the way it pulled the moisture from his eyes and whipped his hair into a frantic crown. It was a reckless choice, one that made the roar of the engine feel more intimate, as if the machine were shouting directly into his ears. Every time he shifted gears, the mechanical grind echoed against the rock faces. He felt invincible and terrified in equal measure, a small speck of motion in a vast, indifferent landscape. For a moment, the fear vanished, replaced by the sheer, violent poetry of speed. He wasn't just riding; he was dissolving into the mist.",the air at high altitude tasted of damp pine and wet slate elias leaned into the curve the heavy weight of the bike swaying beneath him like a living thing the road was a ribbon of bruised asphalt winding against the jagged ribs of the mountainside above the sky was a ceiling of heavy charcoal clouds pressing down until the distinction between the peaks and the heavens blurred into a single shade of gray he didn't wear a helmet he wanted to feel the wind not just the rush of it against his skin but the way it pulled the moisture from his eyes and whipped his hair into a frantic crown it was a reckless choice one that made the roar of the engine feel more intimate as if the machine were shouting directly into his ears every time he shifted gears the mechanical grind echoed against the rock faces he felt invincible and terrified in equal measure a small speck of motion in a vast indifferent landscape for a moment the fear vanished replaced by the sheer violent poetry of speed he wasn't just riding he was dissolving into the mist
longform_0282__gemma-4-12b,longform_0282,long-form,"Through what he describes as a series of "" entirely involuntary "" and "" incredibly unfortunate "" events, Ron Swanson is elected President of The United States of America.","The transition was, in Ron’s own words, a logistical nightmare. It began when a local zoning board member died of a sudden heart attack, and his seat was filled by a man who accidentally wandered into the wrong meeting. That man was then disqualified for a scandal involving illegal poultry trade, leading to a desperate, panicked appointment by a frantic governor. By the time the news reached the national stage, the machinery of bureaucracy had spun so fast and so erratically that the paperwork had actually landed on the President’s desk.

Ron sat in the Oval Office, staring at the heavy mahogany desk as if it were a particularly stubborn piece of lumber. He did not want the job. He hated the ""optics,"" he hated the ""protocol,"" and he especially hated the fact that he had to wear a suit that wasn't his own.

""I am not a politician,"" he told the press corps, his voice a low rumble of restrained fury. ""I am a man who wants to be left alone. However, since I am now the figurehead, I shall govern by simple principles: I will be brief, I will be honest, and I will get out of your way as quickly as humanly possible.""","The transition was, in Ron's own words, a logistical nightmare. It began when a local zoning board member died of a sudden heart attack, and his seat was filled by a man who accidentally wandered into the wrong meeting. That man was then disqualified for a scandal involving illegal poultry trade, leading to a desperate, panicked appointment by a frantic governor. By the time the news reached the national stage, the machinery of bureaucracy had spun so fast and so erratically that the paperwork had actually landed on the President's desk.

Ron sat in the Oval Office, staring at the heavy mahogany desk as if it were a particularly stubborn piece of lumber. He did not want the job. He hated the ""optics,"" he hated the ""protocol,"" and he especially hated the fact that he had to wear a suit that wasn't his own.

""I am not a politician,"" he told the press corps, his voice a low rumble of restrained fury. ""I am a man who wants to be left alone. However, since I am now the figurehead, I shall govern by simple principles: I will be brief, I will be honest, and I will get out of your way as quickly as humanly possible.""",gemma-4-12b,google,False,206,1126,test,gemma-4-12b-q4_k_m,final-2026-09-20,"You are writing a short piece of fiction in response to a writing prompt, the way a person would on an online writing forum. Write the story itself. Do not restate the prompt, explain it, comment on it, or add any framing before or after the story.",140,220,8192,none,,end_turn,ollama-local-gemma-4-12b,2026-09-28 06:34:20.884860+00:00,11.9,gemma4:12b,q4_k_m,16384,8192,False,"{""temperature"": ""1"", ""top_k"": ""64"", ""top_p"": ""0.95""}","The transition was, in Ron's own words, a logistical nightmare. It began when a local zoning board member died of a sudden heart attack, and his seat was filled by a man who accidentally wandered into the wrong meeting. That man was then disqualified for a scandal involving illegal poultry trade, leading to a desperate, panicked appointment by a frantic governor. By the time the news reached the national stage, the machinery of bureaucracy had spun so fast and so erratically that the paperwork had actually landed on the President's desk.

Ron sat in the Oval Office, staring at the heavy mahogany desk as if it were a particularly stubborn piece of lumber. He did not want the job. He hated the ""optics,"" he hated the ""protocol,"" and he especially hated the fact that he had to wear a suit that wasn't his own.

""I am not a politician,"" he told the press corps, his voice a low rumble of restrained fury. ""I am a man who wants to be left alone. However, since I am now the figurehead, I shall govern by simple principles: I will be brief, I will be honest, and I will get out of your way as quickly as humanly possible.""","The transition was, in Ron's own words, a logistical nightmare. It began when a local zoning board member died of a sudden heart attack, and his seat was filled by a man who accidentally wandered into the wrong meeting. That man was then disqualified for a scandal involving illegal poultry trade, leading to a desperate, panicked appointment by a frantic governor. By the time the news reached the national stage, the machinery of bureaucracy had spun so fast and so erratically that the paperwork had actually landed on the President's desk. Ron sat in the Oval Office, staring at the heavy mahogany desk as if it were a particularly stubborn piece of lumber. He did not want the job. He hated the ""optics,"" he hated the ""protocol,"" and he especially hated the fact that he had to wear a suit that wasn't his own. ""I am not a politician,"" he told the press corps, his voice a low rumble of restrained fury. ""I am a man who wants to be left alone. However, since I am now the figurehead, I shall govern by simple principles: I will be brief, I will be honest, and I will get out of your way as quickly as humanly possible.""","The transition was, in Ron's own words, a logistical nightmare. It began when a local zoning board member died of a sudden heart attack, and his seat was filled by a man who accidentally wandered into the wrong meeting. That man was then disqualified for a scandal involving illegal poultry trade, leading to a desperate, panicked appointment by a frantic governor. By the time the news reached the national stage, the machinery of bureaucracy had spun so fast and so erratically that the paperwork had actually landed on the President's desk. Ron sat in the Oval Office, staring at the heavy mahogany desk as if it were a particularly stubborn piece of lumber. He did not want the job. He hated the ""optics,"" he hated the ""protocol,"" and he especially hated the fact that he had to wear a suit that wasn't his own. ""I am not a politician,"" he told the press corps, his voice a low rumble of restrained fury. ""I am a man who wants to be left alone. However, since I am now the figurehead, I shall govern by simple principles: I will be brief, I will be honest, and I will get out of your way as quickly as humanly possible.""",the transition was in ron's own words a logistical nightmare it began when a local zoning board member died of a sudden heart attack and his seat was filled by a man who accidentally wandered into the wrong meeting that man was then disqualified for a scandal involving illegal poultry trade leading to a desperate panicked appointment by a frantic governor by the time the news reached the national stage the machinery of bureaucracy had spun so fast and so erratically that the paperwork had actually landed on the president's desk ron sat in the oval office staring at the heavy mahogany desk as if it were a particularly stubborn piece of lumber he did not want the job he hated the optics he hated the protocol and he especially hated the fact that he had to wear a suit that wasn't his own i am not a politician he told the press corps his voice a low rumble of restrained fury i am a man who wants to be left alone however since i am now the figurehead i shall govern by simple principles i will be brief i will be honest and i will get out of your way as quickly as humanly possible
longform_0294__gemma-4-12b,longform_0294,long-form,"Humanity is on the losing side of war. Battle training is part of school curriculum, and the world wide military enlistment age has been lowered to 14. Tomorrow is your 14th birthday.","The chalkboard in the classroom was etched with the names of the fallen, a growing list of ""the fallen"" that served as our only history book. Today, the instructor didn’t teach us geometry; he taught us the weight of a standard-issue rifle and the proper way to check a breach. He told us that the borders were shrinking every day, and that every year we spent in school was a year the enemy spent encroaching on our soil.

I looked at my hands—small, calloused, and trembling. They were the hands of a child, yet by sunrise, they would be the hands of a soldier.

Tomorrow, I turn fourteen. In the eyes of the Ministry, that number isn't a milestone of growth; it’s a deadline of utility. The ""Selection"" isn't a choice, and the enlistment isn't a volunteer opportunity. It is a requisition. Tonight, I’ll be the last person in my house who is allowed to sleep without a weapon under my pillow. Tomorrow, I stop being a student. Tomorrow, I become a line of defense in a war we are already losing.","The chalkboard in the classroom was etched with the names of the fallen, a growing list of ""the fallen"" that served as our only history book. Today, the instructor didn't teach us geometry; he taught us the weight of a standard-issue rifle and the proper way to check a breach. He told us that the borders were shrinking every day, and that every year we spent in school was a year the enemy spent encroaching on our soil.

I looked at my hands—small, calloused, and trembling. They were the hands of a child, yet by sunrise, they would be the hands of a soldier.

Tomorrow, I turn fourteen. In the eyes of the Ministry, that number isn't a milestone of growth; it's a deadline of utility. The ""Selection"" isn't a choice, and the enlistment isn't a volunteer opportunity. It is a requisition. Tonight, I'll be the last person in my house who is allowed to sleep without a weapon under my pillow. Tomorrow, I stop being a student. Tomorrow, I become a line of defense in a war we are already losing.",gemma-4-12b,google,False,182,998,test,gemma-4-12b-q4_k_m,final-2026-09-20,"You are writing a short piece of fiction in response to a writing prompt, the way a person would on an online writing forum. Write the story itself. Do not restate the prompt, explain it, comment on it, or add any framing before or after the story.",140,220,8192,none,,end_turn,ollama-local-gemma-4-12b,2026-09-28 06:34:25.088338+00:00,11.9,gemma4:12b,q4_k_m,16384,8192,False,"{""temperature"": ""1"", ""top_k"": ""64"", ""top_p"": ""0.95""}","The chalkboard in the classroom was etched with the names of the fallen, a growing list of ""the fallen"" that served as our only history book. Today, the instructor didn't teach us geometry; he taught us the weight of a standard-issue rifle and the proper way to check a breach. He told us that the borders were shrinking every day, and that every year we spent in school was a year the enemy spent encroaching on our soil.

I looked at my hands - small, calloused, and trembling. They were the hands of a child, yet by sunrise, they would be the hands of a soldier.

Tomorrow, I turn fourteen. In the eyes of the Ministry, that number isn't a milestone of growth; it's a deadline of utility. The ""Selection"" isn't a choice, and the enlistment isn't a volunteer opportunity. It is a requisition. Tonight, I'll be the last person in my house who is allowed to sleep without a weapon under my pillow. Tomorrow, I stop being a student. Tomorrow, I become a line of defense in a war we are already losing.","The chalkboard in the classroom was etched with the names of the fallen, a growing list of ""the fallen"" that served as our only history book. Today, the instructor didn't teach us geometry; he taught us the weight of a standard-issue rifle and the proper way to check a breach. He told us that the borders were shrinking every day, and that every year we spent in school was a year the enemy spent encroaching on our soil. I looked at my hands—small, calloused, and trembling. They were the hands of a child, yet by sunrise, they would be the hands of a soldier. Tomorrow, I turn fourteen. In the eyes of the Ministry, that number isn't a milestone of growth; it's a deadline of utility. The ""Selection"" isn't a choice, and the enlistment isn't a volunteer opportunity. It is a requisition. Tonight, I'll be the last person in my house who is allowed to sleep without a weapon under my pillow. Tomorrow, I stop being a student. Tomorrow, I become a line of defense in a war we are already losing.","The chalkboard in the classroom was etched with the names of the fallen, a growing list of ""the fallen"" that served as our only history book. Today, the instructor didn't teach us geometry; he taught us the weight of a standard-issue rifle and the proper way to check a breach. He told us that the borders were shrinking every day, and that every year we spent in school was a year the enemy spent encroaching on our soil. I looked at my hands - small, calloused, and trembling. They were the hands of a child, yet by sunrise, they would be the hands of a soldier. Tomorrow, I turn fourteen. In the eyes of the Ministry, that number isn't a milestone of growth; it's a deadline of utility. The ""Selection"" isn't a choice, and the enlistment isn't a volunteer opportunity. It is a requisition. Tonight, I'll be the last person in my house who is allowed to sleep without a weapon under my pillow. Tomorrow, I stop being a student. Tomorrow, I become a line of defense in a war we are already losing.",the chalkboard in the classroom was etched with the names of the fallen a growing list of the fallen that served as our only history book today the instructor didn't teach us geometry he taught us the weight of a standard issue rifle and the proper way to check a breach he told us that the borders were shrinking every day and that every year we spent in school was a year the enemy spent encroaching on our soil i looked at my hands small calloused and trembling they were the hands of a child yet by sunrise they would be the hands of a soldier tomorrow i turn fourteen in the eyes of the ministry that number isn't a milestone of growth it's a deadline of utility the selection isn't a choice and the enlistment isn't a volunteer opportunity it is a requisition tonight i'll be the last person in my house who is allowed to sleep without a weapon under my pillow tomorrow i stop being a student tomorrow i become a line of defense in a war we are already losing
longform_0298__gemma-4-12b,longform_0298,long-form,The year is 2200 an alien race has come to earth revealing that the human race was nothing but an experiment by their ancestors.,"The sky didn't crack; it simply folded. One Tuesday, the atmosphere rippled like silk, and the monoliths descended. They weren't jagged, jagged machines of war, but smooth, iridescent needles that hummed in a frequency that made human teeth ache.

They didn't demand surrender or offer conquest. They offered a ledger.

The High Archon—a towering entity of shifting geometry and bioluminescent veining—projected a psychic broadcast into every mind on Earth simultaneously. It wasn't a message of hate, but of profound, clinical exhaustion.

""The incubation period is over,"" the voice echoed in every language, every dialect, and every silent thought. ""The biological trial of the Anthropocene era is concluded.""

They didn't call us enemies. They called us 'Sample 4-G.' They revealed that our wars, our art, and our desperate tethers to the soil were merely variables in a centuries-long study on resilience. We weren't a civilization; we were a petri dish. 

The most chilling part wasn't their arrival. It was the realization that their ancestors had left the ""Delete"" key waiting for a billion years, just waiting for us to become interesting enough to be deleted.","The sky didn't crack; it simply folded. One Tuesday, the atmosphere rippled like silk, and the monoliths descended. They weren't jagged, jagged machines of war, but smooth, iridescent needles that hummed in a frequency that made human teeth ache.

They didn't demand surrender or offer conquest. They offered a ledger.

The High Archon—a towering entity of shifting geometry and bioluminescent veining—projected a psychic broadcast into every mind on Earth simultaneously. It wasn't a message of hate, but of profound, clinical exhaustion.

""The incubation period is over,"" the voice echoed in every language, every dialect, and every silent thought. ""The biological trial of the Anthropocene era is concluded.""

They didn't call us enemies. They called us 'Sample 4-G.' They revealed that our wars, our art, and our desperate tethers to the soil were merely variables in a centuries-long study on resilience. We weren't a civilization; we were a petri dish.

The most chilling part wasn't their arrival. It was the realization that their ancestors had left the ""Delete"" key waiting for a billion years, just waiting for us to become interesting enough to be deleted.",gemma-4-12b,google,False,184,1168,test,gemma-4-12b-q4_k_m,final-2026-09-20,"You are writing a short piece of fiction in response to a writing prompt, the way a person would on an online writing forum. Write the story itself. Do not restate the prompt, explain it, comment on it, or add any framing before or after the story.",140,220,8192,none,,end_turn,ollama-local-gemma-4-12b,2026-09-28 06:34:29.681038+00:00,11.9,gemma4:12b,q4_k_m,16384,8192,False,"{""temperature"": ""1"", ""top_k"": ""64"", ""top_p"": ""0.95""}","The sky didn't crack; it simply folded. One Tuesday, the atmosphere rippled like silk, and the monoliths descended. They weren't jagged, jagged machines of war, but smooth, iridescent needles that hummed in a frequency that made human teeth ache.

They didn't demand surrender or offer conquest. They offered a ledger.

The High Archon - a towering entity of shifting geometry and bioluminescent veining - projected a psychic broadcast into every mind on Earth simultaneously. It wasn't a message of hate, but of profound, clinical exhaustion.

""The incubation period is over,"" the voice echoed in every language, every dialect, and every silent thought. ""The biological trial of the Anthropocene era is concluded.""

They didn't call us enemies. They called us 'Sample 4-G.' They revealed that our wars, our art, and our desperate tethers to the soil were merely variables in a centuries-long study on resilience. We weren't a civilization; we were a petri dish.

The most chilling part wasn't their arrival. It was the realization that their ancestors had left the ""Delete"" key waiting for a billion years, just waiting for us to become interesting enough to be deleted.","The sky didn't crack; it simply folded. One Tuesday, the atmosphere rippled like silk, and the monoliths descended. They weren't jagged, jagged machines of war, but smooth, iridescent needles that hummed in a frequency that made human teeth ache. They didn't demand surrender or offer conquest. They offered a ledger. The High Archon—a towering entity of shifting geometry and bioluminescent veining—projected a psychic broadcast into every mind on Earth simultaneously. It wasn't a message of hate, but of profound, clinical exhaustion. ""The incubation period is over,"" the voice echoed in every language, every dialect, and every silent thought. ""The biological trial of the Anthropocene era is concluded."" They didn't call us enemies. They called us 'Sample 4-G.' They revealed that our wars, our art, and our desperate tethers to the soil were merely variables in a centuries-long study on resilience. We weren't a civilization; we were a petri dish. The most chilling part wasn't their arrival. It was the realization that their ancestors had left the ""Delete"" key waiting for a billion years, just waiting for us to become interesting enough to be deleted.","The sky didn't crack; it simply folded. One Tuesday, the atmosphere rippled like silk, and the monoliths descended. They weren't jagged, jagged machines of war, but smooth, iridescent needles that hummed in a frequency that made human teeth ache. They didn't demand surrender or offer conquest. They offered a ledger. The High Archon - a towering entity of shifting geometry and bioluminescent veining - projected a psychic broadcast into every mind on Earth simultaneously. It wasn't a message of hate, but of profound, clinical exhaustion. ""The incubation period is over,"" the voice echoed in every language, every dialect, and every silent thought. ""The biological trial of the Anthropocene era is concluded."" They didn't call us enemies. They called us 'Sample 4-G.' They revealed that our wars, our art, and our desperate tethers to the soil were merely variables in a centuries-long study on resilience. We weren't a civilization; we were a petri dish. The most chilling part wasn't their arrival. It was the realization that their ancestors had left the ""Delete"" key waiting for a billion years, just waiting for us to become interesting enough to be deleted.",the sky didn't crack it simply folded one tuesday the atmosphere rippled like silk and the monoliths descended they weren't jagged jagged machines of war but smooth iridescent needles that hummed in a frequency that made human teeth ache they didn't demand surrender or offer conquest they offered a ledger the high archon a towering entity of shifting geometry and bioluminescent veining projected a psychic broadcast into every mind on earth simultaneously it wasn't a message of hate but of profound clinical exhaustion the incubation period is over the voice echoed in every language every dialect and every silent thought the biological trial of the anthropocene era is concluded they didn't call us enemies they called us sample 4 g they revealed that our wars our art and our desperate tethers to the soil were merely variables in a centuries long study on resilience we weren't a civilization we were a petri dish the most chilling part wasn't their arrival it was the realization that their ancestors had left the delete key waiting for a billion years just waiting for us to become interesting enough to be deleted
longform_0312__gemma-4-12b,longform_0312,long-form,"After centuries of boredom, the guardian of a forgotten treasure gives up on its ancient duty and steals it to start a new life.","The silence of the Vault had lasted for six hundred years, a heavy, suffocating weight that pressed against Silas’s spirit until it felt like stone. For centuries, his only purpose was to stand before the Gate of Aethelgard, ensuring the Sun-Stone remained untouched by mortal hands. He was a statue of flesh, a sentinel of stone, tasked with guarding a treasure he had never been permitted to touch.

But boredom is a slow poison. It rotted his devotion until the duty felt like a cage. 

Tonight, the silence broke. With a trembling hand, Silas reached past the holy inscriptions. He didn't just touch the stone; he seized it. The gem hummed, a vibrant, singing heat that flooded his veins, burning away the stagnant dust of his long watch. He didn't look back as he stepped into the shadows, the treasure clutched against his chest like a beating heart. The Gate was empty, the duty was abandoned, and for the first time in an age, Silas wasn't a guardian. He was a thief with a spark in his pocket and a horizon to find.","The silence of the Vault had lasted for six hundred years, a heavy, suffocating weight that pressed against Silas's spirit until it felt like stone. For centuries, his only purpose was to stand before the Gate of Aethelgard, ensuring the Sun-Stone remained untouched by mortal hands. He was a statue of flesh, a sentinel of stone, tasked with guarding a treasure he had never been permitted to touch.

But boredom is a slow poison. It rotted his devotion until the duty felt like a cage.

Tonight, the silence broke. With a trembling hand, Silas reached past the holy inscriptions. He didn't just touch the stone; he seized it. The gem hummed, a vibrant, singing heat that flooded his veins, burning away the stagnant dust of his long watch. He didn't look back as he stepped into the shadows, the treasure clutched against his chest like a beating heart. The Gate was empty, the duty was abandoned, and for the first time in an age, Silas wasn't a guardian. He was a thief with a spark in his pocket and a horizon to find.",gemma-4-12b,google,False,183,1024,test,gemma-4-12b-q4_k_m,final-2026-09-20,"You are writing a short piece of fiction in response to a writing prompt, the way a person would on an online writing forum. Write the story itself. Do not restate the prompt, explain it, comment on it, or add any framing before or after the story.",140,220,8192,none,,end_turn,ollama-local-gemma-4-12b,2026-09-28 06:34:33.818066+00:00,11.9,gemma4:12b,q4_k_m,16384,8192,False,"{""temperature"": ""1"", ""top_k"": ""64"", ""top_p"": ""0.95""}","The silence of the Vault had lasted for six hundred years, a heavy, suffocating weight that pressed against Silas's spirit until it felt like stone. For centuries, his only purpose was to stand before the Gate of Aethelgard, ensuring the Sun-Stone remained untouched by mortal hands. He was a statue of flesh, a sentinel of stone, tasked with guarding a treasure he had never been permitted to touch.

But boredom is a slow poison. It rotted his devotion until the duty felt like a cage.

Tonight, the silence broke. With a trembling hand, Silas reached past the holy inscriptions. He didn't just touch the stone; he seized it. The gem hummed, a vibrant, singing heat that flooded his veins, burning away the stagnant dust of his long watch. He didn't look back as he stepped into the shadows, the treasure clutched against his chest like a beating heart. The Gate was empty, the duty was abandoned, and for the first time in an age, Silas wasn't a guardian. He was a thief with a spark in his pocket and a horizon to find.","The silence of the Vault had lasted for six hundred years, a heavy, suffocating weight that pressed against Silas's spirit until it felt like stone. For centuries, his only purpose was to stand before the Gate of Aethelgard, ensuring the Sun-Stone remained untouched by mortal hands. He was a statue of flesh, a sentinel of stone, tasked with guarding a treasure he had never been permitted to touch. But boredom is a slow poison. It rotted his devotion until the duty felt like a cage. Tonight, the silence broke. With a trembling hand, Silas reached past the holy inscriptions. He didn't just touch the stone; he seized it. The gem hummed, a vibrant, singing heat that flooded his veins, burning away the stagnant dust of his long watch. He didn't look back as he stepped into the shadows, the treasure clutched against his chest like a beating heart. The Gate was empty, the duty was abandoned, and for the first time in an age, Silas wasn't a guardian. He was a thief with a spark in his pocket and a horizon to find.","The silence of the Vault had lasted for six hundred years, a heavy, suffocating weight that pressed against Silas's spirit until it felt like stone. For centuries, his only purpose was to stand before the Gate of Aethelgard, ensuring the Sun-Stone remained untouched by mortal hands. He was a statue of flesh, a sentinel of stone, tasked with guarding a treasure he had never been permitted to touch. But boredom is a slow poison. It rotted his devotion until the duty felt like a cage. Tonight, the silence broke. With a trembling hand, Silas reached past the holy inscriptions. He didn't just touch the stone; he seized it. The gem hummed, a vibrant, singing heat that flooded his veins, burning away the stagnant dust of his long watch. He didn't look back as he stepped into the shadows, the treasure clutched against his chest like a beating heart. The Gate was empty, the duty was abandoned, and for the first time in an age, Silas wasn't a guardian. He was a thief with a spark in his pocket and a horizon to find.",the silence of the vault had lasted for six hundred years a heavy suffocating weight that pressed against silas's spirit until it felt like stone for centuries his only purpose was to stand before the gate of aethelgard ensuring the sun stone remained untouched by mortal hands he was a statue of flesh a sentinel of stone tasked with guarding a treasure he had never been permitted to touch but boredom is a slow poison it rotted his devotion until the duty felt like a cage tonight the silence broke with a trembling hand silas reached past the holy inscriptions he didn't just touch the stone he seized it the gem hummed a vibrant singing heat that flooded his veins burning away the stagnant dust of his long watch he didn't look back as he stepped into the shadows the treasure clutched against his chest like a beating heart the gate was empty the duty was abandoned and for the first time in an age silas wasn't a guardian he was a thief with a spark in his pocket and a horizon to find
longform_0326__gemma-4-12b,longform_0326,long-form,"You cut your fingers. Instead of blood, ink runs from the wound.","The paper was thick, a heavy vellum that resisted the nib of my pen. I was reaching for the edge of the desk, my grip tightening on the grain of the wood, when the slip happened. My index finger caught the jagged corner of the mahogany, and the skin parted with a sickening, wet pop.

I braced for the sting of pain and the hot bloom of copper. Instead, there was only a strange, cool sensation. 

I watched, paralyzed, as a thick, viscous liquid began to well up from the slit. It wasn't red. It was a deep, midnight blue—the color of a midnight sky just before the stars emerge. It didn't soak into my skin; it pooled, heavy and deliberate, and began to drip onto the parchment.

As the ""blood"" hit the paper, it didn't just stain. It pooled into perfect, elegant calligraphy. The liquid moved with a mind of its own, weaving into a flowing sentence of archaic prose that I had never typed or thought. I watched, horrified and mesmerized, as my own pulse dictated the words, my wound bleeding out a story I wasn't yet ready to hear.","The paper was thick, a heavy vellum that resisted the nib of my pen. I was reaching for the edge of the desk, my grip tightening on the grain of the wood, when the slip happened. My index finger caught the jagged corner of the mahogany, and the skin parted with a sickening, wet pop.

I braced for the sting of pain and the hot bloom of copper. Instead, there was only a strange, cool sensation.

I watched, paralyzed, as a thick, viscous liquid began to well up from the slit. It wasn't red. It was a deep, midnight blue—the color of a midnight sky just before the stars emerge. It didn't soak into my skin; it pooled, heavy and deliberate, and began to drip onto the parchment.

As the ""blood"" hit the paper, it didn't just stain. It pooled into perfect, elegant calligraphy. The liquid moved with a mind of its own, weaving into a flowing sentence of archaic prose that I had never typed or thought. I watched, horrified and mesmerized, as my own pulse dictated the words, my wound bleeding out a story I wasn't yet ready to hear.",gemma-4-12b,google,False,192,1034,test,gemma-4-12b-q4_k_m,final-2026-09-20,"You are writing a short piece of fiction in response to a writing prompt, the way a person would on an online writing forum. Write the story itself. Do not restate the prompt, explain it, comment on it, or add any framing before or after the story.",140,220,8192,none,,end_turn,ollama-local-gemma-4-12b,2026-09-28 06:34:38.121190+00:00,11.9,gemma4:12b,q4_k_m,16384,8192,False,"{""temperature"": ""1"", ""top_k"": ""64"", ""top_p"": ""0.95""}","The paper was thick, a heavy vellum that resisted the nib of my pen. I was reaching for the edge of the desk, my grip tightening on the grain of the wood, when the slip happened. My index finger caught the jagged corner of the mahogany, and the skin parted with a sickening, wet pop.

I braced for the sting of pain and the hot bloom of copper. Instead, there was only a strange, cool sensation.

I watched, paralyzed, as a thick, viscous liquid began to well up from the slit. It wasn't red. It was a deep, midnight blue - the color of a midnight sky just before the stars emerge. It didn't soak into my skin; it pooled, heavy and deliberate, and began to drip onto the parchment.

As the ""blood"" hit the paper, it didn't just stain. It pooled into perfect, elegant calligraphy. The liquid moved with a mind of its own, weaving into a flowing sentence of archaic prose that I had never typed or thought. I watched, horrified and mesmerized, as my own pulse dictated the words, my wound bleeding out a story I wasn't yet ready to hear.","The paper was thick, a heavy vellum that resisted the nib of my pen. I was reaching for the edge of the desk, my grip tightening on the grain of the wood, when the slip happened. My index finger caught the jagged corner of the mahogany, and the skin parted with a sickening, wet pop. I braced for the sting of pain and the hot bloom of copper. Instead, there was only a strange, cool sensation. I watched, paralyzed, as a thick, viscous liquid began to well up from the slit. It wasn't red. It was a deep, midnight blue—the color of a midnight sky just before the stars emerge. It didn't soak into my skin; it pooled, heavy and deliberate, and began to drip onto the parchment. As the ""blood"" hit the paper, it didn't just stain. It pooled into perfect, elegant calligraphy. The liquid moved with a mind of its own, weaving into a flowing sentence of archaic prose that I had never typed or thought. I watched, horrified and mesmerized, as my own pulse dictated the words, my wound bleeding out a story I wasn't yet ready to hear.","The paper was thick, a heavy vellum that resisted the nib of my pen. I was reaching for the edge of the desk, my grip tightening on the grain of the wood, when the slip happened. My index finger caught the jagged corner of the mahogany, and the skin parted with a sickening, wet pop. I braced for the sting of pain and the hot bloom of copper. Instead, there was only a strange, cool sensation. I watched, paralyzed, as a thick, viscous liquid began to well up from the slit. It wasn't red. It was a deep, midnight blue - the color of a midnight sky just before the stars emerge. It didn't soak into my skin; it pooled, heavy and deliberate, and began to drip onto the parchment. As the ""blood"" hit the paper, it didn't just stain. It pooled into perfect, elegant calligraphy. The liquid moved with a mind of its own, weaving into a flowing sentence of archaic prose that I had never typed or thought. I watched, horrified and mesmerized, as my own pulse dictated the words, my wound bleeding out a story I wasn't yet ready to hear.",the paper was thick a heavy vellum that resisted the nib of my pen i was reaching for the edge of the desk my grip tightening on the grain of the wood when the slip happened my index finger caught the jagged corner of the mahogany and the skin parted with a sickening wet pop i braced for the sting of pain and the hot bloom of copper instead there was only a strange cool sensation i watched paralyzed as a thick viscous liquid began to well up from the slit it wasn't red it was a deep midnight blue the color of a midnight sky just before the stars emerge it didn't soak into my skin it pooled heavy and deliberate and began to drip onto the parchment as the blood hit the paper it didn't just stain it pooled into perfect elegant calligraphy the liquid moved with a mind of its own weaving into a flowing sentence of archaic prose that i had never typed or thought i watched horrified and mesmerized as my own pulse dictated the words my wound bleeding out a story i wasn't yet ready to hear
longform_0328__gemma-4-12b,longform_0328,long-form,"You've recently inherited 5 burial plots. Since you ’ re single and middle aged with no prospects, you buy a Jacuzzi to fill the void.","The neighbors call it ""The Oasis,"" a name I find tragically ironic. It sits in my backyard, a bubbling square of turquoise water framed by stone tiles and the heavy, oppressive silence of the woods behind my house. 

I inherited the five burial plots from an aunt who loved me in a way that felt like a haunting. ""Space for the family,"" she’d insisted, though I am the only one left in the lineage. The soil is waiting, the deeds are in my drawer, and the void where a life of connection should have been is a cavernous, aching thing.

To fill it, I bought the Jacuzzi. Every evening at dusk, I submerge myself until the water reaches my chin. The jets pulse against my ribs, mimicking a heartbeat I sometimes forget I have. I float in the churning heat, the steam rising to mask my face from the world. In the bubbling froth, the isolation feels less like a desert and more like a sanctuary. I am alone, yes, but I am warm. If I stay under long enough, I can pretend the water is a womb rather than a basin.","The neighbors call it ""The Oasis,"" a name I find tragically ironic. It sits in my backyard, a bubbling square of turquoise water framed by stone tiles and the heavy, oppressive silence of the woods behind my house.

I inherited the five burial plots from an aunt who loved me in a way that felt like a haunting. ""Space for the family,"" she'd insisted, though I am the only one left in the lineage. The soil is waiting, the deeds are in my drawer, and the void where a life of connection should have been is a cavernous, aching thing.

To fill it, I bought the Jacuzzi. Every evening at dusk, I submerge myself until the water reaches my chin. The jets pulse against my ribs, mimicking a heartbeat I sometimes forget I have. I float in the churning heat, the steam rising to mask my face from the world. In the bubbling froth, the isolation feels less like a desert and more like a sanctuary. I am alone, yes, but I am warm. If I stay under long enough, I can pretend the water is a womb rather than a basin.",gemma-4-12b,google,False,192,1008,test,gemma-4-12b-q4_k_m,final-2026-09-20,"You are writing a short piece of fiction in response to a writing prompt, the way a person would on an online writing forum. Write the story itself. Do not restate the prompt, explain it, comment on it, or add any framing before or after the story.",140,220,8192,none,,end_turn,ollama-local-gemma-4-12b,2026-09-28 06:34:42.290933+00:00,11.9,gemma4:12b,q4_k_m,16384,8192,False,"{""temperature"": ""1"", ""top_k"": ""64"", ""top_p"": ""0.95""}","The neighbors call it ""The Oasis,"" a name I find tragically ironic. It sits in my backyard, a bubbling square of turquoise water framed by stone tiles and the heavy, oppressive silence of the woods behind my house.

I inherited the five burial plots from an aunt who loved me in a way that felt like a haunting. ""Space for the family,"" she'd insisted, though I am the only one left in the lineage. The soil is waiting, the deeds are in my drawer, and the void where a life of connection should have been is a cavernous, aching thing.

To fill it, I bought the Jacuzzi. Every evening at dusk, I submerge myself until the water reaches my chin. The jets pulse against my ribs, mimicking a heartbeat I sometimes forget I have. I float in the churning heat, the steam rising to mask my face from the world. In the bubbling froth, the isolation feels less like a desert and more like a sanctuary. I am alone, yes, but I am warm. If I stay under long enough, I can pretend the water is a womb rather than a basin.","The neighbors call it ""The Oasis,"" a name I find tragically ironic. It sits in my backyard, a bubbling square of turquoise water framed by stone tiles and the heavy, oppressive silence of the woods behind my house. I inherited the five burial plots from an aunt who loved me in a way that felt like a haunting. ""Space for the family,"" she'd insisted, though I am the only one left in the lineage. The soil is waiting, the deeds are in my drawer, and the void where a life of connection should have been is a cavernous, aching thing. To fill it, I bought the Jacuzzi. Every evening at dusk, I submerge myself until the water reaches my chin. The jets pulse against my ribs, mimicking a heartbeat I sometimes forget I have. I float in the churning heat, the steam rising to mask my face from the world. In the bubbling froth, the isolation feels less like a desert and more like a sanctuary. I am alone, yes, but I am warm. If I stay under long enough, I can pretend the water is a womb rather than a basin.","The neighbors call it ""The Oasis,"" a name I find tragically ironic. It sits in my backyard, a bubbling square of turquoise water framed by stone tiles and the heavy, oppressive silence of the woods behind my house. I inherited the five burial plots from an aunt who loved me in a way that felt like a haunting. ""Space for the family,"" she'd insisted, though I am the only one left in the lineage. The soil is waiting, the deeds are in my drawer, and the void where a life of connection should have been is a cavernous, aching thing. To fill it, I bought the Jacuzzi. Every evening at dusk, I submerge myself until the water reaches my chin. The jets pulse against my ribs, mimicking a heartbeat I sometimes forget I have. I float in the churning heat, the steam rising to mask my face from the world. In the bubbling froth, the isolation feels less like a desert and more like a sanctuary. I am alone, yes, but I am warm. If I stay under long enough, I can pretend the water is a womb rather than a basin.",the neighbors call it the oasis a name i find tragically ironic it sits in my backyard a bubbling square of turquoise water framed by stone tiles and the heavy oppressive silence of the woods behind my house i inherited the five burial plots from an aunt who loved me in a way that felt like a haunting space for the family she'd insisted though i am the only one left in the lineage the soil is waiting the deeds are in my drawer and the void where a life of connection should have been is a cavernous aching thing to fill it i bought the jacuzzi every evening at dusk i submerge myself until the water reaches my chin the jets pulse against my ribs mimicking a heartbeat i sometimes forget i have i float in the churning heat the steam rising to mask my face from the world in the bubbling froth the isolation feels less like a desert and more like a sanctuary i am alone yes but i am warm if i stay under long enough i can pretend the water is a womb rather than a basin
longform_0332__gemma-4-12b,longform_0332,long-form,"You're an identity thief. The Robin Hood of identity thieves so to speak. You improve your victim's credit, clear debts, setup college funds for their kids, and open Roth IRA/401k's","The screen flickered, casting a pale blue glow over my knuckles. On the monitor sat the profile of a man named Arthur—a construction worker with a crushing mortgage and a mounting medical debt that would eventually swallow his home. He was drowning in high-interest predatory loans, his credit score a bruised and battered thing.

I didn't just take his identity; I polished it.

I bypassed the predatory lenders' firewalls, erasing the debt and replacing it with a pristine credit history. I redirected his ""future"" toward something tangible: I opened a heavy-hitting Roth IRA and a 401(k) funded by ""ghost"" dividends from a shell corporation I controlled. Then, I carved out a college fund for his two daughters.

By the time the bank's systems reconciled, Arthur wouldn't see a thief. He’d see a miracle. He’d see a sudden surge of stability, a gift from a phantom benefactor. They call me a thief because I move numbers around, but I prefer to think of it as redistribution. I don't steal wealth from the rich; I steal the debt from the desperate. In my world, a clean slate is the only currency that matters.","The screen flickered, casting a pale blue glow over my knuckles. On the monitor sat the profile of a man named Arthur—a construction worker with a crushing mortgage and a mounting medical debt that would eventually swallow his home. He was drowning in high-interest predatory loans, his credit score a bruised and battered thing.

I didn't just take his identity; I polished it.

I bypassed the predatory lenders' firewalls, erasing the debt and replacing it with a pristine credit history. I redirected his ""future"" toward something tangible: I opened a heavy-hitting Roth IRA and a 401(k) funded by ""ghost"" dividends from a shell corporation I controlled. Then, I carved out a college fund for his two daughters.

By the time the bank's systems reconciled, Arthur wouldn't see a thief. He'd see a miracle. He'd see a sudden surge of stability, a gift from a phantom benefactor. They call me a thief because I move numbers around, but I prefer to think of it as redistribution. I don't steal wealth from the rich; I steal the debt from the desperate. In my world, a clean slate is the only currency that matters.",gemma-4-12b,google,False,191,1113,test,gemma-4-12b-q4_k_m,final-2026-09-20,"You are writing a short piece of fiction in response to a writing prompt, the way a person would on an online writing forum. Write the story itself. Do not restate the prompt, explain it, comment on it, or add any framing before or after the story.",140,220,8192,none,,end_turn,ollama-local-gemma-4-12b,2026-09-28 06:34:46.691414+00:00,11.9,gemma4:12b,q4_k_m,16384,8192,False,"{""temperature"": ""1"", ""top_k"": ""64"", ""top_p"": ""0.95""}","The screen flickered, casting a pale blue glow over my knuckles. On the monitor sat the profile of a man named Arthur - a construction worker with a crushing mortgage and a mounting medical debt that would eventually swallow his home. He was drowning in high-interest predatory loans, his credit score a bruised and battered thing.

I didn't just take his identity; I polished it.

I bypassed the predatory lenders' firewalls, erasing the debt and replacing it with a pristine credit history. I redirected his ""future"" toward something tangible: I opened a heavy-hitting Roth IRA and a 401(k) funded by ""ghost"" dividends from a shell corporation I controlled. Then, I carved out a college fund for his two daughters.

By the time the bank's systems reconciled, Arthur wouldn't see a thief. He'd see a miracle. He'd see a sudden surge of stability, a gift from a phantom benefactor. They call me a thief because I move numbers around, but I prefer to think of it as redistribution. I don't steal wealth from the rich; I steal the debt from the desperate. In my world, a clean slate is the only currency that matters.","The screen flickered, casting a pale blue glow over my knuckles. On the monitor sat the profile of a man named Arthur—a construction worker with a crushing mortgage and a mounting medical debt that would eventually swallow his home. He was drowning in high-interest predatory loans, his credit score a bruised and battered thing. I didn't just take his identity; I polished it. I bypassed the predatory lenders' firewalls, erasing the debt and replacing it with a pristine credit history. I redirected his ""future"" toward something tangible: I opened a heavy-hitting Roth IRA and a 401(k) funded by ""ghost"" dividends from a shell corporation I controlled. Then, I carved out a college fund for his two daughters. By the time the bank's systems reconciled, Arthur wouldn't see a thief. He'd see a miracle. He'd see a sudden surge of stability, a gift from a phantom benefactor. They call me a thief because I move numbers around, but I prefer to think of it as redistribution. I don't steal wealth from the rich; I steal the debt from the desperate. In my world, a clean slate is the only currency that matters.","The screen flickered, casting a pale blue glow over my knuckles. On the monitor sat the profile of a man named Arthur - a construction worker with a crushing mortgage and a mounting medical debt that would eventually swallow his home. He was drowning in high-interest predatory loans, his credit score a bruised and battered thing. I didn't just take his identity; I polished it. I bypassed the predatory lenders' firewalls, erasing the debt and replacing it with a pristine credit history. I redirected his ""future"" toward something tangible: I opened a heavy-hitting Roth IRA and a 401(k) funded by ""ghost"" dividends from a shell corporation I controlled. Then, I carved out a college fund for his two daughters. By the time the bank's systems reconciled, Arthur wouldn't see a thief. He'd see a miracle. He'd see a sudden surge of stability, a gift from a phantom benefactor. They call me a thief because I move numbers around, but I prefer to think of it as redistribution. I don't steal wealth from the rich; I steal the debt from the desperate. In my world, a clean slate is the only currency that matters.",the screen flickered casting a pale blue glow over my knuckles on the monitor sat the profile of a man named arthur a construction worker with a crushing mortgage and a mounting medical debt that would eventually swallow his home he was drowning in high interest predatory loans his credit score a bruised and battered thing i didn't just take his identity i polished it i bypassed the predatory lenders firewalls erasing the debt and replacing it with a pristine credit history i redirected his future toward something tangible i opened a heavy hitting roth ira and a 401 k funded by ghost dividends from a shell corporation i controlled then i carved out a college fund for his two daughters by the time the bank's systems reconciled arthur wouldn't see a thief he'd see a miracle he'd see a sudden surge of stability a gift from a phantom benefactor they call me a thief because i move numbers around but i prefer to think of it as redistribution i don't steal wealth from the rich i steal the debt from the desperate in my world a clean slate is the only currency that matters
longform_0336__gemma-4-12b,longform_0336,long-form,God is actually a guy playing The Sims - and we're The Sims. The protagonist realises this and so they...,"The glitch started with the hunger. Elias hadn't just felt hungry; he had felt a sudden, jarring void where his stomach was, followed by a translucent green plumbob hovering above his head. It flickered into existence as he sat at his kitchen table, and then, the world stuttered.

The walls of his apartment became semi-transparent for a heartbeat. He saw the ""furniture"" of his life—the chair, the table, the fridge—separated from the floor by thin, glowing lines. Then came the voice, booming not from the sky, but from everywhere at once. It was a bored, slightly distorted masculine voice.

""Let's see what happens if we move the stove to the balcony.""

Reality warped. The floor beneath Elias’s feet dissolved into a grid. He felt a phantom hand grab his torso, and suddenly, he was being dragged sideways at impossible speeds. He wasn't walking; he was being *dragged*. He looked up and saw a massive, fleshy finger descending from the heavens to click on his front door. He tried to scream, but his jaw locked. He was a puppet, and the Great Architect had just decided to change the layout.","The glitch started with the hunger. Elias hadn't just felt hungry; he had felt a sudden, jarring void where his stomach was, followed by a translucent green plumbob hovering above his head. It flickered into existence as he sat at his kitchen table, and then, the world stuttered.

The walls of his apartment became semi-transparent for a heartbeat. He saw the ""furniture"" of his life—the chair, the table, the fridge—separated from the floor by thin, glowing lines. Then came the voice, booming not from the sky, but from everywhere at once. It was a bored, slightly distorted masculine voice.

""Let's see what happens if we move the stove to the balcony.""

Reality warped. The floor beneath Elias's feet dissolved into a grid. He felt a phantom hand grab his torso, and suddenly, he was being dragged sideways at impossible speeds. He wasn't walking; he was being dragged. He looked up and saw a massive, fleshy finger descending from the heavens to click on his front door. He tried to scream, but his jaw locked. He was a puppet, and the Great Architect had just decided to change the layout.",gemma-4-12b,google,False,189,1098,test,gemma-4-12b-q4_k_m,final-2026-09-20,"You are writing a short piece of fiction in response to a writing prompt, the way a person would on an online writing forum. Write the story itself. Do not restate the prompt, explain it, comment on it, or add any framing before or after the story.",140,220,8192,none,,end_turn,ollama-local-gemma-4-12b,2026-09-28 06:34:50.986210+00:00,11.9,gemma4:12b,q4_k_m,16384,8192,False,"{""temperature"": ""1"", ""top_k"": ""64"", ""top_p"": ""0.95""}","The glitch started with the hunger. Elias hadn't just felt hungry; he had felt a sudden, jarring void where his stomach was, followed by a translucent green plumbob hovering above his head. It flickered into existence as he sat at his kitchen table, and then, the world stuttered.

The walls of his apartment became semi-transparent for a heartbeat. He saw the ""furniture"" of his life - the chair, the table, the fridge - separated from the floor by thin, glowing lines. Then came the voice, booming not from the sky, but from everywhere at once. It was a bored, slightly distorted masculine voice.

""Let's see what happens if we move the stove to the balcony.""

Reality warped. The floor beneath Elias's feet dissolved into a grid. He felt a phantom hand grab his torso, and suddenly, he was being dragged sideways at impossible speeds. He wasn't walking; he was being dragged. He looked up and saw a massive, fleshy finger descending from the heavens to click on his front door. He tried to scream, but his jaw locked. He was a puppet, and the Great Architect had just decided to change the layout.","The glitch started with the hunger. Elias hadn't just felt hungry; he had felt a sudden, jarring void where his stomach was, followed by a translucent green plumbob hovering above his head. It flickered into existence as he sat at his kitchen table, and then, the world stuttered. The walls of his apartment became semi-transparent for a heartbeat. He saw the ""furniture"" of his life—the chair, the table, the fridge—separated from the floor by thin, glowing lines. Then came the voice, booming not from the sky, but from everywhere at once. It was a bored, slightly distorted masculine voice. ""Let's see what happens if we move the stove to the balcony."" Reality warped. The floor beneath Elias's feet dissolved into a grid. He felt a phantom hand grab his torso, and suddenly, he was being dragged sideways at impossible speeds. He wasn't walking; he was being dragged. He looked up and saw a massive, fleshy finger descending from the heavens to click on his front door. He tried to scream, but his jaw locked. He was a puppet, and the Great Architect had just decided to change the layout.","The glitch started with the hunger. Elias hadn't just felt hungry; he had felt a sudden, jarring void where his stomach was, followed by a translucent green plumbob hovering above his head. It flickered into existence as he sat at his kitchen table, and then, the world stuttered. The walls of his apartment became semi-transparent for a heartbeat. He saw the ""furniture"" of his life - the chair, the table, the fridge - separated from the floor by thin, glowing lines. Then came the voice, booming not from the sky, but from everywhere at once. It was a bored, slightly distorted masculine voice. ""Let's see what happens if we move the stove to the balcony."" Reality warped. The floor beneath Elias's feet dissolved into a grid. He felt a phantom hand grab his torso, and suddenly, he was being dragged sideways at impossible speeds. He wasn't walking; he was being dragged. He looked up and saw a massive, fleshy finger descending from the heavens to click on his front door. He tried to scream, but his jaw locked. He was a puppet, and the Great Architect had just decided to change the layout.",the glitch started with the hunger elias hadn't just felt hungry he had felt a sudden jarring void where his stomach was followed by a translucent green plumbob hovering above his head it flickered into existence as he sat at his kitchen table and then the world stuttered the walls of his apartment became semi transparent for a heartbeat he saw the furniture of his life the chair the table the fridge separated from the floor by thin glowing lines then came the voice booming not from the sky but from everywhere at once it was a bored slightly distorted masculine voice let's see what happens if we move the stove to the balcony reality warped the floor beneath elias's feet dissolved into a grid he felt a phantom hand grab his torso and suddenly he was being dragged sideways at impossible speeds he wasn't walking he was being dragged he looked up and saw a massive fleshy finger descending from the heavens to click on his front door he tried to scream but his jaw locked he was a puppet and the great architect had just decided to change the layout
longform_0365__gemma-4-12b,longform_0365,long-form,After WWIII people have finally realised that war is a human necessity. Every 50 years countries form alliances and different factions declare war to each other. Mass destruction weapons are not allowed. The winners rule the world economy.,"The Treaty of Geneva-Osaka had codified the Great Cycle. They had realized, through the ash of the old world, that humanity’s internal pressures could not be suppressed, only channeled. War was no longer a tragedy of failure; it was a structural necessity, a seasonal purging of geopolitical tension.

Every fifty years, the Great Alignment occurred. The nations withdrew into their respective blocs, and the drums of the Cycle began. Nuclear weapons were buried in leaden vaults, condemned as the tools of the desperate. Now, war was a choreographed theater of logistics, territory, and iron.

The current decade belonged to the Coalition of the East. Having dismantled the Western Coalition’s infrastructure in a grueling three-year campaign, they now sat at the High Table. They didn't just own the land; they owned the debt, the trade routes, and the very currency of the surviving nations. 

Peace was no longer a permanent state, but a period of preparation. The people lived in the waiting periods, knowing that in fifty years, the next set of winners would rise to claim the throne. Survival was the only constant; the winners were merely the ones who survived the most recently.","The Treaty of Geneva-Osaka had codified the Great Cycle. They had realized, through the ash of the old world, that humanity's internal pressures could not be suppressed, only channeled. War was no longer a tragedy of failure; it was a structural necessity, a seasonal purging of geopolitical tension.

Every fifty years, the Great Alignment occurred. The nations withdrew into their respective blocs, and the drums of the Cycle began. Nuclear weapons were buried in leaden vaults, condemned as the tools of the desperate. Now, war was a choreographed theater of logistics, territory, and iron.

The current decade belonged to the Coalition of the East. Having dismantled the Western Coalition's infrastructure in a grueling three-year campaign, they now sat at the High Table. They didn't just own the land; they owned the debt, the trade routes, and the very currency of the surviving nations.

Peace was no longer a permanent state, but a period of preparation. The people lived in the waiting periods, knowing that in fifty years, the next set of winners would rise to claim the throne. Survival was the only constant; the winners were merely the ones who survived the most recently.",gemma-4-12b,google,False,194,1187,test,gemma-4-12b-q4_k_m,final-2026-09-20,"You are writing a short piece of fiction in response to a writing prompt, the way a person would on an online writing forum. Write the story itself. Do not restate the prompt, explain it, comment on it, or add any framing before or after the story.",140,220,8192,none,,end_turn,ollama-local-gemma-4-12b,2026-09-28 06:34:55.254065+00:00,11.9,gemma4:12b,q4_k_m,16384,8192,False,"{""temperature"": ""1"", ""top_k"": ""64"", ""top_p"": ""0.95""}","The Treaty of Geneva-Osaka had codified the Great Cycle. They had realized, through the ash of the old world, that humanity's internal pressures could not be suppressed, only channeled. War was no longer a tragedy of failure; it was a structural necessity, a seasonal purging of geopolitical tension.

Every fifty years, the Great Alignment occurred. The nations withdrew into their respective blocs, and the drums of the Cycle began. Nuclear weapons were buried in leaden vaults, condemned as the tools of the desperate. Now, war was a choreographed theater of logistics, territory, and iron.

The current decade belonged to the Coalition of the East. Having dismantled the Western Coalition's infrastructure in a grueling three-year campaign, they now sat at the High Table. They didn't just own the land; they owned the debt, the trade routes, and the very currency of the surviving nations.

Peace was no longer a permanent state, but a period of preparation. The people lived in the waiting periods, knowing that in fifty years, the next set of winners would rise to claim the throne. Survival was the only constant; the winners were merely the ones who survived the most recently.","The Treaty of Geneva-Osaka had codified the Great Cycle. They had realized, through the ash of the old world, that humanity's internal pressures could not be suppressed, only channeled. War was no longer a tragedy of failure; it was a structural necessity, a seasonal purging of geopolitical tension. Every fifty years, the Great Alignment occurred. The nations withdrew into their respective blocs, and the drums of the Cycle began. Nuclear weapons were buried in leaden vaults, condemned as the tools of the desperate. Now, war was a choreographed theater of logistics, territory, and iron. The current decade belonged to the Coalition of the East. Having dismantled the Western Coalition's infrastructure in a grueling three-year campaign, they now sat at the High Table. They didn't just own the land; they owned the debt, the trade routes, and the very currency of the surviving nations. Peace was no longer a permanent state, but a period of preparation. The people lived in the waiting periods, knowing that in fifty years, the next set of winners would rise to claim the throne. Survival was the only constant; the winners were merely the ones who survived the most recently.","The Treaty of Geneva-Osaka had codified the Great Cycle. They had realized, through the ash of the old world, that humanity's internal pressures could not be suppressed, only channeled. War was no longer a tragedy of failure; it was a structural necessity, a seasonal purging of geopolitical tension. Every fifty years, the Great Alignment occurred. The nations withdrew into their respective blocs, and the drums of the Cycle began. Nuclear weapons were buried in leaden vaults, condemned as the tools of the desperate. Now, war was a choreographed theater of logistics, territory, and iron. The current decade belonged to the Coalition of the East. Having dismantled the Western Coalition's infrastructure in a grueling three-year campaign, they now sat at the High Table. They didn't just own the land; they owned the debt, the trade routes, and the very currency of the surviving nations. Peace was no longer a permanent state, but a period of preparation. The people lived in the waiting periods, knowing that in fifty years, the next set of winners would rise to claim the throne. Survival was the only constant; the winners were merely the ones who survived the most recently.",the treaty of geneva osaka had codified the great cycle they had realized through the ash of the old world that humanity's internal pressures could not be suppressed only channeled war was no longer a tragedy of failure it was a structural necessity a seasonal purging of geopolitical tension every fifty years the great alignment occurred the nations withdrew into their respective blocs and the drums of the cycle began nuclear weapons were buried in leaden vaults condemned as the tools of the desperate now war was a choreographed theater of logistics territory and iron the current decade belonged to the coalition of the east having dismantled the western coalition's infrastructure in a grueling three year campaign they now sat at the high table they didn't just own the land they owned the debt the trade routes and the very currency of the surviving nations peace was no longer a permanent state but a period of preparation the people lived in the waiting periods knowing that in fifty years the next set of winners would rise to claim the throne survival was the only constant the winners were merely the ones who survived the most recently
longform_0370__gemma-4-12b,longform_0370,long-form,A girl discovers that she can talk to a boy living a post-apocalyptic future while they dream.,"The static in her dreams had always been a dull hum, a gray veil over her subconscious. But tonight, the veil tore. 

""Can you hear me?"" a voice cracked through the haze. It was rough, like gravel grinding against velvet.

Elara sat up in her dream, her bedroom still intact, her posters on the wall. But the boy standing before her was draped in rags. Behind him, the sky wasn’t blue; it was a bruised, sickly violet, choked with ash.

""Who are you?"" she whispered.

""A ghost of a different sort,"" he replied, his eyes wide with a desperate kind of hope. ""I’m in the 'After.' Everything you know—the lights, the cars, the noise—it’s gone. We only meet in the overlap.""

He took a step forward, and the ground beneath him crumbled into gray dust. ""You live in the Before. I'm just trying to find a reason to keep breathing in the ruin.""

She reached out, her fingers brushing his. For a second, the dream flickered, and she could smell smoke and ancient, dying earth. They were two souls drifting in different eras, anchored only by a shared sleep.","The static in her dreams had always been a dull hum, a gray veil over her subconscious. But tonight, the veil tore.

""Can you hear me?"" a voice cracked through the haze. It was rough, like gravel grinding against velvet.

Elara sat up in her dream, her bedroom still intact, her posters on the wall. But the boy standing before her was draped in rags. Behind him, the sky wasn't blue; it was a bruised, sickly violet, choked with ash.

""Who are you?"" she whispered.

""A ghost of a different sort,"" he replied, his eyes wide with a desperate kind of hope. ""I'm in the 'After.' Everything you know—the lights, the cars, the noise—it's gone. We only meet in the overlap.""

He took a step forward, and the ground beneath him crumbled into gray dust. ""You live in the Before. I'm just trying to find a reason to keep breathing in the ruin.""

She reached out, her fingers brushing his. For a second, the dream flickered, and she could smell smoke and ancient, dying earth. They were two souls drifting in different eras, anchored only by a shared sleep.",gemma-4-12b,google,False,189,1048,test,gemma-4-12b-q4_k_m,final-2026-09-20,"You are writing a short piece of fiction in response to a writing prompt, the way a person would on an online writing forum. Write the story itself. Do not restate the prompt, explain it, comment on it, or add any framing before or after the story.",140,220,8192,none,,end_turn,ollama-local-gemma-4-12b,2026-09-28 06:34:59.735840+00:00,11.9,gemma4:12b,q4_k_m,16384,8192,False,"{""temperature"": ""1"", ""top_k"": ""64"", ""top_p"": ""0.95""}","The static in her dreams had always been a dull hum, a gray veil over her subconscious. But tonight, the veil tore.

""Can you hear me?"" a voice cracked through the haze. It was rough, like gravel grinding against velvet.

Elara sat up in her dream, her bedroom still intact, her posters on the wall. But the boy standing before her was draped in rags. Behind him, the sky wasn't blue; it was a bruised, sickly violet, choked with ash.

""Who are you?"" she whispered.

""A ghost of a different sort,"" he replied, his eyes wide with a desperate kind of hope. ""I'm in the 'After.' Everything you know - the lights, the cars, the noise - it's gone. We only meet in the overlap.""

He took a step forward, and the ground beneath him crumbled into gray dust. ""You live in the Before. I'm just trying to find a reason to keep breathing in the ruin.""

She reached out, her fingers brushing his. For a second, the dream flickered, and she could smell smoke and ancient, dying earth. They were two souls drifting in different eras, anchored only by a shared sleep.","The static in her dreams had always been a dull hum, a gray veil over her subconscious. But tonight, the veil tore. ""Can you hear me?"" a voice cracked through the haze. It was rough, like gravel grinding against velvet. Elara sat up in her dream, her bedroom still intact, her posters on the wall. But the boy standing before her was draped in rags. Behind him, the sky wasn't blue; it was a bruised, sickly violet, choked with ash. ""Who are you?"" she whispered. ""A ghost of a different sort,"" he replied, his eyes wide with a desperate kind of hope. ""I'm in the 'After.' Everything you know—the lights, the cars, the noise—it's gone. We only meet in the overlap."" He took a step forward, and the ground beneath him crumbled into gray dust. ""You live in the Before. I'm just trying to find a reason to keep breathing in the ruin."" She reached out, her fingers brushing his. For a second, the dream flickered, and she could smell smoke and ancient, dying earth. They were two souls drifting in different eras, anchored only by a shared sleep.","The static in her dreams had always been a dull hum, a gray veil over her subconscious. But tonight, the veil tore. ""Can you hear me?"" a voice cracked through the haze. It was rough, like gravel grinding against velvet. Elara sat up in her dream, her bedroom still intact, her posters on the wall. But the boy standing before her was draped in rags. Behind him, the sky wasn't blue; it was a bruised, sickly violet, choked with ash. ""Who are you?"" she whispered. ""A ghost of a different sort,"" he replied, his eyes wide with a desperate kind of hope. ""I'm in the 'After.' Everything you know - the lights, the cars, the noise - it's gone. We only meet in the overlap."" He took a step forward, and the ground beneath him crumbled into gray dust. ""You live in the Before. I'm just trying to find a reason to keep breathing in the ruin."" She reached out, her fingers brushing his. For a second, the dream flickered, and she could smell smoke and ancient, dying earth. They were two souls drifting in different eras, anchored only by a shared sleep.",the static in her dreams had always been a dull hum a gray veil over her subconscious but tonight the veil tore can you hear me a voice cracked through the haze it was rough like gravel grinding against velvet elara sat up in her dream her bedroom still intact her posters on the wall but the boy standing before her was draped in rags behind him the sky wasn't blue it was a bruised sickly violet choked with ash who are you she whispered a ghost of a different sort he replied his eyes wide with a desperate kind of hope i'm in the after everything you know the lights the cars the noise it's gone we only meet in the overlap he took a step forward and the ground beneath him crumbled into gray dust you live in the before i'm just trying to find a reason to keep breathing in the ruin she reached out her fingers brushing his for a second the dream flickered and she could smell smoke and ancient dying earth they were two souls drifting in different eras anchored only by a shared sleep
longform_0383__gemma-4-12b,longform_0383,long-form,"One fateful Tuesday the sun set, 14 days later it has yet to come back up.","The last sunset on Tuesday had been a bruised, violent purple, the kind of twilight that feels like a warning. When the horizon remained flat and charcoal-gray the following morning, the town of Oakhaven assumed it was a heavy fog. By the third day, they realized it was a permanent veil.

By the seventh day, the silence of the world became heavy. The birds stopped singing, and the wind died. It wasn't just that the sun was gone; it felt as though the very concept of light had been revoked by something higher than the clouds.

Now, on the fourteenth day, the residents of Oakhaven have stopped trying to fix the generators. They huddle in the town square, huddled around small lanterns that burn oil sparingly. They have begun to hear things in the gray—shadows that move against the shadows, and whispers that ride on the stagnant air. They no longer look at the sky to see if the sun is coming back. They only listen to the dark, waiting for whatever was lurking in the gloom to finally step into the candlelight.","The last sunset on Tuesday had been a bruised, violent purple, the kind of twilight that feels like a warning. When the horizon remained flat and charcoal-gray the following morning, the town of Oakhaven assumed it was a heavy fog. By the third day, they realized it was a permanent veil.

By the seventh day, the silence of the world became heavy. The birds stopped singing, and the wind died. It wasn't just that the sun was gone; it felt as though the very concept of light had been revoked by something higher than the clouds.

Now, on the fourteenth day, the residents of Oakhaven have stopped trying to fix the generators. They huddle in the town square, huddled around small lanterns that burn oil sparingly. They have begun to hear things in the gray—shadows that move against the shadows, and whispers that ride on the stagnant air. They no longer look at the sky to see if the sun is coming back. They only listen to the dark, waiting for whatever was lurking in the gloom to finally step into the candlelight.",gemma-4-12b,google,False,183,1020,test,gemma-4-12b-q4_k_m,final-2026-09-20,"You are writing a short piece of fiction in response to a writing prompt, the way a person would on an online writing forum. Write the story itself. Do not restate the prompt, explain it, comment on it, or add any framing before or after the story.",140,220,8192,none,,end_turn,ollama-local-gemma-4-12b,2026-09-28 06:35:03.589952+00:00,11.9,gemma4:12b,q4_k_m,16384,8192,False,"{""temperature"": ""1"", ""top_k"": ""64"", ""top_p"": ""0.95""}","The last sunset on Tuesday had been a bruised, violent purple, the kind of twilight that feels like a warning. When the horizon remained flat and charcoal-gray the following morning, the town of Oakhaven assumed it was a heavy fog. By the third day, they realized it was a permanent veil.

By the seventh day, the silence of the world became heavy. The birds stopped singing, and the wind died. It wasn't just that the sun was gone; it felt as though the very concept of light had been revoked by something higher than the clouds.

Now, on the fourteenth day, the residents of Oakhaven have stopped trying to fix the generators. They huddle in the town square, huddled around small lanterns that burn oil sparingly. They have begun to hear things in the gray - shadows that move against the shadows, and whispers that ride on the stagnant air. They no longer look at the sky to see if the sun is coming back. They only listen to the dark, waiting for whatever was lurking in the gloom to finally step into the candlelight.","The last sunset on Tuesday had been a bruised, violent purple, the kind of twilight that feels like a warning. When the horizon remained flat and charcoal-gray the following morning, the town of Oakhaven assumed it was a heavy fog. By the third day, they realized it was a permanent veil. By the seventh day, the silence of the world became heavy. The birds stopped singing, and the wind died. It wasn't just that the sun was gone; it felt as though the very concept of light had been revoked by something higher than the clouds. Now, on the fourteenth day, the residents of Oakhaven have stopped trying to fix the generators. They huddle in the town square, huddled around small lanterns that burn oil sparingly. They have begun to hear things in the gray—shadows that move against the shadows, and whispers that ride on the stagnant air. They no longer look at the sky to see if the sun is coming back. They only listen to the dark, waiting for whatever was lurking in the gloom to finally step into the candlelight.","The last sunset on Tuesday had been a bruised, violent purple, the kind of twilight that feels like a warning. When the horizon remained flat and charcoal-gray the following morning, the town of Oakhaven assumed it was a heavy fog. By the third day, they realized it was a permanent veil. By the seventh day, the silence of the world became heavy. The birds stopped singing, and the wind died. It wasn't just that the sun was gone; it felt as though the very concept of light had been revoked by something higher than the clouds. Now, on the fourteenth day, the residents of Oakhaven have stopped trying to fix the generators. They huddle in the town square, huddled around small lanterns that burn oil sparingly. They have begun to hear things in the gray - shadows that move against the shadows, and whispers that ride on the stagnant air. They no longer look at the sky to see if the sun is coming back. They only listen to the dark, waiting for whatever was lurking in the gloom to finally step into the candlelight.",the last sunset on tuesday had been a bruised violent purple the kind of twilight that feels like a warning when the horizon remained flat and charcoal gray the following morning the town of oakhaven assumed it was a heavy fog by the third day they realized it was a permanent veil by the seventh day the silence of the world became heavy the birds stopped singing and the wind died it wasn't just that the sun was gone it felt as though the very concept of light had been revoked by something higher than the clouds now on the fourteenth day the residents of oakhaven have stopped trying to fix the generators they huddle in the town square huddled around small lanterns that burn oil sparingly they have begun to hear things in the gray shadows that move against the shadows and whispers that ride on the stagnant air they no longer look at the sky to see if the sun is coming back they only listen to the dark waiting for whatever was lurking in the gloom to finally step into the candlelight
longform_0398__gemma-4-12b,longform_0398,long-form,"The year is 2021, and Fine Brothers Entertainment now own the internet.","The algorithm didn't just change; it underwent a hostile takeover. By the spring of 2021, the ""Fine Brothers"" logo had replaced the default icons on every major platform. It wasn't just a brand; it was the infrastructure. 

If you wanted to post a video, it had to be ""educational."" If you wanted to share a photo, it had to be a ""comparison."" The entire internet was restructured into a series of high-energy challenges and ""vs."" segments. Every news cycle was framed as a ""Mystery"" video, and the global economy was rebranded as a ""Challenge."" 

Citizens no longer browsed the web; they participated in the ""Trend."" You couldn't just buy groceries; you had to participate in a ""Grocery Haul"" challenge. People didn't go to work; they performed ""Work Day in My Life"" vlogs for the central feed. The aesthetic was uniform: bright neon captions, aggressive jump-cuts, and a relentless, upbeat soundtrack that played in every public square. When the ""Red Button"" appeared on the government portals, it wasn't an emergency alert—it was just another way to engage the audience. The world was one giant, curated playlist.","The algorithm didn't just change; it underwent a hostile takeover. By the spring of 2021, the ""Fine Brothers"" logo had replaced the default icons on every major platform. It wasn't just a brand; it was the infrastructure.

If you wanted to post a video, it had to be ""educational."" If you wanted to share a photo, it had to be a ""comparison."" The entire internet was restructured into a series of high-energy challenges and ""vs."" segments. Every news cycle was framed as a ""Mystery"" video, and the global economy was rebranded as a ""Challenge.""

Citizens no longer browsed the web; they participated in the ""Trend."" You couldn't just buy groceries; you had to participate in a ""Grocery Haul"" challenge. People didn't go to work; they performed ""Work Day in My Life"" vlogs for the central feed. The aesthetic was uniform: bright neon captions, aggressive jump-cuts, and a relentless, upbeat soundtrack that played in every public square. When the ""Red Button"" appeared on the government portals, it wasn't an emergency alert—it was just another way to engage the audience. The world was one giant, curated playlist.",gemma-4-12b,google,False,185,1116,test,gemma-4-12b-q4_k_m,final-2026-09-20,"You are writing a short piece of fiction in response to a writing prompt, the way a person would on an online writing forum. Write the story itself. Do not restate the prompt, explain it, comment on it, or add any framing before or after the story.",140,220,8192,none,,end_turn,ollama-local-gemma-4-12b,2026-09-28 06:35:08.047361+00:00,11.9,gemma4:12b,q4_k_m,16384,8192,False,"{""temperature"": ""1"", ""top_k"": ""64"", ""top_p"": ""0.95""}","The algorithm didn't just change; it underwent a hostile takeover. By the spring of 2021, the ""Fine Brothers"" logo had replaced the default icons on every major platform. It wasn't just a brand; it was the infrastructure.

If you wanted to post a video, it had to be ""educational."" If you wanted to share a photo, it had to be a ""comparison."" The entire internet was restructured into a series of high-energy challenges and ""vs."" segments. Every news cycle was framed as a ""Mystery"" video, and the global economy was rebranded as a ""Challenge.""

Citizens no longer browsed the web; they participated in the ""Trend."" You couldn't just buy groceries; you had to participate in a ""Grocery Haul"" challenge. People didn't go to work; they performed ""Work Day in My Life"" vlogs for the central feed. The aesthetic was uniform: bright neon captions, aggressive jump-cuts, and a relentless, upbeat soundtrack that played in every public square. When the ""Red Button"" appeared on the government portals, it wasn't an emergency alert - it was just another way to engage the audience. The world was one giant, curated playlist.","The algorithm didn't just change; it underwent a hostile takeover. By the spring of 2021, the ""Fine Brothers"" logo had replaced the default icons on every major platform. It wasn't just a brand; it was the infrastructure. If you wanted to post a video, it had to be ""educational."" If you wanted to share a photo, it had to be a ""comparison."" The entire internet was restructured into a series of high-energy challenges and ""vs."" segments. Every news cycle was framed as a ""Mystery"" video, and the global economy was rebranded as a ""Challenge."" Citizens no longer browsed the web; they participated in the ""Trend."" You couldn't just buy groceries; you had to participate in a ""Grocery Haul"" challenge. People didn't go to work; they performed ""Work Day in My Life"" vlogs for the central feed. The aesthetic was uniform: bright neon captions, aggressive jump-cuts, and a relentless, upbeat soundtrack that played in every public square. When the ""Red Button"" appeared on the government portals, it wasn't an emergency alert—it was just another way to engage the audience. The world was one giant, curated playlist.","The algorithm didn't just change; it underwent a hostile takeover. By the spring of 2021, the ""Fine Brothers"" logo had replaced the default icons on every major platform. It wasn't just a brand; it was the infrastructure. If you wanted to post a video, it had to be ""educational."" If you wanted to share a photo, it had to be a ""comparison."" The entire internet was restructured into a series of high-energy challenges and ""vs."" segments. Every news cycle was framed as a ""Mystery"" video, and the global economy was rebranded as a ""Challenge."" Citizens no longer browsed the web; they participated in the ""Trend."" You couldn't just buy groceries; you had to participate in a ""Grocery Haul"" challenge. People didn't go to work; they performed ""Work Day in My Life"" vlogs for the central feed. The aesthetic was uniform: bright neon captions, aggressive jump-cuts, and a relentless, upbeat soundtrack that played in every public square. When the ""Red Button"" appeared on the government portals, it wasn't an emergency alert - it was just another way to engage the audience. The world was one giant, curated playlist.",the algorithm didn't just change it underwent a hostile takeover by the spring of 2021 the fine brothers logo had replaced the default icons on every major platform it wasn't just a brand it was the infrastructure if you wanted to post a video it had to be educational if you wanted to share a photo it had to be a comparison the entire internet was restructured into a series of high energy challenges and vs segments every news cycle was framed as a mystery video and the global economy was rebranded as a challenge citizens no longer browsed the web they participated in the trend you couldn't just buy groceries you had to participate in a grocery haul challenge people didn't go to work they performed work day in my life vlogs for the central feed the aesthetic was uniform bright neon captions aggressive jump cuts and a relentless upbeat soundtrack that played in every public square when the red button appeared on the government portals it wasn't an emergency alert it was just another way to engage the audience the world was one giant curated playlist
technical_0012__gemma-4-12b,technical_0012,technical,"Since buying computation power is much affordable than in the past, are the knowledge of algorithms and being efficient getting less important? It's clear that you would want to avoid an infinite loop, so, not everything goes. But if you have better hardware, could you have somehow worse software?","While hardware has become exponentially cheaper, the importance of algorithmic efficiency remains a cornerstone of competent engineering. Brute force can often mask poor design during initial prototyping, but it rarely scales. As datasets grow—whether in social media feeds, global logistics, or genomic sequencing—an inefficient algorithm will eventually hit a wall where even the most powerful supercomputer cannot compensate for a complexity of $O(n^2)$ or worse.

Furthermore, inefficient software carries hidden costs beyond raw compute time. Poorly optimized code often translates to higher energy consumption, increased latency, and higher infrastructure costs. In a cloud computing environment, ""wasteful"" code directly translates to higher bills. Having ""worse software"" on better hardware is like trying to move a mountain with a faster truck that has a broken engine; the power allows for more volume, but the inefficiency limits the reach. True mastery lies in using high-performance hardware to achieve more, not simply to hide mediocre logic.","While hardware has become exponentially cheaper, the importance of algorithmic efficiency remains a cornerstone of competent engineering. Brute force can often mask poor design during initial prototyping, but it rarely scales. As datasets grow—whether in social media feeds, global logistics, or genomic sequencing—an inefficient algorithm will eventually hit a wall where even the most powerful supercomputer cannot compensate for a complexity of O(n^2) or worse.

Furthermore, inefficient software carries hidden costs beyond raw compute time. Poorly optimized code often translates to higher energy consumption, increased latency, and higher infrastructure costs. In a cloud computing environment, ""wasteful"" code directly translates to higher bills. Having ""worse software"" on better hardware is like trying to move a mountain with a faster truck that has a broken engine; the power allows for more volume, but the inefficiency limits the reach. True mastery lies in using high-performance hardware to achieve more, not simply to hide mediocre logic.",gemma-4-12b,google,False,152,1056,test,gemma-4-12b-q4_k_m,final-2026-09-20,You are answering questions the way a knowledgeable person would in an online discussion. Write in plain prose. Do not restate the question or add a preamble. Begin with the answer itself.,110,170,8192,none,,end_turn,ollama-local-gemma-4-12b,2026-09-28 06:35:11.454266+00:00,11.9,gemma4:12b,q4_k_m,16384,8192,False,"{""temperature"": ""1"", ""top_k"": ""64"", ""top_p"": ""0.95""}","While hardware has become exponentially cheaper, the importance of algorithmic efficiency remains a cornerstone of competent engineering. Brute force can often mask poor design during initial prototyping, but it rarely scales. As datasets grow - whether in social media feeds, global logistics, or genomic sequencing - an inefficient algorithm will eventually hit a wall where even the most powerful supercomputer cannot compensate for a complexity of O(n^2) or worse.

Furthermore, inefficient software carries hidden costs beyond raw compute time. Poorly optimized code often translates to higher energy consumption, increased latency, and higher infrastructure costs. In a cloud computing environment, ""wasteful"" code directly translates to higher bills. Having ""worse software"" on better hardware is like trying to move a mountain with a faster truck that has a broken engine; the power allows for more volume, but the inefficiency limits the reach. True mastery lies in using high-performance hardware to achieve more, not simply to hide mediocre logic.","While hardware has become exponentially cheaper, the importance of algorithmic efficiency remains a cornerstone of competent engineering. Brute force can often mask poor design during initial prototyping, but it rarely scales. As datasets grow—whether in social media feeds, global logistics, or genomic sequencing—an inefficient algorithm will eventually hit a wall where even the most powerful supercomputer cannot compensate for a complexity of O(n^2) or worse. Furthermore, inefficient software carries hidden costs beyond raw compute time. Poorly optimized code often translates to higher energy consumption, increased latency, and higher infrastructure costs. In a cloud computing environment, ""wasteful"" code directly translates to higher bills. Having ""worse software"" on better hardware is like trying to move a mountain with a faster truck that has a broken engine; the power allows for more volume, but the inefficiency limits the reach. True mastery lies in using high-performance hardware to achieve more, not simply to hide mediocre logic.","While hardware has become exponentially cheaper, the importance of algorithmic efficiency remains a cornerstone of competent engineering. Brute force can often mask poor design during initial prototyping, but it rarely scales. As datasets grow - whether in social media feeds, global logistics, or genomic sequencing - an inefficient algorithm will eventually hit a wall where even the most powerful supercomputer cannot compensate for a complexity of O(n^2) or worse. Furthermore, inefficient software carries hidden costs beyond raw compute time. Poorly optimized code often translates to higher energy consumption, increased latency, and higher infrastructure costs. In a cloud computing environment, ""wasteful"" code directly translates to higher bills. Having ""worse software"" on better hardware is like trying to move a mountain with a faster truck that has a broken engine; the power allows for more volume, but the inefficiency limits the reach. True mastery lies in using high-performance hardware to achieve more, not simply to hide mediocre logic.",while hardware has become exponentially cheaper the importance of algorithmic efficiency remains a cornerstone of competent engineering brute force can often mask poor design during initial prototyping but it rarely scales as datasets grow whether in social media feeds global logistics or genomic sequencing an inefficient algorithm will eventually hit a wall where even the most powerful supercomputer cannot compensate for a complexity of o n 2 or worse furthermore inefficient software carries hidden costs beyond raw compute time poorly optimized code often translates to higher energy consumption increased latency and higher infrastructure costs in a cloud computing environment wasteful code directly translates to higher bills having worse software on better hardware is like trying to move a mountain with a faster truck that has a broken engine the power allows for more volume but the inefficiency limits the reach true mastery lies in using high performance hardware to achieve more not simply to hide mediocre logic
technical_0039__gemma-4-12b,technical_0039,technical,"From my understanding of the proof that halting problem is not computable, this problem is not computable because if we have a program P(x) which computes if the program x halts or not, we got a paradox when giving P as an input to the same P, having: P(P), trying to decide if P halts or not using P itself.

So my question is: is halting problem computable by program P for all other programs used as input but P itself? In other words: is halting problem not computable only in this special case or the proof is more general and I'm missing something?","The proof of the undecidability of the halting problem is not a ""special case"" restricted to a program analyzing itself. While the self-referential construction (the liar's paradox structure) is the standard way to prove it mathematically, the implication is universal. If a program $P$ could correctly decide the halting status for every other program $x$ except for the specific case of $P$ itself, then $P$ would technically constitute an algorithm for the halting problem.

In computational theory, ""computable"" means there exists a single algorithm that works for all valid inputs in the domain. If $P$ fails only on $P$, it still fails to satisfy the definition of a general solution. Furthermore, the construction of the ""paradoxical"" program is just a way to show that no such $P$ can exist. If $P$ were to work for all other programs, the logic used to build the contradiction would still hold, proving that a universal decider is logically impossible.","The proof of the undecidability of the halting problem is not a ""special case"" restricted to a program analyzing itself. While the self-referential construction (the liar's paradox structure) is the standard way to prove it mathematically, the implication is universal. If a program P could correctly decide the halting status for every other program x except for the specific case of P itself, then P would technically constitute an algorithm for the halting problem.

In computational theory, ""computable"" means there exists a single algorithm that works for all valid inputs in the domain. If P fails only on P, it still fails to satisfy the definition of a general solution. Furthermore, the construction of the ""paradoxical"" program is just a way to show that no such P can exist. If P were to work for all other programs, the logic used to build the contradiction would still hold, proving that a universal decider is logically impossible.",gemma-4-12b,google,False,156,961,test,gemma-4-12b-q4_k_m,final-2026-09-20,You are answering questions the way a knowledgeable person would in an online discussion. Write in plain prose. Do not restate the question or add a preamble. Begin with the answer itself.,110,170,8192,none,,end_turn,ollama-local-gemma-4-12b,2026-09-28 06:35:15.118256+00:00,11.9,gemma4:12b,q4_k_m,16384,8192,False,"{""temperature"": ""1"", ""top_k"": ""64"", ""top_p"": ""0.95""}","The proof of the undecidability of the halting problem is not a ""special case"" restricted to a program analyzing itself. While the self-referential construction (the liar's paradox structure) is the standard way to prove it mathematically, the implication is universal. If a program P could correctly decide the halting status for every other program x except for the specific case of P itself, then P would technically constitute an algorithm for the halting problem.

In computational theory, ""computable"" means there exists a single algorithm that works for all valid inputs in the domain. If P fails only on P, it still fails to satisfy the definition of a general solution. Furthermore, the construction of the ""paradoxical"" program is just a way to show that no such P can exist. If P were to work for all other programs, the logic used to build the contradiction would still hold, proving that a universal decider is logically impossible.","The proof of the undecidability of the halting problem is not a ""special case"" restricted to a program analyzing itself. While the self-referential construction (the liar's paradox structure) is the standard way to prove it mathematically, the implication is universal. If a program P could correctly decide the halting status for every other program x except for the specific case of P itself, then P would technically constitute an algorithm for the halting problem. In computational theory, ""computable"" means there exists a single algorithm that works for all valid inputs in the domain. If P fails only on P, it still fails to satisfy the definition of a general solution. Furthermore, the construction of the ""paradoxical"" program is just a way to show that no such P can exist. If P were to work for all other programs, the logic used to build the contradiction would still hold, proving that a universal decider is logically impossible.","The proof of the undecidability of the halting problem is not a ""special case"" restricted to a program analyzing itself. While the self-referential construction (the liar's paradox structure) is the standard way to prove it mathematically, the implication is universal. If a program P could correctly decide the halting status for every other program x except for the specific case of P itself, then P would technically constitute an algorithm for the halting problem. In computational theory, ""computable"" means there exists a single algorithm that works for all valid inputs in the domain. If P fails only on P, it still fails to satisfy the definition of a general solution. Furthermore, the construction of the ""paradoxical"" program is just a way to show that no such P can exist. If P were to work for all other programs, the logic used to build the contradiction would still hold, proving that a universal decider is logically impossible.",the proof of the undecidability of the halting problem is not a special case restricted to a program analyzing itself while the self referential construction the liar's paradox structure is the standard way to prove it mathematically the implication is universal if a program p could correctly decide the halting status for every other program x except for the specific case of p itself then p would technically constitute an algorithm for the halting problem in computational theory computable means there exists a single algorithm that works for all valid inputs in the domain if p fails only on p it still fails to satisfy the definition of a general solution furthermore the construction of the paradoxical program is just a way to show that no such p can exist if p were to work for all other programs the logic used to build the contradiction would still hold proving that a universal decider is logically impossible
technical_0058__gemma-4-12b,technical_0058,technical,"I want to implement a database security on the database i created so no one can access it from SQL Server Management Studio, and that it will be only accessible through code.

Is that possible? and if it's not is there any other ways to prevent user from accessing database?","Strictly preventing access via SQL Server Management Studio (SSMS) while allowing access through code is technically not possible because both SSMS and your application code use the same underlying connection protocols (like TDS) to communicate with the SQL Server engine. If the database engine accepts a connection from your application's connection string, it will also accept a connection from SSMS if the credentials provided are valid.

To achieve your goal, you should focus on network-level security and authentication. You can restrict access to specific IP addresses (such as your web server's IP) using the Windows Firewall or a network firewall, effectively blocking remote connections from other machines. Additionally, you can use ""Least Privilege"" principles: create a specific database user for your application that only has permissions to execute specific stored procedures or access specific tables, rather than granting administrative rights. This ensures that even if someone connects via SSMS, they can only perform actions defined by your application.","Strictly preventing access via SQL Server Management Studio (SSMS) while allowing access through code is technically not possible because both SSMS and your application code use the same underlying connection protocols (like TDS) to communicate with the SQL Server engine. If the database engine accepts a connection from your application's connection string, it will also accept a connection from SSMS if the credentials provided are valid.

To achieve your goal, you should focus on network-level security and authentication. You can restrict access to specific IP addresses (such as your web server's IP) using the Windows Firewall or a network firewall, effectively blocking remote connections from other machines. Additionally, you can use ""Least Privilege"" principles: create a specific database user for your application that only has permissions to execute specific stored procedures or access specific tables, rather than granting administrative rights. This ensures that even if someone connects via SSMS, they can only perform actions defined by your application.",gemma-4-12b,google,False,158,1074,test,gemma-4-12b-q4_k_m,final-2026-09-20,You are answering questions the way a knowledgeable person would in an online discussion. Write in plain prose. Do not restate the question or add a preamble. Begin with the answer itself.,110,170,8192,none,,end_turn,ollama-local-gemma-4-12b,2026-09-28 06:35:18.491158+00:00,11.9,gemma4:12b,q4_k_m,16384,8192,False,"{""temperature"": ""1"", ""top_k"": ""64"", ""top_p"": ""0.95""}","Strictly preventing access via SQL Server Management Studio (SSMS) while allowing access through code is technically not possible because both SSMS and your application code use the same underlying connection protocols (like TDS) to communicate with the SQL Server engine. If the database engine accepts a connection from your application's connection string, it will also accept a connection from SSMS if the credentials provided are valid.

To achieve your goal, you should focus on network-level security and authentication. You can restrict access to specific IP addresses (such as your web server's IP) using the Windows Firewall or a network firewall, effectively blocking remote connections from other machines. Additionally, you can use ""Least Privilege"" principles: create a specific database user for your application that only has permissions to execute specific stored procedures or access specific tables, rather than granting administrative rights. This ensures that even if someone connects via SSMS, they can only perform actions defined by your application.","Strictly preventing access via SQL Server Management Studio (SSMS) while allowing access through code is technically not possible because both SSMS and your application code use the same underlying connection protocols (like TDS) to communicate with the SQL Server engine. If the database engine accepts a connection from your application's connection string, it will also accept a connection from SSMS if the credentials provided are valid. To achieve your goal, you should focus on network-level security and authentication. You can restrict access to specific IP addresses (such as your web server's IP) using the Windows Firewall or a network firewall, effectively blocking remote connections from other machines. Additionally, you can use ""Least Privilege"" principles: create a specific database user for your application that only has permissions to execute specific stored procedures or access specific tables, rather than granting administrative rights. This ensures that even if someone connects via SSMS, they can only perform actions defined by your application.","Strictly preventing access via SQL Server Management Studio (SSMS) while allowing access through code is technically not possible because both SSMS and your application code use the same underlying connection protocols (like TDS) to communicate with the SQL Server engine. If the database engine accepts a connection from your application's connection string, it will also accept a connection from SSMS if the credentials provided are valid. To achieve your goal, you should focus on network-level security and authentication. You can restrict access to specific IP addresses (such as your web server's IP) using the Windows Firewall or a network firewall, effectively blocking remote connections from other machines. Additionally, you can use ""Least Privilege"" principles: create a specific database user for your application that only has permissions to execute specific stored procedures or access specific tables, rather than granting administrative rights. This ensures that even if someone connects via SSMS, they can only perform actions defined by your application.",strictly preventing access via sql server management studio ssms while allowing access through code is technically not possible because both ssms and your application code use the same underlying connection protocols like tds to communicate with the sql server engine if the database engine accepts a connection from your application's connection string it will also accept a connection from ssms if the credentials provided are valid to achieve your goal you should focus on network level security and authentication you can restrict access to specific ip addresses such as your web server's ip using the windows firewall or a network firewall effectively blocking remote connections from other machines additionally you can use least privilege principles create a specific database user for your application that only has permissions to execute specific stored procedures or access specific tables rather than granting administrative rights this ensures that even if someone connects via ssms they can only perform actions defined by your application
technical_0062__gemma-4-12b,technical_0062,technical,"While profiling my application against SQL Server 2008 running against a JDBC Application most of the time consumed were by following

COMMIT TRAN

FETCH API_CURSOR & exec sp_cursorfetch

I cannot reduce the frequency of commits in my app - so is there any setting/configuration like increasing the redo log buffers or log file size that can provide relief ?

And should I look at avoiding server side cursors as it eats up most of the time?

But since most of those statements involve blobs probably batch returning it makes more sense.

Please advice.","Increasing the transaction log size or buffer won't significantly resolve the overhead of `COMMIT` and `FETCH` if the bottleneck is the sheer frequency of round-trips. While a larger log file prevents ""log full"" errors, it doesn't reduce the latency of processing individual commit commands. 

You should definitely investigate moving away from server-side cursors. Server-side cursors (like those triggered by `sp_cursorfetch`) incur significant overhead because they require the database to maintain state and perform multiple network round-trips for each row. Since you are dealing with BLOBs, you are likely using cursors to manage memory on the client side. 

Instead of cursors, consider using a streaming result set via your JDBC driver. Most modern drivers can stream BLOBs in chunks over a single connection. This eliminates the need for `sp_cursorfetch` while keeping memory consumption low, providing a much more efficient way to handle large objects compared to the iterative approach of cursor-based processing.","Increasing the transaction log size or buffer won't significantly resolve the overhead of COMMIT and FETCH if the bottleneck is the sheer frequency of round-trips. While a larger log file prevents ""log full"" errors, it doesn't reduce the latency of processing individual commit commands.

You should definitely investigate moving away from server-side cursors. Server-side cursors (like those triggered by sp_cursorfetch) incur significant overhead because they require the database to maintain state and perform multiple network round-trips for each row. Since you are dealing with BLOBs, you are likely using cursors to manage memory on the client side.

Instead of cursors, consider using a streaming result set via your JDBC driver. Most modern drivers can stream BLOBs in chunks over a single connection. This eliminates the need for sp_cursorfetch while keeping memory consumption low, providing a much more efficient way to handle large objects compared to the iterative approach of cursor-based processing.",gemma-4-12b,google,False,151,1024,test,gemma-4-12b-q4_k_m,final-2026-09-20,You are answering questions the way a knowledgeable person would in an online discussion. Write in plain prose. Do not restate the question or add a preamble. Begin with the answer itself.,110,170,8192,none,,end_turn,ollama-local-gemma-4-12b,2026-09-28 06:35:22.206407+00:00,11.9,gemma4:12b,q4_k_m,16384,8192,False,"{""temperature"": ""1"", ""top_k"": ""64"", ""top_p"": ""0.95""}","Increasing the transaction log size or buffer won't significantly resolve the overhead of COMMIT and FETCH if the bottleneck is the sheer frequency of round-trips. While a larger log file prevents ""log full"" errors, it doesn't reduce the latency of processing individual commit commands.

You should definitely investigate moving away from server-side cursors. Server-side cursors (like those triggered by sp_cursorfetch) incur significant overhead because they require the database to maintain state and perform multiple network round-trips for each row. Since you are dealing with BLOBs, you are likely using cursors to manage memory on the client side.

Instead of cursors, consider using a streaming result set via your JDBC driver. Most modern drivers can stream BLOBs in chunks over a single connection. This eliminates the need for sp_cursorfetch while keeping memory consumption low, providing a much more efficient way to handle large objects compared to the iterative approach of cursor-based processing.","Increasing the transaction log size or buffer won't significantly resolve the overhead of COMMIT and FETCH if the bottleneck is the sheer frequency of round-trips. While a larger log file prevents ""log full"" errors, it doesn't reduce the latency of processing individual commit commands. You should definitely investigate moving away from server-side cursors. Server-side cursors (like those triggered by sp_cursorfetch) incur significant overhead because they require the database to maintain state and perform multiple network round-trips for each row. Since you are dealing with BLOBs, you are likely using cursors to manage memory on the client side. Instead of cursors, consider using a streaming result set via your JDBC driver. Most modern drivers can stream BLOBs in chunks over a single connection. This eliminates the need for sp_cursorfetch while keeping memory consumption low, providing a much more efficient way to handle large objects compared to the iterative approach of cursor-based processing.","Increasing the transaction log size or buffer won't significantly resolve the overhead of COMMIT and FETCH if the bottleneck is the sheer frequency of round-trips. While a larger log file prevents ""log full"" errors, it doesn't reduce the latency of processing individual commit commands. You should definitely investigate moving away from server-side cursors. Server-side cursors (like those triggered by sp_cursorfetch) incur significant overhead because they require the database to maintain state and perform multiple network round-trips for each row. Since you are dealing with BLOBs, you are likely using cursors to manage memory on the client side. Instead of cursors, consider using a streaming result set via your JDBC driver. Most modern drivers can stream BLOBs in chunks over a single connection. This eliminates the need for sp_cursorfetch while keeping memory consumption low, providing a much more efficient way to handle large objects compared to the iterative approach of cursor-based processing.",increasing the transaction log size or buffer won't significantly resolve the overhead of commit and fetch if the bottleneck is the sheer frequency of round trips while a larger log file prevents log full errors it doesn't reduce the latency of processing individual commit commands you should definitely investigate moving away from server side cursors server side cursors like those triggered by sp cursorfetch incur significant overhead because they require the database to maintain state and perform multiple network round trips for each row since you are dealing with blobs you are likely using cursors to manage memory on the client side instead of cursors consider using a streaming result set via your jdbc driver most modern drivers can stream blobs in chunks over a single connection this eliminates the need for sp cursorfetch while keeping memory consumption low providing a much more efficient way to handle large objects compared to the iterative approach of cursor based processing
technical_0072__gemma-4-12b,technical_0072,technical,I'd like to run a check against databases in postgresql to verify that everything is ok after the server crash. On mysql it would be mysqlcheck. I would like to know the postgres equivalent.,"PostgreSQL does not have a single, direct equivalent to the `mysqlcheck` utility because its architecture handles data integrity differently. In MySQL, `mysqlcheck` is often used to repair tables that have become physically corrupted or logically inconsistent. In PostgreSQL, the database engine is designed to ensure ACID compliance through Write-Ahead Logging (WAL), which generally prevents the type of corruption that necessitates a manual ""repair"" command after a crash.

To verify the health of your database after a crash, you should first check the logs to ensure the database reached a consistent state during recovery. For a manual check, you can use the `pg_checksums` tool to verify data block integrity, though this is typically enabled at the cluster level. If you need to verify that your internal indexes match the table data, you can run the `REINDEX` command or use the `amcheck` extension. If you suspect corruption, the standard procedure is to restore from a backup.","PostgreSQL does not have a single, direct equivalent to the mysqlcheck utility because its architecture handles data integrity differently. In MySQL, mysqlcheck is often used to repair tables that have become physically corrupted or logically inconsistent. In PostgreSQL, the database engine is designed to ensure ACID compliance through Write-Ahead Logging (WAL), which generally prevents the type of corruption that necessitates a manual ""repair"" command after a crash.

To verify the health of your database after a crash, you should first check the logs to ensure the database reached a consistent state during recovery. For a manual check, you can use the pg_checksums tool to verify data block integrity, though this is typically enabled at the cluster level. If you need to verify that your internal indexes match the table data, you can run the REINDEX command or use the amcheck extension. If you suspect corruption, the standard procedure is to restore from a backup.",gemma-4-12b,google,False,154,987,test,gemma-4-12b-q4_k_m,final-2026-09-20,You are answering questions the way a knowledgeable person would in an online discussion. Write in plain prose. Do not restate the question or add a preamble. Begin with the answer itself.,110,170,8192,none,,end_turn,ollama-local-gemma-4-12b,2026-09-28 06:35:25.625156+00:00,11.9,gemma4:12b,q4_k_m,16384,8192,False,"{""temperature"": ""1"", ""top_k"": ""64"", ""top_p"": ""0.95""}","PostgreSQL does not have a single, direct equivalent to the mysqlcheck utility because its architecture handles data integrity differently. In MySQL, mysqlcheck is often used to repair tables that have become physically corrupted or logically inconsistent. In PostgreSQL, the database engine is designed to ensure ACID compliance through Write-Ahead Logging (WAL), which generally prevents the type of corruption that necessitates a manual ""repair"" command after a crash.

To verify the health of your database after a crash, you should first check the logs to ensure the database reached a consistent state during recovery. For a manual check, you can use the pg_checksums tool to verify data block integrity, though this is typically enabled at the cluster level. If you need to verify that your internal indexes match the table data, you can run the REINDEX command or use the amcheck extension. If you suspect corruption, the standard procedure is to restore from a backup.","PostgreSQL does not have a single, direct equivalent to the mysqlcheck utility because its architecture handles data integrity differently. In MySQL, mysqlcheck is often used to repair tables that have become physically corrupted or logically inconsistent. In PostgreSQL, the database engine is designed to ensure ACID compliance through Write-Ahead Logging (WAL), which generally prevents the type of corruption that necessitates a manual ""repair"" command after a crash. To verify the health of your database after a crash, you should first check the logs to ensure the database reached a consistent state during recovery. For a manual check, you can use the pg_checksums tool to verify data block integrity, though this is typically enabled at the cluster level. If you need to verify that your internal indexes match the table data, you can run the REINDEX command or use the amcheck extension. If you suspect corruption, the standard procedure is to restore from a backup.","PostgreSQL does not have a single, direct equivalent to the mysqlcheck utility because its architecture handles data integrity differently. In MySQL, mysqlcheck is often used to repair tables that have become physically corrupted or logically inconsistent. In PostgreSQL, the database engine is designed to ensure ACID compliance through Write-Ahead Logging (WAL), which generally prevents the type of corruption that necessitates a manual ""repair"" command after a crash. To verify the health of your database after a crash, you should first check the logs to ensure the database reached a consistent state during recovery. For a manual check, you can use the pg_checksums tool to verify data block integrity, though this is typically enabled at the cluster level. If you need to verify that your internal indexes match the table data, you can run the REINDEX command or use the amcheck extension. If you suspect corruption, the standard procedure is to restore from a backup.",postgresql does not have a single direct equivalent to the mysqlcheck utility because its architecture handles data integrity differently in mysql mysqlcheck is often used to repair tables that have become physically corrupted or logically inconsistent in postgresql the database engine is designed to ensure acid compliance through write ahead logging wal which generally prevents the type of corruption that necessitates a manual repair command after a crash to verify the health of your database after a crash you should first check the logs to ensure the database reached a consistent state during recovery for a manual check you can use the pg checksums tool to verify data block integrity though this is typically enabled at the cluster level if you need to verify that your internal indexes match the table data you can run the reindex command or use the amcheck extension if you suspect corruption the standard procedure is to restore from a backup
technical_0074__gemma-4-12b,technical_0074,technical,"I'm currently learning SQL Server 2008 and have come across schemas and there is one thing I don't understand about them that they have to have an owner; why can't they own themselves?

My background is mostly with Java and it sounds like a schema is like a package which does not have an owner.","In SQL Server, the concept of ownership is tied to the underlying security model of the database engine. Unlike Java packages, which are logical namespaces for grouping code, a schema is a security principal container. The ownership requirement exists because every object within a schema—tables, views, or stored procedures—must have a defined owner to determine who has the authority to grant permissions to other users.

If a schema could ""own itself,"" the system would lack a definitive entity to audit or manage these permissions. By requiring a specific user or role to own the schema, SQL Server creates a clear chain of authority. When you create a schema, the default owner is typically the user who created it. This structure ensures that the database engine always knows exactly which account is responsible for the security definitions of the objects contained within that namespace.","In SQL Server, the concept of ownership is tied to the underlying security model of the database engine. Unlike Java packages, which are logical namespaces for grouping code, a schema is a security principal container. The ownership requirement exists because every object within a schema—tables, views, or stored procedures—must have a defined owner to determine who has the authority to grant permissions to other users.

If a schema could ""own itself,"" the system would lack a definitive entity to audit or manage these permissions. By requiring a specific user or role to own the schema, SQL Server creates a clear chain of authority. When you create a schema, the default owner is typically the user who created it. This structure ensures that the database engine always knows exactly which account is responsible for the security definitions of the objects contained within that namespace.",gemma-4-12b,google,False,143,895,test,gemma-4-12b-q4_k_m,final-2026-09-20,You are answering questions the way a knowledgeable person would in an online discussion. Write in plain prose. Do not restate the question or add a preamble. Begin with the answer itself.,110,170,8192,none,,end_turn,ollama-local-gemma-4-12b,2026-09-28 06:35:28.589386+00:00,11.9,gemma4:12b,q4_k_m,16384,8192,False,"{""temperature"": ""1"", ""top_k"": ""64"", ""top_p"": ""0.95""}","In SQL Server, the concept of ownership is tied to the underlying security model of the database engine. Unlike Java packages, which are logical namespaces for grouping code, a schema is a security principal container. The ownership requirement exists because every object within a schema - tables, views, or stored procedures - must have a defined owner to determine who has the authority to grant permissions to other users.

If a schema could ""own itself,"" the system would lack a definitive entity to audit or manage these permissions. By requiring a specific user or role to own the schema, SQL Server creates a clear chain of authority. When you create a schema, the default owner is typically the user who created it. This structure ensures that the database engine always knows exactly which account is responsible for the security definitions of the objects contained within that namespace.","In SQL Server, the concept of ownership is tied to the underlying security model of the database engine. Unlike Java packages, which are logical namespaces for grouping code, a schema is a security principal container. The ownership requirement exists because every object within a schema—tables, views, or stored procedures—must have a defined owner to determine who has the authority to grant permissions to other users. If a schema could ""own itself,"" the system would lack a definitive entity to audit or manage these permissions. By requiring a specific user or role to own the schema, SQL Server creates a clear chain of authority. When you create a schema, the default owner is typically the user who created it. This structure ensures that the database engine always knows exactly which account is responsible for the security definitions of the objects contained within that namespace.","In SQL Server, the concept of ownership is tied to the underlying security model of the database engine. Unlike Java packages, which are logical namespaces for grouping code, a schema is a security principal container. The ownership requirement exists because every object within a schema - tables, views, or stored procedures - must have a defined owner to determine who has the authority to grant permissions to other users. If a schema could ""own itself,"" the system would lack a definitive entity to audit or manage these permissions. By requiring a specific user or role to own the schema, SQL Server creates a clear chain of authority. When you create a schema, the default owner is typically the user who created it. This structure ensures that the database engine always knows exactly which account is responsible for the security definitions of the objects contained within that namespace.",in sql server the concept of ownership is tied to the underlying security model of the database engine unlike java packages which are logical namespaces for grouping code a schema is a security principal container the ownership requirement exists because every object within a schema tables views or stored procedures must have a defined owner to determine who has the authority to grant permissions to other users if a schema could own itself the system would lack a definitive entity to audit or manage these permissions by requiring a specific user or role to own the schema sql server creates a clear chain of authority when you create a schema the default owner is typically the user who created it this structure ensures that the database engine always knows exactly which account is responsible for the security definitions of the objects contained within that namespace
technical_0094__gemma-4-12b,technical_0094,technical,"A customer wants to rent a dedicated Server for their site. They do not need more than SQL Express 2017, for the time being, but they have been offered a dual Xeon system.

Does SQL Express install and work on a dual CPU system, albeit using just one CPU, or do they have to ask for a single CPU server?

Sorry but I haven't found an answer to this specific question.","SQL Server Express will install and function correctly on a dual CPU system. From a technical standpoint, the operating system treats the available cores and threads as a single pool of resources. Therefore, SQL Express does not ""know"" or care that the hardware contains two physical processors; it will simply utilize the resources allocated to the instance.

However, it is important to manage expectations regarding performance. Since SQL Express is a free edition, it has specific limitations on memory usage and database size that are independent of the physical hardware. Even if the server has massive amounts of RAM and multiple CPUs, SQL Express will cap its memory usage (typically around 1.4GB of RAM) and limit the database size. While the dual CPU configuration provides a robust hardware foundation and room for growth, the software limitations of the Express edition will be the primary bottleneck, not the number of physical processors installed in the machine.","SQL Server Express will install and function correctly on a dual CPU system. From a technical standpoint, the operating system treats the available cores and threads as a single pool of resources. Therefore, SQL Express does not ""know"" or care that the hardware contains two physical processors; it will simply utilize the resources allocated to the instance.

However, it is important to manage expectations regarding performance. Since SQL Express is a free edition, it has specific limitations on memory usage and database size that are independent of the physical hardware. Even if the server has massive amounts of RAM and multiple CPUs, SQL Express will cap its memory usage (typically around 1.4GB of RAM) and limit the database size. While the dual CPU configuration provides a robust hardware foundation and room for growth, the software limitations of the Express edition will be the primary bottleneck, not the number of physical processors installed in the machine.",gemma-4-12b,google,False,155,977,test,gemma-4-12b-q4_k_m,final-2026-09-20,You are answering questions the way a knowledgeable person would in an online discussion. Write in plain prose. Do not restate the question or add a preamble. Begin with the answer itself.,110,170,8192,none,,end_turn,ollama-local-gemma-4-12b,2026-09-28 06:35:31.811640+00:00,11.9,gemma4:12b,q4_k_m,16384,8192,False,"{""temperature"": ""1"", ""top_k"": ""64"", ""top_p"": ""0.95""}","SQL Server Express will install and function correctly on a dual CPU system. From a technical standpoint, the operating system treats the available cores and threads as a single pool of resources. Therefore, SQL Express does not ""know"" or care that the hardware contains two physical processors; it will simply utilize the resources allocated to the instance.

However, it is important to manage expectations regarding performance. Since SQL Express is a free edition, it has specific limitations on memory usage and database size that are independent of the physical hardware. Even if the server has massive amounts of RAM and multiple CPUs, SQL Express will cap its memory usage (typically around 1.4GB of RAM) and limit the database size. While the dual CPU configuration provides a robust hardware foundation and room for growth, the software limitations of the Express edition will be the primary bottleneck, not the number of physical processors installed in the machine.","SQL Server Express will install and function correctly on a dual CPU system. From a technical standpoint, the operating system treats the available cores and threads as a single pool of resources. Therefore, SQL Express does not ""know"" or care that the hardware contains two physical processors; it will simply utilize the resources allocated to the instance. However, it is important to manage expectations regarding performance. Since SQL Express is a free edition, it has specific limitations on memory usage and database size that are independent of the physical hardware. Even if the server has massive amounts of RAM and multiple CPUs, SQL Express will cap its memory usage (typically around 1.4GB of RAM) and limit the database size. While the dual CPU configuration provides a robust hardware foundation and room for growth, the software limitations of the Express edition will be the primary bottleneck, not the number of physical processors installed in the machine.","SQL Server Express will install and function correctly on a dual CPU system. From a technical standpoint, the operating system treats the available cores and threads as a single pool of resources. Therefore, SQL Express does not ""know"" or care that the hardware contains two physical processors; it will simply utilize the resources allocated to the instance. However, it is important to manage expectations regarding performance. Since SQL Express is a free edition, it has specific limitations on memory usage and database size that are independent of the physical hardware. Even if the server has massive amounts of RAM and multiple CPUs, SQL Express will cap its memory usage (typically around 1.4GB of RAM) and limit the database size. While the dual CPU configuration provides a robust hardware foundation and room for growth, the software limitations of the Express edition will be the primary bottleneck, not the number of physical processors installed in the machine.",sql server express will install and function correctly on a dual cpu system from a technical standpoint the operating system treats the available cores and threads as a single pool of resources therefore sql express does not know or care that the hardware contains two physical processors it will simply utilize the resources allocated to the instance however it is important to manage expectations regarding performance since sql express is a free edition it has specific limitations on memory usage and database size that are independent of the physical hardware even if the server has massive amounts of ram and multiple cpus sql express will cap its memory usage typically around 1 4gb of ram and limit the database size while the dual cpu configuration provides a robust hardware foundation and room for growth the software limitations of the express edition will be the primary bottleneck not the number of physical processors installed in the machine
technical_0095__gemma-4-12b,technical_0095,technical,"Is it safe to assume that ordering by an auto-incrementing PK in Postgres will order the records chronologically, from a creation standpoint? I have a many to many relationship, from which I don't need to track anything else except the relationship itself and some form of order of creation. I am trying to decide whether I need to incorporate a timestamp column for this, or whether I can reutilize the existing auto-incrementing PK column for that same purpose.","While an auto-incrementing primary key (like a `SERIAL` or `IDENTITY` column) often correlates with the time of insertion, it is not a reliable substitute for a dedicated timestamp column if chronological integrity is a requirement. In a multi-user or distributed environment, several factors can break this assumption. Concurrent transactions can commit in a different order than they began, and if the database undergoes migrations, manual data imports, or migrations from other systems, the sequence of IDs will no longer reflect the actual timeline of creation.

Furthermore, relying on an integer as a proxy for time makes it impossible to perform time-based queries, such as ""show all records from last Tuesday."" To ensure your logic remains robust against architectural changes and provides the flexibility needed for basic reporting, you should include a `created_at` timestamp. It is best practice to explicitly define the data you need rather than hoping a side effect of the database's indexing logic will suffice.","While an auto-incrementing primary key (like a SERIAL or IDENTITY column) often correlates with the time of insertion, it is not a reliable substitute for a dedicated timestamp column if chronological integrity is a requirement. In a multi-user or distributed environment, several factors can break this assumption. Concurrent transactions can commit in a different order than they began, and if the database undergoes migrations, manual data imports, or migrations from other systems, the sequence of IDs will no longer reflect the actual timeline of creation.

Furthermore, relying on an integer as a proxy for time makes it impossible to perform time-based queries, such as ""show all records from last Tuesday."" To ensure your logic remains robust against architectural changes and provides the flexibility needed for basic reporting, you should include a created_at timestamp. It is best practice to explicitly define the data you need rather than hoping a side effect of the database's indexing logic will suffice.",gemma-4-12b,google,False,157,1025,test,gemma-4-12b-q4_k_m,final-2026-09-20,You are answering questions the way a knowledgeable person would in an online discussion. Write in plain prose. Do not restate the question or add a preamble. Begin with the answer itself.,110,170,8192,none,,end_turn,ollama-local-gemma-4-12b,2026-09-28 06:35:35.303715+00:00,11.9,gemma4:12b,q4_k_m,16384,8192,False,"{""temperature"": ""1"", ""top_k"": ""64"", ""top_p"": ""0.95""}","While an auto-incrementing primary key (like a SERIAL or IDENTITY column) often correlates with the time of insertion, it is not a reliable substitute for a dedicated timestamp column if chronological integrity is a requirement. In a multi-user or distributed environment, several factors can break this assumption. Concurrent transactions can commit in a different order than they began, and if the database undergoes migrations, manual data imports, or migrations from other systems, the sequence of IDs will no longer reflect the actual timeline of creation.

Furthermore, relying on an integer as a proxy for time makes it impossible to perform time-based queries, such as ""show all records from last Tuesday."" To ensure your logic remains robust against architectural changes and provides the flexibility needed for basic reporting, you should include a created_at timestamp. It is best practice to explicitly define the data you need rather than hoping a side effect of the database's indexing logic will suffice.","While an auto-incrementing primary key (like a SERIAL or IDENTITY column) often correlates with the time of insertion, it is not a reliable substitute for a dedicated timestamp column if chronological integrity is a requirement. In a multi-user or distributed environment, several factors can break this assumption. Concurrent transactions can commit in a different order than they began, and if the database undergoes migrations, manual data imports, or migrations from other systems, the sequence of IDs will no longer reflect the actual timeline of creation. Furthermore, relying on an integer as a proxy for time makes it impossible to perform time-based queries, such as ""show all records from last Tuesday."" To ensure your logic remains robust against architectural changes and provides the flexibility needed for basic reporting, you should include a created_at timestamp. It is best practice to explicitly define the data you need rather than hoping a side effect of the database's indexing logic will suffice.","While an auto-incrementing primary key (like a SERIAL or IDENTITY column) often correlates with the time of insertion, it is not a reliable substitute for a dedicated timestamp column if chronological integrity is a requirement. In a multi-user or distributed environment, several factors can break this assumption. Concurrent transactions can commit in a different order than they began, and if the database undergoes migrations, manual data imports, or migrations from other systems, the sequence of IDs will no longer reflect the actual timeline of creation. Furthermore, relying on an integer as a proxy for time makes it impossible to perform time-based queries, such as ""show all records from last Tuesday."" To ensure your logic remains robust against architectural changes and provides the flexibility needed for basic reporting, you should include a created_at timestamp. It is best practice to explicitly define the data you need rather than hoping a side effect of the database's indexing logic will suffice.",while an auto incrementing primary key like a serial or identity column often correlates with the time of insertion it is not a reliable substitute for a dedicated timestamp column if chronological integrity is a requirement in a multi user or distributed environment several factors can break this assumption concurrent transactions can commit in a different order than they began and if the database undergoes migrations manual data imports or migrations from other systems the sequence of ids will no longer reflect the actual timeline of creation furthermore relying on an integer as a proxy for time makes it impossible to perform time based queries such as show all records from last tuesday to ensure your logic remains robust against architectural changes and provides the flexibility needed for basic reporting you should include a created at timestamp it is best practice to explicitly define the data you need rather than hoping a side effect of the database's indexing logic will suffice
technical_0143__gemma-4-12b,technical_0143,technical,"Let's say for example there is an Ethernet switch, and there are four PCs connected to this switch. PC1 and PC2 are communicating with each other, and at the same time PC3 and PC4 are also communicating with each other. Obviously there is no Statistical TDM here. Also, there is only one node - the switch, so there cannot be multiple paths from source to destination.

So how does Ethernet become packet-switched? Is it because the data being exchanged are broken into packets? What are the conditions that must be satisfied to say that a network is a packet-switched network?","The transition from a shared-medium logic to a packet-switched architecture in Ethernet is primarily defined by how data is structured and handled by the hardware. While it is true that the switch acts as a single node, the ""packet"" nature refers to the encapsulation of data into discrete units (frames) that contain headers and trailers. These headers contain the source and destination MAC addresses, allowing the switch to make independent forwarding decisions for each individual frame.

A network is classified as packet-switched because it treats each transmission as an independent unit of data rather than a continuous, dedicated circuit. In your example, even though the physical infrastructure is shared, the switch processes the frames from PC1/PC2 and PC3/PC4 as separate entities. Because the switch does not need to reserve a dedicated physical path for the entire duration of a session, but rather routes each packet based on its header, the network qualifies as packet-switched. The defining conditions are the encapsulation of data into discrete units and the independent routing of those units.","The transition from a shared-medium logic to a packet-switched architecture in Ethernet is primarily defined by how data is structured and handled by the hardware. While it is true that the switch acts as a single node, the ""packet"" nature refers to the encapsulation of data into discrete units (frames) that contain headers and trailers. These headers contain the source and destination MAC addresses, allowing the switch to make independent forwarding decisions for each individual frame.

A network is classified as packet-switched because it treats each transmission as an independent unit of data rather than a continuous, dedicated circuit. In your example, even though the physical infrastructure is shared, the switch processes the frames from PC1/PC2 and PC3/PC4 as separate entities. Because the switch does not need to reserve a dedicated physical path for the entire duration of a session, but rather routes each packet based on its header, the network qualifies as packet-switched. The defining conditions are the encapsulation of data into discrete units and the independent routing of those units.",gemma-4-12b,google,False,172,1113,test,gemma-4-12b-q4_k_m,final-2026-09-20,You are answering questions the way a knowledgeable person would in an online discussion. Write in plain prose. Do not restate the question or add a preamble. Begin with the answer itself.,110,170,8192,none,,end_turn,ollama-local-gemma-4-12b,2026-09-28 06:35:39.069795+00:00,11.9,gemma4:12b,q4_k_m,16384,8192,False,"{""temperature"": ""1"", ""top_k"": ""64"", ""top_p"": ""0.95""}","The transition from a shared-medium logic to a packet-switched architecture in Ethernet is primarily defined by how data is structured and handled by the hardware. While it is true that the switch acts as a single node, the ""packet"" nature refers to the encapsulation of data into discrete units (frames) that contain headers and trailers. These headers contain the source and destination MAC addresses, allowing the switch to make independent forwarding decisions for each individual frame.

A network is classified as packet-switched because it treats each transmission as an independent unit of data rather than a continuous, dedicated circuit. In your example, even though the physical infrastructure is shared, the switch processes the frames from PC1/PC2 and PC3/PC4 as separate entities. Because the switch does not need to reserve a dedicated physical path for the entire duration of a session, but rather routes each packet based on its header, the network qualifies as packet-switched. The defining conditions are the encapsulation of data into discrete units and the independent routing of those units.","The transition from a shared-medium logic to a packet-switched architecture in Ethernet is primarily defined by how data is structured and handled by the hardware. While it is true that the switch acts as a single node, the ""packet"" nature refers to the encapsulation of data into discrete units (frames) that contain headers and trailers. These headers contain the source and destination MAC addresses, allowing the switch to make independent forwarding decisions for each individual frame. A network is classified as packet-switched because it treats each transmission as an independent unit of data rather than a continuous, dedicated circuit. In your example, even though the physical infrastructure is shared, the switch processes the frames from PC1/PC2 and PC3/PC4 as separate entities. Because the switch does not need to reserve a dedicated physical path for the entire duration of a session, but rather routes each packet based on its header, the network qualifies as packet-switched. The defining conditions are the encapsulation of data into discrete units and the independent routing of those units.","The transition from a shared-medium logic to a packet-switched architecture in Ethernet is primarily defined by how data is structured and handled by the hardware. While it is true that the switch acts as a single node, the ""packet"" nature refers to the encapsulation of data into discrete units (frames) that contain headers and trailers. These headers contain the source and destination MAC addresses, allowing the switch to make independent forwarding decisions for each individual frame. A network is classified as packet-switched because it treats each transmission as an independent unit of data rather than a continuous, dedicated circuit. In your example, even though the physical infrastructure is shared, the switch processes the frames from PC1/PC2 and PC3/PC4 as separate entities. Because the switch does not need to reserve a dedicated physical path for the entire duration of a session, but rather routes each packet based on its header, the network qualifies as packet-switched. The defining conditions are the encapsulation of data into discrete units and the independent routing of those units.",the transition from a shared medium logic to a packet switched architecture in ethernet is primarily defined by how data is structured and handled by the hardware while it is true that the switch acts as a single node the packet nature refers to the encapsulation of data into discrete units frames that contain headers and trailers these headers contain the source and destination mac addresses allowing the switch to make independent forwarding decisions for each individual frame a network is classified as packet switched because it treats each transmission as an independent unit of data rather than a continuous dedicated circuit in your example even though the physical infrastructure is shared the switch processes the frames from pc1 pc2 and pc3 pc4 as separate entities because the switch does not need to reserve a dedicated physical path for the entire duration of a session but rather routes each packet based on its header the network qualifies as packet switched the defining conditions are the encapsulation of data into discrete units and the independent routing of those units
technical_0146__gemma-4-12b,technical_0146,technical,"Forgive me if this is a dumb question but I'm relatively new to the carrier networking world. We own a block of IP addresses, say a /18 and we advertise various /20s, /24s, /23s, etc all over the world. I want to know ""what's available"" from our space as in if there are portions that we are not advertising.

What I could do is download a text dump of the entire BGP routing table and grep for the /18, /19s, /20s, ... , /24s and see if there are any matches but there has to be a better way.

We use Juniper so I popped into a router and ran show route protocol bgp FIRST_IP_OF_18 but it only gave me a route to the first thing we advertise.","The most efficient way to identify unadvertised space within your /18 block is to perform a ""bitmask"" analysis of your own routing table rather than searching the global BGP table. Since the global table contains routes from every provider, grep-ing for your prefix would only show you what is currently live on the internet, not specifically what is ""missing"" from your intended inventory.

Instead, you should query your internal routing table for the specific /18 prefix. On a Juniper device, using a `show route` command with a wildcard or a specific mask is the standard approach. To see every unique subnet currently active within that block, you can look for the ""best"" path for the aggregate. If you want to find gaps, you can script a tool to iterate through the /24s within your /18 and check for the existence of a route. This confirms which contiguous blocks are currently reachable via your infrastructure versus those that are ""dark"" and potentially available for sale or assignment.","The most efficient way to identify unadvertised space within your /18 block is to perform a ""bitmask"" analysis of your own routing table rather than searching the global BGP table. Since the global table contains routes from every provider, grep-ing for your prefix would only show you what is currently live on the internet, not specifically what is ""missing"" from your intended inventory.

Instead, you should query your internal routing table for the specific /18 prefix. On a Juniper device, using a show route command with a wildcard or a specific mask is the standard approach. To see every unique subnet currently active within that block, you can look for the ""best"" path for the aggregate. If you want to find gaps, you can script a tool to iterate through the /24s within your /18 and check for the existence of a route. This confirms which contiguous blocks are currently reachable via your infrastructure versus those that are ""dark"" and potentially available for sale or assignment.",gemma-4-12b,google,False,166,997,test,gemma-4-12b-q4_k_m,final-2026-09-20,You are answering questions the way a knowledgeable person would in an online discussion. Write in plain prose. Do not restate the question or add a preamble. Begin with the answer itself.,110,170,8192,none,,end_turn,ollama-local-gemma-4-12b,2026-09-28 06:35:42.762215+00:00,11.9,gemma4:12b,q4_k_m,16384,8192,False,"{""temperature"": ""1"", ""top_k"": ""64"", ""top_p"": ""0.95""}","The most efficient way to identify unadvertised space within your /18 block is to perform a ""bitmask"" analysis of your own routing table rather than searching the global BGP table. Since the global table contains routes from every provider, grep-ing for your prefix would only show you what is currently live on the internet, not specifically what is ""missing"" from your intended inventory.

Instead, you should query your internal routing table for the specific /18 prefix. On a Juniper device, using a show route command with a wildcard or a specific mask is the standard approach. To see every unique subnet currently active within that block, you can look for the ""best"" path for the aggregate. If you want to find gaps, you can script a tool to iterate through the /24s within your /18 and check for the existence of a route. This confirms which contiguous blocks are currently reachable via your infrastructure versus those that are ""dark"" and potentially available for sale or assignment.","The most efficient way to identify unadvertised space within your /18 block is to perform a ""bitmask"" analysis of your own routing table rather than searching the global BGP table. Since the global table contains routes from every provider, grep-ing for your prefix would only show you what is currently live on the internet, not specifically what is ""missing"" from your intended inventory. Instead, you should query your internal routing table for the specific /18 prefix. On a Juniper device, using a show route command with a wildcard or a specific mask is the standard approach. To see every unique subnet currently active within that block, you can look for the ""best"" path for the aggregate. If you want to find gaps, you can script a tool to iterate through the /24s within your /18 and check for the existence of a route. This confirms which contiguous blocks are currently reachable via your infrastructure versus those that are ""dark"" and potentially available for sale or assignment.","The most efficient way to identify unadvertised space within your /18 block is to perform a ""bitmask"" analysis of your own routing table rather than searching the global BGP table. Since the global table contains routes from every provider, grep-ing for your prefix would only show you what is currently live on the internet, not specifically what is ""missing"" from your intended inventory. Instead, you should query your internal routing table for the specific /18 prefix. On a Juniper device, using a show route command with a wildcard or a specific mask is the standard approach. To see every unique subnet currently active within that block, you can look for the ""best"" path for the aggregate. If you want to find gaps, you can script a tool to iterate through the /24s within your /18 and check for the existence of a route. This confirms which contiguous blocks are currently reachable via your infrastructure versus those that are ""dark"" and potentially available for sale or assignment.",the most efficient way to identify unadvertised space within your 18 block is to perform a bitmask analysis of your own routing table rather than searching the global bgp table since the global table contains routes from every provider grep ing for your prefix would only show you what is currently live on the internet not specifically what is missing from your intended inventory instead you should query your internal routing table for the specific 18 prefix on a juniper device using a show route command with a wildcard or a specific mask is the standard approach to see every unique subnet currently active within that block you can look for the best path for the aggregate if you want to find gaps you can script a tool to iterate through the 24s within your 18 and check for the existence of a route this confirms which contiguous blocks are currently reachable via your infrastructure versus those that are dark and potentially available for sale or assignment
technical_0148__gemma-4-12b,technical_0148,technical,What might be difference between sslvpn and site-site vpn . Which one among two is secure and it's significance,"The primary difference between SSL VPN and Site-to-Site VPN lies in their intended use cases and endpoint types. A Site-to-Site VPN creates a permanent, permanent connection between two entire networks, such as connecting a branch office to a corporate headquarters. It typically uses IPsec protocols to bridge hardware gateways so that devices on both ends can communicate as if they were on the same local network. In contrast, an SSL VPN is designed for remote access, allowing individual users to connect to a corporate network from various locations using a web browser or a lightweight client.

Regarding security, both technologies are highly secure, but they provide different security scopes. Site-to-Site VPNs provide ""always-on"" security for infrastructure, while SSL VPNs offer granular, identity-based security for mobile users. The significance lies in their application: Site-to-Site is the backbone of organizational infrastructure, whereas SSL VPN is the standard for enabling a modern, mobile workforce to access private resources safely over the public internet.","The primary difference between SSL VPN and Site-to-Site VPN lies in their intended use cases and endpoint types. A Site-to-Site VPN creates a permanent, permanent connection between two entire networks, such as connecting a branch office to a corporate headquarters. It typically uses IPsec protocols to bridge hardware gateways so that devices on both ends can communicate as if they were on the same local network. In contrast, an SSL VPN is designed for remote access, allowing individual users to connect to a corporate network from various locations using a web browser or a lightweight client.

Regarding security, both technologies are highly secure, but they provide different security scopes. Site-to-Site VPNs provide ""always-on"" security for infrastructure, while SSL VPNs offer granular, identity-based security for mobile users. The significance lies in their application: Site-to-Site is the backbone of organizational infrastructure, whereas SSL VPN is the standard for enabling a modern, mobile workforce to access private resources safely over the public internet.",gemma-4-12b,google,False,160,1081,test,gemma-4-12b-q4_k_m,final-2026-09-20,You are answering questions the way a knowledgeable person would in an online discussion. Write in plain prose. Do not restate the question or add a preamble. Begin with the answer itself.,110,170,8192,none,,end_turn,ollama-local-gemma-4-12b,2026-09-28 06:35:46.531097+00:00,11.9,gemma4:12b,q4_k_m,16384,8192,False,"{""temperature"": ""1"", ""top_k"": ""64"", ""top_p"": ""0.95""}","The primary difference between SSL VPN and Site-to-Site VPN lies in their intended use cases and endpoint types. A Site-to-Site VPN creates a permanent, permanent connection between two entire networks, such as connecting a branch office to a corporate headquarters. It typically uses IPsec protocols to bridge hardware gateways so that devices on both ends can communicate as if they were on the same local network. In contrast, an SSL VPN is designed for remote access, allowing individual users to connect to a corporate network from various locations using a web browser or a lightweight client.

Regarding security, both technologies are highly secure, but they provide different security scopes. Site-to-Site VPNs provide ""always-on"" security for infrastructure, while SSL VPNs offer granular, identity-based security for mobile users. The significance lies in their application: Site-to-Site is the backbone of organizational infrastructure, whereas SSL VPN is the standard for enabling a modern, mobile workforce to access private resources safely over the public internet.","The primary difference between SSL VPN and Site-to-Site VPN lies in their intended use cases and endpoint types. A Site-to-Site VPN creates a permanent, permanent connection between two entire networks, such as connecting a branch office to a corporate headquarters. It typically uses IPsec protocols to bridge hardware gateways so that devices on both ends can communicate as if they were on the same local network. In contrast, an SSL VPN is designed for remote access, allowing individual users to connect to a corporate network from various locations using a web browser or a lightweight client. Regarding security, both technologies are highly secure, but they provide different security scopes. Site-to-Site VPNs provide ""always-on"" security for infrastructure, while SSL VPNs offer granular, identity-based security for mobile users. The significance lies in their application: Site-to-Site is the backbone of organizational infrastructure, whereas SSL VPN is the standard for enabling a modern, mobile workforce to access private resources safely over the public internet.","The primary difference between SSL VPN and Site-to-Site VPN lies in their intended use cases and endpoint types. A Site-to-Site VPN creates a permanent, permanent connection between two entire networks, such as connecting a branch office to a corporate headquarters. It typically uses IPsec protocols to bridge hardware gateways so that devices on both ends can communicate as if they were on the same local network. In contrast, an SSL VPN is designed for remote access, allowing individual users to connect to a corporate network from various locations using a web browser or a lightweight client. Regarding security, both technologies are highly secure, but they provide different security scopes. Site-to-Site VPNs provide ""always-on"" security for infrastructure, while SSL VPNs offer granular, identity-based security for mobile users. The significance lies in their application: Site-to-Site is the backbone of organizational infrastructure, whereas SSL VPN is the standard for enabling a modern, mobile workforce to access private resources safely over the public internet.",the primary difference between ssl vpn and site to site vpn lies in their intended use cases and endpoint types a site to site vpn creates a permanent permanent connection between two entire networks such as connecting a branch office to a corporate headquarters it typically uses ipsec protocols to bridge hardware gateways so that devices on both ends can communicate as if they were on the same local network in contrast an ssl vpn is designed for remote access allowing individual users to connect to a corporate network from various locations using a web browser or a lightweight client regarding security both technologies are highly secure but they provide different security scopes site to site vpns provide always on security for infrastructure while ssl vpns offer granular identity based security for mobile users the significance lies in their application site to site is the backbone of organizational infrastructure whereas ssl vpn is the standard for enabling a modern mobile workforce to access private resources safely over the public internet
technical_0155__gemma-4-12b,technical_0155,technical,"My company has recently switched to an Agile way of working and as a part of it we've started using SCRUM. While I'm very comfortable with it and feel that this way is superior to a traditional one, some of my teammates don't share the same opinion. In fact they are very skeptical about ""all that agile stuff"", and don't take it seriously. As an example, one of the teammates is always late on the meetings, and doesn't really care about it. The management IMO tries not to notice this (maybe because it's new, and it takes time for the people to get used to it).

My question is, how to address this issue while not raising a conflict inside the team?","The most effective way to address this without causing a direct confrontation is to shift the focus from personal behavior to the mechanics of the framework. Instead of calling out your colleague's tardiness directly, frame the issue as a practical bottleneck for the team’s goals. During a Sprint Retrospective, you can suggest that the team needs to ensure everyone is synchronized at the start of meetings to maximize productivity. By framing it as a collective ""process improvement"" rather than a personal critique, you remove the defensive friction.

Additionally, you can appeal to the team’s shared interests. Remind everyone that Scrum is designed to reduce ambiguity and streamline work. If the team sees the ""ceremonies"" as tools that make their lives easier rather than arbitrary rules, they may begin to take them more seriously. Consistency in the process eventually creates a culture where punctuality becomes the norm because it benefits the workflow, not just the rules.","The most effective way to address this without causing a direct confrontation is to shift the focus from personal behavior to the mechanics of the framework. Instead of calling out your colleague's tardiness directly, frame the issue as a practical bottleneck for the team's goals. During a Sprint Retrospective, you can suggest that the team needs to ensure everyone is synchronized at the start of meetings to maximize productivity. By framing it as a collective ""process improvement"" rather than a personal critique, you remove the defensive friction.

Additionally, you can appeal to the team's shared interests. Remind everyone that Scrum is designed to reduce ambiguity and streamline work. If the team sees the ""ceremonies"" as tools that make their lives easier rather than arbitrary rules, they may begin to take them more seriously. Consistency in the process eventually creates a culture where punctuality becomes the norm because it benefits the workflow, not just the rules.",gemma-4-12b,google,False,155,986,test,gemma-4-12b-q4_k_m,final-2026-09-20,You are answering questions the way a knowledgeable person would in an online discussion. Write in plain prose. Do not restate the question or add a preamble. Begin with the answer itself.,110,170,8192,none,,end_turn,ollama-local-gemma-4-12b,2026-09-28 06:35:50.123915+00:00,11.9,gemma4:12b,q4_k_m,16384,8192,False,"{""temperature"": ""1"", ""top_k"": ""64"", ""top_p"": ""0.95""}","The most effective way to address this without causing a direct confrontation is to shift the focus from personal behavior to the mechanics of the framework. Instead of calling out your colleague's tardiness directly, frame the issue as a practical bottleneck for the team's goals. During a Sprint Retrospective, you can suggest that the team needs to ensure everyone is synchronized at the start of meetings to maximize productivity. By framing it as a collective ""process improvement"" rather than a personal critique, you remove the defensive friction.

Additionally, you can appeal to the team's shared interests. Remind everyone that Scrum is designed to reduce ambiguity and streamline work. If the team sees the ""ceremonies"" as tools that make their lives easier rather than arbitrary rules, they may begin to take them more seriously. Consistency in the process eventually creates a culture where punctuality becomes the norm because it benefits the workflow, not just the rules.","The most effective way to address this without causing a direct confrontation is to shift the focus from personal behavior to the mechanics of the framework. Instead of calling out your colleague's tardiness directly, frame the issue as a practical bottleneck for the team's goals. During a Sprint Retrospective, you can suggest that the team needs to ensure everyone is synchronized at the start of meetings to maximize productivity. By framing it as a collective ""process improvement"" rather than a personal critique, you remove the defensive friction. Additionally, you can appeal to the team's shared interests. Remind everyone that Scrum is designed to reduce ambiguity and streamline work. If the team sees the ""ceremonies"" as tools that make their lives easier rather than arbitrary rules, they may begin to take them more seriously. Consistency in the process eventually creates a culture where punctuality becomes the norm because it benefits the workflow, not just the rules.","The most effective way to address this without causing a direct confrontation is to shift the focus from personal behavior to the mechanics of the framework. Instead of calling out your colleague's tardiness directly, frame the issue as a practical bottleneck for the team's goals. During a Sprint Retrospective, you can suggest that the team needs to ensure everyone is synchronized at the start of meetings to maximize productivity. By framing it as a collective ""process improvement"" rather than a personal critique, you remove the defensive friction. Additionally, you can appeal to the team's shared interests. Remind everyone that Scrum is designed to reduce ambiguity and streamline work. If the team sees the ""ceremonies"" as tools that make their lives easier rather than arbitrary rules, they may begin to take them more seriously. Consistency in the process eventually creates a culture where punctuality becomes the norm because it benefits the workflow, not just the rules.",the most effective way to address this without causing a direct confrontation is to shift the focus from personal behavior to the mechanics of the framework instead of calling out your colleague's tardiness directly frame the issue as a practical bottleneck for the team's goals during a sprint retrospective you can suggest that the team needs to ensure everyone is synchronized at the start of meetings to maximize productivity by framing it as a collective process improvement rather than a personal critique you remove the defensive friction additionally you can appeal to the team's shared interests remind everyone that scrum is designed to reduce ambiguity and streamline work if the team sees the ceremonies as tools that make their lives easier rather than arbitrary rules they may begin to take them more seriously consistency in the process eventually creates a culture where punctuality becomes the norm because it benefits the workflow not just the rules
technical_0156__gemma-4-12b,technical_0156,technical,"In an ideal world it is preferrable to meet the deadline with less bugs. But from your experience which is more preferrable/acceptable:

Meet the deadline but has a number of bugs because developer rush into things

Less bugs but not quite meet the deadline because the developer is very rigorous in writing the code","In a professional software development environment, it is generally more acceptable to miss a deadline slightly to ensure a stable, high-quality product than to release a buggy version on time. While deadlines are crucial for project planning and stakeholder expectations, the cost of ""rushing"" often outweighs the inconvenience of a delay. Releasing buggy software creates technical debt, damages user trust, and necessitates costly hotfixes and emergency patches that can derail subsequent project phases.

A rigorous approach ensures the architecture is sound and the code is maintainable. If a developer is delayed because they are prioritizing stability, it is usually a sign of professional integrity. A missed deadline can be managed through proactive communication and honest negotiation with stakeholders. However, a buggy release is often impossible to ""fix"" quickly because fundamental flaws in rushed logic often require extensive refactoring. Therefore, quality should almost always take precedence over an arbitrary calendar date.","In a professional software development environment, it is generally more acceptable to miss a deadline slightly to ensure a stable, high-quality product than to release a buggy version on time. While deadlines are crucial for project planning and stakeholder expectations, the cost of ""rushing"" often outweighs the inconvenience of a delay. Releasing buggy software creates technical debt, damages user trust, and necessitates costly hotfixes and emergency patches that can derail subsequent project phases.

A rigorous approach ensures the architecture is sound and the code is maintainable. If a developer is delayed because they are prioritizing stability, it is usually a sign of professional integrity. A missed deadline can be managed through proactive communication and honest negotiation with stakeholders. However, a buggy release is often impossible to ""fix"" quickly because fundamental flaws in rushed logic often require extensive refactoring. Therefore, quality should almost always take precedence over an arbitrary calendar date.",gemma-4-12b,google,False,150,1044,test,gemma-4-12b-q4_k_m,final-2026-09-20,You are answering questions the way a knowledgeable person would in an online discussion. Write in plain prose. Do not restate the question or add a preamble. Begin with the answer itself.,110,170,8192,none,,end_turn,ollama-local-gemma-4-12b,2026-09-28 06:35:53.324066+00:00,11.9,gemma4:12b,q4_k_m,16384,8192,False,"{""temperature"": ""1"", ""top_k"": ""64"", ""top_p"": ""0.95""}","In a professional software development environment, it is generally more acceptable to miss a deadline slightly to ensure a stable, high-quality product than to release a buggy version on time. While deadlines are crucial for project planning and stakeholder expectations, the cost of ""rushing"" often outweighs the inconvenience of a delay. Releasing buggy software creates technical debt, damages user trust, and necessitates costly hotfixes and emergency patches that can derail subsequent project phases.

A rigorous approach ensures the architecture is sound and the code is maintainable. If a developer is delayed because they are prioritizing stability, it is usually a sign of professional integrity. A missed deadline can be managed through proactive communication and honest negotiation with stakeholders. However, a buggy release is often impossible to ""fix"" quickly because fundamental flaws in rushed logic often require extensive refactoring. Therefore, quality should almost always take precedence over an arbitrary calendar date.","In a professional software development environment, it is generally more acceptable to miss a deadline slightly to ensure a stable, high-quality product than to release a buggy version on time. While deadlines are crucial for project planning and stakeholder expectations, the cost of ""rushing"" often outweighs the inconvenience of a delay. Releasing buggy software creates technical debt, damages user trust, and necessitates costly hotfixes and emergency patches that can derail subsequent project phases. A rigorous approach ensures the architecture is sound and the code is maintainable. If a developer is delayed because they are prioritizing stability, it is usually a sign of professional integrity. A missed deadline can be managed through proactive communication and honest negotiation with stakeholders. However, a buggy release is often impossible to ""fix"" quickly because fundamental flaws in rushed logic often require extensive refactoring. Therefore, quality should almost always take precedence over an arbitrary calendar date.","In a professional software development environment, it is generally more acceptable to miss a deadline slightly to ensure a stable, high-quality product than to release a buggy version on time. While deadlines are crucial for project planning and stakeholder expectations, the cost of ""rushing"" often outweighs the inconvenience of a delay. Releasing buggy software creates technical debt, damages user trust, and necessitates costly hotfixes and emergency patches that can derail subsequent project phases. A rigorous approach ensures the architecture is sound and the code is maintainable. If a developer is delayed because they are prioritizing stability, it is usually a sign of professional integrity. A missed deadline can be managed through proactive communication and honest negotiation with stakeholders. However, a buggy release is often impossible to ""fix"" quickly because fundamental flaws in rushed logic often require extensive refactoring. Therefore, quality should almost always take precedence over an arbitrary calendar date.",in a professional software development environment it is generally more acceptable to miss a deadline slightly to ensure a stable high quality product than to release a buggy version on time while deadlines are crucial for project planning and stakeholder expectations the cost of rushing often outweighs the inconvenience of a delay releasing buggy software creates technical debt damages user trust and necessitates costly hotfixes and emergency patches that can derail subsequent project phases a rigorous approach ensures the architecture is sound and the code is maintainable if a developer is delayed because they are prioritizing stability it is usually a sign of professional integrity a missed deadline can be managed through proactive communication and honest negotiation with stakeholders however a buggy release is often impossible to fix quickly because fundamental flaws in rushed logic often require extensive refactoring therefore quality should almost always take precedence over an arbitrary calendar date
technical_0157__gemma-4-12b,technical_0157,technical,"For a project I am working I want to implement a small prototype to try things out, demonstrate some functionality to the client and learn some frameworks used in the project.

Do you have any suggestions or do you know of best practices for implementing such a prototype?

Some more details:

The application will be a complex web app

I have to implement a mechanism where the server pushes data to subscribed clients (the data will be generated by some events)

I want to write a prototype which implements exactly this behaviour but nothing more","To build an effective prototype for a complex web application, prioritize the ""Walking Skeleton"" approach. This involves building a thin vertical slice of functionality that connects all necessary layers—from the backend event generator to the frontend display—without any ""gold-plating"" or extraneous features. Since your primary goal is to demonstrate the push mechanism, focus exclusively on the transport layer.

For the technology stack, use technologies that mirror the production environment as closely as possible. If the final project uses WebSockets or Server-Sent Events (SSE), use those specifically in your prototype rather than a simpler abstraction. This ensures that the architectural decisions you validate are actually applicable to the final build. Keep the data model minimal; use simple JSON payloads to represent events. This allows you to isolate the complexity of the real-time communication from the complexity of the business logic, ensuring the client sees a functional proof of concept without getting distracted by unfinished features.","To build an effective prototype for a complex web application, prioritize the ""Walking Skeleton"" approach. This involves building a thin vertical slice of functionality that connects all necessary layers—from the backend event generator to the frontend display—without any ""gold-plating"" or extraneous features. Since your primary goal is to demonstrate the push mechanism, focus exclusively on the transport layer.

For the technology stack, use technologies that mirror the production environment as closely as possible. If the final project uses WebSockets or Server-Sent Events (SSE), use those specifically in your prototype rather than a simpler abstraction. This ensures that the architectural decisions you validate are actually applicable to the final build. Keep the data model minimal; use simple JSON payloads to represent events. This allows you to isolate the complexity of the real-time communication from the complexity of the business logic, ensuring the client sees a functional proof of concept without getting distracted by unfinished features.",gemma-4-12b,google,False,154,1064,test,gemma-4-12b-q4_k_m,final-2026-09-20,You are answering questions the way a knowledgeable person would in an online discussion. Write in plain prose. Do not restate the question or add a preamble. Begin with the answer itself.,110,170,8192,none,,end_turn,ollama-local-gemma-4-12b,2026-09-28 06:35:56.820266+00:00,11.9,gemma4:12b,q4_k_m,16384,8192,False,"{""temperature"": ""1"", ""top_k"": ""64"", ""top_p"": ""0.95""}","To build an effective prototype for a complex web application, prioritize the ""Walking Skeleton"" approach. This involves building a thin vertical slice of functionality that connects all necessary layers - from the backend event generator to the frontend display - without any ""gold-plating"" or extraneous features. Since your primary goal is to demonstrate the push mechanism, focus exclusively on the transport layer.

For the technology stack, use technologies that mirror the production environment as closely as possible. If the final project uses WebSockets or Server-Sent Events (SSE), use those specifically in your prototype rather than a simpler abstraction. This ensures that the architectural decisions you validate are actually applicable to the final build. Keep the data model minimal; use simple JSON payloads to represent events. This allows you to isolate the complexity of the real-time communication from the complexity of the business logic, ensuring the client sees a functional proof of concept without getting distracted by unfinished features.","To build an effective prototype for a complex web application, prioritize the ""Walking Skeleton"" approach. This involves building a thin vertical slice of functionality that connects all necessary layers—from the backend event generator to the frontend display—without any ""gold-plating"" or extraneous features. Since your primary goal is to demonstrate the push mechanism, focus exclusively on the transport layer. For the technology stack, use technologies that mirror the production environment as closely as possible. If the final project uses WebSockets or Server-Sent Events (SSE), use those specifically in your prototype rather than a simpler abstraction. This ensures that the architectural decisions you validate are actually applicable to the final build. Keep the data model minimal; use simple JSON payloads to represent events. This allows you to isolate the complexity of the real-time communication from the complexity of the business logic, ensuring the client sees a functional proof of concept without getting distracted by unfinished features.","To build an effective prototype for a complex web application, prioritize the ""Walking Skeleton"" approach. This involves building a thin vertical slice of functionality that connects all necessary layers - from the backend event generator to the frontend display - without any ""gold-plating"" or extraneous features. Since your primary goal is to demonstrate the push mechanism, focus exclusively on the transport layer. For the technology stack, use technologies that mirror the production environment as closely as possible. If the final project uses WebSockets or Server-Sent Events (SSE), use those specifically in your prototype rather than a simpler abstraction. This ensures that the architectural decisions you validate are actually applicable to the final build. Keep the data model minimal; use simple JSON payloads to represent events. This allows you to isolate the complexity of the real-time communication from the complexity of the business logic, ensuring the client sees a functional proof of concept without getting distracted by unfinished features.",to build an effective prototype for a complex web application prioritize the walking skeleton approach this involves building a thin vertical slice of functionality that connects all necessary layers from the backend event generator to the frontend display without any gold plating or extraneous features since your primary goal is to demonstrate the push mechanism focus exclusively on the transport layer for the technology stack use technologies that mirror the production environment as closely as possible if the final project uses websockets or server sent events sse use those specifically in your prototype rather than a simpler abstraction this ensures that the architectural decisions you validate are actually applicable to the final build keep the data model minimal use simple json payloads to represent events this allows you to isolate the complexity of the real time communication from the complexity of the business logic ensuring the client sees a functional proof of concept without getting distracted by unfinished features
technical_0166__gemma-4-12b,technical_0166,technical,"I understand the difference between the two, but I get questioned by my colleagues of the benefit of labeling requirements as functional or nonfunctional (or transitional). Why bother to do so? He spent what he said was two days going through a list of requirements for one project, and saw no benefit to it, because the end result was to submit the document to another business entity with the edict, ""Do it all.""

What I fear is requirements lumped together in one document. I tried to explain the benefit in practical terms, but couldn't sell it. How do I sell the benefit of documenting which requirements are functional and which are nonfunctional.","The primary reason to categorize requirements is to facilitate risk management and architectural prioritization. While the final ""edict"" may be to do everything, the execution path is rarely uniform. Functional requirements define *what* the system does, while non-functional requirements (NFRs) define *how* the system performs—covering constraints like scalability, security, and latency.

When these are lumped together, it becomes difficult for architects to identify technical ""deal-breakers"" early in the lifecycle. For example, a functional requirement is a feature request, but an NFR is often a foundational architectural constraint. If a performance requirement is buried in a list of features, the development team might build a functioning product that crashes under load because the infrastructure wasn't designed for the necessary scale. Categorization allows stakeholders to see the ""hidden"" constraints that dictate the technology stack, budget, and timeline, ensuring the foundation is solid before the features are layered on top.","The primary reason to categorize requirements is to facilitate risk management and architectural prioritization. While the final ""edict"" may be to do everything, the execution path is rarely uniform. Functional requirements define what the system does, while non-functional requirements (NFRs) define how the system performs—covering constraints like scalability, security, and latency.

When these are lumped together, it becomes difficult for architects to identify technical ""deal-breakers"" early in the lifecycle. For example, a functional requirement is a feature request, but an NFR is often a foundational architectural constraint. If a performance requirement is buried in a list of features, the development team might build a functioning product that crashes under load because the infrastructure wasn't designed for the necessary scale. Categorization allows stakeholders to see the ""hidden"" constraints that dictate the technology stack, budget, and timeline, ensuring the foundation is solid before the features are layered on top.",gemma-4-12b,google,False,147,1048,test,gemma-4-12b-q4_k_m,final-2026-09-20,You are answering questions the way a knowledgeable person would in an online discussion. Write in plain prose. Do not restate the question or add a preamble. Begin with the answer itself.,110,170,8192,none,,end_turn,ollama-local-gemma-4-12b,2026-09-28 06:36:00.368348+00:00,11.9,gemma4:12b,q4_k_m,16384,8192,False,"{""temperature"": ""1"", ""top_k"": ""64"", ""top_p"": ""0.95""}","The primary reason to categorize requirements is to facilitate risk management and architectural prioritization. While the final ""edict"" may be to do everything, the execution path is rarely uniform. Functional requirements define what the system does, while non-functional requirements (NFRs) define how the system performs - covering constraints like scalability, security, and latency.

When these are lumped together, it becomes difficult for architects to identify technical ""deal-breakers"" early in the lifecycle. For example, a functional requirement is a feature request, but an NFR is often a foundational architectural constraint. If a performance requirement is buried in a list of features, the development team might build a functioning product that crashes under load because the infrastructure wasn't designed for the necessary scale. Categorization allows stakeholders to see the ""hidden"" constraints that dictate the technology stack, budget, and timeline, ensuring the foundation is solid before the features are layered on top.","The primary reason to categorize requirements is to facilitate risk management and architectural prioritization. While the final ""edict"" may be to do everything, the execution path is rarely uniform. Functional requirements define what the system does, while non-functional requirements (NFRs) define how the system performs—covering constraints like scalability, security, and latency. When these are lumped together, it becomes difficult for architects to identify technical ""deal-breakers"" early in the lifecycle. For example, a functional requirement is a feature request, but an NFR is often a foundational architectural constraint. If a performance requirement is buried in a list of features, the development team might build a functioning product that crashes under load because the infrastructure wasn't designed for the necessary scale. Categorization allows stakeholders to see the ""hidden"" constraints that dictate the technology stack, budget, and timeline, ensuring the foundation is solid before the features are layered on top.","The primary reason to categorize requirements is to facilitate risk management and architectural prioritization. While the final ""edict"" may be to do everything, the execution path is rarely uniform. Functional requirements define what the system does, while non-functional requirements (NFRs) define how the system performs - covering constraints like scalability, security, and latency. When these are lumped together, it becomes difficult for architects to identify technical ""deal-breakers"" early in the lifecycle. For example, a functional requirement is a feature request, but an NFR is often a foundational architectural constraint. If a performance requirement is buried in a list of features, the development team might build a functioning product that crashes under load because the infrastructure wasn't designed for the necessary scale. Categorization allows stakeholders to see the ""hidden"" constraints that dictate the technology stack, budget, and timeline, ensuring the foundation is solid before the features are layered on top.",the primary reason to categorize requirements is to facilitate risk management and architectural prioritization while the final edict may be to do everything the execution path is rarely uniform functional requirements define what the system does while non functional requirements nfrs define how the system performs covering constraints like scalability security and latency when these are lumped together it becomes difficult for architects to identify technical deal breakers early in the lifecycle for example a functional requirement is a feature request but an nfr is often a foundational architectural constraint if a performance requirement is buried in a list of features the development team might build a functioning product that crashes under load because the infrastructure wasn't designed for the necessary scale categorization allows stakeholders to see the hidden constraints that dictate the technology stack budget and timeline ensuring the foundation is solid before the features are layered on top
technical_0167__gemma-4-12b,technical_0167,technical,What tools / methodologies / strategies do you use to keep organized in doing your work as a developer? Can you provide details?,"To maintain high productivity, I rely on a combination of systematic task management, focused deep work, and rigorous version control. I use project management tools like Jira or Trello to break down large features into granular, actionable sub-tasks. This prevents overwhelm and ensures that every task has a clear definition of ""done.""

For daily workflow, I employ the Pomodoro Technique or time-blocking to guard against distractions and maintain focus on complex logic. Documentation is another core pillar; I prioritize writing clear inline comments and updating README files immediately so that my future self—or teammates—can navigate the codebase without friction.

Finally, I use Git as my primary organizational safety net. I follow a strict branching strategy and commit often with descriptive messages. This creates a searchable history of decisions and allows for seamless collaboration. By combining these organizational habits, I can manage complex technical requirements while maintaining a clear overview of the project's progress.","To maintain high productivity, I rely on a combination of systematic task management, focused deep work, and rigorous version control. I use project management tools like Jira or Trello to break down large features into granular, actionable sub-tasks. This prevents overwhelm and ensures that every task has a clear definition of ""done.""

For daily workflow, I employ the Pomodoro Technique or time-blocking to guard against distractions and maintain focus on complex logic. Documentation is another core pillar; I prioritize writing clear inline comments and updating README files immediately so that my future self—or teammates—can navigate the codebase without friction.

Finally, I use Git as my primary organizational safety net. I follow a strict branching strategy and commit often with descriptive messages. This creates a searchable history of decisions and allows for seamless collaboration. By combining these organizational habits, I can manage complex technical requirements while maintaining a clear overview of the project's progress.",gemma-4-12b,google,False,153,1049,test,gemma-4-12b-q4_k_m,final-2026-09-20,You are answering questions the way a knowledgeable person would in an online discussion. Write in plain prose. Do not restate the question or add a preamble. Begin with the answer itself.,110,170,8192,none,,end_turn,ollama-local-gemma-4-12b,2026-09-28 06:36:03.736216+00:00,11.9,gemma4:12b,q4_k_m,16384,8192,False,"{""temperature"": ""1"", ""top_k"": ""64"", ""top_p"": ""0.95""}","To maintain high productivity, I rely on a combination of systematic task management, focused deep work, and rigorous version control. I use project management tools like Jira or Trello to break down large features into granular, actionable sub-tasks. This prevents overwhelm and ensures that every task has a clear definition of ""done.""

For daily workflow, I employ the Pomodoro Technique or time-blocking to guard against distractions and maintain focus on complex logic. Documentation is another core pillar; I prioritize writing clear inline comments and updating README files immediately so that my future self - or teammates - can navigate the codebase without friction.

Finally, I use Git as my primary organizational safety net. I follow a strict branching strategy and commit often with descriptive messages. This creates a searchable history of decisions and allows for seamless collaboration. By combining these organizational habits, I can manage complex technical requirements while maintaining a clear overview of the project's progress.","To maintain high productivity, I rely on a combination of systematic task management, focused deep work, and rigorous version control. I use project management tools like Jira or Trello to break down large features into granular, actionable sub-tasks. This prevents overwhelm and ensures that every task has a clear definition of ""done."" For daily workflow, I employ the Pomodoro Technique or time-blocking to guard against distractions and maintain focus on complex logic. Documentation is another core pillar; I prioritize writing clear inline comments and updating README files immediately so that my future self—or teammates—can navigate the codebase without friction. Finally, I use Git as my primary organizational safety net. I follow a strict branching strategy and commit often with descriptive messages. This creates a searchable history of decisions and allows for seamless collaboration. By combining these organizational habits, I can manage complex technical requirements while maintaining a clear overview of the project's progress.","To maintain high productivity, I rely on a combination of systematic task management, focused deep work, and rigorous version control. I use project management tools like Jira or Trello to break down large features into granular, actionable sub-tasks. This prevents overwhelm and ensures that every task has a clear definition of ""done."" For daily workflow, I employ the Pomodoro Technique or time-blocking to guard against distractions and maintain focus on complex logic. Documentation is another core pillar; I prioritize writing clear inline comments and updating README files immediately so that my future self - or teammates - can navigate the codebase without friction. Finally, I use Git as my primary organizational safety net. I follow a strict branching strategy and commit often with descriptive messages. This creates a searchable history of decisions and allows for seamless collaboration. By combining these organizational habits, I can manage complex technical requirements while maintaining a clear overview of the project's progress.",to maintain high productivity i rely on a combination of systematic task management focused deep work and rigorous version control i use project management tools like jira or trello to break down large features into granular actionable sub tasks this prevents overwhelm and ensures that every task has a clear definition of done for daily workflow i employ the pomodoro technique or time blocking to guard against distractions and maintain focus on complex logic documentation is another core pillar i prioritize writing clear inline comments and updating readme files immediately so that my future self or teammates can navigate the codebase without friction finally i use git as my primary organizational safety net i follow a strict branching strategy and commit often with descriptive messages this creates a searchable history of decisions and allows for seamless collaboration by combining these organizational habits i can manage complex technical requirements while maintaining a clear overview of the project's progress
technical_0184__gemma-4-12b,technical_0184,technical,"I have a very small and basic web site on a web server. Usually I'm doing the changes on a localhost where the development version is, and after that I upload it to the server with FileZilla. That's the very obvious way, but it's not the most convenient.

I've worked with SVN, but I've never needed to set anything - just checkout, commit, update. Reading some tutorials I wonder is this the easier way to upload the files to a server? Or are there any easier?","While SVN can technically automate deployments, it is generally not the most modern or ""easiest"" way to manage the workflow you described. SVN is primarily a version control system, and using it specifically to push files to a live server adds a layer of configuration that might be overkill for a small site.

The standard professional alternative is Git, typically combined with a deployment script or a ""push to deploy"" workflow. However, if you are looking for simplicity without moving to a complex CI/CD pipeline, you might consider using a tool like GitHub Actions or a simple ""git push"" command that triggers a deployment. 

Ultimately, if your site is very small, the most ""convenient"" upgrade from FileZilla isn't usually a different version control system, but rather an automated deployment script. This allows you to commit your code locally and have the system move the files to the server automatically upon your command.","While SVN can technically automate deployments, it is generally not the most modern or ""easiest"" way to manage the workflow you described. SVN is primarily a version control system, and using it specifically to push files to a live server adds a layer of configuration that might be overkill for a small site.

The standard professional alternative is Git, typically combined with a deployment script or a ""push to deploy"" workflow. However, if you are looking for simplicity without moving to a complex CI/CD pipeline, you might consider using a tool like GitHub Actions or a simple ""git push"" command that triggers a deployment.

Ultimately, if your site is very small, the most ""convenient"" upgrade from FileZilla isn't usually a different version control system, but rather an automated deployment script. This allows you to commit your code locally and have the system move the files to the server automatically upon your command.",gemma-4-12b,google,False,152,936,test,gemma-4-12b-q4_k_m,final-2026-09-20,You are answering questions the way a knowledgeable person would in an online discussion. Write in plain prose. Do not restate the question or add a preamble. Begin with the answer itself.,110,170,8192,none,,end_turn,ollama-local-gemma-4-12b,2026-09-28 06:36:07.151939+00:00,11.9,gemma4:12b,q4_k_m,16384,8192,False,"{""temperature"": ""1"", ""top_k"": ""64"", ""top_p"": ""0.95""}","While SVN can technically automate deployments, it is generally not the most modern or ""easiest"" way to manage the workflow you described. SVN is primarily a version control system, and using it specifically to push files to a live server adds a layer of configuration that might be overkill for a small site.

The standard professional alternative is Git, typically combined with a deployment script or a ""push to deploy"" workflow. However, if you are looking for simplicity without moving to a complex CI/CD pipeline, you might consider using a tool like GitHub Actions or a simple ""git push"" command that triggers a deployment.

Ultimately, if your site is very small, the most ""convenient"" upgrade from FileZilla isn't usually a different version control system, but rather an automated deployment script. This allows you to commit your code locally and have the system move the files to the server automatically upon your command.","While SVN can technically automate deployments, it is generally not the most modern or ""easiest"" way to manage the workflow you described. SVN is primarily a version control system, and using it specifically to push files to a live server adds a layer of configuration that might be overkill for a small site. The standard professional alternative is Git, typically combined with a deployment script or a ""push to deploy"" workflow. However, if you are looking for simplicity without moving to a complex CI/CD pipeline, you might consider using a tool like GitHub Actions or a simple ""git push"" command that triggers a deployment. Ultimately, if your site is very small, the most ""convenient"" upgrade from FileZilla isn't usually a different version control system, but rather an automated deployment script. This allows you to commit your code locally and have the system move the files to the server automatically upon your command.","While SVN can technically automate deployments, it is generally not the most modern or ""easiest"" way to manage the workflow you described. SVN is primarily a version control system, and using it specifically to push files to a live server adds a layer of configuration that might be overkill for a small site. The standard professional alternative is Git, typically combined with a deployment script or a ""push to deploy"" workflow. However, if you are looking for simplicity without moving to a complex CI/CD pipeline, you might consider using a tool like GitHub Actions or a simple ""git push"" command that triggers a deployment. Ultimately, if your site is very small, the most ""convenient"" upgrade from FileZilla isn't usually a different version control system, but rather an automated deployment script. This allows you to commit your code locally and have the system move the files to the server automatically upon your command.",while svn can technically automate deployments it is generally not the most modern or easiest way to manage the workflow you described svn is primarily a version control system and using it specifically to push files to a live server adds a layer of configuration that might be overkill for a small site the standard professional alternative is git typically combined with a deployment script or a push to deploy workflow however if you are looking for simplicity without moving to a complex ci cd pipeline you might consider using a tool like github actions or a simple git push command that triggers a deployment ultimately if your site is very small the most convenient upgrade from filezilla isn't usually a different version control system but rather an automated deployment script this allows you to commit your code locally and have the system move the files to the server automatically upon your command
technical_0195__gemma-4-12b,technical_0195,technical,"MVC is pretty straightforward. There is a Model, a Controller and a View. When we create a website, it all come together as 'client sends REST keyword request to server -> the server matches the requested URL to the controller action -> which then calls the model(s) for data gathering/processing, gets the result -> and returns the result back to the client as a HTML page (view)'.

What if we are talking about a pure RESTful API web service? Then the flow with be something like 'client sends REST keyword request to server -> the server matches the requested URL to the controller action -> which then calls the model(s) for data gathering/processing, gets the result -> and returns the result back to the client in JSON'. Same as before, but there is no 'view'...or rather, the generated JSON can be thought of as a 'view'. In a sense, we are only utilizing the MC part of MVC. Is that how it is should be done? Or are there any other, better-suited patterns for a API-only service instead of MVC?","You have correctly identified the core transition. In a RESTful API, the ""View"" is no longer a rendered HTML template; it is a serialized data format, typically JSON or XML. While you could argue that the ""V"" is missing, it is more accurate to say the View layer has been decoupled from the presentation of a UI and replaced by a serialization layer. The Model still handles business logic and data integrity, and the Controller still handles request routing and input validation.

While MVC is the standard foundational pattern, many modern API architectures evolve into ""Model-View-Controller-Service"" or ""Hexagonal Architecture."" These patterns introduce a Service Layer between the Controller and the Model. This separates the ""how"" of the business logic from the ""how"" of the web request. This prevents your controllers from becoming bloated and allows you to reuse the same business logic for different interfaces, such as a web API, a mobile backend, or a command-line tool.","You have correctly identified the core transition. In a RESTful API, the ""View"" is no longer a rendered HTML template; it is a serialized data format, typically JSON or XML. While you could argue that the ""V"" is missing, it is more accurate to say the View layer has been decoupled from the presentation of a UI and replaced by a serialization layer. The Model still handles business logic and data integrity, and the Controller still handles request routing and input validation.

While MVC is the standard foundational pattern, many modern API architectures evolve into ""Model-View-Controller-Service"" or ""Hexagonal Architecture."" These patterns introduce a Service Layer between the Controller and the Model. This separates the ""how"" of the business logic from the ""how"" of the web request. This prevents your controllers from becoming bloated and allows you to reuse the same business logic for different interfaces, such as a web API, a mobile backend, or a command-line tool.",gemma-4-12b,google,False,157,981,test,gemma-4-12b-q4_k_m,final-2026-09-20,You are answering questions the way a knowledgeable person would in an online discussion. Write in plain prose. Do not restate the question or add a preamble. Begin with the answer itself.,110,170,8192,none,,end_turn,ollama-local-gemma-4-12b,2026-09-28 06:36:10.916945+00:00,11.9,gemma4:12b,q4_k_m,16384,8192,False,"{""temperature"": ""1"", ""top_k"": ""64"", ""top_p"": ""0.95""}","You have correctly identified the core transition. In a RESTful API, the ""View"" is no longer a rendered HTML template; it is a serialized data format, typically JSON or XML. While you could argue that the ""V"" is missing, it is more accurate to say the View layer has been decoupled from the presentation of a UI and replaced by a serialization layer. The Model still handles business logic and data integrity, and the Controller still handles request routing and input validation.

While MVC is the standard foundational pattern, many modern API architectures evolve into ""Model-View-Controller-Service"" or ""Hexagonal Architecture."" These patterns introduce a Service Layer between the Controller and the Model. This separates the ""how"" of the business logic from the ""how"" of the web request. This prevents your controllers from becoming bloated and allows you to reuse the same business logic for different interfaces, such as a web API, a mobile backend, or a command-line tool.","You have correctly identified the core transition. In a RESTful API, the ""View"" is no longer a rendered HTML template; it is a serialized data format, typically JSON or XML. While you could argue that the ""V"" is missing, it is more accurate to say the View layer has been decoupled from the presentation of a UI and replaced by a serialization layer. The Model still handles business logic and data integrity, and the Controller still handles request routing and input validation. While MVC is the standard foundational pattern, many modern API architectures evolve into ""Model-View-Controller-Service"" or ""Hexagonal Architecture."" These patterns introduce a Service Layer between the Controller and the Model. This separates the ""how"" of the business logic from the ""how"" of the web request. This prevents your controllers from becoming bloated and allows you to reuse the same business logic for different interfaces, such as a web API, a mobile backend, or a command-line tool.","You have correctly identified the core transition. In a RESTful API, the ""View"" is no longer a rendered HTML template; it is a serialized data format, typically JSON or XML. While you could argue that the ""V"" is missing, it is more accurate to say the View layer has been decoupled from the presentation of a UI and replaced by a serialization layer. The Model still handles business logic and data integrity, and the Controller still handles request routing and input validation. While MVC is the standard foundational pattern, many modern API architectures evolve into ""Model-View-Controller-Service"" or ""Hexagonal Architecture."" These patterns introduce a Service Layer between the Controller and the Model. This separates the ""how"" of the business logic from the ""how"" of the web request. This prevents your controllers from becoming bloated and allows you to reuse the same business logic for different interfaces, such as a web API, a mobile backend, or a command-line tool.",you have correctly identified the core transition in a restful api the view is no longer a rendered html template it is a serialized data format typically json or xml while you could argue that the v is missing it is more accurate to say the view layer has been decoupled from the presentation of a ui and replaced by a serialization layer the model still handles business logic and data integrity and the controller still handles request routing and input validation while mvc is the standard foundational pattern many modern api architectures evolve into model view controller service or hexagonal architecture these patterns introduce a service layer between the controller and the model this separates the how of the business logic from the how of the web request this prevents your controllers from becoming bloated and allows you to reuse the same business logic for different interfaces such as a web api a mobile backend or a command line tool
technical_0198__gemma-4-12b,technical_0198,technical,"I migrated some files from one Version Control System to another. I have to prove that content are identical (between source and destination, denote 1 , 2). There are a few zips files (lets call them A B C) each of which contains hundreds of files. I am looking at best way to do CRC comparison between content in old VCS against the new one.

1) Generate CRC on each ZIP file as a whole and compare the CRC of 2 corresponding zips file. ZIP-ZIP CRC comparison.

Obviously, this approach will be easier. But I don't know what will include in calculation of CRC. Or even if CRC of two zip files with identical file content might be different.(modified date?).

2) Compare CRC of each files in zip against corresponding files. File-File CRC Comparison

with this approach, I will have to write a script that goes through each file in zip (say A1) and extract their CRC. Build a list with [path file name, crc]. do the same for zip(A2). Compare list.

Have anyone ever done something like this?","Option 2 is the only reliable method for proving content integrity. Comparing the CRC of the ZIP files as a whole (Option 1) is unreliable because ZIP archives are not content-only containers. Depending on the tool used to create the archive, the CRC of the ZIP file can change even if the internal files remain identical. Variations in compression levels, different compression algorithms (e.g., Deflate vs. LZMA), file metadata (timestamps, permissions), and the order in which files are added to the archive will result in different ZIP-level hashes.

By using Option 2, you isolate the data from the container's metadata. Generating a manifest of `[path, crc]` for every file inside the archives ensures that you are validating the actual content migrated between systems. This approach provides a granular audit trail, allowing you to identify exactly which file failed to migrate, rather than just knowing that one large ZIP archive is ""different.""","Option 2 is the only reliable method for proving content integrity. Comparing the CRC of the ZIP files as a whole (Option 1) is unreliable because ZIP archives are not content-only containers. Depending on the tool used to create the archive, the CRC of the ZIP file can change even if the internal files remain identical. Variations in compression levels, different compression algorithms (e.g., Deflate vs. LZMA), file metadata (timestamps, permissions), and the order in which files are added to the archive will result in different ZIP-level hashes.

By using Option 2, you isolate the data from the container's metadata. Generating a manifest of [path, crc] for every file inside the archives ensures that you are validating the actual content migrated between systems. This approach provides a granular audit trail, allowing you to identify exactly which file failed to migrate, rather than just knowing that one large ZIP archive is ""different.""",gemma-4-12b,google,False,151,954,test,gemma-4-12b-q4_k_m,final-2026-09-20,You are answering questions the way a knowledgeable person would in an online discussion. Write in plain prose. Do not restate the question or add a preamble. Begin with the answer itself.,110,170,8192,none,,end_turn,ollama-local-gemma-4-12b,2026-09-28 06:36:14.515439+00:00,11.9,gemma4:12b,q4_k_m,16384,8192,False,"{""temperature"": ""1"", ""top_k"": ""64"", ""top_p"": ""0.95""}","Option 2 is the only reliable method for proving content integrity. Comparing the CRC of the ZIP files as a whole (Option 1) is unreliable because ZIP archives are not content-only containers. Depending on the tool used to create the archive, the CRC of the ZIP file can change even if the internal files remain identical. Variations in compression levels, different compression algorithms (e.g., Deflate vs. LZMA), file metadata (timestamps, permissions), and the order in which files are added to the archive will result in different ZIP-level hashes.

By using Option 2, you isolate the data from the container's metadata. Generating a manifest of [path, crc] for every file inside the archives ensures that you are validating the actual content migrated between systems. This approach provides a granular audit trail, allowing you to identify exactly which file failed to migrate, rather than just knowing that one large ZIP archive is ""different.""","Option 2 is the only reliable method for proving content integrity. Comparing the CRC of the ZIP files as a whole (Option 1) is unreliable because ZIP archives are not content-only containers. Depending on the tool used to create the archive, the CRC of the ZIP file can change even if the internal files remain identical. Variations in compression levels, different compression algorithms (e.g., Deflate vs. LZMA), file metadata (timestamps, permissions), and the order in which files are added to the archive will result in different ZIP-level hashes. By using Option 2, you isolate the data from the container's metadata. Generating a manifest of [path, crc] for every file inside the archives ensures that you are validating the actual content migrated between systems. This approach provides a granular audit trail, allowing you to identify exactly which file failed to migrate, rather than just knowing that one large ZIP archive is ""different.""","Option 2 is the only reliable method for proving content integrity. Comparing the CRC of the ZIP files as a whole (Option 1) is unreliable because ZIP archives are not content-only containers. Depending on the tool used to create the archive, the CRC of the ZIP file can change even if the internal files remain identical. Variations in compression levels, different compression algorithms (e.g., Deflate vs. LZMA), file metadata (timestamps, permissions), and the order in which files are added to the archive will result in different ZIP-level hashes. By using Option 2, you isolate the data from the container's metadata. Generating a manifest of [path, crc] for every file inside the archives ensures that you are validating the actual content migrated between systems. This approach provides a granular audit trail, allowing you to identify exactly which file failed to migrate, rather than just knowing that one large ZIP archive is ""different.""",option 2 is the only reliable method for proving content integrity comparing the crc of the zip files as a whole option 1 is unreliable because zip archives are not content only containers depending on the tool used to create the archive the crc of the zip file can change even if the internal files remain identical variations in compression levels different compression algorithms e g deflate vs lzma file metadata timestamps permissions and the order in which files are added to the archive will result in different zip level hashes by using option 2 you isolate the data from the container's metadata generating a manifest of path crc for every file inside the archives ensures that you are validating the actual content migrated between systems this approach provides a granular audit trail allowing you to identify exactly which file failed to migrate rather than just knowing that one large zip archive is different
technical_0203__gemma-4-12b,technical_0203,technical,"When considering what Windows event logs to incorporate into a SIEM solution, should I be looking at just the Security event logs, or all categories of event log? How useful are the other categories in detecting and responding to security incidents?","While the Security logs are the primary source for detecting authentication failures, privilege escalations, and account modifications, relying solely on them provides an incomplete picture of your security posture. To build a robust detection pipeline, you should incorporate other categories, specifically the System and Application logs.

The System log is invaluable for identifying operational anomalies that signal a compromise, such as the installation of unauthorized drivers, service starts/stops, or system reboots triggered by malware. Application logs can reveal crashes or errors in critical software, which might indicate exploit attempts or buffer overflows. Additionally, specific ""Applications and Services"" logs—such as PowerShell or Sysmon—provide granular telemetry that Security logs often lack. By ingesting a broader range of logs, you gain the context necessary to correlate disparate events, helping you distinguish between a routine system error and a sophisticated multi-stage attack, ultimately significantly improving your incident response capabilities.","While the Security logs are the primary source for detecting authentication failures, privilege escalations, and account modifications, relying solely on them provides an incomplete picture of your security posture. To build a robust detection pipeline, you should incorporate other categories, specifically the System and Application logs.

The System log is invaluable for identifying operational anomalies that signal a compromise, such as the installation of unauthorized drivers, service starts/stops, or system reboots triggered by malware. Application logs can reveal crashes or errors in critical software, which might indicate exploit attempts or buffer overflows. Additionally, specific ""Applications and Services"" logs—such as PowerShell or Sysmon—provide granular telemetry that Security logs often lack. By ingesting a broader range of logs, you gain the context necessary to correlate disparate events, helping you distinguish between a routine system error and a sophisticated multi-stage attack, ultimately significantly improving your incident response capabilities.",gemma-4-12b,google,False,145,1083,test,gemma-4-12b-q4_k_m,final-2026-09-20,You are answering questions the way a knowledgeable person would in an online discussion. Write in plain prose. Do not restate the question or add a preamble. Begin with the answer itself.,110,170,8192,none,,end_turn,ollama-local-gemma-4-12b,2026-09-28 06:36:17.757012+00:00,11.9,gemma4:12b,q4_k_m,16384,8192,False,"{""temperature"": ""1"", ""top_k"": ""64"", ""top_p"": ""0.95""}","While the Security logs are the primary source for detecting authentication failures, privilege escalations, and account modifications, relying solely on them provides an incomplete picture of your security posture. To build a robust detection pipeline, you should incorporate other categories, specifically the System and Application logs.

The System log is invaluable for identifying operational anomalies that signal a compromise, such as the installation of unauthorized drivers, service starts/stops, or system reboots triggered by malware. Application logs can reveal crashes or errors in critical software, which might indicate exploit attempts or buffer overflows. Additionally, specific ""Applications and Services"" logs - such as PowerShell or Sysmon - provide granular telemetry that Security logs often lack. By ingesting a broader range of logs, you gain the context necessary to correlate disparate events, helping you distinguish between a routine system error and a sophisticated multi-stage attack, ultimately significantly improving your incident response capabilities.","While the Security logs are the primary source for detecting authentication failures, privilege escalations, and account modifications, relying solely on them provides an incomplete picture of your security posture. To build a robust detection pipeline, you should incorporate other categories, specifically the System and Application logs. The System log is invaluable for identifying operational anomalies that signal a compromise, such as the installation of unauthorized drivers, service starts/stops, or system reboots triggered by malware. Application logs can reveal crashes or errors in critical software, which might indicate exploit attempts or buffer overflows. Additionally, specific ""Applications and Services"" logs—such as PowerShell or Sysmon—provide granular telemetry that Security logs often lack. By ingesting a broader range of logs, you gain the context necessary to correlate disparate events, helping you distinguish between a routine system error and a sophisticated multi-stage attack, ultimately significantly improving your incident response capabilities.","While the Security logs are the primary source for detecting authentication failures, privilege escalations, and account modifications, relying solely on them provides an incomplete picture of your security posture. To build a robust detection pipeline, you should incorporate other categories, specifically the System and Application logs. The System log is invaluable for identifying operational anomalies that signal a compromise, such as the installation of unauthorized drivers, service starts/stops, or system reboots triggered by malware. Application logs can reveal crashes or errors in critical software, which might indicate exploit attempts or buffer overflows. Additionally, specific ""Applications and Services"" logs - such as PowerShell or Sysmon - provide granular telemetry that Security logs often lack. By ingesting a broader range of logs, you gain the context necessary to correlate disparate events, helping you distinguish between a routine system error and a sophisticated multi-stage attack, ultimately significantly improving your incident response capabilities.",while the security logs are the primary source for detecting authentication failures privilege escalations and account modifications relying solely on them provides an incomplete picture of your security posture to build a robust detection pipeline you should incorporate other categories specifically the system and application logs the system log is invaluable for identifying operational anomalies that signal a compromise such as the installation of unauthorized drivers service starts stops or system reboots triggered by malware application logs can reveal crashes or errors in critical software which might indicate exploit attempts or buffer overflows additionally specific applications and services logs such as powershell or sysmon provide granular telemetry that security logs often lack by ingesting a broader range of logs you gain the context necessary to correlate disparate events helping you distinguish between a routine system error and a sophisticated multi stage attack ultimately significantly improving your incident response capabilities
technical_0207__gemma-4-12b,technical_0207,technical,"For a few years i stored my personal text files encrypted using an asymmetric key through GnuPG. Now i thought that it is a good idea to also encrypt my hard drive partition. Does it make sense to use both filesystem encryption (via, say, dm-crypt) and encryption via GPG for separate files? If this is unnecessary, what should i stick with for personal encryption of textual data?

I want to be able to use version control system and text processing tools on these files and also optionally apply steganography to conceal the existence of the files from intruders altogether.

I use GNU/Linux.","Using both filesystem encryption and GPG is not redundant; they serve different security goals. Full-disk encryption (FDE) via dm-crypt protects your data from physical theft or unauthorized access while the system is powered off or the drive is unmounted. It secures the entire environment, including swap space and temporary files created by your text editors. GPG, however, provides ""at-rest"" security for specific files. It ensures that even if your system is running and the filesystem is mounted, the specific data remains inaccessible without the private key.

For your specific workflow involving version control and text processing, GPG is essential because FDE is transparent to the OS; once the drive is mounted, the files are ""plain"" to any process running on the system. If you want to hide the existence of files entirely, steganography is your best tool for that goal. Stick with both: use dm-crypt as your baseline security and GPG for granular control over sensitive documents.","Using both filesystem encryption and GPG is not redundant; they serve different security goals. Full-disk encryption (FDE) via dm-crypt protects your data from physical theft or unauthorized access while the system is powered off or the drive is unmounted. It secures the entire environment, including swap space and temporary files created by your text editors. GPG, however, provides ""at-rest"" security for specific files. It ensures that even if your system is running and the filesystem is mounted, the specific data remains inaccessible without the private key.

For your specific workflow involving version control and text processing, GPG is essential because FDE is transparent to the OS; once the drive is mounted, the files are ""plain"" to any process running on the system. If you want to hide the existence of files entirely, steganography is your best tool for that goal. Stick with both: use dm-crypt as your baseline security and GPG for granular control over sensitive documents.",gemma-4-12b,google,False,157,994,test,gemma-4-12b-q4_k_m,final-2026-09-20,You are answering questions the way a knowledgeable person would in an online discussion. Write in plain prose. Do not restate the question or add a preamble. Begin with the answer itself.,110,170,8192,none,,end_turn,ollama-local-gemma-4-12b,2026-09-28 06:36:21.404359+00:00,11.9,gemma4:12b,q4_k_m,16384,8192,False,"{""temperature"": ""1"", ""top_k"": ""64"", ""top_p"": ""0.95""}","Using both filesystem encryption and GPG is not redundant; they serve different security goals. Full-disk encryption (FDE) via dm-crypt protects your data from physical theft or unauthorized access while the system is powered off or the drive is unmounted. It secures the entire environment, including swap space and temporary files created by your text editors. GPG, however, provides ""at-rest"" security for specific files. It ensures that even if your system is running and the filesystem is mounted, the specific data remains inaccessible without the private key.

For your specific workflow involving version control and text processing, GPG is essential because FDE is transparent to the OS; once the drive is mounted, the files are ""plain"" to any process running on the system. If you want to hide the existence of files entirely, steganography is your best tool for that goal. Stick with both: use dm-crypt as your baseline security and GPG for granular control over sensitive documents.","Using both filesystem encryption and GPG is not redundant; they serve different security goals. Full-disk encryption (FDE) via dm-crypt protects your data from physical theft or unauthorized access while the system is powered off or the drive is unmounted. It secures the entire environment, including swap space and temporary files created by your text editors. GPG, however, provides ""at-rest"" security for specific files. It ensures that even if your system is running and the filesystem is mounted, the specific data remains inaccessible without the private key. For your specific workflow involving version control and text processing, GPG is essential because FDE is transparent to the OS; once the drive is mounted, the files are ""plain"" to any process running on the system. If you want to hide the existence of files entirely, steganography is your best tool for that goal. Stick with both: use dm-crypt as your baseline security and GPG for granular control over sensitive documents.","Using both filesystem encryption and GPG is not redundant; they serve different security goals. Full-disk encryption (FDE) via dm-crypt protects your data from physical theft or unauthorized access while the system is powered off or the drive is unmounted. It secures the entire environment, including swap space and temporary files created by your text editors. GPG, however, provides ""at-rest"" security for specific files. It ensures that even if your system is running and the filesystem is mounted, the specific data remains inaccessible without the private key. For your specific workflow involving version control and text processing, GPG is essential because FDE is transparent to the OS; once the drive is mounted, the files are ""plain"" to any process running on the system. If you want to hide the existence of files entirely, steganography is your best tool for that goal. Stick with both: use dm-crypt as your baseline security and GPG for granular control over sensitive documents.",using both filesystem encryption and gpg is not redundant they serve different security goals full disk encryption fde via dm crypt protects your data from physical theft or unauthorized access while the system is powered off or the drive is unmounted it secures the entire environment including swap space and temporary files created by your text editors gpg however provides at rest security for specific files it ensures that even if your system is running and the filesystem is mounted the specific data remains inaccessible without the private key for your specific workflow involving version control and text processing gpg is essential because fde is transparent to the os once the drive is mounted the files are plain to any process running on the system if you want to hide the existence of files entirely steganography is your best tool for that goal stick with both use dm crypt as your baseline security and gpg for granular control over sensitive documents
technical_0212__gemma-4-12b,technical_0212,technical,"I'd like to know if Aescrypt is a valid tool, or if for a very secure protection, the only choice is to use a software like gpg, or similar.

More I've another curiosity, if one doesn't want to use encrypted email with a related software, could it be secure send AES encrypted files, through normal email connection ? Could it be usefull to use a rar AES protected archive, to further protect files ?

Thanks","Aescrypt is a valid and legitimate tool, but its security depends entirely on the underlying encryption protocols it utilizes. For high-security environments, GPG (GnuPG) is the industry standard because it provides robust asymmetric encryption, ensuring that only the intended recipient can decrypt the message, whereas Aescrypt often relies on simpler symmetric methods.

Regarding your second question, sending an AES-encrypted file through a standard email connection provides a layer of security, but it is not a complete solution. While the content is encrypted, the metadata—such as the sender, recipient, and subject line—remains visible to the service provider. Using a RAR archive with AES protection is a practical way to wrap files, but it is generally less sophisticated than a PGP-encrypted message. For maximum security, a combination of both—encrypting a file with a strong archive tool and then sending it via an encrypted mail server—is a common and effective defense-in-depth strategy.","Aescrypt is a valid and legitimate tool, but its security depends entirely on the underlying encryption protocols it utilizes. For high-security environments, GPG (GnuPG) is the industry standard because it provides robust asymmetric encryption, ensuring that only the intended recipient can decrypt the message, whereas Aescrypt often relies on simpler symmetric methods.

Regarding your second question, sending an AES-encrypted file through a standard email connection provides a layer of security, but it is not a complete solution. While the content is encrypted, the metadata—such as the sender, recipient, and subject line—remains visible to the service provider. Using a RAR archive with AES protection is a practical way to wrap files, but it is generally less sophisticated than a PGP-encrypted message. For maximum security, a combination of both—encrypting a file with a strong archive tool and then sending it via an encrypted mail server—is a common and effective defense-in-depth strategy.",gemma-4-12b,google,False,149,1004,test,gemma-4-12b-q4_k_m,final-2026-09-20,You are answering questions the way a knowledgeable person would in an online discussion. Write in plain prose. Do not restate the question or add a preamble. Begin with the answer itself.,110,170,8192,none,,end_turn,ollama-local-gemma-4-12b,2026-09-28 06:36:25.011209+00:00,11.9,gemma4:12b,q4_k_m,16384,8192,False,"{""temperature"": ""1"", ""top_k"": ""64"", ""top_p"": ""0.95""}","Aescrypt is a valid and legitimate tool, but its security depends entirely on the underlying encryption protocols it utilizes. For high-security environments, GPG (GnuPG) is the industry standard because it provides robust asymmetric encryption, ensuring that only the intended recipient can decrypt the message, whereas Aescrypt often relies on simpler symmetric methods.

Regarding your second question, sending an AES-encrypted file through a standard email connection provides a layer of security, but it is not a complete solution. While the content is encrypted, the metadata - such as the sender, recipient, and subject line - remains visible to the service provider. Using a RAR archive with AES protection is a practical way to wrap files, but it is generally less sophisticated than a PGP-encrypted message. For maximum security, a combination of both - encrypting a file with a strong archive tool and then sending it via an encrypted mail server - is a common and effective defense-in-depth strategy.","Aescrypt is a valid and legitimate tool, but its security depends entirely on the underlying encryption protocols it utilizes. For high-security environments, GPG (GnuPG) is the industry standard because it provides robust asymmetric encryption, ensuring that only the intended recipient can decrypt the message, whereas Aescrypt often relies on simpler symmetric methods. Regarding your second question, sending an AES-encrypted file through a standard email connection provides a layer of security, but it is not a complete solution. While the content is encrypted, the metadata—such as the sender, recipient, and subject line—remains visible to the service provider. Using a RAR archive with AES protection is a practical way to wrap files, but it is generally less sophisticated than a PGP-encrypted message. For maximum security, a combination of both—encrypting a file with a strong archive tool and then sending it via an encrypted mail server—is a common and effective defense-in-depth strategy.","Aescrypt is a valid and legitimate tool, but its security depends entirely on the underlying encryption protocols it utilizes. For high-security environments, GPG (GnuPG) is the industry standard because it provides robust asymmetric encryption, ensuring that only the intended recipient can decrypt the message, whereas Aescrypt often relies on simpler symmetric methods. Regarding your second question, sending an AES-encrypted file through a standard email connection provides a layer of security, but it is not a complete solution. While the content is encrypted, the metadata - such as the sender, recipient, and subject line - remains visible to the service provider. Using a RAR archive with AES protection is a practical way to wrap files, but it is generally less sophisticated than a PGP-encrypted message. For maximum security, a combination of both - encrypting a file with a strong archive tool and then sending it via an encrypted mail server - is a common and effective defense-in-depth strategy.",aescrypt is a valid and legitimate tool but its security depends entirely on the underlying encryption protocols it utilizes for high security environments gpg gnupg is the industry standard because it provides robust asymmetric encryption ensuring that only the intended recipient can decrypt the message whereas aescrypt often relies on simpler symmetric methods regarding your second question sending an aes encrypted file through a standard email connection provides a layer of security but it is not a complete solution while the content is encrypted the metadata such as the sender recipient and subject line remains visible to the service provider using a rar archive with aes protection is a practical way to wrap files but it is generally less sophisticated than a pgp encrypted message for maximum security a combination of both encrypting a file with a strong archive tool and then sending it via an encrypted mail server is a common and effective defense in depth strategy
technical_0233__gemma-4-12b,technical_0233,technical,"For the purpose of a forensic mission, we must get a docker image without using the famous export from a docker command.

Does copy and paste of the folder /var/lib/docker/containers in another server allow us to retrieve information without any corrupted data?

Thanks.","Copying the directory `/var/lib/docker/containers` by itself is generally insufficient for a complete forensic reconstruction of a container's state. While that specific path contains the container's configuration files, log files, and the specific layer metadata, it does not contain the actual filesystem data. In Docker's architecture, the image layers and the container's writable layer are typically stored in `/var/lib/docker/overlay2` (or a similar storage driver path). 

If you only move the `containers` folder, you will have the metadata but not the files inside the container. To retrieve a complete, non-corrupted image for forensics, you would also need to identify and copy the specific layer hashes found in the configuration files and move the corresponding directories from the storage driver's root. Simply copying one folder ignores the fundamental way Docker decouples configuration from the actual filesystem layers.","Copying the directory /var/lib/docker/containers by itself is generally insufficient for a complete forensic reconstruction of a container's state. While that specific path contains the container's configuration files, log files, and the specific layer metadata, it does not contain the actual filesystem data. In Docker's architecture, the image layers and the container's writable layer are typically stored in /var/lib/docker/overlay2 (or a similar storage driver path).

If you only move the containers folder, you will have the metadata but not the files inside the container. To retrieve a complete, non-corrupted image for forensics, you would also need to identify and copy the specific layer hashes found in the configuration files and move the corresponding directories from the storage driver's root. Simply copying one folder ignores the fundamental way Docker decouples configuration from the actual filesystem layers.",gemma-4-12b,google,False,134,938,test,gemma-4-12b-q4_k_m,final-2026-09-20,You are answering questions the way a knowledgeable person would in an online discussion. Write in plain prose. Do not restate the question or add a preamble. Begin with the answer itself.,110,170,8192,none,,end_turn,ollama-local-gemma-4-12b,2026-09-28 06:36:28.303193+00:00,11.9,gemma4:12b,q4_k_m,16384,8192,False,"{""temperature"": ""1"", ""top_k"": ""64"", ""top_p"": ""0.95""}","Copying the directory /var/lib/docker/containers by itself is generally insufficient for a complete forensic reconstruction of a container's state. While that specific path contains the container's configuration files, log files, and the specific layer metadata, it does not contain the actual filesystem data. In Docker's architecture, the image layers and the container's writable layer are typically stored in /var/lib/docker/overlay2 (or a similar storage driver path).

If you only move the containers folder, you will have the metadata but not the files inside the container. To retrieve a complete, non-corrupted image for forensics, you would also need to identify and copy the specific layer hashes found in the configuration files and move the corresponding directories from the storage driver's root. Simply copying one folder ignores the fundamental way Docker decouples configuration from the actual filesystem layers.","Copying the directory /var/lib/docker/containers by itself is generally insufficient for a complete forensic reconstruction of a container's state. While that specific path contains the container's configuration files, log files, and the specific layer metadata, it does not contain the actual filesystem data. In Docker's architecture, the image layers and the container's writable layer are typically stored in /var/lib/docker/overlay2 (or a similar storage driver path). If you only move the containers folder, you will have the metadata but not the files inside the container. To retrieve a complete, non-corrupted image for forensics, you would also need to identify and copy the specific layer hashes found in the configuration files and move the corresponding directories from the storage driver's root. Simply copying one folder ignores the fundamental way Docker decouples configuration from the actual filesystem layers.","Copying the directory /var/lib/docker/containers by itself is generally insufficient for a complete forensic reconstruction of a container's state. While that specific path contains the container's configuration files, log files, and the specific layer metadata, it does not contain the actual filesystem data. In Docker's architecture, the image layers and the container's writable layer are typically stored in /var/lib/docker/overlay2 (or a similar storage driver path). If you only move the containers folder, you will have the metadata but not the files inside the container. To retrieve a complete, non-corrupted image for forensics, you would also need to identify and copy the specific layer hashes found in the configuration files and move the corresponding directories from the storage driver's root. Simply copying one folder ignores the fundamental way Docker decouples configuration from the actual filesystem layers.",copying the directory var lib docker containers by itself is generally insufficient for a complete forensic reconstruction of a container's state while that specific path contains the container's configuration files log files and the specific layer metadata it does not contain the actual filesystem data in docker's architecture the image layers and the container's writable layer are typically stored in var lib docker overlay2 or a similar storage driver path if you only move the containers folder you will have the metadata but not the files inside the container to retrieve a complete non corrupted image for forensics you would also need to identify and copy the specific layer hashes found in the configuration files and move the corresponding directories from the storage driver's root simply copying one folder ignores the fundamental way docker decouples configuration from the actual filesystem layers
technical_0238__gemma-4-12b,technical_0238,technical,"The use of paid API is increasingly rising each year. For example, IBM, Google and Microsoft are providing paid API such as Text to Speech, Speech to Text and Image to Text and vice versa.

I have a question about what happens If I build an app and publish it:

1.What happens when another person use Wireshack or reverse engineering to obtain the key of this API and then use it in their app or sell it?

2.Will I be paying for this even though my clients are not the people using this API?

3.Is there a way to reduce or prevent this from happening?

I am just worried about this and sure this is happening or must have happened at some point.

NOTE:

I asked this because I saw my Google Map API with the Wireshark software.

My initial solution is to make each user create username and password and apply restrictions to each individual user but those companies I mentioned up don't do that. They simply use one single key for their services.","If someone reverse-engineers your app and steals your API key, they can use it to make requests that appear to come from your application. Because these providers (Google, Microsoft, IBM) identify usage by the key rather than the end-user's identity, you will be billed for every request made by the thief. You are essentially paying for their usage because the provider cannot distinguish between a legitimate user and an attacker using your stolen credentials.

To mitigate this, you should never include a raw API key directly in your client-side code. Instead, implement a backend proxy. Your mobile or web app sends requests to your own server, which then attaches the secret key and forwards the request to the provider. Additionally, most providers allow you to restrict keys by IP address or specific HTTP referrers. Using a proxy ensures your keys stay hidden on your server, while the whitelist prevents unauthorized domains from using your credentials.","If someone reverse-engineers your app and steals your API key, they can use it to make requests that appear to come from your application. Because these providers (Google, Microsoft, IBM) identify usage by the key rather than the end-user's identity, you will be billed for every request made by the thief. You are essentially paying for their usage because the provider cannot distinguish between a legitimate user and an attacker using your stolen credentials.

To mitigate this, you should never include a raw API key directly in your client-side code. Instead, implement a backend proxy. Your mobile or web app sends requests to your own server, which then attaches the secret key and forwards the request to the provider. Additionally, most providers allow you to restrict keys by IP address or specific HTTP referrers. Using a proxy ensures your keys stay hidden on your server, while the whitelist prevents unauthorized domains from using your credentials.",gemma-4-12b,google,False,155,963,test,gemma-4-12b-q4_k_m,final-2026-09-20,You are answering questions the way a knowledgeable person would in an online discussion. Write in plain prose. Do not restate the question or add a preamble. Begin with the answer itself.,110,170,8192,none,,end_turn,ollama-local-gemma-4-12b,2026-09-28 06:36:31.765968+00:00,11.9,gemma4:12b,q4_k_m,16384,8192,False,"{""temperature"": ""1"", ""top_k"": ""64"", ""top_p"": ""0.95""}","If someone reverse-engineers your app and steals your API key, they can use it to make requests that appear to come from your application. Because these providers (Google, Microsoft, IBM) identify usage by the key rather than the end-user's identity, you will be billed for every request made by the thief. You are essentially paying for their usage because the provider cannot distinguish between a legitimate user and an attacker using your stolen credentials.

To mitigate this, you should never include a raw API key directly in your client-side code. Instead, implement a backend proxy. Your mobile or web app sends requests to your own server, which then attaches the secret key and forwards the request to the provider. Additionally, most providers allow you to restrict keys by IP address or specific HTTP referrers. Using a proxy ensures your keys stay hidden on your server, while the whitelist prevents unauthorized domains from using your credentials.","If someone reverse-engineers your app and steals your API key, they can use it to make requests that appear to come from your application. Because these providers (Google, Microsoft, IBM) identify usage by the key rather than the end-user's identity, you will be billed for every request made by the thief. You are essentially paying for their usage because the provider cannot distinguish between a legitimate user and an attacker using your stolen credentials. To mitigate this, you should never include a raw API key directly in your client-side code. Instead, implement a backend proxy. Your mobile or web app sends requests to your own server, which then attaches the secret key and forwards the request to the provider. Additionally, most providers allow you to restrict keys by IP address or specific HTTP referrers. Using a proxy ensures your keys stay hidden on your server, while the whitelist prevents unauthorized domains from using your credentials.","If someone reverse-engineers your app and steals your API key, they can use it to make requests that appear to come from your application. Because these providers (Google, Microsoft, IBM) identify usage by the key rather than the end-user's identity, you will be billed for every request made by the thief. You are essentially paying for their usage because the provider cannot distinguish between a legitimate user and an attacker using your stolen credentials. To mitigate this, you should never include a raw API key directly in your client-side code. Instead, implement a backend proxy. Your mobile or web app sends requests to your own server, which then attaches the secret key and forwards the request to the provider. Additionally, most providers allow you to restrict keys by IP address or specific HTTP referrers. Using a proxy ensures your keys stay hidden on your server, while the whitelist prevents unauthorized domains from using your credentials.",if someone reverse engineers your app and steals your api key they can use it to make requests that appear to come from your application because these providers google microsoft ibm identify usage by the key rather than the end user's identity you will be billed for every request made by the thief you are essentially paying for their usage because the provider cannot distinguish between a legitimate user and an attacker using your stolen credentials to mitigate this you should never include a raw api key directly in your client side code instead implement a backend proxy your mobile or web app sends requests to your own server which then attaches the secret key and forwards the request to the provider additionally most providers allow you to restrict keys by ip address or specific http referrers using a proxy ensures your keys stay hidden on your server while the whitelist prevents unauthorized domains from using your credentials
technical_0255__gemma-4-12b,technical_0255,technical,"I know the difference between clustering and classification in machine learning, but I don't understand the difference between text classification and topic modeling for documents. Can I use topic modeling over documents to identify a topic? Can I use classification methods to classify the text inside these documents?","The primary difference lies in the nature of the labels and the underlying goal of the task. Text classification is a supervised learning task where you have predefined categories, such as ""Spam"" or ""Sports."" You train a model on a labeled dataset so it can predict a specific, known label for new text. In contrast, topic modeling is an unsupervised learning technique, typically using algorithms like LDA, that discovers latent themes within a collection of documents without pre-defined labels.

To answer your specific questions: Yes, you can use topic modeling to identify a topic, but the model will group words into clusters based on co-occurrence rather than human-defined categories. You can also use classification to categorize text, but you must provide a labeled training set first. Essentially, classification tells you what a document *is* based on human knowledge, while topic modeling reveals what a document is *about* based on statistical patterns.","The primary difference lies in the nature of the labels and the underlying goal of the task. Text classification is a supervised learning task where you have predefined categories, such as ""Spam"" or ""Sports."" You train a model on a labeled dataset so it can predict a specific, known label for new text. In contrast, topic modeling is an unsupervised learning technique, typically using algorithms like LDA, that discovers latent themes within a collection of documents without pre-defined labels.

To answer your specific questions: Yes, you can use topic modeling to identify a topic, but the model will group words into clusters based on co-occurrence rather than human-defined categories. You can also use classification to categorize text, but you must provide a labeled training set first. Essentially, classification tells you what a document is based on human knowledge, while topic modeling reveals what a document is about based on statistical patterns.",gemma-4-12b,google,False,151,967,test,gemma-4-12b-q4_k_m,final-2026-09-20,You are answering questions the way a knowledgeable person would in an online discussion. Write in plain prose. Do not restate the question or add a preamble. Begin with the answer itself.,110,170,8192,none,,end_turn,ollama-local-gemma-4-12b,2026-09-28 06:36:35.077103+00:00,11.9,gemma4:12b,q4_k_m,16384,8192,False,"{""temperature"": ""1"", ""top_k"": ""64"", ""top_p"": ""0.95""}","The primary difference lies in the nature of the labels and the underlying goal of the task. Text classification is a supervised learning task where you have predefined categories, such as ""Spam"" or ""Sports."" You train a model on a labeled dataset so it can predict a specific, known label for new text. In contrast, topic modeling is an unsupervised learning technique, typically using algorithms like LDA, that discovers latent themes within a collection of documents without pre-defined labels.

To answer your specific questions: Yes, you can use topic modeling to identify a topic, but the model will group words into clusters based on co-occurrence rather than human-defined categories. You can also use classification to categorize text, but you must provide a labeled training set first. Essentially, classification tells you what a document is based on human knowledge, while topic modeling reveals what a document is about based on statistical patterns.","The primary difference lies in the nature of the labels and the underlying goal of the task. Text classification is a supervised learning task where you have predefined categories, such as ""Spam"" or ""Sports."" You train a model on a labeled dataset so it can predict a specific, known label for new text. In contrast, topic modeling is an unsupervised learning technique, typically using algorithms like LDA, that discovers latent themes within a collection of documents without pre-defined labels. To answer your specific questions: Yes, you can use topic modeling to identify a topic, but the model will group words into clusters based on co-occurrence rather than human-defined categories. You can also use classification to categorize text, but you must provide a labeled training set first. Essentially, classification tells you what a document is based on human knowledge, while topic modeling reveals what a document is about based on statistical patterns.","The primary difference lies in the nature of the labels and the underlying goal of the task. Text classification is a supervised learning task where you have predefined categories, such as ""Spam"" or ""Sports."" You train a model on a labeled dataset so it can predict a specific, known label for new text. In contrast, topic modeling is an unsupervised learning technique, typically using algorithms like LDA, that discovers latent themes within a collection of documents without pre-defined labels. To answer your specific questions: Yes, you can use topic modeling to identify a topic, but the model will group words into clusters based on co-occurrence rather than human-defined categories. You can also use classification to categorize text, but you must provide a labeled training set first. Essentially, classification tells you what a document is based on human knowledge, while topic modeling reveals what a document is about based on statistical patterns.",the primary difference lies in the nature of the labels and the underlying goal of the task text classification is a supervised learning task where you have predefined categories such as spam or sports you train a model on a labeled dataset so it can predict a specific known label for new text in contrast topic modeling is an unsupervised learning technique typically using algorithms like lda that discovers latent themes within a collection of documents without pre defined labels to answer your specific questions yes you can use topic modeling to identify a topic but the model will group words into clusters based on co occurrence rather than human defined categories you can also use classification to categorize text but you must provide a labeled training set first essentially classification tells you what a document is based on human knowledge while topic modeling reveals what a document is about based on statistical patterns
technical_0260__gemma-4-12b,technical_0260,technical,"Is it correct to say that any statistical learning algorithm (linear/logistic regression, SVM, neural network, random forest) can be implemented inside a Map Reduce framework? Or are there restrictions?

I guess there may be some algorithms that is not possible to parallelize?","Technically, any statistical learning algorithm can be implemented within a MapReduce framework, but ""possibility"" does not equate to ""efficiency."" While you could theoretically force a sequential algorithm into a distributed system by running it on a single node, the primary purpose of MapReduce is to exploit data parallelism.

The limitation is not a matter of mathematical impossibility, but of algorithmic structure. Algorithms that are inherently sequential or require frequent global state updates—such as certain types of Gradient Descent or K-Nearest Neighbors—struggle in MapReduce because the framework's high overhead for shuffling data between stages makes constant synchronization prohibitively slow. For instance, while a Neural Network can be distributed, it is often better suited for frameworks like Spark that support in-memory processing. In summary, while you can implement any algorithm in MapReduce, those that require global synchronization or iterative updates frequently will perform poorly compared to algorithms specifically designed for distributed computing.","Technically, any statistical learning algorithm can be implemented within a MapReduce framework, but ""possibility"" does not equate to ""efficiency."" While you could theoretically force a sequential algorithm into a distributed system by running it on a single node, the primary purpose of MapReduce is to exploit data parallelism.

The limitation is not a matter of mathematical impossibility, but of algorithmic structure. Algorithms that are inherently sequential or require frequent global state updates—such as certain types of Gradient Descent or K-Nearest Neighbors—struggle in MapReduce because the framework's high overhead for shuffling data between stages makes constant synchronization prohibitively slow. For instance, while a Neural Network can be distributed, it is often better suited for frameworks like Spark that support in-memory processing. In summary, while you can implement any algorithm in MapReduce, those that require global synchronization or iterative updates frequently will perform poorly compared to algorithms specifically designed for distributed computing.",gemma-4-12b,google,False,150,1089,test,gemma-4-12b-q4_k_m,final-2026-09-20,You are answering questions the way a knowledgeable person would in an online discussion. Write in plain prose. Do not restate the question or add a preamble. Begin with the answer itself.,110,170,8192,none,,end_turn,ollama-local-gemma-4-12b,2026-09-28 06:36:38.381819+00:00,11.9,gemma4:12b,q4_k_m,16384,8192,False,"{""temperature"": ""1"", ""top_k"": ""64"", ""top_p"": ""0.95""}","Technically, any statistical learning algorithm can be implemented within a MapReduce framework, but ""possibility"" does not equate to ""efficiency."" While you could theoretically force a sequential algorithm into a distributed system by running it on a single node, the primary purpose of MapReduce is to exploit data parallelism.

The limitation is not a matter of mathematical impossibility, but of algorithmic structure. Algorithms that are inherently sequential or require frequent global state updates - such as certain types of Gradient Descent or K-Nearest Neighbors - struggle in MapReduce because the framework's high overhead for shuffling data between stages makes constant synchronization prohibitively slow. For instance, while a Neural Network can be distributed, it is often better suited for frameworks like Spark that support in-memory processing. In summary, while you can implement any algorithm in MapReduce, those that require global synchronization or iterative updates frequently will perform poorly compared to algorithms specifically designed for distributed computing.","Technically, any statistical learning algorithm can be implemented within a MapReduce framework, but ""possibility"" does not equate to ""efficiency."" While you could theoretically force a sequential algorithm into a distributed system by running it on a single node, the primary purpose of MapReduce is to exploit data parallelism. The limitation is not a matter of mathematical impossibility, but of algorithmic structure. Algorithms that are inherently sequential or require frequent global state updates—such as certain types of Gradient Descent or K-Nearest Neighbors—struggle in MapReduce because the framework's high overhead for shuffling data between stages makes constant synchronization prohibitively slow. For instance, while a Neural Network can be distributed, it is often better suited for frameworks like Spark that support in-memory processing. In summary, while you can implement any algorithm in MapReduce, those that require global synchronization or iterative updates frequently will perform poorly compared to algorithms specifically designed for distributed computing.","Technically, any statistical learning algorithm can be implemented within a MapReduce framework, but ""possibility"" does not equate to ""efficiency."" While you could theoretically force a sequential algorithm into a distributed system by running it on a single node, the primary purpose of MapReduce is to exploit data parallelism. The limitation is not a matter of mathematical impossibility, but of algorithmic structure. Algorithms that are inherently sequential or require frequent global state updates - such as certain types of Gradient Descent or K-Nearest Neighbors - struggle in MapReduce because the framework's high overhead for shuffling data between stages makes constant synchronization prohibitively slow. For instance, while a Neural Network can be distributed, it is often better suited for frameworks like Spark that support in-memory processing. In summary, while you can implement any algorithm in MapReduce, those that require global synchronization or iterative updates frequently will perform poorly compared to algorithms specifically designed for distributed computing.",technically any statistical learning algorithm can be implemented within a mapreduce framework but possibility does not equate to efficiency while you could theoretically force a sequential algorithm into a distributed system by running it on a single node the primary purpose of mapreduce is to exploit data parallelism the limitation is not a matter of mathematical impossibility but of algorithmic structure algorithms that are inherently sequential or require frequent global state updates such as certain types of gradient descent or k nearest neighbors struggle in mapreduce because the framework's high overhead for shuffling data between stages makes constant synchronization prohibitively slow for instance while a neural network can be distributed it is often better suited for frameworks like spark that support in memory processing in summary while you can implement any algorithm in mapreduce those that require global synchronization or iterative updates frequently will perform poorly compared to algorithms specifically designed for distributed computing
technical_0262__gemma-4-12b,technical_0262,technical,"I was posting on stats.stackexchange but perhaps I should be posting here.

Context. Subscription business that charges users a monthly fee for access to the service. Management would like to predict ""churn"" - subscriptions who are likely to cancel. Management would like to create an email sequence in attempt to prevent high risk accounts from churning, perhaps with a discount code of some sort. So I need to identify those accounts at risk of leaving us.

I have a dataset with say 50k records. Each line item is an account number along with some variables. One of the variables is ""Churned"" with a value of ""yes"" (they cancelled) or ""No"" (they are active).

The dataset I have is all data since the beginning of time for the business. About 20k records are active paying customers and about 30k are those who used to be paying customers but who have since cancelled.

My task is to build a model to predict which of the 20k active customers are currently likely to churn.

Here is where I have tied my brain in a knott. I need to run the model (Predict) on the 20k records of active customers.

How do I split my data between training, test and predict?

Does predict data have to be exclusive of train and test data?

Can I split the entire dataset of 50k into 0.8 train and 0.2 test, build a model and then predict on the 20k active accounts? That would imply I'm training and testing on data that I'm also going to predict on. Seems ""wrong"". Is it?","Your intuition that predicting on the same data used for training feels wrong is correct, but there is a nuance in how you handle the ""active"" versus ""churned"" groups. The core issue is a temporal leakage: if you mix active and churned users into a single pool to train/test, the model might learn patterns that only exist because a user has already left.

To do this correctly, you must treat your data as a snapshot in time. You should only use historical data where the ""outcome"" is known. This means identifying a window of time where customers were active, and then observing them over a subsequent period to see if they churned. You train and test on these ""past"" users to build a robust model. Once validated, you run that frozen model on the 20,000 currently active accounts. These 20,000 are your ""Hold-out"" or ""Production"" set. They should never be part of the training or testing sets to ensure the model generalizes well.","Your intuition that predicting on the same data used for training feels wrong is correct, but there is a nuance in how you handle the ""active"" versus ""churned"" groups. The core issue is a temporal leakage: if you mix active and churned users into a single pool to train/test, the model might learn patterns that only exist because a user has already left.

To do this correctly, you must treat your data as a snapshot in time. You should only use historical data where the ""outcome"" is known. This means identifying a window of time where customers were active, and then observing them over a subsequent period to see if they churned. You train and test on these ""past"" users to build a robust model. Once validated, you run that frozen model on the 20,000 currently active accounts. These 20,000 are your ""Hold-out"" or ""Production"" set. They should never be part of the training or testing sets to ensure the model generalizes well.",gemma-4-12b,google,False,163,933,test,gemma-4-12b-q4_k_m,final-2026-09-20,You are answering questions the way a knowledgeable person would in an online discussion. Write in plain prose. Do not restate the question or add a preamble. Begin with the answer itself.,110,170,8192,none,,end_turn,ollama-local-gemma-4-12b,2026-09-28 06:36:42.303287+00:00,11.9,gemma4:12b,q4_k_m,16384,8192,False,"{""temperature"": ""1"", ""top_k"": ""64"", ""top_p"": ""0.95""}","Your intuition that predicting on the same data used for training feels wrong is correct, but there is a nuance in how you handle the ""active"" versus ""churned"" groups. The core issue is a temporal leakage: if you mix active and churned users into a single pool to train/test, the model might learn patterns that only exist because a user has already left.

To do this correctly, you must treat your data as a snapshot in time. You should only use historical data where the ""outcome"" is known. This means identifying a window of time where customers were active, and then observing them over a subsequent period to see if they churned. You train and test on these ""past"" users to build a robust model. Once validated, you run that frozen model on the 20,000 currently active accounts. These 20,000 are your ""Hold-out"" or ""Production"" set. They should never be part of the training or testing sets to ensure the model generalizes well.","Your intuition that predicting on the same data used for training feels wrong is correct, but there is a nuance in how you handle the ""active"" versus ""churned"" groups. The core issue is a temporal leakage: if you mix active and churned users into a single pool to train/test, the model might learn patterns that only exist because a user has already left. To do this correctly, you must treat your data as a snapshot in time. You should only use historical data where the ""outcome"" is known. This means identifying a window of time where customers were active, and then observing them over a subsequent period to see if they churned. You train and test on these ""past"" users to build a robust model. Once validated, you run that frozen model on the 20,000 currently active accounts. These 20,000 are your ""Hold-out"" or ""Production"" set. They should never be part of the training or testing sets to ensure the model generalizes well.","Your intuition that predicting on the same data used for training feels wrong is correct, but there is a nuance in how you handle the ""active"" versus ""churned"" groups. The core issue is a temporal leakage: if you mix active and churned users into a single pool to train/test, the model might learn patterns that only exist because a user has already left. To do this correctly, you must treat your data as a snapshot in time. You should only use historical data where the ""outcome"" is known. This means identifying a window of time where customers were active, and then observing them over a subsequent period to see if they churned. You train and test on these ""past"" users to build a robust model. Once validated, you run that frozen model on the 20,000 currently active accounts. These 20,000 are your ""Hold-out"" or ""Production"" set. They should never be part of the training or testing sets to ensure the model generalizes well.",your intuition that predicting on the same data used for training feels wrong is correct but there is a nuance in how you handle the active versus churned groups the core issue is a temporal leakage if you mix active and churned users into a single pool to train test the model might learn patterns that only exist because a user has already left to do this correctly you must treat your data as a snapshot in time you should only use historical data where the outcome is known this means identifying a window of time where customers were active and then observing them over a subsequent period to see if they churned you train and test on these past users to build a robust model once validated you run that frozen model on the 20 000 currently active accounts these 20 000 are your hold out or production set they should never be part of the training or testing sets to ensure the model generalizes well
technical_0266__gemma-4-12b,technical_0266,technical,"As I was checking the /etc/fstab I noticed that the swap space has attr pass=0, which means its filesystem is not checked at boot time. Can anyone please tell me why is this behavior for?","The reason swap partitions are assigned a pass value of 0 in the `/etc/fstab` file is that swap space does not contain a filesystem in the traditional sense. Unlike standard partitions, such as those formatted with ext4 or XFS, swap space is managed by the kernel as a raw area of memory used for virtual memory paging. Because there is no structured filesystem structure—no directories, file tables, or inode mappings—the `fsck` utility has no file system structure to scan or verify.

When the system boots, the `fsck` tool scans partitions based on the numbers provided in the pass column (usually 1 and 2). A 0 indicates that the utility should skip that entry entirely. Since a swap partition cannot be ""checked"" for file system consistency, it is skipped to streamline the boot process. Therefore, the `pass=0` flag simply indicates that the partition is not a standard filesystem and requires no consistency check.","The reason swap partitions are assigned a pass value of 0 in the /etc/fstab file is that swap space does not contain a filesystem in the traditional sense. Unlike standard partitions, such as those formatted with ext4 or XFS, swap space is managed by the kernel as a raw area of memory used for virtual memory paging. Because there is no structured filesystem structure—no directories, file tables, or inode mappings—the fsck utility has no file system structure to scan or verify.

When the system boots, the fsck tool scans partitions based on the numbers provided in the pass column (usually 1 and 2). A 0 indicates that the utility should skip that entry entirely. Since a swap partition cannot be ""checked"" for file system consistency, it is skipped to streamline the boot process. Therefore, the pass=0 flag simply indicates that the partition is not a standard filesystem and requires no consistency check.",gemma-4-12b,google,False,152,921,test,gemma-4-12b-q4_k_m,final-2026-09-20,You are answering questions the way a knowledgeable person would in an online discussion. Write in plain prose. Do not restate the question or add a preamble. Begin with the answer itself.,110,170,8192,none,,end_turn,ollama-local-gemma-4-12b,2026-09-28 06:36:45.821381+00:00,11.9,gemma4:12b,q4_k_m,16384,8192,False,"{""temperature"": ""1"", ""top_k"": ""64"", ""top_p"": ""0.95""}","The reason swap partitions are assigned a pass value of 0 in the /etc/fstab file is that swap space does not contain a filesystem in the traditional sense. Unlike standard partitions, such as those formatted with ext4 or XFS, swap space is managed by the kernel as a raw area of memory used for virtual memory paging. Because there is no structured filesystem structure - no directories, file tables, or inode mappings - the fsck utility has no file system structure to scan or verify.

When the system boots, the fsck tool scans partitions based on the numbers provided in the pass column (usually 1 and 2). A 0 indicates that the utility should skip that entry entirely. Since a swap partition cannot be ""checked"" for file system consistency, it is skipped to streamline the boot process. Therefore, the pass=0 flag simply indicates that the partition is not a standard filesystem and requires no consistency check.","The reason swap partitions are assigned a pass value of 0 in the /etc/fstab file is that swap space does not contain a filesystem in the traditional sense. Unlike standard partitions, such as those formatted with ext4 or XFS, swap space is managed by the kernel as a raw area of memory used for virtual memory paging. Because there is no structured filesystem structure—no directories, file tables, or inode mappings—the fsck utility has no file system structure to scan or verify. When the system boots, the fsck tool scans partitions based on the numbers provided in the pass column (usually 1 and 2). A 0 indicates that the utility should skip that entry entirely. Since a swap partition cannot be ""checked"" for file system consistency, it is skipped to streamline the boot process. Therefore, the pass=0 flag simply indicates that the partition is not a standard filesystem and requires no consistency check.","The reason swap partitions are assigned a pass value of 0 in the /etc/fstab file is that swap space does not contain a filesystem in the traditional sense. Unlike standard partitions, such as those formatted with ext4 or XFS, swap space is managed by the kernel as a raw area of memory used for virtual memory paging. Because there is no structured filesystem structure - no directories, file tables, or inode mappings - the fsck utility has no file system structure to scan or verify. When the system boots, the fsck tool scans partitions based on the numbers provided in the pass column (usually 1 and 2). A 0 indicates that the utility should skip that entry entirely. Since a swap partition cannot be ""checked"" for file system consistency, it is skipped to streamline the boot process. Therefore, the pass=0 flag simply indicates that the partition is not a standard filesystem and requires no consistency check.",the reason swap partitions are assigned a pass value of 0 in the etc fstab file is that swap space does not contain a filesystem in the traditional sense unlike standard partitions such as those formatted with ext4 or xfs swap space is managed by the kernel as a raw area of memory used for virtual memory paging because there is no structured filesystem structure no directories file tables or inode mappings the fsck utility has no file system structure to scan or verify when the system boots the fsck tool scans partitions based on the numbers provided in the pass column usually 1 and 2 a 0 indicates that the utility should skip that entry entirely since a swap partition cannot be checked for file system consistency it is skipped to streamline the boot process therefore the pass 0 flag simply indicates that the partition is not a standard filesystem and requires no consistency check
technical_0271__gemma-4-12b,technical_0271,technical,"When we do k-fold cross validation, should we just use the classifier that has the highest test accuracy? What is generally the best approach in getting a classifier from cross validation?","Simply selecting the classifier with the highest test accuracy during cross-validation is a common mistake. In k-fold cross-validation, the ""test"" sets are used to estimate the model's performance during the tuning phase; they are not a final exam. Using them to pick the winner can lead to overfitting the specific nuances of those validation folds.

The best approach is to use cross-validation to perform hyperparameter tuning and model selection. You should use it to determine which algorithm and configuration generalize best across different subsets of your data. Once you have identified the optimal configuration, you must retrain that specific model architecture on the entire available training dataset. This ensures the final model has seen every available data point before deployment. Additionally, if you have multiple models with similar performance, choose the one with the simpler architecture or fewer parameters to favor better generalization and less risk of overfitting.","Simply selecting the classifier with the highest test accuracy during cross-validation is a common mistake. In k-fold cross-validation, the ""test"" sets are used to estimate the model's performance during the tuning phase; they are not a final exam. Using them to pick the winner can lead to overfitting the specific nuances of those validation folds.

The best approach is to use cross-validation to perform hyperparameter tuning and model selection. You should use it to determine which algorithm and configuration generalize best across different subsets of your data. Once you have identified the optimal configuration, you must retrain that specific model architecture on the entire available training dataset. This ensures the final model has seen every available data point before deployment. Additionally, if you have multiple models with similar performance, choose the one with the simpler architecture or fewer parameters to favor better generalization and less risk of overfitting.",gemma-4-12b,google,False,148,992,test,gemma-4-12b-q4_k_m,final-2026-09-20,You are answering questions the way a knowledgeable person would in an online discussion. Write in plain prose. Do not restate the question or add a preamble. Begin with the answer itself.,110,170,8192,none,,end_turn,ollama-local-gemma-4-12b,2026-09-28 06:36:48.960707+00:00,11.9,gemma4:12b,q4_k_m,16384,8192,False,"{""temperature"": ""1"", ""top_k"": ""64"", ""top_p"": ""0.95""}","Simply selecting the classifier with the highest test accuracy during cross-validation is a common mistake. In k-fold cross-validation, the ""test"" sets are used to estimate the model's performance during the tuning phase; they are not a final exam. Using them to pick the winner can lead to overfitting the specific nuances of those validation folds.

The best approach is to use cross-validation to perform hyperparameter tuning and model selection. You should use it to determine which algorithm and configuration generalize best across different subsets of your data. Once you have identified the optimal configuration, you must retrain that specific model architecture on the entire available training dataset. This ensures the final model has seen every available data point before deployment. Additionally, if you have multiple models with similar performance, choose the one with the simpler architecture or fewer parameters to favor better generalization and less risk of overfitting.","Simply selecting the classifier with the highest test accuracy during cross-validation is a common mistake. In k-fold cross-validation, the ""test"" sets are used to estimate the model's performance during the tuning phase; they are not a final exam. Using them to pick the winner can lead to overfitting the specific nuances of those validation folds. The best approach is to use cross-validation to perform hyperparameter tuning and model selection. You should use it to determine which algorithm and configuration generalize best across different subsets of your data. Once you have identified the optimal configuration, you must retrain that specific model architecture on the entire available training dataset. This ensures the final model has seen every available data point before deployment. Additionally, if you have multiple models with similar performance, choose the one with the simpler architecture or fewer parameters to favor better generalization and less risk of overfitting.","Simply selecting the classifier with the highest test accuracy during cross-validation is a common mistake. In k-fold cross-validation, the ""test"" sets are used to estimate the model's performance during the tuning phase; they are not a final exam. Using them to pick the winner can lead to overfitting the specific nuances of those validation folds. The best approach is to use cross-validation to perform hyperparameter tuning and model selection. You should use it to determine which algorithm and configuration generalize best across different subsets of your data. Once you have identified the optimal configuration, you must retrain that specific model architecture on the entire available training dataset. This ensures the final model has seen every available data point before deployment. Additionally, if you have multiple models with similar performance, choose the one with the simpler architecture or fewer parameters to favor better generalization and less risk of overfitting.",simply selecting the classifier with the highest test accuracy during cross validation is a common mistake in k fold cross validation the test sets are used to estimate the model's performance during the tuning phase they are not a final exam using them to pick the winner can lead to overfitting the specific nuances of those validation folds the best approach is to use cross validation to perform hyperparameter tuning and model selection you should use it to determine which algorithm and configuration generalize best across different subsets of your data once you have identified the optimal configuration you must retrain that specific model architecture on the entire available training dataset this ensures the final model has seen every available data point before deployment additionally if you have multiple models with similar performance choose the one with the simpler architecture or fewer parameters to favor better generalization and less risk of overfitting
technical_0290__gemma-4-12b,technical_0290,technical,"Say you're building a sales prediction model to predict tomorrow's sales value, as well as the next 2 weeks of daily sales. The model is being trained using daily data for the previous 1.5 years, and it follows a strong weekly seasonality pattern.

Obviously once you are happy with model performance, would it be necessary to re-train the model everyday to capture data up to and including yesterday in order to get the most accurate prediction for tomorrow's sales value? Essentially, the model would be trained on a rolling 1.5 year data set to capture yesterday's sales value.

Or does it depend on the type of model being used? Whether you need to to completely re-train when new data is present

I can see why it would make sense to re-train your standard time series forecasting models (ARIMA etc.), but I can also understand more sophisticated models (Neural Networks etc.) may generalize well enough to not have to re-train everyday.

I am looking for an explanation of models where you would and wouldn't re-train when new time series data is present.","Whether you need to retrain every day depends largely on the model architecture and the ""speed"" of change in your underlying data distribution. For traditional statistical models like ARIMA or Exponential Smoothing, retraining (or at least updating the state) is essential. These models rely on local parameters—such as moving averages or specific autoregressive coefficients—that need to incorporate the most recent data point to maintain accuracy in the face of shifting trends.

In contrast, sophisticated models like Recurrent Neural Networks (RNNs) or Transformers often do not require a full retraining cycle daily. These models are designed to learn generalized patterns, such as seasonality and day-of-week effects, through high-dimensional features. As long as the underlying behavior remains stable, the model ""generalizes"" well enough to make accurate predictions using just the most recent observations as input features. However, if your data exhibits sudden ""concept drift""—like a permanent shift in consumer behavior—even deep learning models will eventually require retraining or fine-tuning to adapt.","Whether you need to retrain every day depends largely on the model architecture and the ""speed"" of change in your underlying data distribution. For traditional statistical models like ARIMA or Exponential Smoothing, retraining (or at least updating the state) is essential. These models rely on local parameters—such as moving averages or specific autoregressive coefficients—that need to incorporate the most recent data point to maintain accuracy in the face of shifting trends.

In contrast, sophisticated models like Recurrent Neural Networks (RNNs) or Transformers often do not require a full retraining cycle daily. These models are designed to learn generalized patterns, such as seasonality and day-of-week effects, through high-dimensional features. As long as the underlying behavior remains stable, the model ""generalizes"" well enough to make accurate predictions using just the most recent observations as input features. However, if your data exhibits sudden ""concept drift""—like a permanent shift in consumer behavior—even deep learning models will eventually require retraining or fine-tuning to adapt.",gemma-4-12b,google,False,159,1117,test,gemma-4-12b-q4_k_m,final-2026-09-20,You are answering questions the way a knowledgeable person would in an online discussion. Write in plain prose. Do not restate the question or add a preamble. Begin with the answer itself.,110,170,8192,none,,end_turn,ollama-local-gemma-4-12b,2026-09-28 06:36:52.685037+00:00,11.9,gemma4:12b,q4_k_m,16384,8192,False,"{""temperature"": ""1"", ""top_k"": ""64"", ""top_p"": ""0.95""}","Whether you need to retrain every day depends largely on the model architecture and the ""speed"" of change in your underlying data distribution. For traditional statistical models like ARIMA or Exponential Smoothing, retraining (or at least updating the state) is essential. These models rely on local parameters - such as moving averages or specific autoregressive coefficients - that need to incorporate the most recent data point to maintain accuracy in the face of shifting trends.

In contrast, sophisticated models like Recurrent Neural Networks (RNNs) or Transformers often do not require a full retraining cycle daily. These models are designed to learn generalized patterns, such as seasonality and day-of-week effects, through high-dimensional features. As long as the underlying behavior remains stable, the model ""generalizes"" well enough to make accurate predictions using just the most recent observations as input features. However, if your data exhibits sudden ""concept drift"" - like a permanent shift in consumer behavior - even deep learning models will eventually require retraining or fine-tuning to adapt.","Whether you need to retrain every day depends largely on the model architecture and the ""speed"" of change in your underlying data distribution. For traditional statistical models like ARIMA or Exponential Smoothing, retraining (or at least updating the state) is essential. These models rely on local parameters—such as moving averages or specific autoregressive coefficients—that need to incorporate the most recent data point to maintain accuracy in the face of shifting trends. In contrast, sophisticated models like Recurrent Neural Networks (RNNs) or Transformers often do not require a full retraining cycle daily. These models are designed to learn generalized patterns, such as seasonality and day-of-week effects, through high-dimensional features. As long as the underlying behavior remains stable, the model ""generalizes"" well enough to make accurate predictions using just the most recent observations as input features. However, if your data exhibits sudden ""concept drift""—like a permanent shift in consumer behavior—even deep learning models will eventually require retraining or fine-tuning to adapt.","Whether you need to retrain every day depends largely on the model architecture and the ""speed"" of change in your underlying data distribution. For traditional statistical models like ARIMA or Exponential Smoothing, retraining (or at least updating the state) is essential. These models rely on local parameters - such as moving averages or specific autoregressive coefficients - that need to incorporate the most recent data point to maintain accuracy in the face of shifting trends. In contrast, sophisticated models like Recurrent Neural Networks (RNNs) or Transformers often do not require a full retraining cycle daily. These models are designed to learn generalized patterns, such as seasonality and day-of-week effects, through high-dimensional features. As long as the underlying behavior remains stable, the model ""generalizes"" well enough to make accurate predictions using just the most recent observations as input features. However, if your data exhibits sudden ""concept drift"" - like a permanent shift in consumer behavior - even deep learning models will eventually require retraining or fine-tuning to adapt.",whether you need to retrain every day depends largely on the model architecture and the speed of change in your underlying data distribution for traditional statistical models like arima or exponential smoothing retraining or at least updating the state is essential these models rely on local parameters such as moving averages or specific autoregressive coefficients that need to incorporate the most recent data point to maintain accuracy in the face of shifting trends in contrast sophisticated models like recurrent neural networks rnns or transformers often do not require a full retraining cycle daily these models are designed to learn generalized patterns such as seasonality and day of week effects through high dimensional features as long as the underlying behavior remains stable the model generalizes well enough to make accurate predictions using just the most recent observations as input features however if your data exhibits sudden concept drift like a permanent shift in consumer behavior even deep learning models will eventually require retraining or fine tuning to adapt
technical_0300__gemma-4-12b,technical_0300,technical,I'm looking for some common problems in unix system administration and ways that shell scripting can solve them. Completely for self-educational purposes. Also I'd like to know how would you go about learning shell scripting.,"One of the most frequent challenges in Unix administration is managing repetitive tasks like user account creation, log rotation, and system backups. Manual execution of these tasks is prone to human error and is inefficient at scale. Shell scripting solves this by automating the workflow; for example, a script can parse a CSV file of new employees to automatically create home directories and assign appropriate permissions. Additionally, scripts can perform ""health checks,"" automatically restarting services that crash or sending alerts when disk usage exceeds a specific threshold.

To learn shell scripting effectively, start by mastering the command line basics—navigating directories, manipulating files, and understanding permissions. Once comfortable, move into Bash scripting by learning variables, loops (for/while), and conditional logic (if/else). Practice by automating small tasks, such as a script that renames files in bulk. Finally, focus on ""idiomatic"" scripting by learning how to use pipes, redirects, and tools like `grep`, `sed`, and `awk` to process text data efficiently.","One of the most frequent challenges in Unix administration is managing repetitive tasks like user account creation, log rotation, and system backups. Manual execution of these tasks is prone to human error and is inefficient at scale. Shell scripting solves this by automating the workflow; for example, a script can parse a CSV file of new employees to automatically create home directories and assign appropriate permissions. Additionally, scripts can perform ""health checks,"" automatically restarting services that crash or sending alerts when disk usage exceeds a specific threshold.

To learn shell scripting effectively, start by mastering the command line basics—navigating directories, manipulating files, and understanding permissions. Once comfortable, move into Bash scripting by learning variables, loops (for/while), and conditional logic (if/else). Practice by automating small tasks, such as a script that renames files in bulk. Finally, focus on ""idiomatic"" scripting by learning how to use pipes, redirects, and tools like grep, sed, and awk to process text data efficiently.",gemma-4-12b,google,False,158,1098,test,gemma-4-12b-q4_k_m,final-2026-09-20,You are answering questions the way a knowledgeable person would in an online discussion. Write in plain prose. Do not restate the question or add a preamble. Begin with the answer itself.,110,170,8192,none,,end_turn,ollama-local-gemma-4-12b,2026-09-28 06:36:56.296146+00:00,11.9,gemma4:12b,q4_k_m,16384,8192,False,"{""temperature"": ""1"", ""top_k"": ""64"", ""top_p"": ""0.95""}","One of the most frequent challenges in Unix administration is managing repetitive tasks like user account creation, log rotation, and system backups. Manual execution of these tasks is prone to human error and is inefficient at scale. Shell scripting solves this by automating the workflow; for example, a script can parse a CSV file of new employees to automatically create home directories and assign appropriate permissions. Additionally, scripts can perform ""health checks,"" automatically restarting services that crash or sending alerts when disk usage exceeds a specific threshold.

To learn shell scripting effectively, start by mastering the command line basics - navigating directories, manipulating files, and understanding permissions. Once comfortable, move into Bash scripting by learning variables, loops (for/while), and conditional logic (if/else). Practice by automating small tasks, such as a script that renames files in bulk. Finally, focus on ""idiomatic"" scripting by learning how to use pipes, redirects, and tools like grep, sed, and awk to process text data efficiently.","One of the most frequent challenges in Unix administration is managing repetitive tasks like user account creation, log rotation, and system backups. Manual execution of these tasks is prone to human error and is inefficient at scale. Shell scripting solves this by automating the workflow; for example, a script can parse a CSV file of new employees to automatically create home directories and assign appropriate permissions. Additionally, scripts can perform ""health checks,"" automatically restarting services that crash or sending alerts when disk usage exceeds a specific threshold. To learn shell scripting effectively, start by mastering the command line basics—navigating directories, manipulating files, and understanding permissions. Once comfortable, move into Bash scripting by learning variables, loops (for/while), and conditional logic (if/else). Practice by automating small tasks, such as a script that renames files in bulk. Finally, focus on ""idiomatic"" scripting by learning how to use pipes, redirects, and tools like grep, sed, and awk to process text data efficiently.","One of the most frequent challenges in Unix administration is managing repetitive tasks like user account creation, log rotation, and system backups. Manual execution of these tasks is prone to human error and is inefficient at scale. Shell scripting solves this by automating the workflow; for example, a script can parse a CSV file of new employees to automatically create home directories and assign appropriate permissions. Additionally, scripts can perform ""health checks,"" automatically restarting services that crash or sending alerts when disk usage exceeds a specific threshold. To learn shell scripting effectively, start by mastering the command line basics - navigating directories, manipulating files, and understanding permissions. Once comfortable, move into Bash scripting by learning variables, loops (for/while), and conditional logic (if/else). Practice by automating small tasks, such as a script that renames files in bulk. Finally, focus on ""idiomatic"" scripting by learning how to use pipes, redirects, and tools like grep, sed, and awk to process text data efficiently.",one of the most frequent challenges in unix administration is managing repetitive tasks like user account creation log rotation and system backups manual execution of these tasks is prone to human error and is inefficient at scale shell scripting solves this by automating the workflow for example a script can parse a csv file of new employees to automatically create home directories and assign appropriate permissions additionally scripts can perform health checks automatically restarting services that crash or sending alerts when disk usage exceeds a specific threshold to learn shell scripting effectively start by mastering the command line basics navigating directories manipulating files and understanding permissions once comfortable move into bash scripting by learning variables loops for while and conditional logic if else practice by automating small tasks such as a script that renames files in bulk finally focus on idiomatic scripting by learning how to use pipes redirects and tools like grep sed and awk to process text data efficiently
technical_0304__gemma-4-12b,technical_0304,technical,"When i installed ubuntu in my x86 machine, I had to configure some memory as 'swap area'.

What is the use of this memory and what is the importance of this memory in linux file systems?

How can I determine the exact size of 'swap area' in a machine for the safe working of linux inside in it?","Swap space acts as an overflow reservoir for your system's physical RAM. When your computer runs out of physical memory to hold active processes, the Linux kernel moves less-frequently used data into the swap area on your hard drive or SSD. This prevents the system from crashing or freezing when memory demand spikes. Beyond simple overflow, swap is vital for optimizing performance; it allows the OS to keep frequently used data in RAM while moving background tasks to disk, making the system feel more responsive.

To determine the appropriate size of your swap area, it depends on your total physical RAM. A common rule of thumb for modern systems is roughly 2GB of swap for every 1GB of RAM, though this decreases if you have a large amount of physical memory. For most modern desktops with 8GB to 16GB of RAM, a 4GB to 8GB swap partition or swap file is generally sufficient for stable, smooth operation.","Swap space acts as an overflow reservoir for your system's physical RAM. When your computer runs out of physical memory to hold active processes, the Linux kernel moves less-frequently used data into the swap area on your hard drive or SSD. This prevents the system from crashing or freezing when memory demand spikes. Beyond simple overflow, swap is vital for optimizing performance; it allows the OS to keep frequently used data in RAM while moving background tasks to disk, making the system feel more responsive.

To determine the appropriate size of your swap area, it depends on your total physical RAM. A common rule of thumb for modern systems is roughly 2GB of swap for every 1GB of RAM, though this decreases if you have a large amount of physical memory. For most modern desktops with 8GB to 16GB of RAM, a 4GB to 8GB swap partition or swap file is generally sufficient for stable, smooth operation.",gemma-4-12b,google,False,157,910,test,gemma-4-12b-q4_k_m,final-2026-09-20,You are answering questions the way a knowledgeable person would in an online discussion. Write in plain prose. Do not restate the question or add a preamble. Begin with the answer itself.,110,170,8192,none,,end_turn,ollama-local-gemma-4-12b,2026-09-28 06:36:59.713937+00:00,11.9,gemma4:12b,q4_k_m,16384,8192,False,"{""temperature"": ""1"", ""top_k"": ""64"", ""top_p"": ""0.95""}","Swap space acts as an overflow reservoir for your system's physical RAM. When your computer runs out of physical memory to hold active processes, the Linux kernel moves less-frequently used data into the swap area on your hard drive or SSD. This prevents the system from crashing or freezing when memory demand spikes. Beyond simple overflow, swap is vital for optimizing performance; it allows the OS to keep frequently used data in RAM while moving background tasks to disk, making the system feel more responsive.

To determine the appropriate size of your swap area, it depends on your total physical RAM. A common rule of thumb for modern systems is roughly 2GB of swap for every 1GB of RAM, though this decreases if you have a large amount of physical memory. For most modern desktops with 8GB to 16GB of RAM, a 4GB to 8GB swap partition or swap file is generally sufficient for stable, smooth operation.","Swap space acts as an overflow reservoir for your system's physical RAM. When your computer runs out of physical memory to hold active processes, the Linux kernel moves less-frequently used data into the swap area on your hard drive or SSD. This prevents the system from crashing or freezing when memory demand spikes. Beyond simple overflow, swap is vital for optimizing performance; it allows the OS to keep frequently used data in RAM while moving background tasks to disk, making the system feel more responsive. To determine the appropriate size of your swap area, it depends on your total physical RAM. A common rule of thumb for modern systems is roughly 2GB of swap for every 1GB of RAM, though this decreases if you have a large amount of physical memory. For most modern desktops with 8GB to 16GB of RAM, a 4GB to 8GB swap partition or swap file is generally sufficient for stable, smooth operation.","Swap space acts as an overflow reservoir for your system's physical RAM. When your computer runs out of physical memory to hold active processes, the Linux kernel moves less-frequently used data into the swap area on your hard drive or SSD. This prevents the system from crashing or freezing when memory demand spikes. Beyond simple overflow, swap is vital for optimizing performance; it allows the OS to keep frequently used data in RAM while moving background tasks to disk, making the system feel more responsive. To determine the appropriate size of your swap area, it depends on your total physical RAM. A common rule of thumb for modern systems is roughly 2GB of swap for every 1GB of RAM, though this decreases if you have a large amount of physical memory. For most modern desktops with 8GB to 16GB of RAM, a 4GB to 8GB swap partition or swap file is generally sufficient for stable, smooth operation.",swap space acts as an overflow reservoir for your system's physical ram when your computer runs out of physical memory to hold active processes the linux kernel moves less frequently used data into the swap area on your hard drive or ssd this prevents the system from crashing or freezing when memory demand spikes beyond simple overflow swap is vital for optimizing performance it allows the os to keep frequently used data in ram while moving background tasks to disk making the system feel more responsive to determine the appropriate size of your swap area it depends on your total physical ram a common rule of thumb for modern systems is roughly 2gb of swap for every 1gb of ram though this decreases if you have a large amount of physical memory for most modern desktops with 8gb to 16gb of ram a 4gb to 8gb swap partition or swap file is generally sufficient for stable smooth operation
technical_0306__gemma-4-12b,technical_0306,technical,"I am changing my current partition scheme (personal development laptop, dual boot) to remove the Windows partition and leave only my Slackware64 instance. What thought should go into my partitioning? I have been keeping / and /home in separate partitions, as well as a swap partition too. How do I decide what other partitions would be good to have in their own section of the disk?","When moving away from a dual-boot setup, you have more flexibility to optimize your layout. Since you already have / and /home separated—which is excellent for safety during reinstalls—the decision on further partitions depends on your specific workflow.

One high-priority consideration is a dedicated `/var` partition. On a development machine, /var holds logs, spool files, and potentially large database files or cache data. Separating it prevents a runaway log file from filling up your root partition and crashing the system. Additionally, if you work with heavy containerization (like Docker) or large build caches, consider a dedicated `/srv` or a specific partition for build artifacts. 

Alternatively, if you prefer a simpler structure, you can merge these into your /home or a general ""data"" partition. Given your hardware is for development, ensuring that high-churn directories like /var and /tmp are not on the same partition as your core OS files is the most robust choice for long-term stability.","When moving away from a dual-boot setup, you have more flexibility to optimize your layout. Since you already have / and /home separated—which is excellent for safety during reinstalls—the decision on further partitions depends on your specific workflow.

One high-priority consideration is a dedicated /var partition. On a development machine, /var holds logs, spool files, and potentially large database files or cache data. Separating it prevents a runaway log file from filling up your root partition and crashing the system. Additionally, if you work with heavy containerization (like Docker) or large build caches, consider a dedicated /srv or a specific partition for build artifacts.

Alternatively, if you prefer a simpler structure, you can merge these into your /home or a general ""data"" partition. Given your hardware is for development, ensuring that high-churn directories like /var and /tmp are not on the same partition as your core OS files is the most robust choice for long-term stability.",gemma-4-12b,google,False,156,1013,test,gemma-4-12b-q4_k_m,final-2026-09-20,You are answering questions the way a knowledgeable person would in an online discussion. Write in plain prose. Do not restate the question or add a preamble. Begin with the answer itself.,110,170,8192,none,,end_turn,ollama-local-gemma-4-12b,2026-09-28 06:37:03.353483+00:00,11.9,gemma4:12b,q4_k_m,16384,8192,False,"{""temperature"": ""1"", ""top_k"": ""64"", ""top_p"": ""0.95""}","When moving away from a dual-boot setup, you have more flexibility to optimize your layout. Since you already have / and /home separated - which is excellent for safety during reinstalls - the decision on further partitions depends on your specific workflow.

One high-priority consideration is a dedicated /var partition. On a development machine, /var holds logs, spool files, and potentially large database files or cache data. Separating it prevents a runaway log file from filling up your root partition and crashing the system. Additionally, if you work with heavy containerization (like Docker) or large build caches, consider a dedicated /srv or a specific partition for build artifacts.

Alternatively, if you prefer a simpler structure, you can merge these into your /home or a general ""data"" partition. Given your hardware is for development, ensuring that high-churn directories like /var and /tmp are not on the same partition as your core OS files is the most robust choice for long-term stability.","When moving away from a dual-boot setup, you have more flexibility to optimize your layout. Since you already have / and /home separated—which is excellent for safety during reinstalls—the decision on further partitions depends on your specific workflow. One high-priority consideration is a dedicated /var partition. On a development machine, /var holds logs, spool files, and potentially large database files or cache data. Separating it prevents a runaway log file from filling up your root partition and crashing the system. Additionally, if you work with heavy containerization (like Docker) or large build caches, consider a dedicated /srv or a specific partition for build artifacts. Alternatively, if you prefer a simpler structure, you can merge these into your /home or a general ""data"" partition. Given your hardware is for development, ensuring that high-churn directories like /var and /tmp are not on the same partition as your core OS files is the most robust choice for long-term stability.","When moving away from a dual-boot setup, you have more flexibility to optimize your layout. Since you already have / and /home separated - which is excellent for safety during reinstalls - the decision on further partitions depends on your specific workflow. One high-priority consideration is a dedicated /var partition. On a development machine, /var holds logs, spool files, and potentially large database files or cache data. Separating it prevents a runaway log file from filling up your root partition and crashing the system. Additionally, if you work with heavy containerization (like Docker) or large build caches, consider a dedicated /srv or a specific partition for build artifacts. Alternatively, if you prefer a simpler structure, you can merge these into your /home or a general ""data"" partition. Given your hardware is for development, ensuring that high-churn directories like /var and /tmp are not on the same partition as your core OS files is the most robust choice for long-term stability.",when moving away from a dual boot setup you have more flexibility to optimize your layout since you already have and home separated which is excellent for safety during reinstalls the decision on further partitions depends on your specific workflow one high priority consideration is a dedicated var partition on a development machine var holds logs spool files and potentially large database files or cache data separating it prevents a runaway log file from filling up your root partition and crashing the system additionally if you work with heavy containerization like docker or large build caches consider a dedicated srv or a specific partition for build artifacts alternatively if you prefer a simpler structure you can merge these into your home or a general data partition given your hardware is for development ensuring that high churn directories like var and tmp are not on the same partition as your core os files is the most robust choice for long term stability
technical_0309__gemma-4-12b,technical_0309,technical,"How can I find out who executed a particular command and which terminal was used to run it?

Original:

How can I know particular cmd is executed by whom and to know about my terminal","To determine who executed a specific command and identify the terminal used, you can rely on several system logging tools depending on your environment. On Linux and Unix-like systems, the `auditd` framework is the most robust method. By configuring audit rules to watch specific binaries or system calls, the kernel generates logs containing the UID (User ID), the command executed, and the TTY (teletype) device, which identifies the specific terminal.

Alternatively, you can examine the `auth.log` or `syslog` files, which often record sudo executions and login events including the terminal source. For real-time monitoring, tools like `execsnoop` (part of the BCC tools) can capture every new process execution along with its associated terminal. In a network environment, checking the `who` or `w` commands provides a snapshot of currently logged-in users and their active TTYs. For historical analysis without auditd, checking `.bash_history` can show what commands a user ran, though it won't specify the terminal.","To determine who executed a specific command and identify the terminal used, you can rely on several system logging tools depending on your environment. On Linux and Unix-like systems, the auditd framework is the most robust method. By configuring audit rules to watch specific binaries or system calls, the kernel generates logs containing the UID (User ID), the command executed, and the TTY (teletype) device, which identifies the specific terminal.

Alternatively, you can examine the auth.log or syslog files, which often record sudo executions and login events including the terminal source. For real-time monitoring, tools like execsnoop (part of the BCC tools) can capture every new process execution along with its associated terminal. In a network environment, checking the who or w commands provides a snapshot of currently logged-in users and their active TTYs. For historical analysis without auditd, checking .bash_history can show what commands a user ran, though it won't specify the terminal.",gemma-4-12b,google,False,154,1023,test,gemma-4-12b-q4_k_m,final-2026-09-20,You are answering questions the way a knowledgeable person would in an online discussion. Write in plain prose. Do not restate the question or add a preamble. Begin with the answer itself.,110,170,8192,none,,end_turn,ollama-local-gemma-4-12b,2026-09-28 06:37:07.153352+00:00,11.9,gemma4:12b,q4_k_m,16384,8192,False,"{""temperature"": ""1"", ""top_k"": ""64"", ""top_p"": ""0.95""}","To determine who executed a specific command and identify the terminal used, you can rely on several system logging tools depending on your environment. On Linux and Unix-like systems, the auditd framework is the most robust method. By configuring audit rules to watch specific binaries or system calls, the kernel generates logs containing the UID (User ID), the command executed, and the TTY (teletype) device, which identifies the specific terminal.

Alternatively, you can examine the auth.log or syslog files, which often record sudo executions and login events including the terminal source. For real-time monitoring, tools like execsnoop (part of the BCC tools) can capture every new process execution along with its associated terminal. In a network environment, checking the who or w commands provides a snapshot of currently logged-in users and their active TTYs. For historical analysis without auditd, checking .bash_history can show what commands a user ran, though it won't specify the terminal.","To determine who executed a specific command and identify the terminal used, you can rely on several system logging tools depending on your environment. On Linux and Unix-like systems, the auditd framework is the most robust method. By configuring audit rules to watch specific binaries or system calls, the kernel generates logs containing the UID (User ID), the command executed, and the TTY (teletype) device, which identifies the specific terminal. Alternatively, you can examine the auth.log or syslog files, which often record sudo executions and login events including the terminal source. For real-time monitoring, tools like execsnoop (part of the BCC tools) can capture every new process execution along with its associated terminal. In a network environment, checking the who or w commands provides a snapshot of currently logged-in users and their active TTYs. For historical analysis without auditd, checking .bash_history can show what commands a user ran, though it won't specify the terminal.","To determine who executed a specific command and identify the terminal used, you can rely on several system logging tools depending on your environment. On Linux and Unix-like systems, the auditd framework is the most robust method. By configuring audit rules to watch specific binaries or system calls, the kernel generates logs containing the UID (User ID), the command executed, and the TTY (teletype) device, which identifies the specific terminal. Alternatively, you can examine the auth.log or syslog files, which often record sudo executions and login events including the terminal source. For real-time monitoring, tools like execsnoop (part of the BCC tools) can capture every new process execution along with its associated terminal. In a network environment, checking the who or w commands provides a snapshot of currently logged-in users and their active TTYs. For historical analysis without auditd, checking .bash_history can show what commands a user ran, though it won't specify the terminal.",to determine who executed a specific command and identify the terminal used you can rely on several system logging tools depending on your environment on linux and unix like systems the auditd framework is the most robust method by configuring audit rules to watch specific binaries or system calls the kernel generates logs containing the uid user id the command executed and the tty teletype device which identifies the specific terminal alternatively you can examine the auth log or syslog files which often record sudo executions and login events including the terminal source for real time monitoring tools like execsnoop part of the bcc tools can capture every new process execution along with its associated terminal in a network environment checking the who or w commands provides a snapshot of currently logged in users and their active ttys for historical analysis without auditd checking bash history can show what commands a user ran though it won't specify the terminal
technical_0313__gemma-4-12b,technical_0313,technical,Why are tables built into ipchains? What was the benefit of adding tables to ipchains? Is there a simple scenario that would illustrate how tables are used to increase performance or offer some other benefit?,"Tables were introduced to `ipchains` (the predecessor to `iptables`) to provide a mechanism for organizing rules based on data sets rather than individual packet matches. Before tables, every rule had to be evaluated sequentially. If a complex filter required many individual rules to match a specific subset of traffic, the processor had to check every single one of those rules one by one, which caused significant performance overhead.

By using tables, the system can group specific types of traffic—such as those belonging to a specific service or internal network—into a dedicated table. This offers two primary benefits: organization and performance. In a large network, for example, instead of checking 1,000 rules to find out if a packet belongs to a specific internal subnet, the system can jump directly to a dedicated table. This reduces the average number of rules the CPU must inspect for each packet, streamlining the processing path and improving overall throughput.","Tables were introduced to ipchains (the predecessor to iptables) to provide a mechanism for organizing rules based on data sets rather than individual packet matches. Before tables, every rule had to be evaluated sequentially. If a complex filter required many individual rules to match a specific subset of traffic, the processor had to check every single one of those rules one by one, which caused significant performance overhead.

By using tables, the system can group specific types of traffic—such as those belonging to a specific service or internal network—into a dedicated table. This offers two primary benefits: organization and performance. In a large network, for example, instead of checking 1,000 rules to find out if a packet belongs to a specific internal subnet, the system can jump directly to a dedicated table. This reduces the average number of rules the CPU must inspect for each packet, streamlining the processing path and improving overall throughput.",gemma-4-12b,google,False,154,982,test,gemma-4-12b-q4_k_m,final-2026-09-20,You are answering questions the way a knowledgeable person would in an online discussion. Write in plain prose. Do not restate the question or add a preamble. Begin with the answer itself.,110,170,8192,none,,end_turn,ollama-local-gemma-4-12b,2026-09-28 06:37:10.475312+00:00,11.9,gemma4:12b,q4_k_m,16384,8192,False,"{""temperature"": ""1"", ""top_k"": ""64"", ""top_p"": ""0.95""}","Tables were introduced to ipchains (the predecessor to iptables) to provide a mechanism for organizing rules based on data sets rather than individual packet matches. Before tables, every rule had to be evaluated sequentially. If a complex filter required many individual rules to match a specific subset of traffic, the processor had to check every single one of those rules one by one, which caused significant performance overhead.

By using tables, the system can group specific types of traffic - such as those belonging to a specific service or internal network - into a dedicated table. This offers two primary benefits: organization and performance. In a large network, for example, instead of checking 1,000 rules to find out if a packet belongs to a specific internal subnet, the system can jump directly to a dedicated table. This reduces the average number of rules the CPU must inspect for each packet, streamlining the processing path and improving overall throughput.","Tables were introduced to ipchains (the predecessor to iptables) to provide a mechanism for organizing rules based on data sets rather than individual packet matches. Before tables, every rule had to be evaluated sequentially. If a complex filter required many individual rules to match a specific subset of traffic, the processor had to check every single one of those rules one by one, which caused significant performance overhead. By using tables, the system can group specific types of traffic—such as those belonging to a specific service or internal network—into a dedicated table. This offers two primary benefits: organization and performance. In a large network, for example, instead of checking 1,000 rules to find out if a packet belongs to a specific internal subnet, the system can jump directly to a dedicated table. This reduces the average number of rules the CPU must inspect for each packet, streamlining the processing path and improving overall throughput.","Tables were introduced to ipchains (the predecessor to iptables) to provide a mechanism for organizing rules based on data sets rather than individual packet matches. Before tables, every rule had to be evaluated sequentially. If a complex filter required many individual rules to match a specific subset of traffic, the processor had to check every single one of those rules one by one, which caused significant performance overhead. By using tables, the system can group specific types of traffic - such as those belonging to a specific service or internal network - into a dedicated table. This offers two primary benefits: organization and performance. In a large network, for example, instead of checking 1,000 rules to find out if a packet belongs to a specific internal subnet, the system can jump directly to a dedicated table. This reduces the average number of rules the CPU must inspect for each packet, streamlining the processing path and improving overall throughput.",tables were introduced to ipchains the predecessor to iptables to provide a mechanism for organizing rules based on data sets rather than individual packet matches before tables every rule had to be evaluated sequentially if a complex filter required many individual rules to match a specific subset of traffic the processor had to check every single one of those rules one by one which caused significant performance overhead by using tables the system can group specific types of traffic such as those belonging to a specific service or internal network into a dedicated table this offers two primary benefits organization and performance in a large network for example instead of checking 1 000 rules to find out if a packet belongs to a specific internal subnet the system can jump directly to a dedicated table this reduces the average number of rules the cpu must inspect for each packet streamlining the processing path and improving overall throughput
technical_0353__gemma-4-12b,technical_0353,technical,"I am confused by the dual concepts of time-resolution and bandwidth. Often I will hear that a pulse-compressed radar application 'doesnt have enough BW' for some specific time resolution that is sought.

Isnt the maximum time resolution simply the reciprocal of your sampling rate?

How are those concepts related?","The confusion stems from a common misunderstanding of what ""sampling rate"" does in radar. While the Nyquist-Shannon sampling theorem states that a sampling rate determines the maximum frequency you can accurately reconstruct, the ""resolution"" of a pulse in the time domain is determined by the duration of the pulse's main lobe, not the sampling frequency of the electronics.

In pulse-compressed radar, time resolution ($\Delta t$) is inversely proportional to the bandwidth ($B$) of the signal's spectrum: $\Delta t \approx 1/B$. When engineers say there isn't enough bandwidth, they mean the pulse is ""too wide"" in time because the signal doesn't occupy enough frequencies. Even if you sample that signal at an incredibly high rate, the overlapping energy of a wide pulse remains indistinguishable from a narrow one. Sampling allows you to see the shape of the wave, but bandwidth determines the sharpness of the peak. To resolve two targets close together, you need a ""sharp"" pulse, which mathematically requires a wide frequency spectrum.","The confusion stems from a common misunderstanding of what ""sampling rate"" does in radar. While the Nyquist-Shannon sampling theorem states that a sampling rate determines the maximum frequency you can accurately reconstruct, the ""resolution"" of a pulse in the time domain is determined by the duration of the pulse's main lobe, not the sampling frequency of the electronics.

In pulse-compressed radar, time resolution (Δ t) is inversely proportional to the bandwidth (B) of the signal's spectrum: Δ t ≈ 1/B. When engineers say there isn't enough bandwidth, they mean the pulse is ""too wide"" in time because the signal doesn't occupy enough frequencies. Even if you sample that signal at an incredibly high rate, the overlapping energy of a wide pulse remains indistinguishable from a narrow one. Sampling allows you to see the shape of the wave, but bandwidth determines the sharpness of the peak. To resolve two targets close together, you need a ""sharp"" pulse, which mathematically requires a wide frequency spectrum.",gemma-4-12b,google,False,163,1043,test,gemma-4-12b-q4_k_m,final-2026-09-20,You are answering questions the way a knowledgeable person would in an online discussion. Write in plain prose. Do not restate the question or add a preamble. Begin with the answer itself.,110,170,8192,none,,end_turn,ollama-local-gemma-4-12b,2026-09-28 06:37:14.279453+00:00,11.9,gemma4:12b,q4_k_m,16384,8192,False,"{""temperature"": ""1"", ""top_k"": ""64"", ""top_p"": ""0.95""}","The confusion stems from a common misunderstanding of what ""sampling rate"" does in radar. While the Nyquist-Shannon sampling theorem states that a sampling rate determines the maximum frequency you can accurately reconstruct, the ""resolution"" of a pulse in the time domain is determined by the duration of the pulse's main lobe, not the sampling frequency of the electronics.

In pulse-compressed radar, time resolution (Δ t) is inversely proportional to the bandwidth (B) of the signal's spectrum: Δ t ≈ 1/B. When engineers say there isn't enough bandwidth, they mean the pulse is ""too wide"" in time because the signal doesn't occupy enough frequencies. Even if you sample that signal at an incredibly high rate, the overlapping energy of a wide pulse remains indistinguishable from a narrow one. Sampling allows you to see the shape of the wave, but bandwidth determines the sharpness of the peak. To resolve two targets close together, you need a ""sharp"" pulse, which mathematically requires a wide frequency spectrum.","The confusion stems from a common misunderstanding of what ""sampling rate"" does in radar. While the Nyquist-Shannon sampling theorem states that a sampling rate determines the maximum frequency you can accurately reconstruct, the ""resolution"" of a pulse in the time domain is determined by the duration of the pulse's main lobe, not the sampling frequency of the electronics. In pulse-compressed radar, time resolution (Δ t) is inversely proportional to the bandwidth (B) of the signal's spectrum: Δ t ≈ 1/B. When engineers say there isn't enough bandwidth, they mean the pulse is ""too wide"" in time because the signal doesn't occupy enough frequencies. Even if you sample that signal at an incredibly high rate, the overlapping energy of a wide pulse remains indistinguishable from a narrow one. Sampling allows you to see the shape of the wave, but bandwidth determines the sharpness of the peak. To resolve two targets close together, you need a ""sharp"" pulse, which mathematically requires a wide frequency spectrum.","The confusion stems from a common misunderstanding of what ""sampling rate"" does in radar. While the Nyquist-Shannon sampling theorem states that a sampling rate determines the maximum frequency you can accurately reconstruct, the ""resolution"" of a pulse in the time domain is determined by the duration of the pulse's main lobe, not the sampling frequency of the electronics. In pulse-compressed radar, time resolution (Δ t) is inversely proportional to the bandwidth (B) of the signal's spectrum: Δ t ≈ 1/B. When engineers say there isn't enough bandwidth, they mean the pulse is ""too wide"" in time because the signal doesn't occupy enough frequencies. Even if you sample that signal at an incredibly high rate, the overlapping energy of a wide pulse remains indistinguishable from a narrow one. Sampling allows you to see the shape of the wave, but bandwidth determines the sharpness of the peak. To resolve two targets close together, you need a ""sharp"" pulse, which mathematically requires a wide frequency spectrum.",the confusion stems from a common misunderstanding of what sampling rate does in radar while the nyquist shannon sampling theorem states that a sampling rate determines the maximum frequency you can accurately reconstruct the resolution of a pulse in the time domain is determined by the duration of the pulse's main lobe not the sampling frequency of the electronics in pulse compressed radar time resolution δ t is inversely proportional to the bandwidth b of the signal's spectrum δ t 1 b when engineers say there isn't enough bandwidth they mean the pulse is too wide in time because the signal doesn't occupy enough frequencies even if you sample that signal at an incredibly high rate the overlapping energy of a wide pulse remains indistinguishable from a narrow one sampling allows you to see the shape of the wave but bandwidth determines the sharpness of the peak to resolve two targets close together you need a sharp pulse which mathematically requires a wide frequency spectrum
technical_0354__gemma-4-12b,technical_0354,technical,Can anyone state the difference between frequency response and impulse response in simple English?,"In simple terms, frequency response and impulse response are two different ways of looking at how a system—like a speaker, a room, or a piece of electronic equipment—handles sound.

Think of the impulse response as a ""time-domain"" view. It shows how the system reacts to a single, instantaneous burst of energy (the impulse). It tells you exactly how the system echoes, sustains, or distorts a sound over a specific period of time. If you have a clear impulse response, you can see the exact timing of reflections in a room.

Frequency response is the ""frequency-domain"" view. It shows how the system treats different pitches (highs, mids, and lows) regardless of time. It tells you if the system is ""flat"" or if it boosts certain notes. While impulse response describes the ""shape"" of the sound over time, frequency response describes the ""color"" of the sound across the musical spectrum. Both are essential for understanding how a system behaves.","In simple terms, frequency response and impulse response are two different ways of looking at how a system—like a speaker, a room, or a piece of electronic equipment—handles sound.

Think of the impulse response as a ""time-domain"" view. It shows how the system reacts to a single, instantaneous burst of energy (the impulse). It tells you exactly how the system echoes, sustains, or distorts a sound over a specific period of time. If you have a clear impulse response, you can see the exact timing of reflections in a room.

Frequency response is the ""frequency-domain"" view. It shows how the system treats different pitches (highs, mids, and lows) regardless of time. It tells you if the system is ""flat"" or if it boosts certain notes. While impulse response describes the ""shape"" of the sound over time, frequency response describes the ""color"" of the sound across the musical spectrum. Both are essential for understanding how a system behaves.",gemma-4-12b,google,False,157,948,test,gemma-4-12b-q4_k_m,final-2026-09-20,You are answering questions the way a knowledgeable person would in an online discussion. Write in plain prose. Do not restate the question or add a preamble. Begin with the answer itself.,110,170,8192,none,,end_turn,ollama-local-gemma-4-12b,2026-09-28 06:37:17.847279+00:00,11.9,gemma4:12b,q4_k_m,16384,8192,False,"{""temperature"": ""1"", ""top_k"": ""64"", ""top_p"": ""0.95""}","In simple terms, frequency response and impulse response are two different ways of looking at how a system - like a speaker, a room, or a piece of electronic equipment - handles sound.

Think of the impulse response as a ""time-domain"" view. It shows how the system reacts to a single, instantaneous burst of energy (the impulse). It tells you exactly how the system echoes, sustains, or distorts a sound over a specific period of time. If you have a clear impulse response, you can see the exact timing of reflections in a room.

Frequency response is the ""frequency-domain"" view. It shows how the system treats different pitches (highs, mids, and lows) regardless of time. It tells you if the system is ""flat"" or if it boosts certain notes. While impulse response describes the ""shape"" of the sound over time, frequency response describes the ""color"" of the sound across the musical spectrum. Both are essential for understanding how a system behaves.","In simple terms, frequency response and impulse response are two different ways of looking at how a system—like a speaker, a room, or a piece of electronic equipment—handles sound. Think of the impulse response as a ""time-domain"" view. It shows how the system reacts to a single, instantaneous burst of energy (the impulse). It tells you exactly how the system echoes, sustains, or distorts a sound over a specific period of time. If you have a clear impulse response, you can see the exact timing of reflections in a room. Frequency response is the ""frequency-domain"" view. It shows how the system treats different pitches (highs, mids, and lows) regardless of time. It tells you if the system is ""flat"" or if it boosts certain notes. While impulse response describes the ""shape"" of the sound over time, frequency response describes the ""color"" of the sound across the musical spectrum. Both are essential for understanding how a system behaves.","In simple terms, frequency response and impulse response are two different ways of looking at how a system - like a speaker, a room, or a piece of electronic equipment - handles sound. Think of the impulse response as a ""time-domain"" view. It shows how the system reacts to a single, instantaneous burst of energy (the impulse). It tells you exactly how the system echoes, sustains, or distorts a sound over a specific period of time. If you have a clear impulse response, you can see the exact timing of reflections in a room. Frequency response is the ""frequency-domain"" view. It shows how the system treats different pitches (highs, mids, and lows) regardless of time. It tells you if the system is ""flat"" or if it boosts certain notes. While impulse response describes the ""shape"" of the sound over time, frequency response describes the ""color"" of the sound across the musical spectrum. Both are essential for understanding how a system behaves.",in simple terms frequency response and impulse response are two different ways of looking at how a system like a speaker a room or a piece of electronic equipment handles sound think of the impulse response as a time domain view it shows how the system reacts to a single instantaneous burst of energy the impulse it tells you exactly how the system echoes sustains or distorts a sound over a specific period of time if you have a clear impulse response you can see the exact timing of reflections in a room frequency response is the frequency domain view it shows how the system treats different pitches highs mids and lows regardless of time it tells you if the system is flat or if it boosts certain notes while impulse response describes the shape of the sound over time frequency response describes the color of the sound across the musical spectrum both are essential for understanding how a system behaves
technical_0358__gemma-4-12b,technical_0358,technical,"I need help understanding how/what does it mean to ""turn"" a transformation parameters into a vote. I know how to recover the transformation parameters (in my case: 6 DOF), but how this turns into a vote in 6D (??) space ?

Thank You !","In the context of multi-view geometry and 3D reconstruction, ""turning a transformation into a vote"" refers to a probabilistic approach to consensus, typically used in algorithms like RANSAC or bundle adjustment. When you extract a transformation—such as a 6 DOF pose consisting of a rotation and a translation—you are essentially identifying a candidate solution that aligns a point cloud or feature set from one coordinate system to another.

To turn this into a vote, you map each specific transformation onto a point in a higher-dimensional manifold or configuration space. If your system yields multiple candidate transformations due to noise or ambiguities, each candidate represents a ""vote"" for where the object exists in 3D space. By accumulating these votes, you can apply a voting scheme (like a voting scheme on the SE(3) manifold) to find the most statistically likely transformation. This allows the system to filter out outliers by selecting the transformation that receives the most consistent support from the aggregate data.","In the context of multi-view geometry and 3D reconstruction, ""turning a transformation into a vote"" refers to a probabilistic approach to consensus, typically used in algorithms like RANSAC or bundle adjustment. When you extract a transformation—such as a 6 DOF pose consisting of a rotation and a translation—you are essentially identifying a candidate solution that aligns a point cloud or feature set from one coordinate system to another.

To turn this into a vote, you map each specific transformation onto a point in a higher-dimensional manifold or configuration space. If your system yields multiple candidate transformations due to noise or ambiguities, each candidate represents a ""vote"" for where the object exists in 3D space. By accumulating these votes, you can apply a voting scheme (like a voting scheme on the SE(3) manifold) to find the most statistically likely transformation. This allows the system to filter out outliers by selecting the transformation that receives the most consistent support from the aggregate data.",gemma-4-12b,google,False,161,1041,test,gemma-4-12b-q4_k_m,final-2026-09-20,You are answering questions the way a knowledgeable person would in an online discussion. Write in plain prose. Do not restate the question or add a preamble. Begin with the answer itself.,110,170,8192,none,,end_turn,ollama-local-gemma-4-12b,2026-09-28 06:37:21.326153+00:00,11.9,gemma4:12b,q4_k_m,16384,8192,False,"{""temperature"": ""1"", ""top_k"": ""64"", ""top_p"": ""0.95""}","In the context of multi-view geometry and 3D reconstruction, ""turning a transformation into a vote"" refers to a probabilistic approach to consensus, typically used in algorithms like RANSAC or bundle adjustment. When you extract a transformation - such as a 6 DOF pose consisting of a rotation and a translation - you are essentially identifying a candidate solution that aligns a point cloud or feature set from one coordinate system to another.

To turn this into a vote, you map each specific transformation onto a point in a higher-dimensional manifold or configuration space. If your system yields multiple candidate transformations due to noise or ambiguities, each candidate represents a ""vote"" for where the object exists in 3D space. By accumulating these votes, you can apply a voting scheme (like a voting scheme on the SE(3) manifold) to find the most statistically likely transformation. This allows the system to filter out outliers by selecting the transformation that receives the most consistent support from the aggregate data.","In the context of multi-view geometry and 3D reconstruction, ""turning a transformation into a vote"" refers to a probabilistic approach to consensus, typically used in algorithms like RANSAC or bundle adjustment. When you extract a transformation—such as a 6 DOF pose consisting of a rotation and a translation—you are essentially identifying a candidate solution that aligns a point cloud or feature set from one coordinate system to another. To turn this into a vote, you map each specific transformation onto a point in a higher-dimensional manifold or configuration space. If your system yields multiple candidate transformations due to noise or ambiguities, each candidate represents a ""vote"" for where the object exists in 3D space. By accumulating these votes, you can apply a voting scheme (like a voting scheme on the SE(3) manifold) to find the most statistically likely transformation. This allows the system to filter out outliers by selecting the transformation that receives the most consistent support from the aggregate data.","In the context of multi-view geometry and 3D reconstruction, ""turning a transformation into a vote"" refers to a probabilistic approach to consensus, typically used in algorithms like RANSAC or bundle adjustment. When you extract a transformation - such as a 6 DOF pose consisting of a rotation and a translation - you are essentially identifying a candidate solution that aligns a point cloud or feature set from one coordinate system to another. To turn this into a vote, you map each specific transformation onto a point in a higher-dimensional manifold or configuration space. If your system yields multiple candidate transformations due to noise or ambiguities, each candidate represents a ""vote"" for where the object exists in 3D space. By accumulating these votes, you can apply a voting scheme (like a voting scheme on the SE(3) manifold) to find the most statistically likely transformation. This allows the system to filter out outliers by selecting the transformation that receives the most consistent support from the aggregate data.",in the context of multi view geometry and 3d reconstruction turning a transformation into a vote refers to a probabilistic approach to consensus typically used in algorithms like ransac or bundle adjustment when you extract a transformation such as a 6 dof pose consisting of a rotation and a translation you are essentially identifying a candidate solution that aligns a point cloud or feature set from one coordinate system to another to turn this into a vote you map each specific transformation onto a point in a higher dimensional manifold or configuration space if your system yields multiple candidate transformations due to noise or ambiguities each candidate represents a vote for where the object exists in 3d space by accumulating these votes you can apply a voting scheme like a voting scheme on the se 3 manifold to find the most statistically likely transformation this allows the system to filter out outliers by selecting the transformation that receives the most consistent support from the aggregate data
technical_0359__gemma-4-12b,technical_0359,technical,"I performed 512 point FFT on a signal. I got another set of 512 Numbers. I understand that those numbers represent amplitude of the various sine and cosine waves having different frequencies.

If my understanding is correct can somebody tell me how to know the frequencies of those sine and cosine waves from the knowledge of those 512-numbers (i.e amplitudes) ?","To determine the frequencies associated with each of your 512 results, you must map the index of each bin to its corresponding frequency based on the sampling rate of your original signal. The relationship is linear: each bin represents a specific ""bucket"" of frequency. To calculate the frequency of a specific bin, you use the formula $f = \frac{k \cdot Fs}{N}$, where $k$ is the index of the bin (from 0 to 511), $Fs$ is your sampling frequency (e.g., 44,100 Hz), and $N$ is the total number of points in the FFT (in your case, 512).

For example, if you sampled at 1024 Hz, bin 1 would represent approximately 2 Hz. Note that the first half of the array represents positive frequencies, while the second half (the ""negative"" frequencies) are typically mirrored in real-valued signals. This mapping allows you to pinpoint exactly which sine and cosine components are present in your data.","To determine the frequencies associated with each of your 512 results, you must map the index of each bin to its corresponding frequency based on the sampling rate of your original signal. The relationship is linear: each bin represents a specific ""bucket"" of frequency. To calculate the frequency of a specific bin, you use the formula f = (k · Fs)/(N), where k is the index of the bin (from 0 to 511), Fs is your sampling frequency (e.g., 44,100 Hz), and N is the total number of points in the FFT (in your case, 512).

For example, if you sampled at 1024 Hz, bin 1 would represent approximately 2 Hz. Note that the first half of the array represents positive frequencies, while the second half (the ""negative"" frequencies) are typically mirrored in real-valued signals. This mapping allows you to pinpoint exactly which sine and cosine components are present in your data.",gemma-4-12b,google,False,152,891,test,gemma-4-12b-q4_k_m,final-2026-09-20,You are answering questions the way a knowledgeable person would in an online discussion. Write in plain prose. Do not restate the question or add a preamble. Begin with the answer itself.,110,170,8192,none,,end_turn,ollama-local-gemma-4-12b,2026-09-28 06:37:25.260074+00:00,11.9,gemma4:12b,q4_k_m,16384,8192,False,"{""temperature"": ""1"", ""top_k"": ""64"", ""top_p"": ""0.95""}","To determine the frequencies associated with each of your 512 results, you must map the index of each bin to its corresponding frequency based on the sampling rate of your original signal. The relationship is linear: each bin represents a specific ""bucket"" of frequency. To calculate the frequency of a specific bin, you use the formula f = (k · Fs)/(N), where k is the index of the bin (from 0 to 511), Fs is your sampling frequency (e.g., 44,100 Hz), and N is the total number of points in the FFT (in your case, 512).

For example, if you sampled at 1024 Hz, bin 1 would represent approximately 2 Hz. Note that the first half of the array represents positive frequencies, while the second half (the ""negative"" frequencies) are typically mirrored in real-valued signals. This mapping allows you to pinpoint exactly which sine and cosine components are present in your data.","To determine the frequencies associated with each of your 512 results, you must map the index of each bin to its corresponding frequency based on the sampling rate of your original signal. The relationship is linear: each bin represents a specific ""bucket"" of frequency. To calculate the frequency of a specific bin, you use the formula f = (k · Fs)/(N), where k is the index of the bin (from 0 to 511), Fs is your sampling frequency (e.g., 44,100 Hz), and N is the total number of points in the FFT (in your case, 512). For example, if you sampled at 1024 Hz, bin 1 would represent approximately 2 Hz. Note that the first half of the array represents positive frequencies, while the second half (the ""negative"" frequencies) are typically mirrored in real-valued signals. This mapping allows you to pinpoint exactly which sine and cosine components are present in your data.","To determine the frequencies associated with each of your 512 results, you must map the index of each bin to its corresponding frequency based on the sampling rate of your original signal. The relationship is linear: each bin represents a specific ""bucket"" of frequency. To calculate the frequency of a specific bin, you use the formula f = (k · Fs)/(N), where k is the index of the bin (from 0 to 511), Fs is your sampling frequency (e.g., 44,100 Hz), and N is the total number of points in the FFT (in your case, 512). For example, if you sampled at 1024 Hz, bin 1 would represent approximately 2 Hz. Note that the first half of the array represents positive frequencies, while the second half (the ""negative"" frequencies) are typically mirrored in real-valued signals. This mapping allows you to pinpoint exactly which sine and cosine components are present in your data.",to determine the frequencies associated with each of your 512 results you must map the index of each bin to its corresponding frequency based on the sampling rate of your original signal the relationship is linear each bin represents a specific bucket of frequency to calculate the frequency of a specific bin you use the formula f k fs n where k is the index of the bin from 0 to 511 fs is your sampling frequency e g 44 100 hz and n is the total number of points in the fft in your case 512 for example if you sampled at 1024 hz bin 1 would represent approximately 2 hz note that the first half of the array represents positive frequencies while the second half the negative frequencies are typically mirrored in real valued signals this mapping allows you to pinpoint exactly which sine and cosine components are present in your data
technical_0361__gemma-4-12b,technical_0361,technical,"I have convolved a random signal with a a Gaussian and added noise (Poisson noise in this case) to generate a noisy signal. Now I would like to deconvolve this noisy signal to extract the original signal using the same Gaussian.

The problem is that I need a code which does the job of deconvolution in 1D. (I have already found some in 2D but my main aim is 1D).

Can you please suggest me some packages or programs that are able to do so? (Preferably in MATLAB)

Thanks in advance for the help.","In MATLAB, the most standard and robust way to handle this problem is through the **Signal Processing Toolbox**. Specifically, the `deconvlucy` or `deconvwnr` functions are designed to handle deconvolution. Since you are dealing with a Gaussian blur (which is often used in optical systems or physical measurements), `deconvwnr` (deconvolution with Wiener filtering) is typically the preferred choice. It allows you to specify the signal-to-noise ratio (SNR) to balance the trade-off between over-smoothing and over-amplifying high-frequency noise.

If the noise is specifically Poissonian, you might find that standard Wiener filters slightly underestimate the noise at lower signal intensities, but they generally perform well for 1D signals. Alternatively, if you require a more sophisticated iterative approach, the **Image Processing Toolbox** (which functions perfectly for 1D arrays) includes `deconvlucy2` or `deconvreg`, though these are more common in 2D. For pure 1D signal processing, sticking to the `deconvwnr` function is the most direct and standard path.","In MATLAB, the most standard and robust way to handle this problem is through the Signal Processing Toolbox. Specifically, the deconvlucy or deconvwnr functions are designed to handle deconvolution. Since you are dealing with a Gaussian blur (which is often used in optical systems or physical measurements), deconvwnr (deconvolution with Wiener filtering) is typically the preferred choice. It allows you to specify the signal-to-noise ratio (SNR) to balance the trade-off between over-smoothing and over-amplifying high-frequency noise.

If the noise is specifically Poissonian, you might find that standard Wiener filters slightly underestimate the noise at lower signal intensities, but they generally perform well for 1D signals. Alternatively, if you require a more sophisticated iterative approach, the Image Processing Toolbox (which functions perfectly for 1D arrays) includes deconvlucy2 or deconvreg, though these are more common in 2D. For pure 1D signal processing, sticking to the deconvwnr function is the most direct and standard path.",gemma-4-12b,google,False,152,1071,test,gemma-4-12b-q4_k_m,final-2026-09-20,You are answering questions the way a knowledgeable person would in an online discussion. Write in plain prose. Do not restate the question or add a preamble. Begin with the answer itself.,110,170,8192,none,,end_turn,ollama-local-gemma-4-12b,2026-09-28 06:37:29.379095+00:00,11.9,gemma4:12b,q4_k_m,16384,8192,False,"{""temperature"": ""1"", ""top_k"": ""64"", ""top_p"": ""0.95""}","In MATLAB, the most standard and robust way to handle this problem is through the Signal Processing Toolbox. Specifically, the deconvlucy or deconvwnr functions are designed to handle deconvolution. Since you are dealing with a Gaussian blur (which is often used in optical systems or physical measurements), deconvwnr (deconvolution with Wiener filtering) is typically the preferred choice. It allows you to specify the signal-to-noise ratio (SNR) to balance the trade-off between over-smoothing and over-amplifying high-frequency noise.

If the noise is specifically Poissonian, you might find that standard Wiener filters slightly underestimate the noise at lower signal intensities, but they generally perform well for 1D signals. Alternatively, if you require a more sophisticated iterative approach, the Image Processing Toolbox (which functions perfectly for 1D arrays) includes deconvlucy2 or deconvreg, though these are more common in 2D. For pure 1D signal processing, sticking to the deconvwnr function is the most direct and standard path.","In MATLAB, the most standard and robust way to handle this problem is through the Signal Processing Toolbox. Specifically, the deconvlucy or deconvwnr functions are designed to handle deconvolution. Since you are dealing with a Gaussian blur (which is often used in optical systems or physical measurements), deconvwnr (deconvolution with Wiener filtering) is typically the preferred choice. It allows you to specify the signal-to-noise ratio (SNR) to balance the trade-off between over-smoothing and over-amplifying high-frequency noise. If the noise is specifically Poissonian, you might find that standard Wiener filters slightly underestimate the noise at lower signal intensities, but they generally perform well for 1D signals. Alternatively, if you require a more sophisticated iterative approach, the Image Processing Toolbox (which functions perfectly for 1D arrays) includes deconvlucy2 or deconvreg, though these are more common in 2D. For pure 1D signal processing, sticking to the deconvwnr function is the most direct and standard path.","In MATLAB, the most standard and robust way to handle this problem is through the Signal Processing Toolbox. Specifically, the deconvlucy or deconvwnr functions are designed to handle deconvolution. Since you are dealing with a Gaussian blur (which is often used in optical systems or physical measurements), deconvwnr (deconvolution with Wiener filtering) is typically the preferred choice. It allows you to specify the signal-to-noise ratio (SNR) to balance the trade-off between over-smoothing and over-amplifying high-frequency noise. If the noise is specifically Poissonian, you might find that standard Wiener filters slightly underestimate the noise at lower signal intensities, but they generally perform well for 1D signals. Alternatively, if you require a more sophisticated iterative approach, the Image Processing Toolbox (which functions perfectly for 1D arrays) includes deconvlucy2 or deconvreg, though these are more common in 2D. For pure 1D signal processing, sticking to the deconvwnr function is the most direct and standard path.",in matlab the most standard and robust way to handle this problem is through the signal processing toolbox specifically the deconvlucy or deconvwnr functions are designed to handle deconvolution since you are dealing with a gaussian blur which is often used in optical systems or physical measurements deconvwnr deconvolution with wiener filtering is typically the preferred choice it allows you to specify the signal to noise ratio snr to balance the trade off between over smoothing and over amplifying high frequency noise if the noise is specifically poissonian you might find that standard wiener filters slightly underestimate the noise at lower signal intensities but they generally perform well for 1d signals alternatively if you require a more sophisticated iterative approach the image processing toolbox which functions perfectly for 1d arrays includes deconvlucy2 or deconvreg though these are more common in 2d for pure 1d signal processing sticking to the deconvwnr function is the most direct and standard path
technical_0370__gemma-4-12b,technical_0370,technical,"I know the basic working principle of sinusoidal oscillators. But I have a doubt on this matter when I came across Gram-Schmidt orthogonalization procedure. I have read that the source for sinusoid signal output from an oscillator is the noise. Due to controlled positive feedback a single frequency component is selected and amplified, right? If the noise is a white noise, we say it has all frequency components. We think in terms of all possible sinusoids with different frequencies. When coming to frequency response too, we think in terms of sinusoids. Why can't we think in terms of other orthogonal basis set? Although it makes life difficult, I would like to know the justification for thinking in terms of sinusoids. Is sinusoids the nature's default signals?","While you could mathematically use any orthogonal basis, such as wavelets or polynomials, sinusoids are favored because they are the eigenfunctions of linear time-invariant (LTI) systems. In physics and engineering, a system's behavior is often governed by differential equations where the operator is a derivative. Because the derivative of a complex exponential $e^{i\omega t}$ is simply a constant multiple of itself, these functions remain ""shape-invariant"" as they pass through a circuit or medium.

This property allows the Fourier Transform to decompose complex signals into independent components. If you used a different basis, the components would ""mix"" during propagation, making the frequency response impossible to define independently. Sinusoids are not necessarily ""nature's default"" in a biological sense, but they are the ""natural"" mathematical language for waves and oscillations. They provide a unique bridge between the time domain and the frequency domain, simplifying the analysis of how physical systems process information.","While you could mathematically use any orthogonal basis, such as wavelets or polynomials, sinusoids are favored because they are the eigenfunctions of linear time-invariant (LTI) systems. In physics and engineering, a system's behavior is often governed by differential equations where the operator is a derivative. Because the derivative of a complex exponential e^(iω t) is simply a constant multiple of itself, these functions remain ""shape-invariant"" as they pass through a circuit or medium.

This property allows the Fourier Transform to decompose complex signals into independent components. If you used a different basis, the components would ""mix"" during propagation, making the frequency response impossible to define independently. Sinusoids are not necessarily ""nature's default"" in a biological sense, but they are the ""natural"" mathematical language for waves and oscillations. They provide a unique bridge between the time domain and the frequency domain, simplifying the analysis of how physical systems process information.",gemma-4-12b,google,False,149,1047,test,gemma-4-12b-q4_k_m,final-2026-09-20,You are answering questions the way a knowledgeable person would in an online discussion. Write in plain prose. Do not restate the question or add a preamble. Begin with the answer itself.,110,170,8192,none,,end_turn,ollama-local-gemma-4-12b,2026-09-28 06:37:32.878639+00:00,11.9,gemma4:12b,q4_k_m,16384,8192,False,"{""temperature"": ""1"", ""top_k"": ""64"", ""top_p"": ""0.95""}","While you could mathematically use any orthogonal basis, such as wavelets or polynomials, sinusoids are favored because they are the eigenfunctions of linear time-invariant (LTI) systems. In physics and engineering, a system's behavior is often governed by differential equations where the operator is a derivative. Because the derivative of a complex exponential e^(iω t) is simply a constant multiple of itself, these functions remain ""shape-invariant"" as they pass through a circuit or medium.

This property allows the Fourier Transform to decompose complex signals into independent components. If you used a different basis, the components would ""mix"" during propagation, making the frequency response impossible to define independently. Sinusoids are not necessarily ""nature's default"" in a biological sense, but they are the ""natural"" mathematical language for waves and oscillations. They provide a unique bridge between the time domain and the frequency domain, simplifying the analysis of how physical systems process information.","While you could mathematically use any orthogonal basis, such as wavelets or polynomials, sinusoids are favored because they are the eigenfunctions of linear time-invariant (LTI) systems. In physics and engineering, a system's behavior is often governed by differential equations where the operator is a derivative. Because the derivative of a complex exponential e^(iω t) is simply a constant multiple of itself, these functions remain ""shape-invariant"" as they pass through a circuit or medium. This property allows the Fourier Transform to decompose complex signals into independent components. If you used a different basis, the components would ""mix"" during propagation, making the frequency response impossible to define independently. Sinusoids are not necessarily ""nature's default"" in a biological sense, but they are the ""natural"" mathematical language for waves and oscillations. They provide a unique bridge between the time domain and the frequency domain, simplifying the analysis of how physical systems process information.","While you could mathematically use any orthogonal basis, such as wavelets or polynomials, sinusoids are favored because they are the eigenfunctions of linear time-invariant (LTI) systems. In physics and engineering, a system's behavior is often governed by differential equations where the operator is a derivative. Because the derivative of a complex exponential e^(iω t) is simply a constant multiple of itself, these functions remain ""shape-invariant"" as they pass through a circuit or medium. This property allows the Fourier Transform to decompose complex signals into independent components. If you used a different basis, the components would ""mix"" during propagation, making the frequency response impossible to define independently. Sinusoids are not necessarily ""nature's default"" in a biological sense, but they are the ""natural"" mathematical language for waves and oscillations. They provide a unique bridge between the time domain and the frequency domain, simplifying the analysis of how physical systems process information.",while you could mathematically use any orthogonal basis such as wavelets or polynomials sinusoids are favored because they are the eigenfunctions of linear time invariant lti systems in physics and engineering a system's behavior is often governed by differential equations where the operator is a derivative because the derivative of a complex exponential e iω t is simply a constant multiple of itself these functions remain shape invariant as they pass through a circuit or medium this property allows the fourier transform to decompose complex signals into independent components if you used a different basis the components would mix during propagation making the frequency response impossible to define independently sinusoids are not necessarily nature's default in a biological sense but they are the natural mathematical language for waves and oscillations they provide a unique bridge between the time domain and the frequency domain simplifying the analysis of how physical systems process information
technical_0371__gemma-4-12b,technical_0371,technical,What's the correct way. Should I zero-pad a signal before or after applying a windowing function?,"In digital signal processing, you should apply the windowing function before zero-padding. The mathematical purpose of a window function, such as Hamming or Hann, is to taper the edges of a finite segment of data to reduce spectral leakage caused by discontinuities at the boundaries. When you apply a window, you are defining the ""active"" portion of your signal in the time domain.

Zero-padding occurs after windowing to increase the density of the sampled points in the frequency domain. It does not change the information content of the signal; it simply interpolates the Discrete Fourier Transform (DFT) result, making the peaks easier to identify. If you were to zero-pad before windowing, the window function would be applied to the padded zeros as if they were part of the original signal, potentially distorting the shape of the window and failing to properly smooth the transition. Therefore, windowing defines the content, while zero-padding defines the resolution of your visual representation.","In digital signal processing, you should apply the windowing function before zero-padding. The mathematical purpose of a window function, such as Hamming or Hann, is to taper the edges of a finite segment of data to reduce spectral leakage caused by discontinuities at the boundaries. When you apply a window, you are defining the ""active"" portion of your signal in the time domain.

Zero-padding occurs after windowing to increase the density of the sampled points in the frequency domain. It does not change the information content of the signal; it simply interpolates the Discrete Fourier Transform (DFT) result, making the peaks easier to identify. If you were to zero-pad before windowing, the window function would be applied to the padded zeros as if they were part of the original signal, potentially distorting the shape of the window and failing to properly smooth the transition. Therefore, windowing defines the content, while zero-padding defines the resolution of your visual representation.",gemma-4-12b,google,False,158,1006,test,gemma-4-12b-q4_k_m,final-2026-09-20,You are answering questions the way a knowledgeable person would in an online discussion. Write in plain prose. Do not restate the question or add a preamble. Begin with the answer itself.,110,170,8192,none,,end_turn,ollama-local-gemma-4-12b,2026-09-28 06:37:36.304362+00:00,11.9,gemma4:12b,q4_k_m,16384,8192,False,"{""temperature"": ""1"", ""top_k"": ""64"", ""top_p"": ""0.95""}","In digital signal processing, you should apply the windowing function before zero-padding. The mathematical purpose of a window function, such as Hamming or Hann, is to taper the edges of a finite segment of data to reduce spectral leakage caused by discontinuities at the boundaries. When you apply a window, you are defining the ""active"" portion of your signal in the time domain.

Zero-padding occurs after windowing to increase the density of the sampled points in the frequency domain. It does not change the information content of the signal; it simply interpolates the Discrete Fourier Transform (DFT) result, making the peaks easier to identify. If you were to zero-pad before windowing, the window function would be applied to the padded zeros as if they were part of the original signal, potentially distorting the shape of the window and failing to properly smooth the transition. Therefore, windowing defines the content, while zero-padding defines the resolution of your visual representation.","In digital signal processing, you should apply the windowing function before zero-padding. The mathematical purpose of a window function, such as Hamming or Hann, is to taper the edges of a finite segment of data to reduce spectral leakage caused by discontinuities at the boundaries. When you apply a window, you are defining the ""active"" portion of your signal in the time domain. Zero-padding occurs after windowing to increase the density of the sampled points in the frequency domain. It does not change the information content of the signal; it simply interpolates the Discrete Fourier Transform (DFT) result, making the peaks easier to identify. If you were to zero-pad before windowing, the window function would be applied to the padded zeros as if they were part of the original signal, potentially distorting the shape of the window and failing to properly smooth the transition. Therefore, windowing defines the content, while zero-padding defines the resolution of your visual representation.","In digital signal processing, you should apply the windowing function before zero-padding. The mathematical purpose of a window function, such as Hamming or Hann, is to taper the edges of a finite segment of data to reduce spectral leakage caused by discontinuities at the boundaries. When you apply a window, you are defining the ""active"" portion of your signal in the time domain. Zero-padding occurs after windowing to increase the density of the sampled points in the frequency domain. It does not change the information content of the signal; it simply interpolates the Discrete Fourier Transform (DFT) result, making the peaks easier to identify. If you were to zero-pad before windowing, the window function would be applied to the padded zeros as if they were part of the original signal, potentially distorting the shape of the window and failing to properly smooth the transition. Therefore, windowing defines the content, while zero-padding defines the resolution of your visual representation.",in digital signal processing you should apply the windowing function before zero padding the mathematical purpose of a window function such as hamming or hann is to taper the edges of a finite segment of data to reduce spectral leakage caused by discontinuities at the boundaries when you apply a window you are defining the active portion of your signal in the time domain zero padding occurs after windowing to increase the density of the sampled points in the frequency domain it does not change the information content of the signal it simply interpolates the discrete fourier transform dft result making the peaks easier to identify if you were to zero pad before windowing the window function would be applied to the padded zeros as if they were part of the original signal potentially distorting the shape of the window and failing to properly smooth the transition therefore windowing defines the content while zero padding defines the resolution of your visual representation
technical_0372__gemma-4-12b,technical_0372,technical,"When energy is referred to as the square summable sequence, is that energy a representation of the power of the signal? How is the energy of frequency determined?

E.g. what if an audio signal has high energy on the higher frequencies and another has high energy on the lower, bass, frequencies, how is this determined?

What exactly is the power from the square summable series representing then and is it useful for audio?","In signal processing, ""energy"" as a square summable sequence refers to the total area under the squared magnitude of the signal over time. While energy and power are related, they are distinct concepts. Power is the average energy per unit of time; for a continuous, non-decaying signal like a sustained musical note, we discuss power, whereas for a finite pulse or a transient, we discuss energy. 

To determine energy in specific frequency bands, we use the Fourier Transform. By converting the time-domain signal into the frequency domain, we can calculate the magnitude of components at specific frequencies. If a signal has high energy in high frequencies, the magnitude of the corresponding coefficients in the high-frequency spectrum will be large. This is highly useful for audio, as it allows engineers to quantify ""brightness"" or ""bass"" quantitatively, enabling precise equalization and compression by isolating and manipulating specific spectral energy levels.","In signal processing, ""energy"" as a square summable sequence refers to the total area under the squared magnitude of the signal over time. While energy and power are related, they are distinct concepts. Power is the average energy per unit of time; for a continuous, non-decaying signal like a sustained musical note, we discuss power, whereas for a finite pulse or a transient, we discuss energy.

To determine energy in specific frequency bands, we use the Fourier Transform. By converting the time-domain signal into the frequency domain, we can calculate the magnitude of components at specific frequencies. If a signal has high energy in high frequencies, the magnitude of the corresponding coefficients in the high-frequency spectrum will be large. This is highly useful for audio, as it allows engineers to quantify ""brightness"" or ""bass"" quantitatively, enabling precise equalization and compression by isolating and manipulating specific spectral energy levels.",gemma-4-12b,google,False,148,971,test,gemma-4-12b-q4_k_m,final-2026-09-20,You are answering questions the way a knowledgeable person would in an online discussion. Write in plain prose. Do not restate the question or add a preamble. Begin with the answer itself.,110,170,8192,none,,end_turn,ollama-local-gemma-4-12b,2026-09-28 06:37:39.599348+00:00,11.9,gemma4:12b,q4_k_m,16384,8192,False,"{""temperature"": ""1"", ""top_k"": ""64"", ""top_p"": ""0.95""}","In signal processing, ""energy"" as a square summable sequence refers to the total area under the squared magnitude of the signal over time. While energy and power are related, they are distinct concepts. Power is the average energy per unit of time; for a continuous, non-decaying signal like a sustained musical note, we discuss power, whereas for a finite pulse or a transient, we discuss energy.

To determine energy in specific frequency bands, we use the Fourier Transform. By converting the time-domain signal into the frequency domain, we can calculate the magnitude of components at specific frequencies. If a signal has high energy in high frequencies, the magnitude of the corresponding coefficients in the high-frequency spectrum will be large. This is highly useful for audio, as it allows engineers to quantify ""brightness"" or ""bass"" quantitatively, enabling precise equalization and compression by isolating and manipulating specific spectral energy levels.","In signal processing, ""energy"" as a square summable sequence refers to the total area under the squared magnitude of the signal over time. While energy and power are related, they are distinct concepts. Power is the average energy per unit of time; for a continuous, non-decaying signal like a sustained musical note, we discuss power, whereas for a finite pulse or a transient, we discuss energy. To determine energy in specific frequency bands, we use the Fourier Transform. By converting the time-domain signal into the frequency domain, we can calculate the magnitude of components at specific frequencies. If a signal has high energy in high frequencies, the magnitude of the corresponding coefficients in the high-frequency spectrum will be large. This is highly useful for audio, as it allows engineers to quantify ""brightness"" or ""bass"" quantitatively, enabling precise equalization and compression by isolating and manipulating specific spectral energy levels.","In signal processing, ""energy"" as a square summable sequence refers to the total area under the squared magnitude of the signal over time. While energy and power are related, they are distinct concepts. Power is the average energy per unit of time; for a continuous, non-decaying signal like a sustained musical note, we discuss power, whereas for a finite pulse or a transient, we discuss energy. To determine energy in specific frequency bands, we use the Fourier Transform. By converting the time-domain signal into the frequency domain, we can calculate the magnitude of components at specific frequencies. If a signal has high energy in high frequencies, the magnitude of the corresponding coefficients in the high-frequency spectrum will be large. This is highly useful for audio, as it allows engineers to quantify ""brightness"" or ""bass"" quantitatively, enabling precise equalization and compression by isolating and manipulating specific spectral energy levels.",in signal processing energy as a square summable sequence refers to the total area under the squared magnitude of the signal over time while energy and power are related they are distinct concepts power is the average energy per unit of time for a continuous non decaying signal like a sustained musical note we discuss power whereas for a finite pulse or a transient we discuss energy to determine energy in specific frequency bands we use the fourier transform by converting the time domain signal into the frequency domain we can calculate the magnitude of components at specific frequencies if a signal has high energy in high frequencies the magnitude of the corresponding coefficients in the high frequency spectrum will be large this is highly useful for audio as it allows engineers to quantify brightness or bass quantitatively enabling precise equalization and compression by isolating and manipulating specific spectral energy levels
technical_0379__gemma-4-12b,technical_0379,technical,"What's the difference between these? Both are measurements of some form of signal power, but surely there's some difference between the power they are measuring?","While both terms refer to the strength of a signal, the distinction lies in the point of measurement and the scope of the signal's characteristics. **Signal Power** is a general term describing the total energy of a signal over a specific duration. When we speak of power in this context, we are often referring to the raw intensity of the transmission, regardless of the environmental factors affecting it.

**Received Power** (often measured in dBm or dBmI) specifically quantifies the power that actually reaches a destination after traveling through space or a medium. It accounts for ""path loss""—the degradation caused by distance, obstacles, and atmospheric conditions. While Signal Power describes the source's output or the total available energy, Received Power is the practical metric used to determine if a device can successfully decode information. In short, Signal Power measures what is being sent or exists, while Received Power measures what successfully arrives.","While both terms refer to the strength of a signal, the distinction lies in the point of measurement and the scope of the signal's characteristics. Signal Power is a general term describing the total energy of a signal over a specific duration. When we speak of power in this context, we are often referring to the raw intensity of the transmission, regardless of the environmental factors affecting it.

Received Power (often measured in dBm or dBmI) specifically quantifies the power that actually reaches a destination after traveling through space or a medium. It accounts for ""path loss""—the degradation caused by distance, obstacles, and atmospheric conditions. While Signal Power describes the source's output or the total available energy, Received Power is the practical metric used to determine if a device can successfully decode information. In short, Signal Power measures what is being sent or exists, while Received Power measures what successfully arrives.",gemma-4-12b,google,False,151,980,test,gemma-4-12b-q4_k_m,final-2026-09-20,You are answering questions the way a knowledgeable person would in an online discussion. Write in plain prose. Do not restate the question or add a preamble. Begin with the answer itself.,110,170,8192,none,,end_turn,ollama-local-gemma-4-12b,2026-09-28 06:37:42.892140+00:00,11.9,gemma4:12b,q4_k_m,16384,8192,False,"{""temperature"": ""1"", ""top_k"": ""64"", ""top_p"": ""0.95""}","While both terms refer to the strength of a signal, the distinction lies in the point of measurement and the scope of the signal's characteristics. Signal Power is a general term describing the total energy of a signal over a specific duration. When we speak of power in this context, we are often referring to the raw intensity of the transmission, regardless of the environmental factors affecting it.

Received Power (often measured in dBm or dBmI) specifically quantifies the power that actually reaches a destination after traveling through space or a medium. It accounts for ""path loss"" - the degradation caused by distance, obstacles, and atmospheric conditions. While Signal Power describes the source's output or the total available energy, Received Power is the practical metric used to determine if a device can successfully decode information. In short, Signal Power measures what is being sent or exists, while Received Power measures what successfully arrives.","While both terms refer to the strength of a signal, the distinction lies in the point of measurement and the scope of the signal's characteristics. Signal Power is a general term describing the total energy of a signal over a specific duration. When we speak of power in this context, we are often referring to the raw intensity of the transmission, regardless of the environmental factors affecting it. Received Power (often measured in dBm or dBmI) specifically quantifies the power that actually reaches a destination after traveling through space or a medium. It accounts for ""path loss""—the degradation caused by distance, obstacles, and atmospheric conditions. While Signal Power describes the source's output or the total available energy, Received Power is the practical metric used to determine if a device can successfully decode information. In short, Signal Power measures what is being sent or exists, while Received Power measures what successfully arrives.","While both terms refer to the strength of a signal, the distinction lies in the point of measurement and the scope of the signal's characteristics. Signal Power is a general term describing the total energy of a signal over a specific duration. When we speak of power in this context, we are often referring to the raw intensity of the transmission, regardless of the environmental factors affecting it. Received Power (often measured in dBm or dBmI) specifically quantifies the power that actually reaches a destination after traveling through space or a medium. It accounts for ""path loss"" - the degradation caused by distance, obstacles, and atmospheric conditions. While Signal Power describes the source's output or the total available energy, Received Power is the practical metric used to determine if a device can successfully decode information. In short, Signal Power measures what is being sent or exists, while Received Power measures what successfully arrives.",while both terms refer to the strength of a signal the distinction lies in the point of measurement and the scope of the signal's characteristics signal power is a general term describing the total energy of a signal over a specific duration when we speak of power in this context we are often referring to the raw intensity of the transmission regardless of the environmental factors affecting it received power often measured in dbm or dbmi specifically quantifies the power that actually reaches a destination after traveling through space or a medium it accounts for path loss the degradation caused by distance obstacles and atmospheric conditions while signal power describes the source's output or the total available energy received power is the practical metric used to determine if a device can successfully decode information in short signal power measures what is being sent or exists while received power measures what successfully arrives
technical_0390__gemma-4-12b,technical_0390,technical,"My understanding of Pulse Doppler Radar is the system measures Time Of Flight for the pulse.

My confusion is that during the down conversion process prior to ADC the lowpass filter causes some time delay in addition to the time of flight. In principle the delay should be known beforehand but I'm sure it's not exact and in general the delay is not completely constant even among the band of interest.

How is this delay dealt with?","In practical radar engineering, the concern regarding group delay in the analog front-end is addressed through a combination of system calibration and the use of ""transparent"" components. While it is true that filters and mixers introduce phase shifts and group delays, these are generally treated as deterministic constants within the operational bandwidth of the system. 

Engineers typically account for this by performing a calibration step where a reference signal of known timing is passed through the RF chain. This allows the system to calculate a ""time offset"" or ""internal delay"" and subtract it from the raw Time of Flight measurement during processing. Furthermore, modern hardware designs strive to minimize this issue by using wideband components with flat group delay characteristics across the entire band of interest. This ensures that while a slight delay exists, it remains constant enough that it does not degrade the precision of the range measurement or the accuracy of the Doppler shift calculations.","In practical radar engineering, the concern regarding group delay in the analog front-end is addressed through a combination of system calibration and the use of ""transparent"" components. While it is true that filters and mixers introduce phase shifts and group delays, these are generally treated as deterministic constants within the operational bandwidth of the system.

Engineers typically account for this by performing a calibration step where a reference signal of known timing is passed through the RF chain. This allows the system to calculate a ""time offset"" or ""internal delay"" and subtract it from the raw Time of Flight measurement during processing. Furthermore, modern hardware designs strive to minimize this issue by using wideband components with flat group delay characteristics across the entire band of interest. This ensures that while a slight delay exists, it remains constant enough that it does not degrade the precision of the range measurement or the accuracy of the Doppler shift calculations.",gemma-4-12b,google,False,157,1023,test,gemma-4-12b-q4_k_m,final-2026-09-20,You are answering questions the way a knowledgeable person would in an online discussion. Write in plain prose. Do not restate the question or add a preamble. Begin with the answer itself.,110,170,8192,none,,end_turn,ollama-local-gemma-4-12b,2026-09-28 06:37:46.186485+00:00,11.9,gemma4:12b,q4_k_m,16384,8192,False,"{""temperature"": ""1"", ""top_k"": ""64"", ""top_p"": ""0.95""}","In practical radar engineering, the concern regarding group delay in the analog front-end is addressed through a combination of system calibration and the use of ""transparent"" components. While it is true that filters and mixers introduce phase shifts and group delays, these are generally treated as deterministic constants within the operational bandwidth of the system.

Engineers typically account for this by performing a calibration step where a reference signal of known timing is passed through the RF chain. This allows the system to calculate a ""time offset"" or ""internal delay"" and subtract it from the raw Time of Flight measurement during processing. Furthermore, modern hardware designs strive to minimize this issue by using wideband components with flat group delay characteristics across the entire band of interest. This ensures that while a slight delay exists, it remains constant enough that it does not degrade the precision of the range measurement or the accuracy of the Doppler shift calculations.","In practical radar engineering, the concern regarding group delay in the analog front-end is addressed through a combination of system calibration and the use of ""transparent"" components. While it is true that filters and mixers introduce phase shifts and group delays, these are generally treated as deterministic constants within the operational bandwidth of the system. Engineers typically account for this by performing a calibration step where a reference signal of known timing is passed through the RF chain. This allows the system to calculate a ""time offset"" or ""internal delay"" and subtract it from the raw Time of Flight measurement during processing. Furthermore, modern hardware designs strive to minimize this issue by using wideband components with flat group delay characteristics across the entire band of interest. This ensures that while a slight delay exists, it remains constant enough that it does not degrade the precision of the range measurement or the accuracy of the Doppler shift calculations.","In practical radar engineering, the concern regarding group delay in the analog front-end is addressed through a combination of system calibration and the use of ""transparent"" components. While it is true that filters and mixers introduce phase shifts and group delays, these are generally treated as deterministic constants within the operational bandwidth of the system. Engineers typically account for this by performing a calibration step where a reference signal of known timing is passed through the RF chain. This allows the system to calculate a ""time offset"" or ""internal delay"" and subtract it from the raw Time of Flight measurement during processing. Furthermore, modern hardware designs strive to minimize this issue by using wideband components with flat group delay characteristics across the entire band of interest. This ensures that while a slight delay exists, it remains constant enough that it does not degrade the precision of the range measurement or the accuracy of the Doppler shift calculations.",in practical radar engineering the concern regarding group delay in the analog front end is addressed through a combination of system calibration and the use of transparent components while it is true that filters and mixers introduce phase shifts and group delays these are generally treated as deterministic constants within the operational bandwidth of the system engineers typically account for this by performing a calibration step where a reference signal of known timing is passed through the rf chain this allows the system to calculate a time offset or internal delay and subtract it from the raw time of flight measurement during processing furthermore modern hardware designs strive to minimize this issue by using wideband components with flat group delay characteristics across the entire band of interest this ensures that while a slight delay exists it remains constant enough that it does not degrade the precision of the range measurement or the accuracy of the doppler shift calculations
technical_0395__gemma-4-12b,technical_0395,technical,"I want to construct a reference locked sine oscillator. The multibit sine wave is calculated using DDS. The multibit reference signal is typically not sinusoidal, can have offset and substantial noise, but is expected to contain one dominant frequency.

If this dominant frequency is nearly known, a standard PLL approach will work to keep track of the dominant frequency in the reference signal.

However, I now suppose this cannot work to acquire initial reference lock if the dominant frequency is far away from the oscillator frequency. In this case, the PLL gets stuck on a locally dominant frequency.

What is the common approach to resolve this ? Calculating an DFT seems like overkill, since it produces a lot of unnecessary information. A recursive 4 sample Zoom FFT looks a bit more efficient. But maybe there is a way that directly modifies the PLL filter to capture further off frequencies ?

Please let me know if I missed crucial info.","To resolve the issue of an initial lock range being too narrow for your PLL, the standard industry approach is to implement a frequency acquisition stage before the Phase Locked Loop (PLL) takes over. This is often achieved through a ""Coarse-Fine"" architecture.

Instead of modifying the PLL filter—which would compromise its stability and phase noise performance—you use a Frequency Locked Loop (FLL) or a Numerically Controlled Oscillator (NCO) for the initial acquisition. The FLL uses a wider loop bandwidth to quickly pull the frequency into the ""capture range"" of the PLL. Once the frequency error is small enough, the system transitions to the PLL for fine tracking and phase stability.

If the dominant frequency is roughly known but slightly off, a ""Frequency Pre-selection"" step using a coarse NCO search can also work. This avoids the overhead of a full DFT while providing a much wider acquisition window than a standard narrowband PLL filter.","To resolve the issue of an initial lock range being too narrow for your PLL, the standard industry approach is to implement a frequency acquisition stage before the Phase Locked Loop (PLL) takes over. This is often achieved through a ""Coarse-Fine"" architecture.

Instead of modifying the PLL filter—which would compromise its stability and phase noise performance—you use a Frequency Locked Loop (FLL) or a Numerically Controlled Oscillator (NCO) for the initial acquisition. The FLL uses a wider loop bandwidth to quickly pull the frequency into the ""capture range"" of the PLL. Once the frequency error is small enough, the system transitions to the PLL for fine tracking and phase stability.

If the dominant frequency is roughly known but slightly off, a ""Frequency Pre-selection"" step using a coarse NCO search can also work. This avoids the overhead of a full DFT while providing a much wider acquisition window than a standard narrowband PLL filter.",gemma-4-12b,google,False,153,955,test,gemma-4-12b-q4_k_m,final-2026-09-20,You are answering questions the way a knowledgeable person would in an online discussion. Write in plain prose. Do not restate the question or add a preamble. Begin with the answer itself.,110,170,8192,none,,end_turn,ollama-local-gemma-4-12b,2026-09-28 06:37:49.692404+00:00,11.9,gemma4:12b,q4_k_m,16384,8192,False,"{""temperature"": ""1"", ""top_k"": ""64"", ""top_p"": ""0.95""}","To resolve the issue of an initial lock range being too narrow for your PLL, the standard industry approach is to implement a frequency acquisition stage before the Phase Locked Loop (PLL) takes over. This is often achieved through a ""Coarse-Fine"" architecture.

Instead of modifying the PLL filter - which would compromise its stability and phase noise performance - you use a Frequency Locked Loop (FLL) or a Numerically Controlled Oscillator (NCO) for the initial acquisition. The FLL uses a wider loop bandwidth to quickly pull the frequency into the ""capture range"" of the PLL. Once the frequency error is small enough, the system transitions to the PLL for fine tracking and phase stability.

If the dominant frequency is roughly known but slightly off, a ""Frequency Pre-selection"" step using a coarse NCO search can also work. This avoids the overhead of a full DFT while providing a much wider acquisition window than a standard narrowband PLL filter.","To resolve the issue of an initial lock range being too narrow for your PLL, the standard industry approach is to implement a frequency acquisition stage before the Phase Locked Loop (PLL) takes over. This is often achieved through a ""Coarse-Fine"" architecture. Instead of modifying the PLL filter—which would compromise its stability and phase noise performance—you use a Frequency Locked Loop (FLL) or a Numerically Controlled Oscillator (NCO) for the initial acquisition. The FLL uses a wider loop bandwidth to quickly pull the frequency into the ""capture range"" of the PLL. Once the frequency error is small enough, the system transitions to the PLL for fine tracking and phase stability. If the dominant frequency is roughly known but slightly off, a ""Frequency Pre-selection"" step using a coarse NCO search can also work. This avoids the overhead of a full DFT while providing a much wider acquisition window than a standard narrowband PLL filter.","To resolve the issue of an initial lock range being too narrow for your PLL, the standard industry approach is to implement a frequency acquisition stage before the Phase Locked Loop (PLL) takes over. This is often achieved through a ""Coarse-Fine"" architecture. Instead of modifying the PLL filter - which would compromise its stability and phase noise performance - you use a Frequency Locked Loop (FLL) or a Numerically Controlled Oscillator (NCO) for the initial acquisition. The FLL uses a wider loop bandwidth to quickly pull the frequency into the ""capture range"" of the PLL. Once the frequency error is small enough, the system transitions to the PLL for fine tracking and phase stability. If the dominant frequency is roughly known but slightly off, a ""Frequency Pre-selection"" step using a coarse NCO search can also work. This avoids the overhead of a full DFT while providing a much wider acquisition window than a standard narrowband PLL filter.",to resolve the issue of an initial lock range being too narrow for your pll the standard industry approach is to implement a frequency acquisition stage before the phase locked loop pll takes over this is often achieved through a coarse fine architecture instead of modifying the pll filter which would compromise its stability and phase noise performance you use a frequency locked loop fll or a numerically controlled oscillator nco for the initial acquisition the fll uses a wider loop bandwidth to quickly pull the frequency into the capture range of the pll once the frequency error is small enough the system transitions to the pll for fine tracking and phase stability if the dominant frequency is roughly known but slightly off a frequency pre selection step using a coarse nco search can also work this avoids the overhead of a full dft while providing a much wider acquisition window than a standard narrowband pll filter
