answer_id,prompt_id,domain,question,answer_raw,answer_clean,label,vendor,is_reasoning,answer_words,answer_len,split,model_version,system_prompt_version,system_prompt,band_lo,band_hi,max_tokens,effort,temperature,stop_reason,batch_id,generated_at,params_b,ollama_tag,quantization,num_ctx,num_predict,think,model_default_params,answer_clean_nodash,answer_clean_nonl,answer_strict,answer_wordsonly
explanatory_0008__gemma-4-31b,explanatory_0008,explanatory,"Why doesn't solid material, when it breaks simply connect back together? What kept it together that is gone now?","Solid materials are held together by chemical bonds—strong electrical attractions between atoms. When a material breaks, you're applying enough energy to physically snap these bonds. Once they are severed, the atoms are no longer in the precise proximity required to spontaneously pull each other back together. On a microscopic level, a ""clean"" break is actually a jagged landscape of mismatched edges. Even if you push the pieces back together, the atoms don't align perfectly enough to reform the bonds. Furthermore, as soon as a surface is exposed to air, atoms like oxygen quickly bond to the exposed edges, creating a layer of oxidation. This acts as a chemical barrier, preventing the original material from fusing back together without extreme heat or pressure.","Solid materials are held together by chemical bonds—strong electrical attractions between atoms. When a material breaks, you're applying enough energy to physically snap these bonds. Once they are severed, the atoms are no longer in the precise proximity required to spontaneously pull each other back together. On a microscopic level, a ""clean"" break is actually a jagged landscape of mismatched edges. Even if you push the pieces back together, the atoms don't align perfectly enough to reform the bonds. Furthermore, as soon as a surface is exposed to air, atoms like oxygen quickly bond to the exposed edges, creating a layer of oxidation. This acts as a chemical barrier, preventing the original material from fusing back together without extreme heat or pressure.",gemma-4-31b,google,True,122,769,test,gemma-4-31b-q4_k_m,final-2026-09-20,You are answering questions the way a knowledgeable person would in an online discussion. Write in plain prose. Do not restate the question or add a preamble. Begin with the answer itself.,100,140,8192,default,,end_turn,ollama-local-gemma-4-31b,2026-09-28 06:45:38.791280+00:00,31.3,gemma4:31b,q4_k_m,16384,8192,True,"{""temperature"": ""1"", ""top_k"": ""64"", ""top_p"": ""0.95""}","Solid materials are held together by chemical bonds - strong electrical attractions between atoms. When a material breaks, you're applying enough energy to physically snap these bonds. Once they are severed, the atoms are no longer in the precise proximity required to spontaneously pull each other back together. On a microscopic level, a ""clean"" break is actually a jagged landscape of mismatched edges. Even if you push the pieces back together, the atoms don't align perfectly enough to reform the bonds. Furthermore, as soon as a surface is exposed to air, atoms like oxygen quickly bond to the exposed edges, creating a layer of oxidation. This acts as a chemical barrier, preventing the original material from fusing back together without extreme heat or pressure.","Solid materials are held together by chemical bonds—strong electrical attractions between atoms. When a material breaks, you're applying enough energy to physically snap these bonds. Once they are severed, the atoms are no longer in the precise proximity required to spontaneously pull each other back together. On a microscopic level, a ""clean"" break is actually a jagged landscape of mismatched edges. Even if you push the pieces back together, the atoms don't align perfectly enough to reform the bonds. Furthermore, as soon as a surface is exposed to air, atoms like oxygen quickly bond to the exposed edges, creating a layer of oxidation. This acts as a chemical barrier, preventing the original material from fusing back together without extreme heat or pressure.","Solid materials are held together by chemical bonds - strong electrical attractions between atoms. When a material breaks, you're applying enough energy to physically snap these bonds. Once they are severed, the atoms are no longer in the precise proximity required to spontaneously pull each other back together. On a microscopic level, a ""clean"" break is actually a jagged landscape of mismatched edges. Even if you push the pieces back together, the atoms don't align perfectly enough to reform the bonds. Furthermore, as soon as a surface is exposed to air, atoms like oxygen quickly bond to the exposed edges, creating a layer of oxidation. This acts as a chemical barrier, preventing the original material from fusing back together without extreme heat or pressure.",solid materials are held together by chemical bonds strong electrical attractions between atoms when a material breaks you're applying enough energy to physically snap these bonds once they are severed the atoms are no longer in the precise proximity required to spontaneously pull each other back together on a microscopic level a clean break is actually a jagged landscape of mismatched edges even if you push the pieces back together the atoms don't align perfectly enough to reform the bonds furthermore as soon as a surface is exposed to air atoms like oxygen quickly bond to the exposed edges creating a layer of oxidation this acts as a chemical barrier preventing the original material from fusing back together without extreme heat or pressure
explanatory_0009__gemma-4-31b,explanatory_0009,explanatory,"How is it that rich kids in can get into the best and presumably most exclusive (e.g. Ivy League) colleges, despite having average or poor grades in high school?","It often comes down to a mix of systemic advantages and direct financial influence. The most blatant method is through ""development cases,"" where families make massive donations to the university, which can practically guarantee admission. Then there is legacy status, providing a significant boost to children of alumni. Beyond direct money, wealthy students have access to ""prestige"" extracurriculars—like high-end internships or unique global programs—that look impressive on a holistic application and can offset a mediocre GPA. They also frequently employ elite admissions consultants who specialize in framing a narrative that appeals to officers. Ultimately, these students aren't just judged on their transcripts; they are judged on their social capital and the potential value they, or their parents, bring to the school.","It often comes down to a mix of systemic advantages and direct financial influence. The most blatant method is through ""development cases,"" where families make massive donations to the university, which can practically guarantee admission. Then there is legacy status, providing a significant boost to children of alumni. Beyond direct money, wealthy students have access to ""prestige"" extracurriculars—like high-end internships or unique global programs—that look impressive on a holistic application and can offset a mediocre GPA. They also frequently employ elite admissions consultants who specialize in framing a narrative that appeals to officers. Ultimately, these students aren't just judged on their transcripts; they are judged on their social capital and the potential value they, or their parents, bring to the school.",gemma-4-31b,google,True,121,830,test,gemma-4-31b-q4_k_m,final-2026-09-20,You are answering questions the way a knowledgeable person would in an online discussion. Write in plain prose. Do not restate the question or add a preamble. Begin with the answer itself.,100,140,8192,default,,end_turn,ollama-local-gemma-4-31b,2026-09-28 06:46:05.367497+00:00,31.3,gemma4:31b,q4_k_m,16384,8192,True,"{""temperature"": ""1"", ""top_k"": ""64"", ""top_p"": ""0.95""}","It often comes down to a mix of systemic advantages and direct financial influence. The most blatant method is through ""development cases,"" where families make massive donations to the university, which can practically guarantee admission. Then there is legacy status, providing a significant boost to children of alumni. Beyond direct money, wealthy students have access to ""prestige"" extracurriculars - like high-end internships or unique global programs - that look impressive on a holistic application and can offset a mediocre GPA. They also frequently employ elite admissions consultants who specialize in framing a narrative that appeals to officers. Ultimately, these students aren't just judged on their transcripts; they are judged on their social capital and the potential value they, or their parents, bring to the school.","It often comes down to a mix of systemic advantages and direct financial influence. The most blatant method is through ""development cases,"" where families make massive donations to the university, which can practically guarantee admission. Then there is legacy status, providing a significant boost to children of alumni. Beyond direct money, wealthy students have access to ""prestige"" extracurriculars—like high-end internships or unique global programs—that look impressive on a holistic application and can offset a mediocre GPA. They also frequently employ elite admissions consultants who specialize in framing a narrative that appeals to officers. Ultimately, these students aren't just judged on their transcripts; they are judged on their social capital and the potential value they, or their parents, bring to the school.","It often comes down to a mix of systemic advantages and direct financial influence. The most blatant method is through ""development cases,"" where families make massive donations to the university, which can practically guarantee admission. Then there is legacy status, providing a significant boost to children of alumni. Beyond direct money, wealthy students have access to ""prestige"" extracurriculars - like high-end internships or unique global programs - that look impressive on a holistic application and can offset a mediocre GPA. They also frequently employ elite admissions consultants who specialize in framing a narrative that appeals to officers. Ultimately, these students aren't just judged on their transcripts; they are judged on their social capital and the potential value they, or their parents, bring to the school.",it often comes down to a mix of systemic advantages and direct financial influence the most blatant method is through development cases where families make massive donations to the university which can practically guarantee admission then there is legacy status providing a significant boost to children of alumni beyond direct money wealthy students have access to prestige extracurriculars like high end internships or unique global programs that look impressive on a holistic application and can offset a mediocre gpa they also frequently employ elite admissions consultants who specialize in framing a narrative that appeals to officers ultimately these students aren't just judged on their transcripts they are judged on their social capital and the potential value they or their parents bring to the school
explanatory_0021__gemma-4-31b,explanatory_0021,explanatory,What kind of healthcare options do Americans living in poverty or homelessness have?,"Americans living in poverty or homelessness primarily rely on Medicaid, which provides comprehensive health coverage for low-income individuals, though eligibility varies significantly by state. For those without insurance, Federally Qualified Health Centers (FQHCs) are a critical resource, offering primary care on a sliding fee scale based on income. Many cities also host free clinics or non-profit organizations that provide basic medical services and medication. In urgent situations, the Emergency Medical Treatment and Labor Act (EMTALA) mandates that hospitals stabilize patients regardless of their ability to pay, though this isn't a substitute for preventative care. Some urban areas have also implemented ""street medicine"" teams that bring healthcare directly to encampments, bridging the gap for those who cannot reach a clinic.","Americans living in poverty or homelessness primarily rely on Medicaid, which provides comprehensive health coverage for low-income individuals, though eligibility varies significantly by state. For those without insurance, Federally Qualified Health Centers (FQHCs) are a critical resource, offering primary care on a sliding fee scale based on income. Many cities also host free clinics or non-profit organizations that provide basic medical services and medication. In urgent situations, the Emergency Medical Treatment and Labor Act (EMTALA) mandates that hospitals stabilize patients regardless of their ability to pay, though this isn't a substitute for preventative care. Some urban areas have also implemented ""street medicine"" teams that bring healthcare directly to encampments, bridging the gap for those who cannot reach a clinic.",gemma-4-31b,google,True,119,842,test,gemma-4-31b-q4_k_m,final-2026-09-20,You are answering questions the way a knowledgeable person would in an online discussion. Write in plain prose. Do not restate the question or add a preamble. Begin with the answer itself.,100,140,8192,default,,end_turn,ollama-local-gemma-4-31b,2026-09-28 06:47:05.262575+00:00,31.3,gemma4:31b,q4_k_m,16384,8192,True,"{""temperature"": ""1"", ""top_k"": ""64"", ""top_p"": ""0.95""}","Americans living in poverty or homelessness primarily rely on Medicaid, which provides comprehensive health coverage for low-income individuals, though eligibility varies significantly by state. For those without insurance, Federally Qualified Health Centers (FQHCs) are a critical resource, offering primary care on a sliding fee scale based on income. Many cities also host free clinics or non-profit organizations that provide basic medical services and medication. In urgent situations, the Emergency Medical Treatment and Labor Act (EMTALA) mandates that hospitals stabilize patients regardless of their ability to pay, though this isn't a substitute for preventative care. Some urban areas have also implemented ""street medicine"" teams that bring healthcare directly to encampments, bridging the gap for those who cannot reach a clinic.","Americans living in poverty or homelessness primarily rely on Medicaid, which provides comprehensive health coverage for low-income individuals, though eligibility varies significantly by state. For those without insurance, Federally Qualified Health Centers (FQHCs) are a critical resource, offering primary care on a sliding fee scale based on income. Many cities also host free clinics or non-profit organizations that provide basic medical services and medication. In urgent situations, the Emergency Medical Treatment and Labor Act (EMTALA) mandates that hospitals stabilize patients regardless of their ability to pay, though this isn't a substitute for preventative care. Some urban areas have also implemented ""street medicine"" teams that bring healthcare directly to encampments, bridging the gap for those who cannot reach a clinic.","Americans living in poverty or homelessness primarily rely on Medicaid, which provides comprehensive health coverage for low-income individuals, though eligibility varies significantly by state. For those without insurance, Federally Qualified Health Centers (FQHCs) are a critical resource, offering primary care on a sliding fee scale based on income. Many cities also host free clinics or non-profit organizations that provide basic medical services and medication. In urgent situations, the Emergency Medical Treatment and Labor Act (EMTALA) mandates that hospitals stabilize patients regardless of their ability to pay, though this isn't a substitute for preventative care. Some urban areas have also implemented ""street medicine"" teams that bring healthcare directly to encampments, bridging the gap for those who cannot reach a clinic.",americans living in poverty or homelessness primarily rely on medicaid which provides comprehensive health coverage for low income individuals though eligibility varies significantly by state for those without insurance federally qualified health centers fqhcs are a critical resource offering primary care on a sliding fee scale based on income many cities also host free clinics or non profit organizations that provide basic medical services and medication in urgent situations the emergency medical treatment and labor act emtala mandates that hospitals stabilize patients regardless of their ability to pay though this isn't a substitute for preventative care some urban areas have also implemented street medicine teams that bring healthcare directly to encampments bridging the gap for those who cannot reach a clinic
explanatory_0025__gemma-4-31b,explanatory_0025,explanatory,How does a mobile phone connection work,"Your phone converts your voice or data into radio signals, which travel through the air to the nearest cell tower. The geography is divided into ""cells,"" each served by its own tower. Once the tower receives your signal, it forwards it through a high-speed wired network to a switching center. This center acts like a traffic controller, routing the communication to the recipient's current location or out to the wider internet. If you move while talking, the network automatically ""hands off"" your connection to the next tower to prevent the call from dropping. It is essentially a massive grid of wireless access points connected by underground cables that track your identity and location in real-time.","Your phone converts your voice or data into radio signals, which travel through the air to the nearest cell tower. The geography is divided into ""cells,"" each served by its own tower. Once the tower receives your signal, it forwards it through a high-speed wired network to a switching center. This center acts like a traffic controller, routing the communication to the recipient's current location or out to the wider internet. If you move while talking, the network automatically ""hands off"" your connection to the next tower to prevent the call from dropping. It is essentially a massive grid of wireless access points connected by underground cables that track your identity and location in real-time.",gemma-4-31b,google,True,115,706,test,gemma-4-31b-q4_k_m,final-2026-09-20,You are answering questions the way a knowledgeable person would in an online discussion. Write in plain prose. Do not restate the question or add a preamble. Begin with the answer itself.,100,140,8192,default,,end_turn,ollama-local-gemma-4-31b,2026-09-28 06:47:31.281551+00:00,31.3,gemma4:31b,q4_k_m,16384,8192,True,"{""temperature"": ""1"", ""top_k"": ""64"", ""top_p"": ""0.95""}","Your phone converts your voice or data into radio signals, which travel through the air to the nearest cell tower. The geography is divided into ""cells,"" each served by its own tower. Once the tower receives your signal, it forwards it through a high-speed wired network to a switching center. This center acts like a traffic controller, routing the communication to the recipient's current location or out to the wider internet. If you move while talking, the network automatically ""hands off"" your connection to the next tower to prevent the call from dropping. It is essentially a massive grid of wireless access points connected by underground cables that track your identity and location in real-time.","Your phone converts your voice or data into radio signals, which travel through the air to the nearest cell tower. The geography is divided into ""cells,"" each served by its own tower. Once the tower receives your signal, it forwards it through a high-speed wired network to a switching center. This center acts like a traffic controller, routing the communication to the recipient's current location or out to the wider internet. If you move while talking, the network automatically ""hands off"" your connection to the next tower to prevent the call from dropping. It is essentially a massive grid of wireless access points connected by underground cables that track your identity and location in real-time.","Your phone converts your voice or data into radio signals, which travel through the air to the nearest cell tower. The geography is divided into ""cells,"" each served by its own tower. Once the tower receives your signal, it forwards it through a high-speed wired network to a switching center. This center acts like a traffic controller, routing the communication to the recipient's current location or out to the wider internet. If you move while talking, the network automatically ""hands off"" your connection to the next tower to prevent the call from dropping. It is essentially a massive grid of wireless access points connected by underground cables that track your identity and location in real-time.",your phone converts your voice or data into radio signals which travel through the air to the nearest cell tower the geography is divided into cells each served by its own tower once the tower receives your signal it forwards it through a high speed wired network to a switching center this center acts like a traffic controller routing the communication to the recipient's current location or out to the wider internet if you move while talking the network automatically hands off your connection to the next tower to prevent the call from dropping it is essentially a massive grid of wireless access points connected by underground cables that track your identity and location in real time
explanatory_0037__gemma-4-31b,explanatory_0037,explanatory,"Why can Social Security ""run out"" whereas programs like Welfare cannot?","Social Security is structured as a trust fund. It collects payroll taxes and saves surpluses in a reserve. When people say it can ""run out,"" they mean the trust fund's balance hitting zero, at which point payroll taxes alone wouldn't cover full benefits. Welfare programs, like SNAP or TANF, operate on a ""pay-as-you-go"" basis. These are funded through annual congressional appropriations from general tax revenue. There is no separate savings account for welfare to deplete; it is simply a line item in the federal budget. If a welfare program needs more funding, Congress allocates more. The distinction is essentially between a dedicated savings account and a discretionary budget expenditure.","Social Security is structured as a trust fund. It collects payroll taxes and saves surpluses in a reserve. When people say it can ""run out,"" they mean the trust fund's balance hitting zero, at which point payroll taxes alone wouldn't cover full benefits. Welfare programs, like SNAP or TANF, operate on a ""pay-as-you-go"" basis. These are funded through annual congressional appropriations from general tax revenue. There is no separate savings account for welfare to deplete; it is simply a line item in the federal budget. If a welfare program needs more funding, Congress allocates more. The distinction is essentially between a dedicated savings account and a discretionary budget expenditure.",gemma-4-31b,google,True,109,696,test,gemma-4-31b-q4_k_m,final-2026-09-20,You are answering questions the way a knowledgeable person would in an online discussion. Write in plain prose. Do not restate the question or add a preamble. Begin with the answer itself.,100,140,8192,default,,end_turn,ollama-local-gemma-4-31b,2026-09-28 06:47:58.528105+00:00,31.3,gemma4:31b,q4_k_m,16384,8192,True,"{""temperature"": ""1"", ""top_k"": ""64"", ""top_p"": ""0.95""}","Social Security is structured as a trust fund. It collects payroll taxes and saves surpluses in a reserve. When people say it can ""run out,"" they mean the trust fund's balance hitting zero, at which point payroll taxes alone wouldn't cover full benefits. Welfare programs, like SNAP or TANF, operate on a ""pay-as-you-go"" basis. These are funded through annual congressional appropriations from general tax revenue. There is no separate savings account for welfare to deplete; it is simply a line item in the federal budget. If a welfare program needs more funding, Congress allocates more. The distinction is essentially between a dedicated savings account and a discretionary budget expenditure.","Social Security is structured as a trust fund. It collects payroll taxes and saves surpluses in a reserve. When people say it can ""run out,"" they mean the trust fund's balance hitting zero, at which point payroll taxes alone wouldn't cover full benefits. Welfare programs, like SNAP or TANF, operate on a ""pay-as-you-go"" basis. These are funded through annual congressional appropriations from general tax revenue. There is no separate savings account for welfare to deplete; it is simply a line item in the federal budget. If a welfare program needs more funding, Congress allocates more. The distinction is essentially between a dedicated savings account and a discretionary budget expenditure.","Social Security is structured as a trust fund. It collects payroll taxes and saves surpluses in a reserve. When people say it can ""run out,"" they mean the trust fund's balance hitting zero, at which point payroll taxes alone wouldn't cover full benefits. Welfare programs, like SNAP or TANF, operate on a ""pay-as-you-go"" basis. These are funded through annual congressional appropriations from general tax revenue. There is no separate savings account for welfare to deplete; it is simply a line item in the federal budget. If a welfare program needs more funding, Congress allocates more. The distinction is essentially between a dedicated savings account and a discretionary budget expenditure.",social security is structured as a trust fund it collects payroll taxes and saves surpluses in a reserve when people say it can run out they mean the trust fund's balance hitting zero at which point payroll taxes alone wouldn't cover full benefits welfare programs like snap or tanf operate on a pay as you go basis these are funded through annual congressional appropriations from general tax revenue there is no separate savings account for welfare to deplete it is simply a line item in the federal budget if a welfare program needs more funding congress allocates more the distinction is essentially between a dedicated savings account and a discretionary budget expenditure
explanatory_0045__gemma-4-31b,explanatory_0045,explanatory,Why can we move all of our fingers independently of each other minus our ring finger?,"It's mostly down to the way your tendons and muscles are wired. Most of your fingers have their own dedicated muscles to pull them up and out, but the ring finger is different. It shares a common tendon—the extensor digitorum—with the middle and pinky fingers. While your index finger has its own muscle (the extensor indicis) and your pinky has the extensor digiti minimi, the ring finger lacks a unique ""independent"" muscle for extension. This means when you try to lift it, the shared tendon pulls on the surrounding fingers, making it feel stuck. You can still move it, but you lose that precision and independence because the anatomy essentially tethers it to its neighbors.","It's mostly down to the way your tendons and muscles are wired. Most of your fingers have their own dedicated muscles to pull them up and out, but the ring finger is different. It shares a common tendon—the extensor digitorum—with the middle and pinky fingers. While your index finger has its own muscle (the extensor indicis) and your pinky has the extensor digiti minimi, the ring finger lacks a unique ""independent"" muscle for extension. This means when you try to lift it, the shared tendon pulls on the surrounding fingers, making it feel stuck. You can still move it, but you lose that precision and independence because the anatomy essentially tethers it to its neighbors.",gemma-4-31b,google,True,115,679,test,gemma-4-31b-q4_k_m,final-2026-09-20,You are answering questions the way a knowledgeable person would in an online discussion. Write in plain prose. Do not restate the question or add a preamble. Begin with the answer itself.,100,140,8192,default,,end_turn,ollama-local-gemma-4-31b,2026-09-28 06:48:26.467442+00:00,31.3,gemma4:31b,q4_k_m,16384,8192,True,"{""temperature"": ""1"", ""top_k"": ""64"", ""top_p"": ""0.95""}","It's mostly down to the way your tendons and muscles are wired. Most of your fingers have their own dedicated muscles to pull them up and out, but the ring finger is different. It shares a common tendon - the extensor digitorum - with the middle and pinky fingers. While your index finger has its own muscle (the extensor indicis) and your pinky has the extensor digiti minimi, the ring finger lacks a unique ""independent"" muscle for extension. This means when you try to lift it, the shared tendon pulls on the surrounding fingers, making it feel stuck. You can still move it, but you lose that precision and independence because the anatomy essentially tethers it to its neighbors.","It's mostly down to the way your tendons and muscles are wired. Most of your fingers have their own dedicated muscles to pull them up and out, but the ring finger is different. It shares a common tendon—the extensor digitorum—with the middle and pinky fingers. While your index finger has its own muscle (the extensor indicis) and your pinky has the extensor digiti minimi, the ring finger lacks a unique ""independent"" muscle for extension. This means when you try to lift it, the shared tendon pulls on the surrounding fingers, making it feel stuck. You can still move it, but you lose that precision and independence because the anatomy essentially tethers it to its neighbors.","It's mostly down to the way your tendons and muscles are wired. Most of your fingers have their own dedicated muscles to pull them up and out, but the ring finger is different. It shares a common tendon - the extensor digitorum - with the middle and pinky fingers. While your index finger has its own muscle (the extensor indicis) and your pinky has the extensor digiti minimi, the ring finger lacks a unique ""independent"" muscle for extension. This means when you try to lift it, the shared tendon pulls on the surrounding fingers, making it feel stuck. You can still move it, but you lose that precision and independence because the anatomy essentially tethers it to its neighbors.",it's mostly down to the way your tendons and muscles are wired most of your fingers have their own dedicated muscles to pull them up and out but the ring finger is different it shares a common tendon the extensor digitorum with the middle and pinky fingers while your index finger has its own muscle the extensor indicis and your pinky has the extensor digiti minimi the ring finger lacks a unique independent muscle for extension this means when you try to lift it the shared tendon pulls on the surrounding fingers making it feel stuck you can still move it but you lose that precision and independence because the anatomy essentially tethers it to its neighbors
explanatory_0049__gemma-4-31b,explanatory_0049,explanatory,Why does the United States have such a weak mental health care system and a general stigma against it?,"The US system is fragmented largely because of its privatized healthcare model. For too long, insurance companies treated mental health as secondary to physical health, leading to chronic underfunding and a severe shortage of specialists. Even with modern parity laws, navigating the bureaucracy to find affordable care remains a significant barrier.

The stigma is deeply tied to a cultural emphasis on rugged individualism. In a society that prizes self-reliance, struggling with mental health is often viewed as a personal failure rather than a medical issue. This ""bootstraps"" mentality, coupled with a history of isolating patients in institutions, fosters a culture of shame. Many avoid seeking help to avoid being labeled as ""weak"" or ""unstable,"" which keeps the problem hidden until it reaches a crisis level.","The US system is fragmented largely because of its privatized healthcare model. For too long, insurance companies treated mental health as secondary to physical health, leading to chronic underfunding and a severe shortage of specialists. Even with modern parity laws, navigating the bureaucracy to find affordable care remains a significant barrier.

The stigma is deeply tied to a cultural emphasis on rugged individualism. In a society that prizes self-reliance, struggling with mental health is often viewed as a personal failure rather than a medical issue. This ""bootstraps"" mentality, coupled with a history of isolating patients in institutions, fosters a culture of shame. Many avoid seeking help to avoid being labeled as ""weak"" or ""unstable,"" which keeps the problem hidden until it reaches a crisis level.",gemma-4-31b,google,True,125,817,test,gemma-4-31b-q4_k_m,final-2026-09-20,You are answering questions the way a knowledgeable person would in an online discussion. Write in plain prose. Do not restate the question or add a preamble. Begin with the answer itself.,100,140,8192,default,,end_turn,ollama-local-gemma-4-31b,2026-09-28 06:49:36.414000+00:00,31.3,gemma4:31b,q4_k_m,16384,8192,True,"{""temperature"": ""1"", ""top_k"": ""64"", ""top_p"": ""0.95""}","The US system is fragmented largely because of its privatized healthcare model. For too long, insurance companies treated mental health as secondary to physical health, leading to chronic underfunding and a severe shortage of specialists. Even with modern parity laws, navigating the bureaucracy to find affordable care remains a significant barrier.

The stigma is deeply tied to a cultural emphasis on rugged individualism. In a society that prizes self-reliance, struggling with mental health is often viewed as a personal failure rather than a medical issue. This ""bootstraps"" mentality, coupled with a history of isolating patients in institutions, fosters a culture of shame. Many avoid seeking help to avoid being labeled as ""weak"" or ""unstable,"" which keeps the problem hidden until it reaches a crisis level.","The US system is fragmented largely because of its privatized healthcare model. For too long, insurance companies treated mental health as secondary to physical health, leading to chronic underfunding and a severe shortage of specialists. Even with modern parity laws, navigating the bureaucracy to find affordable care remains a significant barrier. The stigma is deeply tied to a cultural emphasis on rugged individualism. In a society that prizes self-reliance, struggling with mental health is often viewed as a personal failure rather than a medical issue. This ""bootstraps"" mentality, coupled with a history of isolating patients in institutions, fosters a culture of shame. Many avoid seeking help to avoid being labeled as ""weak"" or ""unstable,"" which keeps the problem hidden until it reaches a crisis level.","The US system is fragmented largely because of its privatized healthcare model. For too long, insurance companies treated mental health as secondary to physical health, leading to chronic underfunding and a severe shortage of specialists. Even with modern parity laws, navigating the bureaucracy to find affordable care remains a significant barrier. The stigma is deeply tied to a cultural emphasis on rugged individualism. In a society that prizes self-reliance, struggling with mental health is often viewed as a personal failure rather than a medical issue. This ""bootstraps"" mentality, coupled with a history of isolating patients in institutions, fosters a culture of shame. Many avoid seeking help to avoid being labeled as ""weak"" or ""unstable,"" which keeps the problem hidden until it reaches a crisis level.",the us system is fragmented largely because of its privatized healthcare model for too long insurance companies treated mental health as secondary to physical health leading to chronic underfunding and a severe shortage of specialists even with modern parity laws navigating the bureaucracy to find affordable care remains a significant barrier the stigma is deeply tied to a cultural emphasis on rugged individualism in a society that prizes self reliance struggling with mental health is often viewed as a personal failure rather than a medical issue this bootstraps mentality coupled with a history of isolating patients in institutions fosters a culture of shame many avoid seeking help to avoid being labeled as weak or unstable which keeps the problem hidden until it reaches a crisis level
explanatory_0058__gemma-4-31b,explanatory_0058,explanatory,Why do Public Domain books cost money on app stores?,"While the original text of a public domain book is free, you aren't usually paying for the words themselves. You're paying for the specific ""edition."" This includes the labor involved in digitizing the text, correcting OCR errors from old scans, and formatting the layout for modern e-readers. If it's an audiobook, the cost covers the narrator's fee, studio time, and post-production. Some paid versions also include added value like scholarly introductions, annotations, or curated bundles. Essentially, publishers are selling a polished, convenient product rather than the intellectual property of the author. It is the difference between downloading a raw, unformatted text file from a free archive and purchasing a professionally produced ebook that is optimized for your device.","While the original text of a public domain book is free, you aren't usually paying for the words themselves. You're paying for the specific ""edition."" This includes the labor involved in digitizing the text, correcting OCR errors from old scans, and formatting the layout for modern e-readers. If it's an audiobook, the cost covers the narrator's fee, studio time, and post-production. Some paid versions also include added value like scholarly introductions, annotations, or curated bundles. Essentially, publishers are selling a polished, convenient product rather than the intellectual property of the author. It is the difference between downloading a raw, unformatted text file from a free archive and purchasing a professionally produced ebook that is optimized for your device.",gemma-4-31b,google,True,118,784,test,gemma-4-31b-q4_k_m,final-2026-09-20,You are answering questions the way a knowledgeable person would in an online discussion. Write in plain prose. Do not restate the question or add a preamble. Begin with the answer itself.,100,140,8192,default,,end_turn,ollama-local-gemma-4-31b,2026-09-28 06:50:54.380109+00:00,31.3,gemma4:31b,q4_k_m,16384,8192,True,"{""temperature"": ""1"", ""top_k"": ""64"", ""top_p"": ""0.95""}","While the original text of a public domain book is free, you aren't usually paying for the words themselves. You're paying for the specific ""edition."" This includes the labor involved in digitizing the text, correcting OCR errors from old scans, and formatting the layout for modern e-readers. If it's an audiobook, the cost covers the narrator's fee, studio time, and post-production. Some paid versions also include added value like scholarly introductions, annotations, or curated bundles. Essentially, publishers are selling a polished, convenient product rather than the intellectual property of the author. It is the difference between downloading a raw, unformatted text file from a free archive and purchasing a professionally produced ebook that is optimized for your device.","While the original text of a public domain book is free, you aren't usually paying for the words themselves. You're paying for the specific ""edition."" This includes the labor involved in digitizing the text, correcting OCR errors from old scans, and formatting the layout for modern e-readers. If it's an audiobook, the cost covers the narrator's fee, studio time, and post-production. Some paid versions also include added value like scholarly introductions, annotations, or curated bundles. Essentially, publishers are selling a polished, convenient product rather than the intellectual property of the author. It is the difference between downloading a raw, unformatted text file from a free archive and purchasing a professionally produced ebook that is optimized for your device.","While the original text of a public domain book is free, you aren't usually paying for the words themselves. You're paying for the specific ""edition."" This includes the labor involved in digitizing the text, correcting OCR errors from old scans, and formatting the layout for modern e-readers. If it's an audiobook, the cost covers the narrator's fee, studio time, and post-production. Some paid versions also include added value like scholarly introductions, annotations, or curated bundles. Essentially, publishers are selling a polished, convenient product rather than the intellectual property of the author. It is the difference between downloading a raw, unformatted text file from a free archive and purchasing a professionally produced ebook that is optimized for your device.",while the original text of a public domain book is free you aren't usually paying for the words themselves you're paying for the specific edition this includes the labor involved in digitizing the text correcting ocr errors from old scans and formatting the layout for modern e readers if it's an audiobook the cost covers the narrator's fee studio time and post production some paid versions also include added value like scholarly introductions annotations or curated bundles essentially publishers are selling a polished convenient product rather than the intellectual property of the author it is the difference between downloading a raw unformatted text file from a free archive and purchasing a professionally produced ebook that is optimized for your device
explanatory_0067__gemma-4-31b,explanatory_0067,explanatory,"What is happening in your body when you're hungry, but the thought of eating makes you nauseous?","This usually happens when your body's stress response overrides your hunger signals. When you're under high stress or anxiety, your sympathetic nervous system triggers the ""fight or flight"" response. This redirects blood flow away from your digestive tract toward your muscles and heart, effectively shutting down digestion to prioritize immediate survival. Meanwhile, your stomach is still producing ghrelin and acid because you're physically depleted. The resulting conflict between your body's need for fuel and your brain's signal to avoid eating creates that paradoxical feeling of nausea. This can also occur during illness or extreme hunger, where blood sugar drops so low that it triggers nausea, making the prospect of food repulsive despite the physical need for it.","This usually happens when your body's stress response overrides your hunger signals. When you're under high stress or anxiety, your sympathetic nervous system triggers the ""fight or flight"" response. This redirects blood flow away from your digestive tract toward your muscles and heart, effectively shutting down digestion to prioritize immediate survival. Meanwhile, your stomach is still producing ghrelin and acid because you're physically depleted. The resulting conflict between your body's need for fuel and your brain's signal to avoid eating creates that paradoxical feeling of nausea. This can also occur during illness or extreme hunger, where blood sugar drops so low that it triggers nausea, making the prospect of food repulsive despite the physical need for it.",gemma-4-31b,google,True,117,776,test,gemma-4-31b-q4_k_m,final-2026-09-20,You are answering questions the way a knowledgeable person would in an online discussion. Write in plain prose. Do not restate the question or add a preamble. Begin with the answer itself.,100,140,8192,default,,end_turn,ollama-local-gemma-4-31b,2026-09-28 06:51:20.252033+00:00,31.3,gemma4:31b,q4_k_m,16384,8192,True,"{""temperature"": ""1"", ""top_k"": ""64"", ""top_p"": ""0.95""}","This usually happens when your body's stress response overrides your hunger signals. When you're under high stress or anxiety, your sympathetic nervous system triggers the ""fight or flight"" response. This redirects blood flow away from your digestive tract toward your muscles and heart, effectively shutting down digestion to prioritize immediate survival. Meanwhile, your stomach is still producing ghrelin and acid because you're physically depleted. The resulting conflict between your body's need for fuel and your brain's signal to avoid eating creates that paradoxical feeling of nausea. This can also occur during illness or extreme hunger, where blood sugar drops so low that it triggers nausea, making the prospect of food repulsive despite the physical need for it.","This usually happens when your body's stress response overrides your hunger signals. When you're under high stress or anxiety, your sympathetic nervous system triggers the ""fight or flight"" response. This redirects blood flow away from your digestive tract toward your muscles and heart, effectively shutting down digestion to prioritize immediate survival. Meanwhile, your stomach is still producing ghrelin and acid because you're physically depleted. The resulting conflict between your body's need for fuel and your brain's signal to avoid eating creates that paradoxical feeling of nausea. This can also occur during illness or extreme hunger, where blood sugar drops so low that it triggers nausea, making the prospect of food repulsive despite the physical need for it.","This usually happens when your body's stress response overrides your hunger signals. When you're under high stress or anxiety, your sympathetic nervous system triggers the ""fight or flight"" response. This redirects blood flow away from your digestive tract toward your muscles and heart, effectively shutting down digestion to prioritize immediate survival. Meanwhile, your stomach is still producing ghrelin and acid because you're physically depleted. The resulting conflict between your body's need for fuel and your brain's signal to avoid eating creates that paradoxical feeling of nausea. This can also occur during illness or extreme hunger, where blood sugar drops so low that it triggers nausea, making the prospect of food repulsive despite the physical need for it.",this usually happens when your body's stress response overrides your hunger signals when you're under high stress or anxiety your sympathetic nervous system triggers the fight or flight response this redirects blood flow away from your digestive tract toward your muscles and heart effectively shutting down digestion to prioritize immediate survival meanwhile your stomach is still producing ghrelin and acid because you're physically depleted the resulting conflict between your body's need for fuel and your brain's signal to avoid eating creates that paradoxical feeling of nausea this can also occur during illness or extreme hunger where blood sugar drops so low that it triggers nausea making the prospect of food repulsive despite the physical need for it
explanatory_0080__gemma-4-31b,explanatory_0080,explanatory,What is the point of asking if someone's object a wedding? What would really happen?,"Historically, the ""speak now or forever hold your peace"" line served a practical legal purpose. In times when public notices were rare, it gave the community a chance to reveal legal impediments, such as one party already being married or the couple being too closely related. Today, however, it's almost entirely symbolic or a trope from movies. If someone actually stood up and objected during a modern ceremony, it wouldn't automatically cancel the wedding. Legally, the wedding proceeds unless a valid legal barrier is proven. In reality, the officiant would likely ask the objector to leave, and the couple would probably be annoyed. Most modern officiants skip this part entirely to avoid any unnecessary drama or awkwardness on such a big day.","Historically, the ""speak now or forever hold your peace"" line served a practical legal purpose. In times when public notices were rare, it gave the community a chance to reveal legal impediments, such as one party already being married or the couple being too closely related. Today, however, it's almost entirely symbolic or a trope from movies. If someone actually stood up and objected during a modern ceremony, it wouldn't automatically cancel the wedding. Legally, the wedding proceeds unless a valid legal barrier is proven. In reality, the officiant would likely ask the objector to leave, and the couple would probably be annoyed. Most modern officiants skip this part entirely to avoid any unnecessary drama or awkwardness on such a big day.",gemma-4-31b,google,True,122,750,test,gemma-4-31b-q4_k_m,final-2026-09-20,You are answering questions the way a knowledgeable person would in an online discussion. Write in plain prose. Do not restate the question or add a preamble. Begin with the answer itself.,100,140,8192,default,,end_turn,ollama-local-gemma-4-31b,2026-09-28 06:52:32.615893+00:00,31.3,gemma4:31b,q4_k_m,16384,8192,True,"{""temperature"": ""1"", ""top_k"": ""64"", ""top_p"": ""0.95""}","Historically, the ""speak now or forever hold your peace"" line served a practical legal purpose. In times when public notices were rare, it gave the community a chance to reveal legal impediments, such as one party already being married or the couple being too closely related. Today, however, it's almost entirely symbolic or a trope from movies. If someone actually stood up and objected during a modern ceremony, it wouldn't automatically cancel the wedding. Legally, the wedding proceeds unless a valid legal barrier is proven. In reality, the officiant would likely ask the objector to leave, and the couple would probably be annoyed. Most modern officiants skip this part entirely to avoid any unnecessary drama or awkwardness on such a big day.","Historically, the ""speak now or forever hold your peace"" line served a practical legal purpose. In times when public notices were rare, it gave the community a chance to reveal legal impediments, such as one party already being married or the couple being too closely related. Today, however, it's almost entirely symbolic or a trope from movies. If someone actually stood up and objected during a modern ceremony, it wouldn't automatically cancel the wedding. Legally, the wedding proceeds unless a valid legal barrier is proven. In reality, the officiant would likely ask the objector to leave, and the couple would probably be annoyed. Most modern officiants skip this part entirely to avoid any unnecessary drama or awkwardness on such a big day.","Historically, the ""speak now or forever hold your peace"" line served a practical legal purpose. In times when public notices were rare, it gave the community a chance to reveal legal impediments, such as one party already being married or the couple being too closely related. Today, however, it's almost entirely symbolic or a trope from movies. If someone actually stood up and objected during a modern ceremony, it wouldn't automatically cancel the wedding. Legally, the wedding proceeds unless a valid legal barrier is proven. In reality, the officiant would likely ask the objector to leave, and the couple would probably be annoyed. Most modern officiants skip this part entirely to avoid any unnecessary drama or awkwardness on such a big day.",historically the speak now or forever hold your peace line served a practical legal purpose in times when public notices were rare it gave the community a chance to reveal legal impediments such as one party already being married or the couple being too closely related today however it's almost entirely symbolic or a trope from movies if someone actually stood up and objected during a modern ceremony it wouldn't automatically cancel the wedding legally the wedding proceeds unless a valid legal barrier is proven in reality the officiant would likely ask the objector to leave and the couple would probably be annoyed most modern officiants skip this part entirely to avoid any unnecessary drama or awkwardness on such a big day
explanatory_0081__gemma-4-31b,explanatory_0081,explanatory,"Why clubs and bars can apply a cover charge to males only during ""ladies nights"" with out it being sexist, discriminatory, or illegal?","It really depends on where you live, but in many regions, these practices are viewed as promotional marketing rather than prohibited discrimination. The logic is that by incentivizing women to attend, the venue becomes more attractive to men, who are then willing to pay a cover charge to enter. Legally, these are often framed as discounts for one group rather than a penalty for another. However, it's not universally legal; several jurisdictions have actually banned ""ladies nights"" because they violate public accommodation laws that forbid gender-based pricing. So, while it's a common industry standard used to balance the crowd, the legality is actually a bit of a grey area and varies significantly depending on local civil rights laws.","It really depends on where you live, but in many regions, these practices are viewed as promotional marketing rather than prohibited discrimination. The logic is that by incentivizing women to attend, the venue becomes more attractive to men, who are then willing to pay a cover charge to enter. Legally, these are often framed as discounts for one group rather than a penalty for another. However, it's not universally legal; several jurisdictions have actually banned ""ladies nights"" because they violate public accommodation laws that forbid gender-based pricing. So, while it's a common industry standard used to balance the crowd, the legality is actually a bit of a grey area and varies significantly depending on local civil rights laws.",gemma-4-31b,google,True,118,744,test,gemma-4-31b-q4_k_m,final-2026-09-20,You are answering questions the way a knowledgeable person would in an online discussion. Write in plain prose. Do not restate the question or add a preamble. Begin with the answer itself.,100,140,8192,default,,end_turn,ollama-local-gemma-4-31b,2026-09-28 06:53:05.065068+00:00,31.3,gemma4:31b,q4_k_m,16384,8192,True,"{""temperature"": ""1"", ""top_k"": ""64"", ""top_p"": ""0.95""}","It really depends on where you live, but in many regions, these practices are viewed as promotional marketing rather than prohibited discrimination. The logic is that by incentivizing women to attend, the venue becomes more attractive to men, who are then willing to pay a cover charge to enter. Legally, these are often framed as discounts for one group rather than a penalty for another. However, it's not universally legal; several jurisdictions have actually banned ""ladies nights"" because they violate public accommodation laws that forbid gender-based pricing. So, while it's a common industry standard used to balance the crowd, the legality is actually a bit of a grey area and varies significantly depending on local civil rights laws.","It really depends on where you live, but in many regions, these practices are viewed as promotional marketing rather than prohibited discrimination. The logic is that by incentivizing women to attend, the venue becomes more attractive to men, who are then willing to pay a cover charge to enter. Legally, these are often framed as discounts for one group rather than a penalty for another. However, it's not universally legal; several jurisdictions have actually banned ""ladies nights"" because they violate public accommodation laws that forbid gender-based pricing. So, while it's a common industry standard used to balance the crowd, the legality is actually a bit of a grey area and varies significantly depending on local civil rights laws.","It really depends on where you live, but in many regions, these practices are viewed as promotional marketing rather than prohibited discrimination. The logic is that by incentivizing women to attend, the venue becomes more attractive to men, who are then willing to pay a cover charge to enter. Legally, these are often framed as discounts for one group rather than a penalty for another. However, it's not universally legal; several jurisdictions have actually banned ""ladies nights"" because they violate public accommodation laws that forbid gender-based pricing. So, while it's a common industry standard used to balance the crowd, the legality is actually a bit of a grey area and varies significantly depending on local civil rights laws.",it really depends on where you live but in many regions these practices are viewed as promotional marketing rather than prohibited discrimination the logic is that by incentivizing women to attend the venue becomes more attractive to men who are then willing to pay a cover charge to enter legally these are often framed as discounts for one group rather than a penalty for another however it's not universally legal several jurisdictions have actually banned ladies nights because they violate public accommodation laws that forbid gender based pricing so while it's a common industry standard used to balance the crowd the legality is actually a bit of a grey area and varies significantly depending on local civil rights laws
explanatory_0094__gemma-4-31b,explanatory_0094,explanatory,Why do I lose taste when I'm sick?,"Most of what we perceive as ""taste"" is actually smell. When you're sick with a cold or flu, your nasal passages become congested with mucus, which blocks aroma molecules from reaching the olfactory receptors in your nose. Because flavor is a combination of both the taste buds on your tongue and the sense of smell, blocking the nose eliminates the nuance of what you're eating. You can usually still detect basic tastes—like salty, sweet, or bitter—because those are handled solely by the tongue, but the complex flavors that distinguish an apple from a pear disappear. While inflammation can occasionally affect the taste buds directly, the nasal blockage is almost always the primary culprit behind that bland sensation.","Most of what we perceive as ""taste"" is actually smell. When you're sick with a cold or flu, your nasal passages become congested with mucus, which blocks aroma molecules from reaching the olfactory receptors in your nose. Because flavor is a combination of both the taste buds on your tongue and the sense of smell, blocking the nose eliminates the nuance of what you're eating. You can usually still detect basic tastes—like salty, sweet, or bitter—because those are handled solely by the tongue, but the complex flavors that distinguish an apple from a pear disappear. While inflammation can occasionally affect the taste buds directly, the nasal blockage is almost always the primary culprit behind that bland sensation.",gemma-4-31b,google,True,117,723,test,gemma-4-31b-q4_k_m,final-2026-09-20,You are answering questions the way a knowledgeable person would in an online discussion. Write in plain prose. Do not restate the question or add a preamble. Begin with the answer itself.,100,140,8192,default,,end_turn,ollama-local-gemma-4-31b,2026-09-28 06:53:26.311906+00:00,31.3,gemma4:31b,q4_k_m,16384,8192,True,"{""temperature"": ""1"", ""top_k"": ""64"", ""top_p"": ""0.95""}","Most of what we perceive as ""taste"" is actually smell. When you're sick with a cold or flu, your nasal passages become congested with mucus, which blocks aroma molecules from reaching the olfactory receptors in your nose. Because flavor is a combination of both the taste buds on your tongue and the sense of smell, blocking the nose eliminates the nuance of what you're eating. You can usually still detect basic tastes - like salty, sweet, or bitter - because those are handled solely by the tongue, but the complex flavors that distinguish an apple from a pear disappear. While inflammation can occasionally affect the taste buds directly, the nasal blockage is almost always the primary culprit behind that bland sensation.","Most of what we perceive as ""taste"" is actually smell. When you're sick with a cold or flu, your nasal passages become congested with mucus, which blocks aroma molecules from reaching the olfactory receptors in your nose. Because flavor is a combination of both the taste buds on your tongue and the sense of smell, blocking the nose eliminates the nuance of what you're eating. You can usually still detect basic tastes—like salty, sweet, or bitter—because those are handled solely by the tongue, but the complex flavors that distinguish an apple from a pear disappear. While inflammation can occasionally affect the taste buds directly, the nasal blockage is almost always the primary culprit behind that bland sensation.","Most of what we perceive as ""taste"" is actually smell. When you're sick with a cold or flu, your nasal passages become congested with mucus, which blocks aroma molecules from reaching the olfactory receptors in your nose. Because flavor is a combination of both the taste buds on your tongue and the sense of smell, blocking the nose eliminates the nuance of what you're eating. You can usually still detect basic tastes - like salty, sweet, or bitter - because those are handled solely by the tongue, but the complex flavors that distinguish an apple from a pear disappear. While inflammation can occasionally affect the taste buds directly, the nasal blockage is almost always the primary culprit behind that bland sensation.",most of what we perceive as taste is actually smell when you're sick with a cold or flu your nasal passages become congested with mucus which blocks aroma molecules from reaching the olfactory receptors in your nose because flavor is a combination of both the taste buds on your tongue and the sense of smell blocking the nose eliminates the nuance of what you're eating you can usually still detect basic tastes like salty sweet or bitter because those are handled solely by the tongue but the complex flavors that distinguish an apple from a pear disappear while inflammation can occasionally affect the taste buds directly the nasal blockage is almost always the primary culprit behind that bland sensation
explanatory_0099__gemma-4-31b,explanatory_0099,explanatory,Japan adopts negative interest rates. Should everyone else worry?,"Not necessarily, but it's a significant signal. Japan’s move is primarily a targeted attempt to break a decades-long cycle of deflation and spur domestic spending. For most people, this isn't an immediate cause for alarm, but for global markets, it complicates things. It fuels the ""carry trade,"" where investors borrow cheap yen to invest in higher-yielding assets elsewhere, which can artificially inflate asset bubbles in other countries. More broadly, it highlights the limitations of traditional monetary policy. While it doesn't trigger an immediate global crisis, it warns us that developed economies are struggling to generate organic growth. It's less of a reason to panic and more of a cautionary tale about the risks of a permanent low-interest-rate environment.","Not necessarily, but it's a significant signal. Japan's move is primarily a targeted attempt to break a decades-long cycle of deflation and spur domestic spending. For most people, this isn't an immediate cause for alarm, but for global markets, it complicates things. It fuels the ""carry trade,"" where investors borrow cheap yen to invest in higher-yielding assets elsewhere, which can artificially inflate asset bubbles in other countries. More broadly, it highlights the limitations of traditional monetary policy. While it doesn't trigger an immediate global crisis, it warns us that developed economies are struggling to generate organic growth. It's less of a reason to panic and more of a cautionary tale about the risks of a permanent low-interest-rate environment.",gemma-4-31b,google,True,118,773,test,gemma-4-31b-q4_k_m,final-2026-09-20,You are answering questions the way a knowledgeable person would in an online discussion. Write in plain prose. Do not restate the question or add a preamble. Begin with the answer itself.,100,140,8192,default,,end_turn,ollama-local-gemma-4-31b,2026-09-28 06:53:55.343120+00:00,31.3,gemma4:31b,q4_k_m,16384,8192,True,"{""temperature"": ""1"", ""top_k"": ""64"", ""top_p"": ""0.95""}","Not necessarily, but it's a significant signal. Japan's move is primarily a targeted attempt to break a decades-long cycle of deflation and spur domestic spending. For most people, this isn't an immediate cause for alarm, but for global markets, it complicates things. It fuels the ""carry trade,"" where investors borrow cheap yen to invest in higher-yielding assets elsewhere, which can artificially inflate asset bubbles in other countries. More broadly, it highlights the limitations of traditional monetary policy. While it doesn't trigger an immediate global crisis, it warns us that developed economies are struggling to generate organic growth. It's less of a reason to panic and more of a cautionary tale about the risks of a permanent low-interest-rate environment.","Not necessarily, but it's a significant signal. Japan's move is primarily a targeted attempt to break a decades-long cycle of deflation and spur domestic spending. For most people, this isn't an immediate cause for alarm, but for global markets, it complicates things. It fuels the ""carry trade,"" where investors borrow cheap yen to invest in higher-yielding assets elsewhere, which can artificially inflate asset bubbles in other countries. More broadly, it highlights the limitations of traditional monetary policy. While it doesn't trigger an immediate global crisis, it warns us that developed economies are struggling to generate organic growth. It's less of a reason to panic and more of a cautionary tale about the risks of a permanent low-interest-rate environment.","Not necessarily, but it's a significant signal. Japan's move is primarily a targeted attempt to break a decades-long cycle of deflation and spur domestic spending. For most people, this isn't an immediate cause for alarm, but for global markets, it complicates things. It fuels the ""carry trade,"" where investors borrow cheap yen to invest in higher-yielding assets elsewhere, which can artificially inflate asset bubbles in other countries. More broadly, it highlights the limitations of traditional monetary policy. While it doesn't trigger an immediate global crisis, it warns us that developed economies are struggling to generate organic growth. It's less of a reason to panic and more of a cautionary tale about the risks of a permanent low-interest-rate environment.",not necessarily but it's a significant signal japan's move is primarily a targeted attempt to break a decades long cycle of deflation and spur domestic spending for most people this isn't an immediate cause for alarm but for global markets it complicates things it fuels the carry trade where investors borrow cheap yen to invest in higher yielding assets elsewhere which can artificially inflate asset bubbles in other countries more broadly it highlights the limitations of traditional monetary policy while it doesn't trigger an immediate global crisis it warns us that developed economies are struggling to generate organic growth it's less of a reason to panic and more of a cautionary tale about the risks of a permanent low interest rate environment
explanatory_0100__gemma-4-31b,explanatory_0100,explanatory,Why people care/get annoyed at poor grammar,"People usually get annoyed by poor grammar because it increases the cognitive load required to understand a message. When a sentence is poorly constructed, the reader has to stop and decode the meaning, which disrupts the flow of communication and can lead to ambiguity. Beyond clarity, there is a psychological component; many associate correct grammar with education, attention to detail, and professional competence. When these rules are ignored, it can be perceived as laziness or a lack of respect for the audience. Of course, some of this stems from linguistic elitism, where grammar is used as a proxy for social status. Ultimately, the irritation is a mix of a desire for efficiency and ingrained biases regarding intelligence.","People usually get annoyed by poor grammar because it increases the cognitive load required to understand a message. When a sentence is poorly constructed, the reader has to stop and decode the meaning, which disrupts the flow of communication and can lead to ambiguity. Beyond clarity, there is a psychological component; many associate correct grammar with education, attention to detail, and professional competence. When these rules are ignored, it can be perceived as laziness or a lack of respect for the audience. Of course, some of this stems from linguistic elitism, where grammar is used as a proxy for social status. Ultimately, the irritation is a mix of a desire for efficiency and ingrained biases regarding intelligence.",gemma-4-31b,google,True,117,735,test,gemma-4-31b-q4_k_m,final-2026-09-20,You are answering questions the way a knowledgeable person would in an online discussion. Write in plain prose. Do not restate the question or add a preamble. Begin with the answer itself.,100,140,8192,default,,end_turn,ollama-local-gemma-4-31b,2026-09-28 06:54:13.999274+00:00,31.3,gemma4:31b,q4_k_m,16384,8192,True,"{""temperature"": ""1"", ""top_k"": ""64"", ""top_p"": ""0.95""}","People usually get annoyed by poor grammar because it increases the cognitive load required to understand a message. When a sentence is poorly constructed, the reader has to stop and decode the meaning, which disrupts the flow of communication and can lead to ambiguity. Beyond clarity, there is a psychological component; many associate correct grammar with education, attention to detail, and professional competence. When these rules are ignored, it can be perceived as laziness or a lack of respect for the audience. Of course, some of this stems from linguistic elitism, where grammar is used as a proxy for social status. Ultimately, the irritation is a mix of a desire for efficiency and ingrained biases regarding intelligence.","People usually get annoyed by poor grammar because it increases the cognitive load required to understand a message. When a sentence is poorly constructed, the reader has to stop and decode the meaning, which disrupts the flow of communication and can lead to ambiguity. Beyond clarity, there is a psychological component; many associate correct grammar with education, attention to detail, and professional competence. When these rules are ignored, it can be perceived as laziness or a lack of respect for the audience. Of course, some of this stems from linguistic elitism, where grammar is used as a proxy for social status. Ultimately, the irritation is a mix of a desire for efficiency and ingrained biases regarding intelligence.","People usually get annoyed by poor grammar because it increases the cognitive load required to understand a message. When a sentence is poorly constructed, the reader has to stop and decode the meaning, which disrupts the flow of communication and can lead to ambiguity. Beyond clarity, there is a psychological component; many associate correct grammar with education, attention to detail, and professional competence. When these rules are ignored, it can be perceived as laziness or a lack of respect for the audience. Of course, some of this stems from linguistic elitism, where grammar is used as a proxy for social status. Ultimately, the irritation is a mix of a desire for efficiency and ingrained biases regarding intelligence.",people usually get annoyed by poor grammar because it increases the cognitive load required to understand a message when a sentence is poorly constructed the reader has to stop and decode the meaning which disrupts the flow of communication and can lead to ambiguity beyond clarity there is a psychological component many associate correct grammar with education attention to detail and professional competence when these rules are ignored it can be perceived as laziness or a lack of respect for the audience of course some of this stems from linguistic elitism where grammar is used as a proxy for social status ultimately the irritation is a mix of a desire for efficiency and ingrained biases regarding intelligence
explanatory_0104__gemma-4-31b,explanatory_0104,explanatory,Why are the Nobel prizes not awarded posthumously?,"The Nobel prizes aren't awarded posthumously primarily because of the rules established by Alfred Nobel and the statutes of the Nobel Foundation. The governing regulations explicitly state that the prize cannot be granted to someone who has already passed away. The philosophy is to honor living individuals and provide them with recognition and financial support while they can still benefit from it or be celebrated by their peers.

One important nuance is that if a person is officially announced as a laureate but dies before the award ceremony in December, the prize is still given. However, you cannot nominate someone who is already deceased at the time of nomination. This ensures the awards focus on current impact and living legacies rather than historical reflection.","The Nobel prizes aren't awarded posthumously primarily because of the rules established by Alfred Nobel and the statutes of the Nobel Foundation. The governing regulations explicitly state that the prize cannot be granted to someone who has already passed away. The philosophy is to honor living individuals and provide them with recognition and financial support while they can still benefit from it or be celebrated by their peers.

One important nuance is that if a person is officially announced as a laureate but dies before the award ceremony in December, the prize is still given. However, you cannot nominate someone who is already deceased at the time of nomination. This ensures the awards focus on current impact and living legacies rather than historical reflection.",gemma-4-31b,google,True,124,778,test,gemma-4-31b-q4_k_m,final-2026-09-20,You are answering questions the way a knowledgeable person would in an online discussion. Write in plain prose. Do not restate the question or add a preamble. Begin with the answer itself.,100,140,8192,default,,end_turn,ollama-local-gemma-4-31b,2026-09-28 06:55:13.154047+00:00,31.3,gemma4:31b,q4_k_m,16384,8192,True,"{""temperature"": ""1"", ""top_k"": ""64"", ""top_p"": ""0.95""}","The Nobel prizes aren't awarded posthumously primarily because of the rules established by Alfred Nobel and the statutes of the Nobel Foundation. The governing regulations explicitly state that the prize cannot be granted to someone who has already passed away. The philosophy is to honor living individuals and provide them with recognition and financial support while they can still benefit from it or be celebrated by their peers.

One important nuance is that if a person is officially announced as a laureate but dies before the award ceremony in December, the prize is still given. However, you cannot nominate someone who is already deceased at the time of nomination. This ensures the awards focus on current impact and living legacies rather than historical reflection.","The Nobel prizes aren't awarded posthumously primarily because of the rules established by Alfred Nobel and the statutes of the Nobel Foundation. The governing regulations explicitly state that the prize cannot be granted to someone who has already passed away. The philosophy is to honor living individuals and provide them with recognition and financial support while they can still benefit from it or be celebrated by their peers. One important nuance is that if a person is officially announced as a laureate but dies before the award ceremony in December, the prize is still given. However, you cannot nominate someone who is already deceased at the time of nomination. This ensures the awards focus on current impact and living legacies rather than historical reflection.","The Nobel prizes aren't awarded posthumously primarily because of the rules established by Alfred Nobel and the statutes of the Nobel Foundation. The governing regulations explicitly state that the prize cannot be granted to someone who has already passed away. The philosophy is to honor living individuals and provide them with recognition and financial support while they can still benefit from it or be celebrated by their peers. One important nuance is that if a person is officially announced as a laureate but dies before the award ceremony in December, the prize is still given. However, you cannot nominate someone who is already deceased at the time of nomination. This ensures the awards focus on current impact and living legacies rather than historical reflection.",the nobel prizes aren't awarded posthumously primarily because of the rules established by alfred nobel and the statutes of the nobel foundation the governing regulations explicitly state that the prize cannot be granted to someone who has already passed away the philosophy is to honor living individuals and provide them with recognition and financial support while they can still benefit from it or be celebrated by their peers one important nuance is that if a person is officially announced as a laureate but dies before the award ceremony in december the prize is still given however you cannot nominate someone who is already deceased at the time of nomination this ensures the awards focus on current impact and living legacies rather than historical reflection
explanatory_0120__gemma-4-31b,explanatory_0120,explanatory,What would be the actual effects of rolling a grenade down the barrel of a tank?,"In reality, rolling a grenade down a tank barrel likely wouldn't destroy the vehicle. Tank barrels are engineered to withstand the immense pressure of firing high-velocity shells, making them incredibly durable. A grenade's explosive force is relatively small compared to a main gun charge. The blast would most likely vent out the muzzle, as that is the path of least resistance. While the explosion could warp the barrel or damage the internal rifling—effectively ""bricking"" the main gun and rendering it useless—it is highly unlikely to breach the heavy steel of the breech block or kill the crew inside the armored hull. You would effectively disable the tank's primary weapon, but you wouldn't blow up the tank itself.","In reality, rolling a grenade down a tank barrel likely wouldn't destroy the vehicle. Tank barrels are engineered to withstand the immense pressure of firing high-velocity shells, making them incredibly durable. A grenade's explosive force is relatively small compared to a main gun charge. The blast would most likely vent out the muzzle, as that is the path of least resistance. While the explosion could warp the barrel or damage the internal rifling—effectively ""bricking"" the main gun and rendering it useless—it is highly unlikely to breach the heavy steel of the breech block or kill the crew inside the armored hull. You would effectively disable the tank's primary weapon, but you wouldn't blow up the tank itself.",gemma-4-31b,google,True,117,723,test,gemma-4-31b-q4_k_m,final-2026-09-20,You are answering questions the way a knowledgeable person would in an online discussion. Write in plain prose. Do not restate the question or add a preamble. Begin with the answer itself.,100,140,8192,default,,end_turn,ollama-local-gemma-4-31b,2026-09-28 06:55:45.175394+00:00,31.3,gemma4:31b,q4_k_m,16384,8192,True,"{""temperature"": ""1"", ""top_k"": ""64"", ""top_p"": ""0.95""}","In reality, rolling a grenade down a tank barrel likely wouldn't destroy the vehicle. Tank barrels are engineered to withstand the immense pressure of firing high-velocity shells, making them incredibly durable. A grenade's explosive force is relatively small compared to a main gun charge. The blast would most likely vent out the muzzle, as that is the path of least resistance. While the explosion could warp the barrel or damage the internal rifling - effectively ""bricking"" the main gun and rendering it useless - it is highly unlikely to breach the heavy steel of the breech block or kill the crew inside the armored hull. You would effectively disable the tank's primary weapon, but you wouldn't blow up the tank itself.","In reality, rolling a grenade down a tank barrel likely wouldn't destroy the vehicle. Tank barrels are engineered to withstand the immense pressure of firing high-velocity shells, making them incredibly durable. A grenade's explosive force is relatively small compared to a main gun charge. The blast would most likely vent out the muzzle, as that is the path of least resistance. While the explosion could warp the barrel or damage the internal rifling—effectively ""bricking"" the main gun and rendering it useless—it is highly unlikely to breach the heavy steel of the breech block or kill the crew inside the armored hull. You would effectively disable the tank's primary weapon, but you wouldn't blow up the tank itself.","In reality, rolling a grenade down a tank barrel likely wouldn't destroy the vehicle. Tank barrels are engineered to withstand the immense pressure of firing high-velocity shells, making them incredibly durable. A grenade's explosive force is relatively small compared to a main gun charge. The blast would most likely vent out the muzzle, as that is the path of least resistance. While the explosion could warp the barrel or damage the internal rifling - effectively ""bricking"" the main gun and rendering it useless - it is highly unlikely to breach the heavy steel of the breech block or kill the crew inside the armored hull. You would effectively disable the tank's primary weapon, but you wouldn't blow up the tank itself.",in reality rolling a grenade down a tank barrel likely wouldn't destroy the vehicle tank barrels are engineered to withstand the immense pressure of firing high velocity shells making them incredibly durable a grenade's explosive force is relatively small compared to a main gun charge the blast would most likely vent out the muzzle as that is the path of least resistance while the explosion could warp the barrel or damage the internal rifling effectively bricking the main gun and rendering it useless it is highly unlikely to breach the heavy steel of the breech block or kill the crew inside the armored hull you would effectively disable the tank's primary weapon but you wouldn't blow up the tank itself
explanatory_0140__gemma-4-31b,explanatory_0140,explanatory,"If cancer is just cells mutating and dividing without abandon, how does it cause the ""rot"" we see in later stages?","Cancer causes ""rot"" primarily through necrosis. While tumor cells divide rapidly, they often outgrow their own blood supply. They attempt to trigger the growth of new blood vessels, but these are typically malformed and inefficient. When the center of a tumor is deprived of oxygen and nutrients, the cells die and break down, creating a necrotic core of dead tissue.

Furthermore, cancer destroys the architecture of healthy organs as it invades, disrupting the body's natural repair mechanisms. In advanced stages, if a tumor breaks through the skin or compromises the immune system, it allows secondary bacterial infections to take hold. The combination of this internal cellular death, structural organ failure, and opportunistic infections is what leads to the visible decay associated with late-stage cancer.","Cancer causes ""rot"" primarily through necrosis. While tumor cells divide rapidly, they often outgrow their own blood supply. They attempt to trigger the growth of new blood vessels, but these are typically malformed and inefficient. When the center of a tumor is deprived of oxygen and nutrients, the cells die and break down, creating a necrotic core of dead tissue.

Furthermore, cancer destroys the architecture of healthy organs as it invades, disrupting the body's natural repair mechanisms. In advanced stages, if a tumor breaks through the skin or compromises the immune system, it allows secondary bacterial infections to take hold. The combination of this internal cellular death, structural organ failure, and opportunistic infections is what leads to the visible decay associated with late-stage cancer.",gemma-4-31b,google,True,124,814,test,gemma-4-31b-q4_k_m,final-2026-09-20,You are answering questions the way a knowledgeable person would in an online discussion. Write in plain prose. Do not restate the question or add a preamble. Begin with the answer itself.,100,140,8192,default,,end_turn,ollama-local-gemma-4-31b,2026-09-28 06:56:13.522755+00:00,31.3,gemma4:31b,q4_k_m,16384,8192,True,"{""temperature"": ""1"", ""top_k"": ""64"", ""top_p"": ""0.95""}","Cancer causes ""rot"" primarily through necrosis. While tumor cells divide rapidly, they often outgrow their own blood supply. They attempt to trigger the growth of new blood vessels, but these are typically malformed and inefficient. When the center of a tumor is deprived of oxygen and nutrients, the cells die and break down, creating a necrotic core of dead tissue.

Furthermore, cancer destroys the architecture of healthy organs as it invades, disrupting the body's natural repair mechanisms. In advanced stages, if a tumor breaks through the skin or compromises the immune system, it allows secondary bacterial infections to take hold. The combination of this internal cellular death, structural organ failure, and opportunistic infections is what leads to the visible decay associated with late-stage cancer.","Cancer causes ""rot"" primarily through necrosis. While tumor cells divide rapidly, they often outgrow their own blood supply. They attempt to trigger the growth of new blood vessels, but these are typically malformed and inefficient. When the center of a tumor is deprived of oxygen and nutrients, the cells die and break down, creating a necrotic core of dead tissue. Furthermore, cancer destroys the architecture of healthy organs as it invades, disrupting the body's natural repair mechanisms. In advanced stages, if a tumor breaks through the skin or compromises the immune system, it allows secondary bacterial infections to take hold. The combination of this internal cellular death, structural organ failure, and opportunistic infections is what leads to the visible decay associated with late-stage cancer.","Cancer causes ""rot"" primarily through necrosis. While tumor cells divide rapidly, they often outgrow their own blood supply. They attempt to trigger the growth of new blood vessels, but these are typically malformed and inefficient. When the center of a tumor is deprived of oxygen and nutrients, the cells die and break down, creating a necrotic core of dead tissue. Furthermore, cancer destroys the architecture of healthy organs as it invades, disrupting the body's natural repair mechanisms. In advanced stages, if a tumor breaks through the skin or compromises the immune system, it allows secondary bacterial infections to take hold. The combination of this internal cellular death, structural organ failure, and opportunistic infections is what leads to the visible decay associated with late-stage cancer.",cancer causes rot primarily through necrosis while tumor cells divide rapidly they often outgrow their own blood supply they attempt to trigger the growth of new blood vessels but these are typically malformed and inefficient when the center of a tumor is deprived of oxygen and nutrients the cells die and break down creating a necrotic core of dead tissue furthermore cancer destroys the architecture of healthy organs as it invades disrupting the body's natural repair mechanisms in advanced stages if a tumor breaks through the skin or compromises the immune system it allows secondary bacterial infections to take hold the combination of this internal cellular death structural organ failure and opportunistic infections is what leads to the visible decay associated with late stage cancer
explanatory_0184__gemma-4-31b,explanatory_0184,explanatory,"How come sometimes when I'm not hungry, I eat something small and become hungrier?","This usually happens because of how your blood sugar and insulin react. When you eat a small snack, especially something with carbs or sugar, your body releases insulin to manage the glucose. If the snack is too small to sustain you but enough to trigger a significant insulin response, your blood sugar can actually dip lower than it was before you ate, which triggers hunger signals. Additionally, tasting food activates your digestive system. Your brain switches from a ""fasting"" state to an ""eating"" state, stimulating the production of digestive enzymes and hunger hormones. Essentially, you’ve woken up your appetite without providing enough calories to satisfy it, leaving your body craving a full meal.","This usually happens because of how your blood sugar and insulin react. When you eat a small snack, especially something with carbs or sugar, your body releases insulin to manage the glucose. If the snack is too small to sustain you but enough to trigger a significant insulin response, your blood sugar can actually dip lower than it was before you ate, which triggers hunger signals. Additionally, tasting food activates your digestive system. Your brain switches from a ""fasting"" state to an ""eating"" state, stimulating the production of digestive enzymes and hunger hormones. Essentially, you've woken up your appetite without providing enough calories to satisfy it, leaving your body craving a full meal.",gemma-4-31b,google,True,113,710,test,gemma-4-31b-q4_k_m,final-2026-09-20,You are answering questions the way a knowledgeable person would in an online discussion. Write in plain prose. Do not restate the question or add a preamble. Begin with the answer itself.,100,140,8192,default,,end_turn,ollama-local-gemma-4-31b,2026-09-28 06:56:32.888153+00:00,31.3,gemma4:31b,q4_k_m,16384,8192,True,"{""temperature"": ""1"", ""top_k"": ""64"", ""top_p"": ""0.95""}","This usually happens because of how your blood sugar and insulin react. When you eat a small snack, especially something with carbs or sugar, your body releases insulin to manage the glucose. If the snack is too small to sustain you but enough to trigger a significant insulin response, your blood sugar can actually dip lower than it was before you ate, which triggers hunger signals. Additionally, tasting food activates your digestive system. Your brain switches from a ""fasting"" state to an ""eating"" state, stimulating the production of digestive enzymes and hunger hormones. Essentially, you've woken up your appetite without providing enough calories to satisfy it, leaving your body craving a full meal.","This usually happens because of how your blood sugar and insulin react. When you eat a small snack, especially something with carbs or sugar, your body releases insulin to manage the glucose. If the snack is too small to sustain you but enough to trigger a significant insulin response, your blood sugar can actually dip lower than it was before you ate, which triggers hunger signals. Additionally, tasting food activates your digestive system. Your brain switches from a ""fasting"" state to an ""eating"" state, stimulating the production of digestive enzymes and hunger hormones. Essentially, you've woken up your appetite without providing enough calories to satisfy it, leaving your body craving a full meal.","This usually happens because of how your blood sugar and insulin react. When you eat a small snack, especially something with carbs or sugar, your body releases insulin to manage the glucose. If the snack is too small to sustain you but enough to trigger a significant insulin response, your blood sugar can actually dip lower than it was before you ate, which triggers hunger signals. Additionally, tasting food activates your digestive system. Your brain switches from a ""fasting"" state to an ""eating"" state, stimulating the production of digestive enzymes and hunger hormones. Essentially, you've woken up your appetite without providing enough calories to satisfy it, leaving your body craving a full meal.",this usually happens because of how your blood sugar and insulin react when you eat a small snack especially something with carbs or sugar your body releases insulin to manage the glucose if the snack is too small to sustain you but enough to trigger a significant insulin response your blood sugar can actually dip lower than it was before you ate which triggers hunger signals additionally tasting food activates your digestive system your brain switches from a fasting state to an eating state stimulating the production of digestive enzymes and hunger hormones essentially you've woken up your appetite without providing enough calories to satisfy it leaving your body craving a full meal
explanatory_0189__gemma-4-31b,explanatory_0189,explanatory,How does Spotify and Apple Music pay artists?,"Spotify and Apple Music don't actually pay a fixed rate per stream. Instead, they use a ""pro-rata"" system. Essentially, all subscription and ad revenue goes into one big pool. The platforms take their cut, and the remaining money is distributed based on the share of total streams. If an artist accounts for 1% of all streams on the platform, they—or rather, their rightsholders—get 1% of the pool. 

It's important to note that the money rarely goes straight to the artist. It goes to the record label or distributor first, who then pays the artist based on their specific contract. Apple Music generally pays a higher average rate than Spotify because it lacks a free, ad-supported tier, which significantly lowers the average payout.","Spotify and Apple Music don't actually pay a fixed rate per stream. Instead, they use a ""pro-rata"" system. Essentially, all subscription and ad revenue goes into one big pool. The platforms take their cut, and the remaining money is distributed based on the share of total streams. If an artist accounts for 1% of all streams on the platform, they—or rather, their rightsholders—get 1% of the pool.

It's important to note that the money rarely goes straight to the artist. It goes to the record label or distributor first, who then pays the artist based on their specific contract. Apple Music generally pays a higher average rate than Spotify because it lacks a free, ad-supported tier, which significantly lowers the average payout.",gemma-4-31b,google,True,122,736,test,gemma-4-31b-q4_k_m,final-2026-09-20,You are answering questions the way a knowledgeable person would in an online discussion. Write in plain prose. Do not restate the question or add a preamble. Begin with the answer itself.,100,140,8192,default,,end_turn,ollama-local-gemma-4-31b,2026-09-28 06:57:09.184542+00:00,31.3,gemma4:31b,q4_k_m,16384,8192,True,"{""temperature"": ""1"", ""top_k"": ""64"", ""top_p"": ""0.95""}","Spotify and Apple Music don't actually pay a fixed rate per stream. Instead, they use a ""pro-rata"" system. Essentially, all subscription and ad revenue goes into one big pool. The platforms take their cut, and the remaining money is distributed based on the share of total streams. If an artist accounts for 1% of all streams on the platform, they - or rather, their rightsholders - get 1% of the pool.

It's important to note that the money rarely goes straight to the artist. It goes to the record label or distributor first, who then pays the artist based on their specific contract. Apple Music generally pays a higher average rate than Spotify because it lacks a free, ad-supported tier, which significantly lowers the average payout.","Spotify and Apple Music don't actually pay a fixed rate per stream. Instead, they use a ""pro-rata"" system. Essentially, all subscription and ad revenue goes into one big pool. The platforms take their cut, and the remaining money is distributed based on the share of total streams. If an artist accounts for 1% of all streams on the platform, they—or rather, their rightsholders—get 1% of the pool. It's important to note that the money rarely goes straight to the artist. It goes to the record label or distributor first, who then pays the artist based on their specific contract. Apple Music generally pays a higher average rate than Spotify because it lacks a free, ad-supported tier, which significantly lowers the average payout.","Spotify and Apple Music don't actually pay a fixed rate per stream. Instead, they use a ""pro-rata"" system. Essentially, all subscription and ad revenue goes into one big pool. The platforms take their cut, and the remaining money is distributed based on the share of total streams. If an artist accounts for 1% of all streams on the platform, they - or rather, their rightsholders - get 1% of the pool. It's important to note that the money rarely goes straight to the artist. It goes to the record label or distributor first, who then pays the artist based on their specific contract. Apple Music generally pays a higher average rate than Spotify because it lacks a free, ad-supported tier, which significantly lowers the average payout.",spotify and apple music don't actually pay a fixed rate per stream instead they use a pro rata system essentially all subscription and ad revenue goes into one big pool the platforms take their cut and the remaining money is distributed based on the share of total streams if an artist accounts for 1 of all streams on the platform they or rather their rightsholders get 1 of the pool it's important to note that the money rarely goes straight to the artist it goes to the record label or distributor first who then pays the artist based on their specific contract apple music generally pays a higher average rate than spotify because it lacks a free ad supported tier which significantly lowers the average payout
explanatory_0200__gemma-4-31b,explanatory_0200,explanatory,"Why is it legal to copy CD's, but not to copy DVD's?","Actually, it isn't strictly legal to copy copyrighted CDs, but the legal hurdles are different. The main issue with DVDs is encryption. Most CDs are unencrypted, so making a personal backup often falls into a legal gray area or ""fair use."" However, DVDs use the Content Scramble System (CSS) to prevent unauthorized access. In the US, the Digital Millennium Copyright Act (DMCA) makes it illegal to bypass these technical protection measures. Even if you own the disc and are making a copy for personal use, the act of breaking the encryption is a separate legal violation. So, while copyright law applies to both, the anti-circumvention laws specifically target the ""lock"" on DVDs, making the process explicitly illegal.","Actually, it isn't strictly legal to copy copyrighted CDs, but the legal hurdles are different. The main issue with DVDs is encryption. Most CDs are unencrypted, so making a personal backup often falls into a legal gray area or ""fair use."" However, DVDs use the Content Scramble System (CSS) to prevent unauthorized access. In the US, the Digital Millennium Copyright Act (DMCA) makes it illegal to bypass these technical protection measures. Even if you own the disc and are making a copy for personal use, the act of breaking the encryption is a separate legal violation. So, while copyright law applies to both, the anti-circumvention laws specifically target the ""lock"" on DVDs, making the process explicitly illegal.",gemma-4-31b,google,True,117,721,test,gemma-4-31b-q4_k_m,final-2026-09-20,You are answering questions the way a knowledgeable person would in an online discussion. Write in plain prose. Do not restate the question or add a preamble. Begin with the answer itself.,100,140,8192,default,,end_turn,ollama-local-gemma-4-31b,2026-09-28 06:58:11.536908+00:00,31.3,gemma4:31b,q4_k_m,16384,8192,True,"{""temperature"": ""1"", ""top_k"": ""64"", ""top_p"": ""0.95""}","Actually, it isn't strictly legal to copy copyrighted CDs, but the legal hurdles are different. The main issue with DVDs is encryption. Most CDs are unencrypted, so making a personal backup often falls into a legal gray area or ""fair use."" However, DVDs use the Content Scramble System (CSS) to prevent unauthorized access. In the US, the Digital Millennium Copyright Act (DMCA) makes it illegal to bypass these technical protection measures. Even if you own the disc and are making a copy for personal use, the act of breaking the encryption is a separate legal violation. So, while copyright law applies to both, the anti-circumvention laws specifically target the ""lock"" on DVDs, making the process explicitly illegal.","Actually, it isn't strictly legal to copy copyrighted CDs, but the legal hurdles are different. The main issue with DVDs is encryption. Most CDs are unencrypted, so making a personal backup often falls into a legal gray area or ""fair use."" However, DVDs use the Content Scramble System (CSS) to prevent unauthorized access. In the US, the Digital Millennium Copyright Act (DMCA) makes it illegal to bypass these technical protection measures. Even if you own the disc and are making a copy for personal use, the act of breaking the encryption is a separate legal violation. So, while copyright law applies to both, the anti-circumvention laws specifically target the ""lock"" on DVDs, making the process explicitly illegal.","Actually, it isn't strictly legal to copy copyrighted CDs, but the legal hurdles are different. The main issue with DVDs is encryption. Most CDs are unencrypted, so making a personal backup often falls into a legal gray area or ""fair use."" However, DVDs use the Content Scramble System (CSS) to prevent unauthorized access. In the US, the Digital Millennium Copyright Act (DMCA) makes it illegal to bypass these technical protection measures. Even if you own the disc and are making a copy for personal use, the act of breaking the encryption is a separate legal violation. So, while copyright law applies to both, the anti-circumvention laws specifically target the ""lock"" on DVDs, making the process explicitly illegal.",actually it isn't strictly legal to copy copyrighted cds but the legal hurdles are different the main issue with dvds is encryption most cds are unencrypted so making a personal backup often falls into a legal gray area or fair use however dvds use the content scramble system css to prevent unauthorized access in the us the digital millennium copyright act dmca makes it illegal to bypass these technical protection measures even if you own the disc and are making a copy for personal use the act of breaking the encryption is a separate legal violation so while copyright law applies to both the anti circumvention laws specifically target the lock on dvds making the process explicitly illegal
explanatory_0212__gemma-4-31b,explanatory_0212,explanatory,Why/do all the planets in our solar system orbit on the same plane/axis?,"It all goes back to how the solar system formed from a massive cloud of gas and dust. As gravity caused this cloud to collapse inward, it began to spin. Due to the conservation of angular momentum, the cloud spun faster as it shrank, similar to how a figure skater spins faster when they pull their arms in. The centrifugal force created by this rotation flattened the cloud into a rotating protoplanetary disk, much like a piece of pizza dough being spun in the air. Since the planets formed from the material within this thin disk, they naturally ended up orbiting the Sun on roughly the same flat plane. While there are slight tilts, the overall alignment is a relic of that original spinning disk.","It all goes back to how the solar system formed from a massive cloud of gas and dust. As gravity caused this cloud to collapse inward, it began to spin. Due to the conservation of angular momentum, the cloud spun faster as it shrank, similar to how a figure skater spins faster when they pull their arms in. The centrifugal force created by this rotation flattened the cloud into a rotating protoplanetary disk, much like a piece of pizza dough being spun in the air. Since the planets formed from the material within this thin disk, they naturally ended up orbiting the Sun on roughly the same flat plane. While there are slight tilts, the overall alignment is a relic of that original spinning disk.",gemma-4-31b,google,True,125,701,test,gemma-4-31b-q4_k_m,final-2026-09-20,You are answering questions the way a knowledgeable person would in an online discussion. Write in plain prose. Do not restate the question or add a preamble. Begin with the answer itself.,100,140,8192,default,,end_turn,ollama-local-gemma-4-31b,2026-09-28 06:59:08.782230+00:00,31.3,gemma4:31b,q4_k_m,16384,8192,True,"{""temperature"": ""1"", ""top_k"": ""64"", ""top_p"": ""0.95""}","It all goes back to how the solar system formed from a massive cloud of gas and dust. As gravity caused this cloud to collapse inward, it began to spin. Due to the conservation of angular momentum, the cloud spun faster as it shrank, similar to how a figure skater spins faster when they pull their arms in. The centrifugal force created by this rotation flattened the cloud into a rotating protoplanetary disk, much like a piece of pizza dough being spun in the air. Since the planets formed from the material within this thin disk, they naturally ended up orbiting the Sun on roughly the same flat plane. While there are slight tilts, the overall alignment is a relic of that original spinning disk.","It all goes back to how the solar system formed from a massive cloud of gas and dust. As gravity caused this cloud to collapse inward, it began to spin. Due to the conservation of angular momentum, the cloud spun faster as it shrank, similar to how a figure skater spins faster when they pull their arms in. The centrifugal force created by this rotation flattened the cloud into a rotating protoplanetary disk, much like a piece of pizza dough being spun in the air. Since the planets formed from the material within this thin disk, they naturally ended up orbiting the Sun on roughly the same flat plane. While there are slight tilts, the overall alignment is a relic of that original spinning disk.","It all goes back to how the solar system formed from a massive cloud of gas and dust. As gravity caused this cloud to collapse inward, it began to spin. Due to the conservation of angular momentum, the cloud spun faster as it shrank, similar to how a figure skater spins faster when they pull their arms in. The centrifugal force created by this rotation flattened the cloud into a rotating protoplanetary disk, much like a piece of pizza dough being spun in the air. Since the planets formed from the material within this thin disk, they naturally ended up orbiting the Sun on roughly the same flat plane. While there are slight tilts, the overall alignment is a relic of that original spinning disk.",it all goes back to how the solar system formed from a massive cloud of gas and dust as gravity caused this cloud to collapse inward it began to spin due to the conservation of angular momentum the cloud spun faster as it shrank similar to how a figure skater spins faster when they pull their arms in the centrifugal force created by this rotation flattened the cloud into a rotating protoplanetary disk much like a piece of pizza dough being spun in the air since the planets formed from the material within this thin disk they naturally ended up orbiting the sun on roughly the same flat plane while there are slight tilts the overall alignment is a relic of that original spinning disk
explanatory_0232__gemma-4-31b,explanatory_0232,explanatory,"why do companies that make games like the burnout, skate, red faction, and saints row series stop making these games, even though they have a decent following, and are loved by many?","It usually comes down to the brutal math of AAA development. A ""decent following"" isn't always enough when production budgets have ballooned into the hundreds of millions. Publishers now chase ""blockbuster"" numbers rather than steady niche success. They prioritize live-service models—games that generate recurring revenue through microtransactions—over traditional standalone releases.

Additionally, corporate priorities shift. If a parent company decides a specific genre is no longer high-growth or if an IP doesn't fit their current strategic direction, they'll shelf it regardless of fan love. Many of these series fell victim to the ""safe bet"" mentality, where companies prefer updating a proven mega-hit or chasing a trend rather than risking resources on a cult classic that might not hit a specific profit margin.","It usually comes down to the brutal math of AAA development. A ""decent following"" isn't always enough when production budgets have ballooned into the hundreds of millions. Publishers now chase ""blockbuster"" numbers rather than steady niche success. They prioritize live-service models—games that generate recurring revenue through microtransactions—over traditional standalone releases.

Additionally, corporate priorities shift. If a parent company decides a specific genre is no longer high-growth or if an IP doesn't fit their current strategic direction, they'll shelf it regardless of fan love. Many of these series fell victim to the ""safe bet"" mentality, where companies prefer updating a proven mega-hit or chasing a trend rather than risking resources on a cult classic that might not hit a specific profit margin.",gemma-4-31b,google,True,121,823,test,gemma-4-31b-q4_k_m,final-2026-09-20,You are answering questions the way a knowledgeable person would in an online discussion. Write in plain prose. Do not restate the question or add a preamble. Begin with the answer itself.,100,140,8192,default,,end_turn,ollama-local-gemma-4-31b,2026-09-28 07:00:04.805157+00:00,31.3,gemma4:31b,q4_k_m,16384,8192,True,"{""temperature"": ""1"", ""top_k"": ""64"", ""top_p"": ""0.95""}","It usually comes down to the brutal math of AAA development. A ""decent following"" isn't always enough when production budgets have ballooned into the hundreds of millions. Publishers now chase ""blockbuster"" numbers rather than steady niche success. They prioritize live-service models - games that generate recurring revenue through microtransactions - over traditional standalone releases.

Additionally, corporate priorities shift. If a parent company decides a specific genre is no longer high-growth or if an IP doesn't fit their current strategic direction, they'll shelf it regardless of fan love. Many of these series fell victim to the ""safe bet"" mentality, where companies prefer updating a proven mega-hit or chasing a trend rather than risking resources on a cult classic that might not hit a specific profit margin.","It usually comes down to the brutal math of AAA development. A ""decent following"" isn't always enough when production budgets have ballooned into the hundreds of millions. Publishers now chase ""blockbuster"" numbers rather than steady niche success. They prioritize live-service models—games that generate recurring revenue through microtransactions—over traditional standalone releases. Additionally, corporate priorities shift. If a parent company decides a specific genre is no longer high-growth or if an IP doesn't fit their current strategic direction, they'll shelf it regardless of fan love. Many of these series fell victim to the ""safe bet"" mentality, where companies prefer updating a proven mega-hit or chasing a trend rather than risking resources on a cult classic that might not hit a specific profit margin.","It usually comes down to the brutal math of AAA development. A ""decent following"" isn't always enough when production budgets have ballooned into the hundreds of millions. Publishers now chase ""blockbuster"" numbers rather than steady niche success. They prioritize live-service models - games that generate recurring revenue through microtransactions - over traditional standalone releases. Additionally, corporate priorities shift. If a parent company decides a specific genre is no longer high-growth or if an IP doesn't fit their current strategic direction, they'll shelf it regardless of fan love. Many of these series fell victim to the ""safe bet"" mentality, where companies prefer updating a proven mega-hit or chasing a trend rather than risking resources on a cult classic that might not hit a specific profit margin.",it usually comes down to the brutal math of aaa development a decent following isn't always enough when production budgets have ballooned into the hundreds of millions publishers now chase blockbuster numbers rather than steady niche success they prioritize live service models games that generate recurring revenue through microtransactions over traditional standalone releases additionally corporate priorities shift if a parent company decides a specific genre is no longer high growth or if an ip doesn't fit their current strategic direction they'll shelf it regardless of fan love many of these series fell victim to the safe bet mentality where companies prefer updating a proven mega hit or chasing a trend rather than risking resources on a cult classic that might not hit a specific profit margin
explanatory_0248__gemma-4-31b,explanatory_0248,explanatory,What role did Cusco School painting have in Indigenous society in Colonial Peru and Bolivia?,"The Cusco School served as a complex tool for both colonial evangelization and Indigenous cultural preservation. While the Spanish Church commissioned these works to spread Catholicism, Indigenous artists used them to assert their identity through syncretism. They subtly blended European religious themes with Andean symbolism, such as integrating local flora, fauna, and traditional textiles into sacred scenes. A notable example is the depiction of the Virgin Mary with a triangular gown, visually mirroring the shape of mountains to align her with Pachamama, the Andean Earth Mother. For Indigenous people, these paintings functioned as a hidden language, allowing them to maintain spiritual connections to their ancestral roots while navigating the strict social and religious constraints of colonial rule.","The Cusco School served as a complex tool for both colonial evangelization and Indigenous cultural preservation. While the Spanish Church commissioned these works to spread Catholicism, Indigenous artists used them to assert their identity through syncretism. They subtly blended European religious themes with Andean symbolism, such as integrating local flora, fauna, and traditional textiles into sacred scenes. A notable example is the depiction of the Virgin Mary with a triangular gown, visually mirroring the shape of mountains to align her with Pachamama, the Andean Earth Mother. For Indigenous people, these paintings functioned as a hidden language, allowing them to maintain spiritual connections to their ancestral roots while navigating the strict social and religious constraints of colonial rule.",gemma-4-31b,google,True,117,811,test,gemma-4-31b-q4_k_m,final-2026-09-20,You are answering questions the way a knowledgeable person would in an online discussion. Write in plain prose. Do not restate the question or add a preamble. Begin with the answer itself.,100,140,8192,default,,end_turn,ollama-local-gemma-4-31b,2026-09-28 07:00:41.673550+00:00,31.3,gemma4:31b,q4_k_m,16384,8192,True,"{""temperature"": ""1"", ""top_k"": ""64"", ""top_p"": ""0.95""}","The Cusco School served as a complex tool for both colonial evangelization and Indigenous cultural preservation. While the Spanish Church commissioned these works to spread Catholicism, Indigenous artists used them to assert their identity through syncretism. They subtly blended European religious themes with Andean symbolism, such as integrating local flora, fauna, and traditional textiles into sacred scenes. A notable example is the depiction of the Virgin Mary with a triangular gown, visually mirroring the shape of mountains to align her with Pachamama, the Andean Earth Mother. For Indigenous people, these paintings functioned as a hidden language, allowing them to maintain spiritual connections to their ancestral roots while navigating the strict social and religious constraints of colonial rule.","The Cusco School served as a complex tool for both colonial evangelization and Indigenous cultural preservation. While the Spanish Church commissioned these works to spread Catholicism, Indigenous artists used them to assert their identity through syncretism. They subtly blended European religious themes with Andean symbolism, such as integrating local flora, fauna, and traditional textiles into sacred scenes. A notable example is the depiction of the Virgin Mary with a triangular gown, visually mirroring the shape of mountains to align her with Pachamama, the Andean Earth Mother. For Indigenous people, these paintings functioned as a hidden language, allowing them to maintain spiritual connections to their ancestral roots while navigating the strict social and religious constraints of colonial rule.","The Cusco School served as a complex tool for both colonial evangelization and Indigenous cultural preservation. While the Spanish Church commissioned these works to spread Catholicism, Indigenous artists used them to assert their identity through syncretism. They subtly blended European religious themes with Andean symbolism, such as integrating local flora, fauna, and traditional textiles into sacred scenes. A notable example is the depiction of the Virgin Mary with a triangular gown, visually mirroring the shape of mountains to align her with Pachamama, the Andean Earth Mother. For Indigenous people, these paintings functioned as a hidden language, allowing them to maintain spiritual connections to their ancestral roots while navigating the strict social and religious constraints of colonial rule.",the cusco school served as a complex tool for both colonial evangelization and indigenous cultural preservation while the spanish church commissioned these works to spread catholicism indigenous artists used them to assert their identity through syncretism they subtly blended european religious themes with andean symbolism such as integrating local flora fauna and traditional textiles into sacred scenes a notable example is the depiction of the virgin mary with a triangular gown visually mirroring the shape of mountains to align her with pachamama the andean earth mother for indigenous people these paintings functioned as a hidden language allowing them to maintain spiritual connections to their ancestral roots while navigating the strict social and religious constraints of colonial rule
explanatory_0254__gemma-4-31b,explanatory_0254,explanatory,Were the Political and Economic Effects of the Great Depression between 1929 and 1939 more Devastating in America than in Britain?,"The Great Depression was significantly more devastating in the United States due to the suddenness and scale of the collapse. While Britain faced chronic industrial decay and high unemployment in its northern regions, it had already been stagnating throughout the 1920s; for the UK, the Depression was more of a continuation than a sudden cliff. In contrast, the US suffered a systemic shock—the 1929 crash led to a total banking collapse and unemployment peaks near 25%. Politically, this forced a radical transformation of the American state through the New Deal. Britain’s recovery was also aided by leaving the gold standard earlier in 1931, whereas the US struggled with deflation and volatility for longer. Overall, the shock was far more acute in America.","The Great Depression was significantly more devastating in the United States due to the suddenness and scale of the collapse. While Britain faced chronic industrial decay and high unemployment in its northern regions, it had already been stagnating throughout the 1920s; for the UK, the Depression was more of a continuation than a sudden cliff. In contrast, the US suffered a systemic shock—the 1929 crash led to a total banking collapse and unemployment peaks near 25%. Politically, this forced a radical transformation of the American state through the New Deal. Britain's recovery was also aided by leaving the gold standard earlier in 1931, whereas the US struggled with deflation and volatility for longer. Overall, the shock was far more acute in America.",gemma-4-31b,google,True,122,762,test,gemma-4-31b-q4_k_m,final-2026-09-20,You are answering questions the way a knowledgeable person would in an online discussion. Write in plain prose. Do not restate the question or add a preamble. Begin with the answer itself.,100,140,8192,default,,end_turn,ollama-local-gemma-4-31b,2026-09-28 07:01:13.793728+00:00,31.3,gemma4:31b,q4_k_m,16384,8192,True,"{""temperature"": ""1"", ""top_k"": ""64"", ""top_p"": ""0.95""}","The Great Depression was significantly more devastating in the United States due to the suddenness and scale of the collapse. While Britain faced chronic industrial decay and high unemployment in its northern regions, it had already been stagnating throughout the 1920s; for the UK, the Depression was more of a continuation than a sudden cliff. In contrast, the US suffered a systemic shock - the 1929 crash led to a total banking collapse and unemployment peaks near 25%. Politically, this forced a radical transformation of the American state through the New Deal. Britain's recovery was also aided by leaving the gold standard earlier in 1931, whereas the US struggled with deflation and volatility for longer. Overall, the shock was far more acute in America.","The Great Depression was significantly more devastating in the United States due to the suddenness and scale of the collapse. While Britain faced chronic industrial decay and high unemployment in its northern regions, it had already been stagnating throughout the 1920s; for the UK, the Depression was more of a continuation than a sudden cliff. In contrast, the US suffered a systemic shock—the 1929 crash led to a total banking collapse and unemployment peaks near 25%. Politically, this forced a radical transformation of the American state through the New Deal. Britain's recovery was also aided by leaving the gold standard earlier in 1931, whereas the US struggled with deflation and volatility for longer. Overall, the shock was far more acute in America.","The Great Depression was significantly more devastating in the United States due to the suddenness and scale of the collapse. While Britain faced chronic industrial decay and high unemployment in its northern regions, it had already been stagnating throughout the 1920s; for the UK, the Depression was more of a continuation than a sudden cliff. In contrast, the US suffered a systemic shock - the 1929 crash led to a total banking collapse and unemployment peaks near 25%. Politically, this forced a radical transformation of the American state through the New Deal. Britain's recovery was also aided by leaving the gold standard earlier in 1931, whereas the US struggled with deflation and volatility for longer. Overall, the shock was far more acute in America.",the great depression was significantly more devastating in the united states due to the suddenness and scale of the collapse while britain faced chronic industrial decay and high unemployment in its northern regions it had already been stagnating throughout the 1920s for the uk the depression was more of a continuation than a sudden cliff in contrast the us suffered a systemic shock the 1929 crash led to a total banking collapse and unemployment peaks near 25 politically this forced a radical transformation of the american state through the new deal britain's recovery was also aided by leaving the gold standard earlier in 1931 whereas the us struggled with deflation and volatility for longer overall the shock was far more acute in america
explanatory_0259__gemma-4-31b,explanatory_0259,explanatory,How much credibility can be afforded to the theory that the Viking invasion of Britain was a kind of 'pagan crusade' or attempt by Scandinavian pagans at halting the spread of Christianity and 're-paganising' Northern Europe?,"Very little. Most historians view this theory as anachronistic because it projects modern ideas of ""crusades"" or ideological warfare onto a culture that wasn't structured that way. Viking raids were driven by economic gain—specifically silver, slaves, and land—rather than a desire to erase Christianity. If the goal had been ""re-paganisation,"" we wouldn't see how quickly Scandinavian leaders adopted Christianity to consolidate power or facilitate trade. While they targeted monasteries, these were simply soft, wealthy targets, not symbols of a religious enemy. Norse religion was decentralized and flexible, making a coordinated ""pagan crusade"" virtually impossible. Their motivations were pragmatic and material, not theological; they were looking for wealth and territory, not a spiritual battleground.","Very little. Most historians view this theory as anachronistic because it projects modern ideas of ""crusades"" or ideological warfare onto a culture that wasn't structured that way. Viking raids were driven by economic gain—specifically silver, slaves, and land—rather than a desire to erase Christianity. If the goal had been ""re-paganisation,"" we wouldn't see how quickly Scandinavian leaders adopted Christianity to consolidate power or facilitate trade. While they targeted monasteries, these were simply soft, wealthy targets, not symbols of a religious enemy. Norse religion was decentralized and flexible, making a coordinated ""pagan crusade"" virtually impossible. Their motivations were pragmatic and material, not theological; they were looking for wealth and territory, not a spiritual battleground.",gemma-4-31b,google,True,113,808,test,gemma-4-31b-q4_k_m,final-2026-09-20,You are answering questions the way a knowledgeable person would in an online discussion. Write in plain prose. Do not restate the question or add a preamble. Begin with the answer itself.,100,140,8192,default,,end_turn,ollama-local-gemma-4-31b,2026-09-28 07:02:13.364973+00:00,31.3,gemma4:31b,q4_k_m,16384,8192,True,"{""temperature"": ""1"", ""top_k"": ""64"", ""top_p"": ""0.95""}","Very little. Most historians view this theory as anachronistic because it projects modern ideas of ""crusades"" or ideological warfare onto a culture that wasn't structured that way. Viking raids were driven by economic gain - specifically silver, slaves, and land - rather than a desire to erase Christianity. If the goal had been ""re-paganisation,"" we wouldn't see how quickly Scandinavian leaders adopted Christianity to consolidate power or facilitate trade. While they targeted monasteries, these were simply soft, wealthy targets, not symbols of a religious enemy. Norse religion was decentralized and flexible, making a coordinated ""pagan crusade"" virtually impossible. Their motivations were pragmatic and material, not theological; they were looking for wealth and territory, not a spiritual battleground.","Very little. Most historians view this theory as anachronistic because it projects modern ideas of ""crusades"" or ideological warfare onto a culture that wasn't structured that way. Viking raids were driven by economic gain—specifically silver, slaves, and land—rather than a desire to erase Christianity. If the goal had been ""re-paganisation,"" we wouldn't see how quickly Scandinavian leaders adopted Christianity to consolidate power or facilitate trade. While they targeted monasteries, these were simply soft, wealthy targets, not symbols of a religious enemy. Norse religion was decentralized and flexible, making a coordinated ""pagan crusade"" virtually impossible. Their motivations were pragmatic and material, not theological; they were looking for wealth and territory, not a spiritual battleground.","Very little. Most historians view this theory as anachronistic because it projects modern ideas of ""crusades"" or ideological warfare onto a culture that wasn't structured that way. Viking raids were driven by economic gain - specifically silver, slaves, and land - rather than a desire to erase Christianity. If the goal had been ""re-paganisation,"" we wouldn't see how quickly Scandinavian leaders adopted Christianity to consolidate power or facilitate trade. While they targeted monasteries, these were simply soft, wealthy targets, not symbols of a religious enemy. Norse religion was decentralized and flexible, making a coordinated ""pagan crusade"" virtually impossible. Their motivations were pragmatic and material, not theological; they were looking for wealth and territory, not a spiritual battleground.",very little most historians view this theory as anachronistic because it projects modern ideas of crusades or ideological warfare onto a culture that wasn't structured that way viking raids were driven by economic gain specifically silver slaves and land rather than a desire to erase christianity if the goal had been re paganisation we wouldn't see how quickly scandinavian leaders adopted christianity to consolidate power or facilitate trade while they targeted monasteries these were simply soft wealthy targets not symbols of a religious enemy norse religion was decentralized and flexible making a coordinated pagan crusade virtually impossible their motivations were pragmatic and material not theological they were looking for wealth and territory not a spiritual battleground
explanatory_0263__gemma-4-31b,explanatory_0263,explanatory,How extensively used/practical was the radio as a method of troop communication in WWI?,"In WWI, radio was far less practical for front-line troops than we imagine today. The technology—wireless telegraphy—consisted of massive, fragile equipment that required huge antennas and power sources, making it impossible to carry into a trench. Consequently, radio was primarily used for strategic communication between high-level headquarters or for naval coordination. For tactical communication on the battlefield, soldiers relied on runners, carrier pigeons, and field telephones, though the latter's wires were frequently cut by artillery. While radio evolved by the war's end, it remained a tool for the ""big picture"" rather than a tool for a platoon leader. It was too bulky and too easy for the enemy to intercept, leaving the infantry to rely on much slower, physical methods.","In WWI, radio was far less practical for front-line troops than we imagine today. The technology—wireless telegraphy—consisted of massive, fragile equipment that required huge antennas and power sources, making it impossible to carry into a trench. Consequently, radio was primarily used for strategic communication between high-level headquarters or for naval coordination. For tactical communication on the battlefield, soldiers relied on runners, carrier pigeons, and field telephones, though the latter's wires were frequently cut by artillery. While radio evolved by the war's end, it remained a tool for the ""big picture"" rather than a tool for a platoon leader. It was too bulky and too easy for the enemy to intercept, leaving the infantry to rely on much slower, physical methods.",gemma-4-31b,google,True,120,789,test,gemma-4-31b-q4_k_m,final-2026-09-20,You are answering questions the way a knowledgeable person would in an online discussion. Write in plain prose. Do not restate the question or add a preamble. Begin with the answer itself.,100,140,8192,default,,end_turn,ollama-local-gemma-4-31b,2026-09-28 07:03:45.267212+00:00,31.3,gemma4:31b,q4_k_m,16384,8192,True,"{""temperature"": ""1"", ""top_k"": ""64"", ""top_p"": ""0.95""}","In WWI, radio was far less practical for front-line troops than we imagine today. The technology - wireless telegraphy - consisted of massive, fragile equipment that required huge antennas and power sources, making it impossible to carry into a trench. Consequently, radio was primarily used for strategic communication between high-level headquarters or for naval coordination. For tactical communication on the battlefield, soldiers relied on runners, carrier pigeons, and field telephones, though the latter's wires were frequently cut by artillery. While radio evolved by the war's end, it remained a tool for the ""big picture"" rather than a tool for a platoon leader. It was too bulky and too easy for the enemy to intercept, leaving the infantry to rely on much slower, physical methods.","In WWI, radio was far less practical for front-line troops than we imagine today. The technology—wireless telegraphy—consisted of massive, fragile equipment that required huge antennas and power sources, making it impossible to carry into a trench. Consequently, radio was primarily used for strategic communication between high-level headquarters or for naval coordination. For tactical communication on the battlefield, soldiers relied on runners, carrier pigeons, and field telephones, though the latter's wires were frequently cut by artillery. While radio evolved by the war's end, it remained a tool for the ""big picture"" rather than a tool for a platoon leader. It was too bulky and too easy for the enemy to intercept, leaving the infantry to rely on much slower, physical methods.","In WWI, radio was far less practical for front-line troops than we imagine today. The technology - wireless telegraphy - consisted of massive, fragile equipment that required huge antennas and power sources, making it impossible to carry into a trench. Consequently, radio was primarily used for strategic communication between high-level headquarters or for naval coordination. For tactical communication on the battlefield, soldiers relied on runners, carrier pigeons, and field telephones, though the latter's wires were frequently cut by artillery. While radio evolved by the war's end, it remained a tool for the ""big picture"" rather than a tool for a platoon leader. It was too bulky and too easy for the enemy to intercept, leaving the infantry to rely on much slower, physical methods.",in wwi radio was far less practical for front line troops than we imagine today the technology wireless telegraphy consisted of massive fragile equipment that required huge antennas and power sources making it impossible to carry into a trench consequently radio was primarily used for strategic communication between high level headquarters or for naval coordination for tactical communication on the battlefield soldiers relied on runners carrier pigeons and field telephones though the latter's wires were frequently cut by artillery while radio evolved by the war's end it remained a tool for the big picture rather than a tool for a platoon leader it was too bulky and too easy for the enemy to intercept leaving the infantry to rely on much slower physical methods
explanatory_0269__gemma-4-31b,explanatory_0269,explanatory,Were there past societies who had standards of human attractiveness that were the same as the contemporary west?,"No single past society mirrored the contemporary West's standards exactly, as beauty ideals are largely cultural and fluid. While we see echoes of current trends—like the preference for certain waist-to-hip ratios—most standards shifted based on status and resource availability. For instance, the current Western preference for lean, athletic bodies contrasts sharply with previous eras where plumpness signaled wealth and high social standing. However, some traits are nearly universal across time and culture, such as facial symmetry and clear skin, because they are biological markers of health and genetic fitness. Ultimately, the specific ""look"" prized today is a unique blend of these evolutionary signals and modern media influence that hasn't existed in a perfectly identical form before.","No single past society mirrored the contemporary West's standards exactly, as beauty ideals are largely cultural and fluid. While we see echoes of current trends—like the preference for certain waist-to-hip ratios—most standards shifted based on status and resource availability. For instance, the current Western preference for lean, athletic bodies contrasts sharply with previous eras where plumpness signaled wealth and high social standing. However, some traits are nearly universal across time and culture, such as facial symmetry and clear skin, because they are biological markers of health and genetic fitness. Ultimately, the specific ""look"" prized today is a unique blend of these evolutionary signals and modern media influence that hasn't existed in a perfectly identical form before.",gemma-4-31b,google,True,116,797,test,gemma-4-31b-q4_k_m,final-2026-09-20,You are answering questions the way a knowledgeable person would in an online discussion. Write in plain prose. Do not restate the question or add a preamble. Begin with the answer itself.,100,140,8192,default,,end_turn,ollama-local-gemma-4-31b,2026-09-28 07:04:18.791025+00:00,31.3,gemma4:31b,q4_k_m,16384,8192,True,"{""temperature"": ""1"", ""top_k"": ""64"", ""top_p"": ""0.95""}","No single past society mirrored the contemporary West's standards exactly, as beauty ideals are largely cultural and fluid. While we see echoes of current trends - like the preference for certain waist-to-hip ratios - most standards shifted based on status and resource availability. For instance, the current Western preference for lean, athletic bodies contrasts sharply with previous eras where plumpness signaled wealth and high social standing. However, some traits are nearly universal across time and culture, such as facial symmetry and clear skin, because they are biological markers of health and genetic fitness. Ultimately, the specific ""look"" prized today is a unique blend of these evolutionary signals and modern media influence that hasn't existed in a perfectly identical form before.","No single past society mirrored the contemporary West's standards exactly, as beauty ideals are largely cultural and fluid. While we see echoes of current trends—like the preference for certain waist-to-hip ratios—most standards shifted based on status and resource availability. For instance, the current Western preference for lean, athletic bodies contrasts sharply with previous eras where plumpness signaled wealth and high social standing. However, some traits are nearly universal across time and culture, such as facial symmetry and clear skin, because they are biological markers of health and genetic fitness. Ultimately, the specific ""look"" prized today is a unique blend of these evolutionary signals and modern media influence that hasn't existed in a perfectly identical form before.","No single past society mirrored the contemporary West's standards exactly, as beauty ideals are largely cultural and fluid. While we see echoes of current trends - like the preference for certain waist-to-hip ratios - most standards shifted based on status and resource availability. For instance, the current Western preference for lean, athletic bodies contrasts sharply with previous eras where plumpness signaled wealth and high social standing. However, some traits are nearly universal across time and culture, such as facial symmetry and clear skin, because they are biological markers of health and genetic fitness. Ultimately, the specific ""look"" prized today is a unique blend of these evolutionary signals and modern media influence that hasn't existed in a perfectly identical form before.",no single past society mirrored the contemporary west's standards exactly as beauty ideals are largely cultural and fluid while we see echoes of current trends like the preference for certain waist to hip ratios most standards shifted based on status and resource availability for instance the current western preference for lean athletic bodies contrasts sharply with previous eras where plumpness signaled wealth and high social standing however some traits are nearly universal across time and culture such as facial symmetry and clear skin because they are biological markers of health and genetic fitness ultimately the specific look prized today is a unique blend of these evolutionary signals and modern media influence that hasn't existed in a perfectly identical form before
explanatory_0286__gemma-4-31b,explanatory_0286,explanatory,Did Marco Polo actually go to China?,"Most historians believe he did, though a minority of skeptics argue otherwise. Those who doubt his journey point to the absence of mentions of the Great Wall or foot-binding in his accounts, as well as the lack of his name in official Chinese imperial annals. However, the level of detail he provides regarding the Mongol administration, the use of paper currency, and the geography of the region is far too specific for him to have merely compiled hearsay from other merchants. It is more likely that his perspective was shaped by his time in the Mongol court rather than among the ethnic Chinese population. While he certainly embellished his tales for a European audience, the consensus is that he actually traveled to Asia.","Most historians believe he did, though a minority of skeptics argue otherwise. Those who doubt his journey point to the absence of mentions of the Great Wall or foot-binding in his accounts, as well as the lack of his name in official Chinese imperial annals. However, the level of detail he provides regarding the Mongol administration, the use of paper currency, and the geography of the region is far too specific for him to have merely compiled hearsay from other merchants. It is more likely that his perspective was shaped by his time in the Mongol court rather than among the ethnic Chinese population. While he certainly embellished his tales for a European audience, the consensus is that he actually traveled to Asia.",gemma-4-31b,google,True,123,727,test,gemma-4-31b-q4_k_m,final-2026-09-20,You are answering questions the way a knowledgeable person would in an online discussion. Write in plain prose. Do not restate the question or add a preamble. Begin with the answer itself.,100,140,8192,default,,end_turn,ollama-local-gemma-4-31b,2026-09-28 07:04:39.324235+00:00,31.3,gemma4:31b,q4_k_m,16384,8192,True,"{""temperature"": ""1"", ""top_k"": ""64"", ""top_p"": ""0.95""}","Most historians believe he did, though a minority of skeptics argue otherwise. Those who doubt his journey point to the absence of mentions of the Great Wall or foot-binding in his accounts, as well as the lack of his name in official Chinese imperial annals. However, the level of detail he provides regarding the Mongol administration, the use of paper currency, and the geography of the region is far too specific for him to have merely compiled hearsay from other merchants. It is more likely that his perspective was shaped by his time in the Mongol court rather than among the ethnic Chinese population. While he certainly embellished his tales for a European audience, the consensus is that he actually traveled to Asia.","Most historians believe he did, though a minority of skeptics argue otherwise. Those who doubt his journey point to the absence of mentions of the Great Wall or foot-binding in his accounts, as well as the lack of his name in official Chinese imperial annals. However, the level of detail he provides regarding the Mongol administration, the use of paper currency, and the geography of the region is far too specific for him to have merely compiled hearsay from other merchants. It is more likely that his perspective was shaped by his time in the Mongol court rather than among the ethnic Chinese population. While he certainly embellished his tales for a European audience, the consensus is that he actually traveled to Asia.","Most historians believe he did, though a minority of skeptics argue otherwise. Those who doubt his journey point to the absence of mentions of the Great Wall or foot-binding in his accounts, as well as the lack of his name in official Chinese imperial annals. However, the level of detail he provides regarding the Mongol administration, the use of paper currency, and the geography of the region is far too specific for him to have merely compiled hearsay from other merchants. It is more likely that his perspective was shaped by his time in the Mongol court rather than among the ethnic Chinese population. While he certainly embellished his tales for a European audience, the consensus is that he actually traveled to Asia.",most historians believe he did though a minority of skeptics argue otherwise those who doubt his journey point to the absence of mentions of the great wall or foot binding in his accounts as well as the lack of his name in official chinese imperial annals however the level of detail he provides regarding the mongol administration the use of paper currency and the geography of the region is far too specific for him to have merely compiled hearsay from other merchants it is more likely that his perspective was shaped by his time in the mongol court rather than among the ethnic chinese population while he certainly embellished his tales for a european audience the consensus is that he actually traveled to asia
explanatory_0299__gemma-4-31b,explanatory_0299,explanatory,how does science explain the seemingly mindful and certainly well coordinated actions performed by tiny molecular structures in living cells?,"It feels like there's a ""mind"" at work, but it's actually an emergent property of biochemistry and physics. These molecules don't have intent; they operate based on shape-recognition and chemical affinity. Think of it as a series of highly specific ""lock and key"" mechanisms where proteins only bind to partners with matching geometries.

Coordination is driven by concentration gradients, where molecules naturally diffuse toward lower densities, and ATP-powered molecular motors that move along structural tracks. These interactions are governed by thermodynamics and feedback loops. When a specific chemical threshold is hit, it triggers the next reaction in a chain. What looks like a coordinated plan is actually a massive web of automated, local interactions scaling up into complex biological systems.","It feels like there's a ""mind"" at work, but it's actually an emergent property of biochemistry and physics. These molecules don't have intent; they operate based on shape-recognition and chemical affinity. Think of it as a series of highly specific ""lock and key"" mechanisms where proteins only bind to partners with matching geometries.

Coordination is driven by concentration gradients, where molecules naturally diffuse toward lower densities, and ATP-powered molecular motors that move along structural tracks. These interactions are governed by thermodynamics and feedback loops. When a specific chemical threshold is hit, it triggers the next reaction in a chain. What looks like a coordinated plan is actually a massive web of automated, local interactions scaling up into complex biological systems.",gemma-4-31b,google,True,120,808,test,gemma-4-31b-q4_k_m,final-2026-09-20,You are answering questions the way a knowledgeable person would in an online discussion. Write in plain prose. Do not restate the question or add a preamble. Begin with the answer itself.,100,140,8192,default,,end_turn,ollama-local-gemma-4-31b,2026-09-28 07:05:04.557289+00:00,31.3,gemma4:31b,q4_k_m,16384,8192,True,"{""temperature"": ""1"", ""top_k"": ""64"", ""top_p"": ""0.95""}","It feels like there's a ""mind"" at work, but it's actually an emergent property of biochemistry and physics. These molecules don't have intent; they operate based on shape-recognition and chemical affinity. Think of it as a series of highly specific ""lock and key"" mechanisms where proteins only bind to partners with matching geometries.

Coordination is driven by concentration gradients, where molecules naturally diffuse toward lower densities, and ATP-powered molecular motors that move along structural tracks. These interactions are governed by thermodynamics and feedback loops. When a specific chemical threshold is hit, it triggers the next reaction in a chain. What looks like a coordinated plan is actually a massive web of automated, local interactions scaling up into complex biological systems.","It feels like there's a ""mind"" at work, but it's actually an emergent property of biochemistry and physics. These molecules don't have intent; they operate based on shape-recognition and chemical affinity. Think of it as a series of highly specific ""lock and key"" mechanisms where proteins only bind to partners with matching geometries. Coordination is driven by concentration gradients, where molecules naturally diffuse toward lower densities, and ATP-powered molecular motors that move along structural tracks. These interactions are governed by thermodynamics and feedback loops. When a specific chemical threshold is hit, it triggers the next reaction in a chain. What looks like a coordinated plan is actually a massive web of automated, local interactions scaling up into complex biological systems.","It feels like there's a ""mind"" at work, but it's actually an emergent property of biochemistry and physics. These molecules don't have intent; they operate based on shape-recognition and chemical affinity. Think of it as a series of highly specific ""lock and key"" mechanisms where proteins only bind to partners with matching geometries. Coordination is driven by concentration gradients, where molecules naturally diffuse toward lower densities, and ATP-powered molecular motors that move along structural tracks. These interactions are governed by thermodynamics and feedback loops. When a specific chemical threshold is hit, it triggers the next reaction in a chain. What looks like a coordinated plan is actually a massive web of automated, local interactions scaling up into complex biological systems.",it feels like there's a mind at work but it's actually an emergent property of biochemistry and physics these molecules don't have intent they operate based on shape recognition and chemical affinity think of it as a series of highly specific lock and key mechanisms where proteins only bind to partners with matching geometries coordination is driven by concentration gradients where molecules naturally diffuse toward lower densities and atp powered molecular motors that move along structural tracks these interactions are governed by thermodynamics and feedback loops when a specific chemical threshold is hit it triggers the next reaction in a chain what looks like a coordinated plan is actually a massive web of automated local interactions scaling up into complex biological systems
explanatory_0328__gemma-4-31b,explanatory_0328,explanatory,"How was Newton's gravity equation derived if we didn't know the specific quantities involved? How could you check your math with the evidence to verify it's correct? (Such as the masses of planetary objects or the distance between them?) Said another way, how did we compute the masses of planets?","Newton didn't start with measured values; he worked backward from Kepler's Laws. Kepler had already noted that the square of a planet's orbital period is proportional to the cube of its distance from the sun. Newton realized this meant gravity must follow an inverse-square law. He hypothesized that the force depends on the product of the masses, leaving the specific scaling constant ($G$) unknown for a while.

To verify the math, he showed that the same equation explained both the moon's orbit and the tides on Earth. He couldn't measure absolute masses initially, but he could calculate relative masses by observing how bodies orbit their common center of mass. Absolute planetary masses were only determined later, after the Cavendish experiment finally measured $G$ on Earth.","Newton didn't start with measured values; he worked backward from Kepler's Laws. Kepler had already noted that the square of a planet's orbital period is proportional to the cube of its distance from the sun. Newton realized this meant gravity must follow an inverse-square law. He hypothesized that the force depends on the product of the masses, leaving the specific scaling constant (G) unknown for a while.

To verify the math, he showed that the same equation explained both the moon's orbit and the tides on Earth. He couldn't measure absolute masses initially, but he could calculate relative masses by observing how bodies orbit their common center of mass. Absolute planetary masses were only determined later, after the Cavendish experiment finally measured G on Earth.",gemma-4-31b,google,True,125,783,test,gemma-4-31b-q4_k_m,final-2026-09-20,You are answering questions the way a knowledgeable person would in an online discussion. Write in plain prose. Do not restate the question or add a preamble. Begin with the answer itself.,100,140,8192,default,,end_turn,ollama-local-gemma-4-31b,2026-09-28 07:05:36.554467+00:00,31.3,gemma4:31b,q4_k_m,16384,8192,True,"{""temperature"": ""1"", ""top_k"": ""64"", ""top_p"": ""0.95""}","Newton didn't start with measured values; he worked backward from Kepler's Laws. Kepler had already noted that the square of a planet's orbital period is proportional to the cube of its distance from the sun. Newton realized this meant gravity must follow an inverse-square law. He hypothesized that the force depends on the product of the masses, leaving the specific scaling constant (G) unknown for a while.

To verify the math, he showed that the same equation explained both the moon's orbit and the tides on Earth. He couldn't measure absolute masses initially, but he could calculate relative masses by observing how bodies orbit their common center of mass. Absolute planetary masses were only determined later, after the Cavendish experiment finally measured G on Earth.","Newton didn't start with measured values; he worked backward from Kepler's Laws. Kepler had already noted that the square of a planet's orbital period is proportional to the cube of its distance from the sun. Newton realized this meant gravity must follow an inverse-square law. He hypothesized that the force depends on the product of the masses, leaving the specific scaling constant (G) unknown for a while. To verify the math, he showed that the same equation explained both the moon's orbit and the tides on Earth. He couldn't measure absolute masses initially, but he could calculate relative masses by observing how bodies orbit their common center of mass. Absolute planetary masses were only determined later, after the Cavendish experiment finally measured G on Earth.","Newton didn't start with measured values; he worked backward from Kepler's Laws. Kepler had already noted that the square of a planet's orbital period is proportional to the cube of its distance from the sun. Newton realized this meant gravity must follow an inverse-square law. He hypothesized that the force depends on the product of the masses, leaving the specific scaling constant (G) unknown for a while. To verify the math, he showed that the same equation explained both the moon's orbit and the tides on Earth. He couldn't measure absolute masses initially, but he could calculate relative masses by observing how bodies orbit their common center of mass. Absolute planetary masses were only determined later, after the Cavendish experiment finally measured G on Earth.",newton didn't start with measured values he worked backward from kepler's laws kepler had already noted that the square of a planet's orbital period is proportional to the cube of its distance from the sun newton realized this meant gravity must follow an inverse square law he hypothesized that the force depends on the product of the masses leaving the specific scaling constant g unknown for a while to verify the math he showed that the same equation explained both the moon's orbit and the tides on earth he couldn't measure absolute masses initially but he could calculate relative masses by observing how bodies orbit their common center of mass absolute planetary masses were only determined later after the cavendish experiment finally measured g on earth
explanatory_0329__gemma-4-31b,explanatory_0329,explanatory,How does the ink of the inkjet printer fall at the right spot on the paper?,"Inkjet printers use a combination of precise mechanical movement and electronic timing. The print head, which contains hundreds of microscopic nozzles, slides back and forth on a carriage while a roller system advances the paper at a steady rate. As the head moves, the printer’s controller tells specific nozzles exactly when to fire based on the image data. In thermal printers, a heating element boils a tiny bit of ink to create a bubble that pushes a drop out; in piezoelectric printers, an electric charge bends a crystal to squeeze the ink out. Because the movement speed of the head and paper is constant, the computer can time these sprays to land on the exact coordinates needed to form letters or images.","Inkjet printers use a combination of precise mechanical movement and electronic timing. The print head, which contains hundreds of microscopic nozzles, slides back and forth on a carriage while a roller system advances the paper at a steady rate. As the head moves, the printer's controller tells specific nozzles exactly when to fire based on the image data. In thermal printers, a heating element boils a tiny bit of ink to create a bubble that pushes a drop out; in piezoelectric printers, an electric charge bends a crystal to squeeze the ink out. Because the movement speed of the head and paper is constant, the computer can time these sprays to land on the exact coordinates needed to form letters or images.",gemma-4-31b,google,True,122,715,test,gemma-4-31b-q4_k_m,final-2026-09-20,You are answering questions the way a knowledgeable person would in an online discussion. Write in plain prose. Do not restate the question or add a preamble. Begin with the answer itself.,100,140,8192,default,,end_turn,ollama-local-gemma-4-31b,2026-09-28 07:06:05.140474+00:00,31.3,gemma4:31b,q4_k_m,16384,8192,True,"{""temperature"": ""1"", ""top_k"": ""64"", ""top_p"": ""0.95""}","Inkjet printers use a combination of precise mechanical movement and electronic timing. The print head, which contains hundreds of microscopic nozzles, slides back and forth on a carriage while a roller system advances the paper at a steady rate. As the head moves, the printer's controller tells specific nozzles exactly when to fire based on the image data. In thermal printers, a heating element boils a tiny bit of ink to create a bubble that pushes a drop out; in piezoelectric printers, an electric charge bends a crystal to squeeze the ink out. Because the movement speed of the head and paper is constant, the computer can time these sprays to land on the exact coordinates needed to form letters or images.","Inkjet printers use a combination of precise mechanical movement and electronic timing. The print head, which contains hundreds of microscopic nozzles, slides back and forth on a carriage while a roller system advances the paper at a steady rate. As the head moves, the printer's controller tells specific nozzles exactly when to fire based on the image data. In thermal printers, a heating element boils a tiny bit of ink to create a bubble that pushes a drop out; in piezoelectric printers, an electric charge bends a crystal to squeeze the ink out. Because the movement speed of the head and paper is constant, the computer can time these sprays to land on the exact coordinates needed to form letters or images.","Inkjet printers use a combination of precise mechanical movement and electronic timing. The print head, which contains hundreds of microscopic nozzles, slides back and forth on a carriage while a roller system advances the paper at a steady rate. As the head moves, the printer's controller tells specific nozzles exactly when to fire based on the image data. In thermal printers, a heating element boils a tiny bit of ink to create a bubble that pushes a drop out; in piezoelectric printers, an electric charge bends a crystal to squeeze the ink out. Because the movement speed of the head and paper is constant, the computer can time these sprays to land on the exact coordinates needed to form letters or images.",inkjet printers use a combination of precise mechanical movement and electronic timing the print head which contains hundreds of microscopic nozzles slides back and forth on a carriage while a roller system advances the paper at a steady rate as the head moves the printer's controller tells specific nozzles exactly when to fire based on the image data in thermal printers a heating element boils a tiny bit of ink to create a bubble that pushes a drop out in piezoelectric printers an electric charge bends a crystal to squeeze the ink out because the movement speed of the head and paper is constant the computer can time these sprays to land on the exact coordinates needed to form letters or images
explanatory_0348__gemma-4-31b,explanatory_0348,explanatory,Why inverse square laws?,"Inverse square laws happen because of the geometry of three-dimensional space. When something like light, gravity, or sound radiates from a point source, it spreads out uniformly in all directions, forming an expanding sphere. The total amount of energy or force remains constant, but it has to cover an ever-increasing surface area. Since the surface area of a sphere is calculated as 4πr², the ""density"" of the energy or field is spread over an area that grows with the square of the distance. If you double the distance from the source, the energy is now spread across a surface four times larger, meaning the intensity at any single point drops to one-fourth of its original strength. It's essentially a matter of dilution over a spherical surface.","Inverse square laws happen because of the geometry of three-dimensional space. When something like light, gravity, or sound radiates from a point source, it spreads out uniformly in all directions, forming an expanding sphere. The total amount of energy or force remains constant, but it has to cover an ever-increasing surface area. Since the surface area of a sphere is calculated as 4πr², the ""density"" of the energy or field is spread over an area that grows with the square of the distance. If you double the distance from the source, the energy is now spread across a surface four times larger, meaning the intensity at any single point drops to one-fourth of its original strength. It's essentially a matter of dilution over a spherical surface.",gemma-4-31b,google,True,126,752,test,gemma-4-31b-q4_k_m,final-2026-09-20,You are answering questions the way a knowledgeable person would in an online discussion. Write in plain prose. Do not restate the question or add a preamble. Begin with the answer itself.,100,140,8192,default,,end_turn,ollama-local-gemma-4-31b,2026-09-28 07:08:36.484033+00:00,31.3,gemma4:31b,q4_k_m,16384,8192,True,"{""temperature"": ""1"", ""top_k"": ""64"", ""top_p"": ""0.95""}","Inverse square laws happen because of the geometry of three-dimensional space. When something like light, gravity, or sound radiates from a point source, it spreads out uniformly in all directions, forming an expanding sphere. The total amount of energy or force remains constant, but it has to cover an ever-increasing surface area. Since the surface area of a sphere is calculated as 4πr², the ""density"" of the energy or field is spread over an area that grows with the square of the distance. If you double the distance from the source, the energy is now spread across a surface four times larger, meaning the intensity at any single point drops to one-fourth of its original strength. It's essentially a matter of dilution over a spherical surface.","Inverse square laws happen because of the geometry of three-dimensional space. When something like light, gravity, or sound radiates from a point source, it spreads out uniformly in all directions, forming an expanding sphere. The total amount of energy or force remains constant, but it has to cover an ever-increasing surface area. Since the surface area of a sphere is calculated as 4πr², the ""density"" of the energy or field is spread over an area that grows with the square of the distance. If you double the distance from the source, the energy is now spread across a surface four times larger, meaning the intensity at any single point drops to one-fourth of its original strength. It's essentially a matter of dilution over a spherical surface.","Inverse square laws happen because of the geometry of three-dimensional space. When something like light, gravity, or sound radiates from a point source, it spreads out uniformly in all directions, forming an expanding sphere. The total amount of energy or force remains constant, but it has to cover an ever-increasing surface area. Since the surface area of a sphere is calculated as 4πr², the ""density"" of the energy or field is spread over an area that grows with the square of the distance. If you double the distance from the source, the energy is now spread across a surface four times larger, meaning the intensity at any single point drops to one-fourth of its original strength. It's essentially a matter of dilution over a spherical surface.",inverse square laws happen because of the geometry of three dimensional space when something like light gravity or sound radiates from a point source it spreads out uniformly in all directions forming an expanding sphere the total amount of energy or force remains constant but it has to cover an ever increasing surface area since the surface area of a sphere is calculated as 4πr² the density of the energy or field is spread over an area that grows with the square of the distance if you double the distance from the source the energy is now spread across a surface four times larger meaning the intensity at any single point drops to one fourth of its original strength it's essentially a matter of dilution over a spherical surface
explanatory_0352__gemma-4-31b,explanatory_0352,explanatory,"Since everything in the universe is experiences some amount of gravity from other celestial bodies always, does that mean the universe as a whole is experiencing time slower than ""real"" time time actually passes?","The main thing to understand is that there is no such thing as ""real"" or absolute time. According to general relativity, time is relative to your specific position and velocity. While gravity does cause time dilation—meaning a clock near a massive object ticks slower than one in a void—neither of those clocks is ""wrong"" or lagging behind a universal standard.

You can't measure the universe's overall time because there is no external reference point outside the universe to compare it against. Time dilation is always a comparison between two different observers. Every object is indeed affected by gravity, but they are simply moving through time at different relative rates, not slowing down against an imaginary, objective baseline.","The main thing to understand is that there is no such thing as ""real"" or absolute time. According to general relativity, time is relative to your specific position and velocity. While gravity does cause time dilation—meaning a clock near a massive object ticks slower than one in a void—neither of those clocks is ""wrong"" or lagging behind a universal standard.

You can't measure the universe's overall time because there is no external reference point outside the universe to compare it against. Time dilation is always a comparison between two different observers. Every object is indeed affected by gravity, but they are simply moving through time at different relative rates, not slowing down against an imaginary, objective baseline.",gemma-4-31b,google,True,117,739,test,gemma-4-31b-q4_k_m,final-2026-09-20,You are answering questions the way a knowledgeable person would in an online discussion. Write in plain prose. Do not restate the question or add a preamble. Begin with the answer itself.,100,140,8192,default,,end_turn,ollama-local-gemma-4-31b,2026-09-28 07:09:39.653687+00:00,31.3,gemma4:31b,q4_k_m,16384,8192,True,"{""temperature"": ""1"", ""top_k"": ""64"", ""top_p"": ""0.95""}","The main thing to understand is that there is no such thing as ""real"" or absolute time. According to general relativity, time is relative to your specific position and velocity. While gravity does cause time dilation - meaning a clock near a massive object ticks slower than one in a void - neither of those clocks is ""wrong"" or lagging behind a universal standard.

You can't measure the universe's overall time because there is no external reference point outside the universe to compare it against. Time dilation is always a comparison between two different observers. Every object is indeed affected by gravity, but they are simply moving through time at different relative rates, not slowing down against an imaginary, objective baseline.","The main thing to understand is that there is no such thing as ""real"" or absolute time. According to general relativity, time is relative to your specific position and velocity. While gravity does cause time dilation—meaning a clock near a massive object ticks slower than one in a void—neither of those clocks is ""wrong"" or lagging behind a universal standard. You can't measure the universe's overall time because there is no external reference point outside the universe to compare it against. Time dilation is always a comparison between two different observers. Every object is indeed affected by gravity, but they are simply moving through time at different relative rates, not slowing down against an imaginary, objective baseline.","The main thing to understand is that there is no such thing as ""real"" or absolute time. According to general relativity, time is relative to your specific position and velocity. While gravity does cause time dilation - meaning a clock near a massive object ticks slower than one in a void - neither of those clocks is ""wrong"" or lagging behind a universal standard. You can't measure the universe's overall time because there is no external reference point outside the universe to compare it against. Time dilation is always a comparison between two different observers. Every object is indeed affected by gravity, but they are simply moving through time at different relative rates, not slowing down against an imaginary, objective baseline.",the main thing to understand is that there is no such thing as real or absolute time according to general relativity time is relative to your specific position and velocity while gravity does cause time dilation meaning a clock near a massive object ticks slower than one in a void neither of those clocks is wrong or lagging behind a universal standard you can't measure the universe's overall time because there is no external reference point outside the universe to compare it against time dilation is always a comparison between two different observers every object is indeed affected by gravity but they are simply moving through time at different relative rates not slowing down against an imaginary objective baseline
explanatory_0353__gemma-4-31b,explanatory_0353,explanatory,"Would it be possible to change somebody's blood type by draining their body completely of blood, and then replacing it with a different blood type?","Theoretically, you could swap the blood currently in someone's veins, but you wouldn't actually change their blood type. Blood type is determined by genetics and produced in the bone marrow. Even if you managed to drain every drop and refill the system with a different type, the bone marrow would keep pumping out the original type. More importantly, this is practically impossible and incredibly dangerous. If the replacement blood is incompatible, the recipient's immune system would trigger a massive hemolytic reaction, causing the new blood cells to clump and burst, leading to organ failure and death. The only way to truly change someone's blood type permanently is through a bone marrow transplant, which replaces the blood-producing stem cells themselves.","Theoretically, you could swap the blood currently in someone's veins, but you wouldn't actually change their blood type. Blood type is determined by genetics and produced in the bone marrow. Even if you managed to drain every drop and refill the system with a different type, the bone marrow would keep pumping out the original type. More importantly, this is practically impossible and incredibly dangerous. If the replacement blood is incompatible, the recipient's immune system would trigger a massive hemolytic reaction, causing the new blood cells to clump and burst, leading to organ failure and death. The only way to truly change someone's blood type permanently is through a bone marrow transplant, which replaces the blood-producing stem cells themselves.",gemma-4-31b,google,True,119,765,test,gemma-4-31b-q4_k_m,final-2026-09-20,You are answering questions the way a knowledgeable person would in an online discussion. Write in plain prose. Do not restate the question or add a preamble. Begin with the answer itself.,100,140,8192,default,,end_turn,ollama-local-gemma-4-31b,2026-09-28 07:10:46.555609+00:00,31.3,gemma4:31b,q4_k_m,16384,8192,True,"{""temperature"": ""1"", ""top_k"": ""64"", ""top_p"": ""0.95""}","Theoretically, you could swap the blood currently in someone's veins, but you wouldn't actually change their blood type. Blood type is determined by genetics and produced in the bone marrow. Even if you managed to drain every drop and refill the system with a different type, the bone marrow would keep pumping out the original type. More importantly, this is practically impossible and incredibly dangerous. If the replacement blood is incompatible, the recipient's immune system would trigger a massive hemolytic reaction, causing the new blood cells to clump and burst, leading to organ failure and death. The only way to truly change someone's blood type permanently is through a bone marrow transplant, which replaces the blood-producing stem cells themselves.","Theoretically, you could swap the blood currently in someone's veins, but you wouldn't actually change their blood type. Blood type is determined by genetics and produced in the bone marrow. Even if you managed to drain every drop and refill the system with a different type, the bone marrow would keep pumping out the original type. More importantly, this is practically impossible and incredibly dangerous. If the replacement blood is incompatible, the recipient's immune system would trigger a massive hemolytic reaction, causing the new blood cells to clump and burst, leading to organ failure and death. The only way to truly change someone's blood type permanently is through a bone marrow transplant, which replaces the blood-producing stem cells themselves.","Theoretically, you could swap the blood currently in someone's veins, but you wouldn't actually change their blood type. Blood type is determined by genetics and produced in the bone marrow. Even if you managed to drain every drop and refill the system with a different type, the bone marrow would keep pumping out the original type. More importantly, this is practically impossible and incredibly dangerous. If the replacement blood is incompatible, the recipient's immune system would trigger a massive hemolytic reaction, causing the new blood cells to clump and burst, leading to organ failure and death. The only way to truly change someone's blood type permanently is through a bone marrow transplant, which replaces the blood-producing stem cells themselves.",theoretically you could swap the blood currently in someone's veins but you wouldn't actually change their blood type blood type is determined by genetics and produced in the bone marrow even if you managed to drain every drop and refill the system with a different type the bone marrow would keep pumping out the original type more importantly this is practically impossible and incredibly dangerous if the replacement blood is incompatible the recipient's immune system would trigger a massive hemolytic reaction causing the new blood cells to clump and burst leading to organ failure and death the only way to truly change someone's blood type permanently is through a bone marrow transplant which replaces the blood producing stem cells themselves
explanatory_0355__gemma-4-31b,explanatory_0355,explanatory,What is soil and dirt comprised of?,"Soil is a living ecosystem composed of four primary ingredients: mineral particles, organic matter, water, and air. The mineral portion consists of weathered rock categorized by size as sand, silt, and clay. Organic matter, known as humus, comes from decomposed plants and animals, providing essential nutrients and structure. This mix is teeming with biological life, including fungi, bacteria, and earthworms, which drive the nutrient cycle.

Dirt is essentially soil that has lost its ecological function or been displaced. When soil is tracked into a home or stripped of its biological activity, it becomes dirt. While we often use the terms interchangeably, soil is a functional biological engine that supports plant growth, whereas dirt is simply the dead mineral residue.","Soil is a living ecosystem composed of four primary ingredients: mineral particles, organic matter, water, and air. The mineral portion consists of weathered rock categorized by size as sand, silt, and clay. Organic matter, known as humus, comes from decomposed plants and animals, providing essential nutrients and structure. This mix is teeming with biological life, including fungi, bacteria, and earthworms, which drive the nutrient cycle.

Dirt is essentially soil that has lost its ecological function or been displaced. When soil is tracked into a home or stripped of its biological activity, it becomes dirt. While we often use the terms interchangeably, soil is a functional biological engine that supports plant growth, whereas dirt is simply the dead mineral residue.",gemma-4-31b,google,True,119,778,test,gemma-4-31b-q4_k_m,final-2026-09-20,You are answering questions the way a knowledgeable person would in an online discussion. Write in plain prose. Do not restate the question or add a preamble. Begin with the answer itself.,100,140,8192,default,,end_turn,ollama-local-gemma-4-31b,2026-09-28 07:11:12.936132+00:00,31.3,gemma4:31b,q4_k_m,16384,8192,True,"{""temperature"": ""1"", ""top_k"": ""64"", ""top_p"": ""0.95""}","Soil is a living ecosystem composed of four primary ingredients: mineral particles, organic matter, water, and air. The mineral portion consists of weathered rock categorized by size as sand, silt, and clay. Organic matter, known as humus, comes from decomposed plants and animals, providing essential nutrients and structure. This mix is teeming with biological life, including fungi, bacteria, and earthworms, which drive the nutrient cycle.

Dirt is essentially soil that has lost its ecological function or been displaced. When soil is tracked into a home or stripped of its biological activity, it becomes dirt. While we often use the terms interchangeably, soil is a functional biological engine that supports plant growth, whereas dirt is simply the dead mineral residue.","Soil is a living ecosystem composed of four primary ingredients: mineral particles, organic matter, water, and air. The mineral portion consists of weathered rock categorized by size as sand, silt, and clay. Organic matter, known as humus, comes from decomposed plants and animals, providing essential nutrients and structure. This mix is teeming with biological life, including fungi, bacteria, and earthworms, which drive the nutrient cycle. Dirt is essentially soil that has lost its ecological function or been displaced. When soil is tracked into a home or stripped of its biological activity, it becomes dirt. While we often use the terms interchangeably, soil is a functional biological engine that supports plant growth, whereas dirt is simply the dead mineral residue.","Soil is a living ecosystem composed of four primary ingredients: mineral particles, organic matter, water, and air. The mineral portion consists of weathered rock categorized by size as sand, silt, and clay. Organic matter, known as humus, comes from decomposed plants and animals, providing essential nutrients and structure. This mix is teeming with biological life, including fungi, bacteria, and earthworms, which drive the nutrient cycle. Dirt is essentially soil that has lost its ecological function or been displaced. When soil is tracked into a home or stripped of its biological activity, it becomes dirt. While we often use the terms interchangeably, soil is a functional biological engine that supports plant growth, whereas dirt is simply the dead mineral residue.",soil is a living ecosystem composed of four primary ingredients mineral particles organic matter water and air the mineral portion consists of weathered rock categorized by size as sand silt and clay organic matter known as humus comes from decomposed plants and animals providing essential nutrients and structure this mix is teeming with biological life including fungi bacteria and earthworms which drive the nutrient cycle dirt is essentially soil that has lost its ecological function or been displaced when soil is tracked into a home or stripped of its biological activity it becomes dirt while we often use the terms interchangeably soil is a functional biological engine that supports plant growth whereas dirt is simply the dead mineral residue
explanatory_0357__gemma-4-31b,explanatory_0357,explanatory,Why does rice suck the moisture out of things?,"Rice is hygroscopic, meaning it naturally attracts and holds water molecules from the surrounding environment. This happens because of the starch structure in the grain, which acts like a sponge to pull moisture in. When you place rice around a wet object, it creates a concentration gradient; the dry rice seeks equilibrium by absorbing water vapor from the air, which in turn draws moisture out of the object. While people often use it to ""dry out"" electronics, it's actually far less efficient than silica gel or simply leaving the device in a well-ventilated area. Rice doesn't actively suck water out of the inside of a device; it mostly just absorbs the humidity in the immediate air surrounding it.","Rice is hygroscopic, meaning it naturally attracts and holds water molecules from the surrounding environment. This happens because of the starch structure in the grain, which acts like a sponge to pull moisture in. When you place rice around a wet object, it creates a concentration gradient; the dry rice seeks equilibrium by absorbing water vapor from the air, which in turn draws moisture out of the object. While people often use it to ""dry out"" electronics, it's actually far less efficient than silica gel or simply leaving the device in a well-ventilated area. Rice doesn't actively suck water out of the inside of a device; it mostly just absorbs the humidity in the immediate air surrounding it.",gemma-4-31b,google,True,118,705,test,gemma-4-31b-q4_k_m,final-2026-09-20,You are answering questions the way a knowledgeable person would in an online discussion. Write in plain prose. Do not restate the question or add a preamble. Begin with the answer itself.,100,140,8192,default,,end_turn,ollama-local-gemma-4-31b,2026-09-28 07:11:38.491742+00:00,31.3,gemma4:31b,q4_k_m,16384,8192,True,"{""temperature"": ""1"", ""top_k"": ""64"", ""top_p"": ""0.95""}","Rice is hygroscopic, meaning it naturally attracts and holds water molecules from the surrounding environment. This happens because of the starch structure in the grain, which acts like a sponge to pull moisture in. When you place rice around a wet object, it creates a concentration gradient; the dry rice seeks equilibrium by absorbing water vapor from the air, which in turn draws moisture out of the object. While people often use it to ""dry out"" electronics, it's actually far less efficient than silica gel or simply leaving the device in a well-ventilated area. Rice doesn't actively suck water out of the inside of a device; it mostly just absorbs the humidity in the immediate air surrounding it.","Rice is hygroscopic, meaning it naturally attracts and holds water molecules from the surrounding environment. This happens because of the starch structure in the grain, which acts like a sponge to pull moisture in. When you place rice around a wet object, it creates a concentration gradient; the dry rice seeks equilibrium by absorbing water vapor from the air, which in turn draws moisture out of the object. While people often use it to ""dry out"" electronics, it's actually far less efficient than silica gel or simply leaving the device in a well-ventilated area. Rice doesn't actively suck water out of the inside of a device; it mostly just absorbs the humidity in the immediate air surrounding it.","Rice is hygroscopic, meaning it naturally attracts and holds water molecules from the surrounding environment. This happens because of the starch structure in the grain, which acts like a sponge to pull moisture in. When you place rice around a wet object, it creates a concentration gradient; the dry rice seeks equilibrium by absorbing water vapor from the air, which in turn draws moisture out of the object. While people often use it to ""dry out"" electronics, it's actually far less efficient than silica gel or simply leaving the device in a well-ventilated area. Rice doesn't actively suck water out of the inside of a device; it mostly just absorbs the humidity in the immediate air surrounding it.",rice is hygroscopic meaning it naturally attracts and holds water molecules from the surrounding environment this happens because of the starch structure in the grain which acts like a sponge to pull moisture in when you place rice around a wet object it creates a concentration gradient the dry rice seeks equilibrium by absorbing water vapor from the air which in turn draws moisture out of the object while people often use it to dry out electronics it's actually far less efficient than silica gel or simply leaving the device in a well ventilated area rice doesn't actively suck water out of the inside of a device it mostly just absorbs the humidity in the immediate air surrounding it
explanatory_0358__gemma-4-31b,explanatory_0358,explanatory,How does the emergence of intelligent life and organic matter fit with laws of entropy when they appear to be contradictory?,"The key is that the Second Law of Thermodynamics applies to closed or isolated systems. Life exists in open systems. While biological organisms create intense local order and complexity—which seems to defy entropy—they do so by drawing energy from their environment, like the sun or chemical gradients. To maintain this low-entropy state, life must expel a greater amount of heat and waste into the surroundings. Essentially, life creates a small pocket of order by accelerating the overall increase of disorder in the rest of the universe. Complexity isn't a violation of physics; it's a localized phenomenon powered by an external energy flux that ultimately speeds up the cosmic slide toward maximum entropy.","The key is that the Second Law of Thermodynamics applies to closed or isolated systems. Life exists in open systems. While biological organisms create intense local order and complexity—which seems to defy entropy—they do so by drawing energy from their environment, like the sun or chemical gradients. To maintain this low-entropy state, life must expel a greater amount of heat and waste into the surroundings. Essentially, life creates a small pocket of order by accelerating the overall increase of disorder in the rest of the universe. Complexity isn't a violation of physics; it's a localized phenomenon powered by an external energy flux that ultimately speeds up the cosmic slide toward maximum entropy.",gemma-4-31b,google,True,112,711,test,gemma-4-31b-q4_k_m,final-2026-09-20,You are answering questions the way a knowledgeable person would in an online discussion. Write in plain prose. Do not restate the question or add a preamble. Begin with the answer itself.,100,140,8192,default,,end_turn,ollama-local-gemma-4-31b,2026-09-28 07:12:46.036387+00:00,31.3,gemma4:31b,q4_k_m,16384,8192,True,"{""temperature"": ""1"", ""top_k"": ""64"", ""top_p"": ""0.95""}","The key is that the Second Law of Thermodynamics applies to closed or isolated systems. Life exists in open systems. While biological organisms create intense local order and complexity - which seems to defy entropy - they do so by drawing energy from their environment, like the sun or chemical gradients. To maintain this low-entropy state, life must expel a greater amount of heat and waste into the surroundings. Essentially, life creates a small pocket of order by accelerating the overall increase of disorder in the rest of the universe. Complexity isn't a violation of physics; it's a localized phenomenon powered by an external energy flux that ultimately speeds up the cosmic slide toward maximum entropy.","The key is that the Second Law of Thermodynamics applies to closed or isolated systems. Life exists in open systems. While biological organisms create intense local order and complexity—which seems to defy entropy—they do so by drawing energy from their environment, like the sun or chemical gradients. To maintain this low-entropy state, life must expel a greater amount of heat and waste into the surroundings. Essentially, life creates a small pocket of order by accelerating the overall increase of disorder in the rest of the universe. Complexity isn't a violation of physics; it's a localized phenomenon powered by an external energy flux that ultimately speeds up the cosmic slide toward maximum entropy.","The key is that the Second Law of Thermodynamics applies to closed or isolated systems. Life exists in open systems. While biological organisms create intense local order and complexity - which seems to defy entropy - they do so by drawing energy from their environment, like the sun or chemical gradients. To maintain this low-entropy state, life must expel a greater amount of heat and waste into the surroundings. Essentially, life creates a small pocket of order by accelerating the overall increase of disorder in the rest of the universe. Complexity isn't a violation of physics; it's a localized phenomenon powered by an external energy flux that ultimately speeds up the cosmic slide toward maximum entropy.",the key is that the second law of thermodynamics applies to closed or isolated systems life exists in open systems while biological organisms create intense local order and complexity which seems to defy entropy they do so by drawing energy from their environment like the sun or chemical gradients to maintain this low entropy state life must expel a greater amount of heat and waste into the surroundings essentially life creates a small pocket of order by accelerating the overall increase of disorder in the rest of the universe complexity isn't a violation of physics it's a localized phenomenon powered by an external energy flux that ultimately speeds up the cosmic slide toward maximum entropy
explanatory_0370__gemma-4-31b,explanatory_0370,explanatory,"What is the purpose for calculating PI to such lengths? Isn't the current accuracy such that if you launched a missile at the other side of the universe, you would miss your target by a microscopic amount?","You're absolutely right that for any practical physical application, we already have more than enough digits. NASA typically only uses about 15 decimal places for interplanetary navigation. The drive to calculate trillions of digits is less about engineering and more about stress-testing hardware and software. These massive computations push CPUs and memory to their absolute limits, which helps developers find bugs and optimize computational efficiency. It's also a way to benchmark new mathematical algorithms and explore whether pi is a ""normal"" number, meaning every digit appears with equal frequency. Essentially, it's a digital marathon; it serves as a proof of concept for computational power and a playground for theorists rather than a requirement for physics.","You're absolutely right that for any practical physical application, we already have more than enough digits. NASA typically only uses about 15 decimal places for interplanetary navigation. The drive to calculate trillions of digits is less about engineering and more about stress-testing hardware and software. These massive computations push CPUs and memory to their absolute limits, which helps developers find bugs and optimize computational efficiency. It's also a way to benchmark new mathematical algorithms and explore whether pi is a ""normal"" number, meaning every digit appears with equal frequency. Essentially, it's a digital marathon; it serves as a proof of concept for computational power and a playground for theorists rather than a requirement for physics.",gemma-4-31b,google,True,115,773,test,gemma-4-31b-q4_k_m,final-2026-09-20,You are answering questions the way a knowledgeable person would in an online discussion. Write in plain prose. Do not restate the question or add a preamble. Begin with the answer itself.,100,140,8192,default,,end_turn,ollama-local-gemma-4-31b,2026-09-28 07:13:14.114829+00:00,31.3,gemma4:31b,q4_k_m,16384,8192,True,"{""temperature"": ""1"", ""top_k"": ""64"", ""top_p"": ""0.95""}","You're absolutely right that for any practical physical application, we already have more than enough digits. NASA typically only uses about 15 decimal places for interplanetary navigation. The drive to calculate trillions of digits is less about engineering and more about stress-testing hardware and software. These massive computations push CPUs and memory to their absolute limits, which helps developers find bugs and optimize computational efficiency. It's also a way to benchmark new mathematical algorithms and explore whether pi is a ""normal"" number, meaning every digit appears with equal frequency. Essentially, it's a digital marathon; it serves as a proof of concept for computational power and a playground for theorists rather than a requirement for physics.","You're absolutely right that for any practical physical application, we already have more than enough digits. NASA typically only uses about 15 decimal places for interplanetary navigation. The drive to calculate trillions of digits is less about engineering and more about stress-testing hardware and software. These massive computations push CPUs and memory to their absolute limits, which helps developers find bugs and optimize computational efficiency. It's also a way to benchmark new mathematical algorithms and explore whether pi is a ""normal"" number, meaning every digit appears with equal frequency. Essentially, it's a digital marathon; it serves as a proof of concept for computational power and a playground for theorists rather than a requirement for physics.","You're absolutely right that for any practical physical application, we already have more than enough digits. NASA typically only uses about 15 decimal places for interplanetary navigation. The drive to calculate trillions of digits is less about engineering and more about stress-testing hardware and software. These massive computations push CPUs and memory to their absolute limits, which helps developers find bugs and optimize computational efficiency. It's also a way to benchmark new mathematical algorithms and explore whether pi is a ""normal"" number, meaning every digit appears with equal frequency. Essentially, it's a digital marathon; it serves as a proof of concept for computational power and a playground for theorists rather than a requirement for physics.",you're absolutely right that for any practical physical application we already have more than enough digits nasa typically only uses about 15 decimal places for interplanetary navigation the drive to calculate trillions of digits is less about engineering and more about stress testing hardware and software these massive computations push cpus and memory to their absolute limits which helps developers find bugs and optimize computational efficiency it's also a way to benchmark new mathematical algorithms and explore whether pi is a normal number meaning every digit appears with equal frequency essentially it's a digital marathon it serves as a proof of concept for computational power and a playground for theorists rather than a requirement for physics
explanatory_0374__gemma-4-31b,explanatory_0374,explanatory,Why do kangaroos lick my car?,"Kangaroos lick cars primarily because they are craving salt. In the wild, sodium can be quite scarce in their natural diet of grasses and shrubs, so they seek out alternative sources to maintain their mineral balance. Your car often accumulates a layer of road salt, mineral deposits from rainwater, or even salty residue from human touch and sweat. To a kangaroo, your vehicle essentially becomes a giant salt lick. While it might seem strange or affectionate, it's actually a nutritional drive; they are simply trying to supplement their diet with essential electrolytes. If you live near a coastal area or in a region where roads are treated with salt, this behavior is even more common because the cars carry more of those mineral attractants.","Kangaroos lick cars primarily because they are craving salt. In the wild, sodium can be quite scarce in their natural diet of grasses and shrubs, so they seek out alternative sources to maintain their mineral balance. Your car often accumulates a layer of road salt, mineral deposits from rainwater, or even salty residue from human touch and sweat. To a kangaroo, your vehicle essentially becomes a giant salt lick. While it might seem strange or affectionate, it's actually a nutritional drive; they are simply trying to supplement their diet with essential electrolytes. If you live near a coastal area or in a region where roads are treated with salt, this behavior is even more common because the cars carry more of those mineral attractants.",gemma-4-31b,google,True,124,747,test,gemma-4-31b-q4_k_m,final-2026-09-20,You are answering questions the way a knowledgeable person would in an online discussion. Write in plain prose. Do not restate the question or add a preamble. Begin with the answer itself.,100,140,8192,default,,end_turn,ollama-local-gemma-4-31b,2026-09-28 07:13:39.574579+00:00,31.3,gemma4:31b,q4_k_m,16384,8192,True,"{""temperature"": ""1"", ""top_k"": ""64"", ""top_p"": ""0.95""}","Kangaroos lick cars primarily because they are craving salt. In the wild, sodium can be quite scarce in their natural diet of grasses and shrubs, so they seek out alternative sources to maintain their mineral balance. Your car often accumulates a layer of road salt, mineral deposits from rainwater, or even salty residue from human touch and sweat. To a kangaroo, your vehicle essentially becomes a giant salt lick. While it might seem strange or affectionate, it's actually a nutritional drive; they are simply trying to supplement their diet with essential electrolytes. If you live near a coastal area or in a region where roads are treated with salt, this behavior is even more common because the cars carry more of those mineral attractants.","Kangaroos lick cars primarily because they are craving salt. In the wild, sodium can be quite scarce in their natural diet of grasses and shrubs, so they seek out alternative sources to maintain their mineral balance. Your car often accumulates a layer of road salt, mineral deposits from rainwater, or even salty residue from human touch and sweat. To a kangaroo, your vehicle essentially becomes a giant salt lick. While it might seem strange or affectionate, it's actually a nutritional drive; they are simply trying to supplement their diet with essential electrolytes. If you live near a coastal area or in a region where roads are treated with salt, this behavior is even more common because the cars carry more of those mineral attractants.","Kangaroos lick cars primarily because they are craving salt. In the wild, sodium can be quite scarce in their natural diet of grasses and shrubs, so they seek out alternative sources to maintain their mineral balance. Your car often accumulates a layer of road salt, mineral deposits from rainwater, or even salty residue from human touch and sweat. To a kangaroo, your vehicle essentially becomes a giant salt lick. While it might seem strange or affectionate, it's actually a nutritional drive; they are simply trying to supplement their diet with essential electrolytes. If you live near a coastal area or in a region where roads are treated with salt, this behavior is even more common because the cars carry more of those mineral attractants.",kangaroos lick cars primarily because they are craving salt in the wild sodium can be quite scarce in their natural diet of grasses and shrubs so they seek out alternative sources to maintain their mineral balance your car often accumulates a layer of road salt mineral deposits from rainwater or even salty residue from human touch and sweat to a kangaroo your vehicle essentially becomes a giant salt lick while it might seem strange or affectionate it's actually a nutritional drive they are simply trying to supplement their diet with essential electrolytes if you live near a coastal area or in a region where roads are treated with salt this behavior is even more common because the cars carry more of those mineral attractants
explanatory_0376__gemma-4-31b,explanatory_0376,explanatory,"Is it possible to reach a point in space, outside of any atmosphere, near our sun where the temperature would be a ""comfortable"" 70-80 degrees Fahrenheit?","Technically, yes, but not in the way we experience temperature on Earth. In the vacuum of space, there is no air to hold heat, so you don't ""feel"" the temperature of the environment. Instead, your body temperature depends on radiative equilibrium—the balance between the solar energy you absorb and the heat you radiate back into the void. If you were positioned roughly 0.8 to 0.9 AU from the sun, a black object would theoretically reach an equilibrium of around 70-80 degrees Fahrenheit. However, this is highly unstable. Because there's no atmosphere to distribute heat, the side facing the sun would be scorching while the side in the shade would be freezing. You wouldn't feel ""comfortable""; you'd be a thermal nightmare.","Technically, yes, but not in the way we experience temperature on Earth. In the vacuum of space, there is no air to hold heat, so you don't ""feel"" the temperature of the environment. Instead, your body temperature depends on radiative equilibrium—the balance between the solar energy you absorb and the heat you radiate back into the void. If you were positioned roughly 0.8 to 0.9 AU from the sun, a black object would theoretically reach an equilibrium of around 70-80 degrees Fahrenheit. However, this is highly unstable. Because there's no atmosphere to distribute heat, the side facing the sun would be scorching while the side in the shade would be freezing. You wouldn't feel ""comfortable""; you'd be a thermal nightmare.",gemma-4-31b,google,True,120,727,test,gemma-4-31b-q4_k_m,final-2026-09-20,You are answering questions the way a knowledgeable person would in an online discussion. Write in plain prose. Do not restate the question or add a preamble. Begin with the answer itself.,100,140,8192,default,,end_turn,ollama-local-gemma-4-31b,2026-09-28 07:17:29.761592+00:00,31.3,gemma4:31b,q4_k_m,16384,8192,True,"{""temperature"": ""1"", ""top_k"": ""64"", ""top_p"": ""0.95""}","Technically, yes, but not in the way we experience temperature on Earth. In the vacuum of space, there is no air to hold heat, so you don't ""feel"" the temperature of the environment. Instead, your body temperature depends on radiative equilibrium - the balance between the solar energy you absorb and the heat you radiate back into the void. If you were positioned roughly 0.8 to 0.9 AU from the sun, a black object would theoretically reach an equilibrium of around 70-80 degrees Fahrenheit. However, this is highly unstable. Because there's no atmosphere to distribute heat, the side facing the sun would be scorching while the side in the shade would be freezing. You wouldn't feel ""comfortable""; you'd be a thermal nightmare.","Technically, yes, but not in the way we experience temperature on Earth. In the vacuum of space, there is no air to hold heat, so you don't ""feel"" the temperature of the environment. Instead, your body temperature depends on radiative equilibrium—the balance between the solar energy you absorb and the heat you radiate back into the void. If you were positioned roughly 0.8 to 0.9 AU from the sun, a black object would theoretically reach an equilibrium of around 70-80 degrees Fahrenheit. However, this is highly unstable. Because there's no atmosphere to distribute heat, the side facing the sun would be scorching while the side in the shade would be freezing. You wouldn't feel ""comfortable""; you'd be a thermal nightmare.","Technically, yes, but not in the way we experience temperature on Earth. In the vacuum of space, there is no air to hold heat, so you don't ""feel"" the temperature of the environment. Instead, your body temperature depends on radiative equilibrium - the balance between the solar energy you absorb and the heat you radiate back into the void. If you were positioned roughly 0.8 to 0.9 AU from the sun, a black object would theoretically reach an equilibrium of around 70-80 degrees Fahrenheit. However, this is highly unstable. Because there's no atmosphere to distribute heat, the side facing the sun would be scorching while the side in the shade would be freezing. You wouldn't feel ""comfortable""; you'd be a thermal nightmare.",technically yes but not in the way we experience temperature on earth in the vacuum of space there is no air to hold heat so you don't feel the temperature of the environment instead your body temperature depends on radiative equilibrium the balance between the solar energy you absorb and the heat you radiate back into the void if you were positioned roughly 0 8 to 0 9 au from the sun a black object would theoretically reach an equilibrium of around 70 80 degrees fahrenheit however this is highly unstable because there's no atmosphere to distribute heat the side facing the sun would be scorching while the side in the shade would be freezing you wouldn't feel comfortable you'd be a thermal nightmare
longform_0000__gemma-4-31b,longform_0000,long-form,"As the chosen successor to Satan's throne, you must now undergo rigorous training to become the best at literally everything for when people challenge you for their souls.","Day 432 of the Infernal Curriculum. My tutor, a disgraced archduke with a penchant for cruelty, doesn't believe in breaks. This morning was quantum physics; by noon, I was mastering the art of the perfect soufflé and the intricacies of 14th-century diplomacy.

""The soul-trade is a game of margins,"" he sneered, sweeping my chess pieces off the board with a flick of his wrist. ""If a mortal challenges you to a game of Go or a freestyle rap battle, you cannot afford a single stutter. Perfection is the only currency that matters.""

I spent the afternoon in the pits, sparring with shadow-demons to ensure my fencing was flawless and my poker face was a tomb. My fingers are blistered from the harp, my mind is a library of every extinct language, and my endurance is supernatural.

It’s exhausting, but the alternative is being a footstool for the next epoch. I can feel the power humming in my veins, a cold, precise hunger. I don't just want the throne; I want to be the entity that never loses. Let them come with their riddles and their bets. I'll take every last scrap.","Day 432 of the Infernal Curriculum. My tutor, a disgraced archduke with a penchant for cruelty, doesn't believe in breaks. This morning was quantum physics; by noon, I was mastering the art of the perfect soufflé and the intricacies of 14th-century diplomacy.

""The soul-trade is a game of margins,"" he sneered, sweeping my chess pieces off the board with a flick of his wrist. ""If a mortal challenges you to a game of Go or a freestyle rap battle, you cannot afford a single stutter. Perfection is the only currency that matters.""

I spent the afternoon in the pits, sparring with shadow-demons to ensure my fencing was flawless and my poker face was a tomb. My fingers are blistered from the harp, my mind is a library of every extinct language, and my endurance is supernatural.

It's exhausting, but the alternative is being a footstool for the next epoch. I can feel the power humming in my veins, a cold, precise hunger. I don't just want the throne; I want to be the entity that never loses. Let them come with their riddles and their bets. I'll take every last scrap.",gemma-4-31b,google,True,191,1075,test,gemma-4-31b-q4_k_m,final-2026-09-20,"You are writing a short piece of fiction in response to a writing prompt, the way a person would on an online writing forum. Write the story itself. Do not restate the prompt, explain it, comment on it, or add any framing before or after the story.",140,220,8192,default,,end_turn,ollama-local-gemma-4-31b,2026-09-28 07:18:14.373469+00:00,31.3,gemma4:31b,q4_k_m,16384,8192,True,"{""temperature"": ""1"", ""top_k"": ""64"", ""top_p"": ""0.95""}","Day 432 of the Infernal Curriculum. My tutor, a disgraced archduke with a penchant for cruelty, doesn't believe in breaks. This morning was quantum physics; by noon, I was mastering the art of the perfect soufflé and the intricacies of 14th-century diplomacy.

""The soul-trade is a game of margins,"" he sneered, sweeping my chess pieces off the board with a flick of his wrist. ""If a mortal challenges you to a game of Go or a freestyle rap battle, you cannot afford a single stutter. Perfection is the only currency that matters.""

I spent the afternoon in the pits, sparring with shadow-demons to ensure my fencing was flawless and my poker face was a tomb. My fingers are blistered from the harp, my mind is a library of every extinct language, and my endurance is supernatural.

It's exhausting, but the alternative is being a footstool for the next epoch. I can feel the power humming in my veins, a cold, precise hunger. I don't just want the throne; I want to be the entity that never loses. Let them come with their riddles and their bets. I'll take every last scrap.","Day 432 of the Infernal Curriculum. My tutor, a disgraced archduke with a penchant for cruelty, doesn't believe in breaks. This morning was quantum physics; by noon, I was mastering the art of the perfect soufflé and the intricacies of 14th-century diplomacy. ""The soul-trade is a game of margins,"" he sneered, sweeping my chess pieces off the board with a flick of his wrist. ""If a mortal challenges you to a game of Go or a freestyle rap battle, you cannot afford a single stutter. Perfection is the only currency that matters."" I spent the afternoon in the pits, sparring with shadow-demons to ensure my fencing was flawless and my poker face was a tomb. My fingers are blistered from the harp, my mind is a library of every extinct language, and my endurance is supernatural. It's exhausting, but the alternative is being a footstool for the next epoch. I can feel the power humming in my veins, a cold, precise hunger. I don't just want the throne; I want to be the entity that never loses. Let them come with their riddles and their bets. I'll take every last scrap.","Day 432 of the Infernal Curriculum. My tutor, a disgraced archduke with a penchant for cruelty, doesn't believe in breaks. This morning was quantum physics; by noon, I was mastering the art of the perfect soufflé and the intricacies of 14th-century diplomacy. ""The soul-trade is a game of margins,"" he sneered, sweeping my chess pieces off the board with a flick of his wrist. ""If a mortal challenges you to a game of Go or a freestyle rap battle, you cannot afford a single stutter. Perfection is the only currency that matters."" I spent the afternoon in the pits, sparring with shadow-demons to ensure my fencing was flawless and my poker face was a tomb. My fingers are blistered from the harp, my mind is a library of every extinct language, and my endurance is supernatural. It's exhausting, but the alternative is being a footstool for the next epoch. I can feel the power humming in my veins, a cold, precise hunger. I don't just want the throne; I want to be the entity that never loses. Let them come with their riddles and their bets. I'll take every last scrap.",day 432 of the infernal curriculum my tutor a disgraced archduke with a penchant for cruelty doesn't believe in breaks this morning was quantum physics by noon i was mastering the art of the perfect soufflé and the intricacies of 14th century diplomacy the soul trade is a game of margins he sneered sweeping my chess pieces off the board with a flick of his wrist if a mortal challenges you to a game of go or a freestyle rap battle you cannot afford a single stutter perfection is the only currency that matters i spent the afternoon in the pits sparring with shadow demons to ensure my fencing was flawless and my poker face was a tomb my fingers are blistered from the harp my mind is a library of every extinct language and my endurance is supernatural it's exhausting but the alternative is being a footstool for the next epoch i can feel the power humming in my veins a cold precise hunger i don't just want the throne i want to be the entity that never loses let them come with their riddles and their bets i'll take every last scrap
longform_0019__gemma-4-31b,longform_0019,long-form,Every skill in the world can be acquired by putting on the corresponding hat for that skill.,"Arthur’s closet was a chaotic museum of millinery. He reached past the Chef’s toque and the Surgeon’s cap, his fingers trembling as he searched for the Fedora of Diplomacy. He had ten minutes before the Galactic Council decided to glass the planet, and he was the only one authorized to negotiate.

He shoved the fedora onto his head, and suddenly, the nuances of interspecies etiquette flooded his mind. He felt the poise of a thousand diplomats. But as he rushed toward the shuttle, he tripped, the hat flying off and landing in a muddy puddle.

Panic surged. He looked down and saw the only thing within reach: a neon pink beanie. He yanked it on. Instantly, the world shifted. He didn’t know how to negotiate anymore, but he suddenly possessed an intimate, professional knowledge of extreme skateboarding.

As the Council’s warships descended, Arthur didn’t deliver a speech. Instead, he found a nearby railing and performed a perfect 900-degree flip, landing with such stylistic grace that the alien admirals were too bewildered to fire. He just hoped the beanie wouldn't slip.","Arthur's closet was a chaotic museum of millinery. He reached past the Chef's toque and the Surgeon's cap, his fingers trembling as he searched for the Fedora of Diplomacy. He had ten minutes before the Galactic Council decided to glass the planet, and he was the only one authorized to negotiate.

He shoved the fedora onto his head, and suddenly, the nuances of interspecies etiquette flooded his mind. He felt the poise of a thousand diplomats. But as he rushed toward the shuttle, he tripped, the hat flying off and landing in a muddy puddle.

Panic surged. He looked down and saw the only thing within reach: a neon pink beanie. He yanked it on. Instantly, the world shifted. He didn't know how to negotiate anymore, but he suddenly possessed an intimate, professional knowledge of extreme skateboarding.

As the Council's warships descended, Arthur didn't deliver a speech. Instead, he found a nearby railing and performed a perfect 900-degree flip, landing with such stylistic grace that the alien admirals were too bewildered to fire. He just hoped the beanie wouldn't slip.",gemma-4-31b,google,True,180,1082,test,gemma-4-31b-q4_k_m,final-2026-09-20,"You are writing a short piece of fiction in response to a writing prompt, the way a person would on an online writing forum. Write the story itself. Do not restate the prompt, explain it, comment on it, or add any framing before or after the story.",140,220,8192,default,,end_turn,ollama-local-gemma-4-31b,2026-09-28 07:19:38.778658+00:00,31.3,gemma4:31b,q4_k_m,16384,8192,True,"{""temperature"": ""1"", ""top_k"": ""64"", ""top_p"": ""0.95""}","Arthur's closet was a chaotic museum of millinery. He reached past the Chef's toque and the Surgeon's cap, his fingers trembling as he searched for the Fedora of Diplomacy. He had ten minutes before the Galactic Council decided to glass the planet, and he was the only one authorized to negotiate.

He shoved the fedora onto his head, and suddenly, the nuances of interspecies etiquette flooded his mind. He felt the poise of a thousand diplomats. But as he rushed toward the shuttle, he tripped, the hat flying off and landing in a muddy puddle.

Panic surged. He looked down and saw the only thing within reach: a neon pink beanie. He yanked it on. Instantly, the world shifted. He didn't know how to negotiate anymore, but he suddenly possessed an intimate, professional knowledge of extreme skateboarding.

As the Council's warships descended, Arthur didn't deliver a speech. Instead, he found a nearby railing and performed a perfect 900-degree flip, landing with such stylistic grace that the alien admirals were too bewildered to fire. He just hoped the beanie wouldn't slip.","Arthur's closet was a chaotic museum of millinery. He reached past the Chef's toque and the Surgeon's cap, his fingers trembling as he searched for the Fedora of Diplomacy. He had ten minutes before the Galactic Council decided to glass the planet, and he was the only one authorized to negotiate. He shoved the fedora onto his head, and suddenly, the nuances of interspecies etiquette flooded his mind. He felt the poise of a thousand diplomats. But as he rushed toward the shuttle, he tripped, the hat flying off and landing in a muddy puddle. Panic surged. He looked down and saw the only thing within reach: a neon pink beanie. He yanked it on. Instantly, the world shifted. He didn't know how to negotiate anymore, but he suddenly possessed an intimate, professional knowledge of extreme skateboarding. As the Council's warships descended, Arthur didn't deliver a speech. Instead, he found a nearby railing and performed a perfect 900-degree flip, landing with such stylistic grace that the alien admirals were too bewildered to fire. He just hoped the beanie wouldn't slip.","Arthur's closet was a chaotic museum of millinery. He reached past the Chef's toque and the Surgeon's cap, his fingers trembling as he searched for the Fedora of Diplomacy. He had ten minutes before the Galactic Council decided to glass the planet, and he was the only one authorized to negotiate. He shoved the fedora onto his head, and suddenly, the nuances of interspecies etiquette flooded his mind. He felt the poise of a thousand diplomats. But as he rushed toward the shuttle, he tripped, the hat flying off and landing in a muddy puddle. Panic surged. He looked down and saw the only thing within reach: a neon pink beanie. He yanked it on. Instantly, the world shifted. He didn't know how to negotiate anymore, but he suddenly possessed an intimate, professional knowledge of extreme skateboarding. As the Council's warships descended, Arthur didn't deliver a speech. Instead, he found a nearby railing and performed a perfect 900-degree flip, landing with such stylistic grace that the alien admirals were too bewildered to fire. He just hoped the beanie wouldn't slip.",arthur's closet was a chaotic museum of millinery he reached past the chef's toque and the surgeon's cap his fingers trembling as he searched for the fedora of diplomacy he had ten minutes before the galactic council decided to glass the planet and he was the only one authorized to negotiate he shoved the fedora onto his head and suddenly the nuances of interspecies etiquette flooded his mind he felt the poise of a thousand diplomats but as he rushed toward the shuttle he tripped the hat flying off and landing in a muddy puddle panic surged he looked down and saw the only thing within reach a neon pink beanie he yanked it on instantly the world shifted he didn't know how to negotiate anymore but he suddenly possessed an intimate professional knowledge of extreme skateboarding as the council's warships descended arthur didn't deliver a speech instead he found a nearby railing and performed a perfect 900 degree flip landing with such stylistic grace that the alien admirals were too bewildered to fire he just hoped the beanie wouldn't slip
longform_0025__gemma-4-31b,longform_0025,long-form,Q has been developing ridiculous gadgets just to mess with James Bond. Bond has been finding ways to use these gadgets to complete his missions to messwith Q.,"Q handed Bond the ""Frictionless Footwear"" with a smug grin. ""For stability in wet conditions, 007,"" he lied, knowing the insoles would make Bond slide like a seal on ice. Q spent the afternoon imagining Bond flailing ridiculously through a high-society gala.

Two weeks later, Bond returned to MI6. He looked pristine, though the soles of his shoes were slightly scorched.

""The mission was a success,"" Bond said, dropping a stolen encrypted drive onto Q's desk with a sharp click.

Q frowned, his disappointment evident. ""I assume you struggled with the footing?""

""On the contrary,"" Bond replied smoothly. ""The vault's security floor was pressure-sensitive. I simply glided across the sensors without triggering a single alarm. I actually felt quite graceful.""

Bond paused, leaning in. ""I believe the frictionlessness saved me five minutes. Perhaps you could make the rest of my wardrobe slip-resistant? The trousers were a bit clingy.""

Q stared at him, the victory snatched away. He had tried to turn a super-spy into a slapstick act, only to provide him with the ultimate infiltration tool. He sighed and began sketching a bubble-wrap briefcase.","Q handed Bond the ""Frictionless Footwear"" with a smug grin. ""For stability in wet conditions, 007,"" he lied, knowing the insoles would make Bond slide like a seal on ice. Q spent the afternoon imagining Bond flailing ridiculously through a high-society gala.

Two weeks later, Bond returned to MI6. He looked pristine, though the soles of his shoes were slightly scorched.

""The mission was a success,"" Bond said, dropping a stolen encrypted drive onto Q's desk with a sharp click.

Q frowned, his disappointment evident. ""I assume you struggled with the footing?""

""On the contrary,"" Bond replied smoothly. ""The vault's security floor was pressure-sensitive. I simply glided across the sensors without triggering a single alarm. I actually felt quite graceful.""

Bond paused, leaning in. ""I believe the frictionlessness saved me five minutes. Perhaps you could make the rest of my wardrobe slip-resistant? The trousers were a bit clingy.""

Q stared at him, the victory snatched away. He had tried to turn a super-spy into a slapstick act, only to provide him with the ultimate infiltration tool. He sighed and began sketching a bubble-wrap briefcase.",gemma-4-31b,google,True,184,1151,test,gemma-4-31b-q4_k_m,final-2026-09-20,"You are writing a short piece of fiction in response to a writing prompt, the way a person would on an online writing forum. Write the story itself. Do not restate the prompt, explain it, comment on it, or add any framing before or after the story.",140,220,8192,default,,end_turn,ollama-local-gemma-4-31b,2026-09-28 07:20:24.027167+00:00,31.3,gemma4:31b,q4_k_m,16384,8192,True,"{""temperature"": ""1"", ""top_k"": ""64"", ""top_p"": ""0.95""}","Q handed Bond the ""Frictionless Footwear"" with a smug grin. ""For stability in wet conditions, 007,"" he lied, knowing the insoles would make Bond slide like a seal on ice. Q spent the afternoon imagining Bond flailing ridiculously through a high-society gala.

Two weeks later, Bond returned to MI6. He looked pristine, though the soles of his shoes were slightly scorched.

""The mission was a success,"" Bond said, dropping a stolen encrypted drive onto Q's desk with a sharp click.

Q frowned, his disappointment evident. ""I assume you struggled with the footing?""

""On the contrary,"" Bond replied smoothly. ""The vault's security floor was pressure-sensitive. I simply glided across the sensors without triggering a single alarm. I actually felt quite graceful.""

Bond paused, leaning in. ""I believe the frictionlessness saved me five minutes. Perhaps you could make the rest of my wardrobe slip-resistant? The trousers were a bit clingy.""

Q stared at him, the victory snatched away. He had tried to turn a super-spy into a slapstick act, only to provide him with the ultimate infiltration tool. He sighed and began sketching a bubble-wrap briefcase.","Q handed Bond the ""Frictionless Footwear"" with a smug grin. ""For stability in wet conditions, 007,"" he lied, knowing the insoles would make Bond slide like a seal on ice. Q spent the afternoon imagining Bond flailing ridiculously through a high-society gala. Two weeks later, Bond returned to MI6. He looked pristine, though the soles of his shoes were slightly scorched. ""The mission was a success,"" Bond said, dropping a stolen encrypted drive onto Q's desk with a sharp click. Q frowned, his disappointment evident. ""I assume you struggled with the footing?"" ""On the contrary,"" Bond replied smoothly. ""The vault's security floor was pressure-sensitive. I simply glided across the sensors without triggering a single alarm. I actually felt quite graceful."" Bond paused, leaning in. ""I believe the frictionlessness saved me five minutes. Perhaps you could make the rest of my wardrobe slip-resistant? The trousers were a bit clingy."" Q stared at him, the victory snatched away. He had tried to turn a super-spy into a slapstick act, only to provide him with the ultimate infiltration tool. He sighed and began sketching a bubble-wrap briefcase.","Q handed Bond the ""Frictionless Footwear"" with a smug grin. ""For stability in wet conditions, 007,"" he lied, knowing the insoles would make Bond slide like a seal on ice. Q spent the afternoon imagining Bond flailing ridiculously through a high-society gala. Two weeks later, Bond returned to MI6. He looked pristine, though the soles of his shoes were slightly scorched. ""The mission was a success,"" Bond said, dropping a stolen encrypted drive onto Q's desk with a sharp click. Q frowned, his disappointment evident. ""I assume you struggled with the footing?"" ""On the contrary,"" Bond replied smoothly. ""The vault's security floor was pressure-sensitive. I simply glided across the sensors without triggering a single alarm. I actually felt quite graceful."" Bond paused, leaning in. ""I believe the frictionlessness saved me five minutes. Perhaps you could make the rest of my wardrobe slip-resistant? The trousers were a bit clingy."" Q stared at him, the victory snatched away. He had tried to turn a super-spy into a slapstick act, only to provide him with the ultimate infiltration tool. He sighed and began sketching a bubble-wrap briefcase.",q handed bond the frictionless footwear with a smug grin for stability in wet conditions 007 he lied knowing the insoles would make bond slide like a seal on ice q spent the afternoon imagining bond flailing ridiculously through a high society gala two weeks later bond returned to mi6 he looked pristine though the soles of his shoes were slightly scorched the mission was a success bond said dropping a stolen encrypted drive onto q's desk with a sharp click q frowned his disappointment evident i assume you struggled with the footing on the contrary bond replied smoothly the vault's security floor was pressure sensitive i simply glided across the sensors without triggering a single alarm i actually felt quite graceful bond paused leaning in i believe the frictionlessness saved me five minutes perhaps you could make the rest of my wardrobe slip resistant the trousers were a bit clingy q stared at him the victory snatched away he had tried to turn a super spy into a slapstick act only to provide him with the ultimate infiltration tool he sighed and began sketching a bubble wrap briefcase
longform_0029__gemma-4-31b,longform_0029,long-form,The thought process of a writer trying to start his/her masterpiece.,"The cursor blinked. A rhythmic, mocking pulse against the blinding white of the document. This was the one. The Masterpiece. In his mind, the architecture was complete—a sweeping epic of betrayal and redemption, prose that would make the greats tremble. He could almost feel the weight of the awards in his hands.

But the gap between the cerebral symphony and the physical keyboard felt like a canyon. He typed: *The city breathed in soot.* No. Too pretentious. He deleted it. *Once there was a man.* Too simple. He stared at the screen until the white light burned into his retinas. Every word felt like a compromise, a betrayal of the perfection he envisioned. 

He shifted in his chair, the springs groaning in sympathy with his anxiety. He just needed the first domino to fall. He needed a sentence that didn't just start a story, but ignited a world. He closed his eyes, took a breath, and typed a single word.

""Suddenly.""

He paused. He deleted it. He leaned back and sighed, the silence of the room weighing more than the book he hadn't yet written.","The cursor blinked. A rhythmic, mocking pulse against the blinding white of the document. This was the one. The Masterpiece. In his mind, the architecture was complete—a sweeping epic of betrayal and redemption, prose that would make the greats tremble. He could almost feel the weight of the awards in his hands.

But the gap between the cerebral symphony and the physical keyboard felt like a canyon. He typed: The city breathed in soot. No. Too pretentious. He deleted it. Once there was a man. Too simple. He stared at the screen until the white light burned into his retinas. Every word felt like a compromise, a betrayal of the perfection he envisioned.

He shifted in his chair, the springs groaning in sympathy with his anxiety. He just needed the first domino to fall. He needed a sentence that didn't just start a story, but ignited a world. He closed his eyes, took a breath, and typed a single word.

""Suddenly.""

He paused. He deleted it. He leaned back and sighed, the silence of the room weighing more than the book he hadn't yet written.",gemma-4-31b,google,True,185,1058,test,gemma-4-31b-q4_k_m,final-2026-09-20,"You are writing a short piece of fiction in response to a writing prompt, the way a person would on an online writing forum. Write the story itself. Do not restate the prompt, explain it, comment on it, or add any framing before or after the story.",140,220,8192,default,,end_turn,ollama-local-gemma-4-31b,2026-09-28 07:21:32.897290+00:00,31.3,gemma4:31b,q4_k_m,16384,8192,True,"{""temperature"": ""1"", ""top_k"": ""64"", ""top_p"": ""0.95""}","The cursor blinked. A rhythmic, mocking pulse against the blinding white of the document. This was the one. The Masterpiece. In his mind, the architecture was complete - a sweeping epic of betrayal and redemption, prose that would make the greats tremble. He could almost feel the weight of the awards in his hands.

But the gap between the cerebral symphony and the physical keyboard felt like a canyon. He typed: The city breathed in soot. No. Too pretentious. He deleted it. Once there was a man. Too simple. He stared at the screen until the white light burned into his retinas. Every word felt like a compromise, a betrayal of the perfection he envisioned.

He shifted in his chair, the springs groaning in sympathy with his anxiety. He just needed the first domino to fall. He needed a sentence that didn't just start a story, but ignited a world. He closed his eyes, took a breath, and typed a single word.

""Suddenly.""

He paused. He deleted it. He leaned back and sighed, the silence of the room weighing more than the book he hadn't yet written.","The cursor blinked. A rhythmic, mocking pulse against the blinding white of the document. This was the one. The Masterpiece. In his mind, the architecture was complete—a sweeping epic of betrayal and redemption, prose that would make the greats tremble. He could almost feel the weight of the awards in his hands. But the gap between the cerebral symphony and the physical keyboard felt like a canyon. He typed: The city breathed in soot. No. Too pretentious. He deleted it. Once there was a man. Too simple. He stared at the screen until the white light burned into his retinas. Every word felt like a compromise, a betrayal of the perfection he envisioned. He shifted in his chair, the springs groaning in sympathy with his anxiety. He just needed the first domino to fall. He needed a sentence that didn't just start a story, but ignited a world. He closed his eyes, took a breath, and typed a single word. ""Suddenly."" He paused. He deleted it. He leaned back and sighed, the silence of the room weighing more than the book he hadn't yet written.","The cursor blinked. A rhythmic, mocking pulse against the blinding white of the document. This was the one. The Masterpiece. In his mind, the architecture was complete - a sweeping epic of betrayal and redemption, prose that would make the greats tremble. He could almost feel the weight of the awards in his hands. But the gap between the cerebral symphony and the physical keyboard felt like a canyon. He typed: The city breathed in soot. No. Too pretentious. He deleted it. Once there was a man. Too simple. He stared at the screen until the white light burned into his retinas. Every word felt like a compromise, a betrayal of the perfection he envisioned. He shifted in his chair, the springs groaning in sympathy with his anxiety. He just needed the first domino to fall. He needed a sentence that didn't just start a story, but ignited a world. He closed his eyes, took a breath, and typed a single word. ""Suddenly."" He paused. He deleted it. He leaned back and sighed, the silence of the room weighing more than the book he hadn't yet written.",the cursor blinked a rhythmic mocking pulse against the blinding white of the document this was the one the masterpiece in his mind the architecture was complete a sweeping epic of betrayal and redemption prose that would make the greats tremble he could almost feel the weight of the awards in his hands but the gap between the cerebral symphony and the physical keyboard felt like a canyon he typed the city breathed in soot no too pretentious he deleted it once there was a man too simple he stared at the screen until the white light burned into his retinas every word felt like a compromise a betrayal of the perfection he envisioned he shifted in his chair the springs groaning in sympathy with his anxiety he just needed the first domino to fall he needed a sentence that didn't just start a story but ignited a world he closed his eyes took a breath and typed a single word suddenly he paused he deleted it he leaned back and sighed the silence of the room weighing more than the book he hadn't yet written
longform_0043__gemma-4-31b,longform_0043,long-form,"In a resource poor society it is law that each family adheres to a maximum combined weight limit of it's members, set according to their social caste. When the actions of an individual result in a family's loss of status they must somehow adjust to a drastically lowered weight quota.","The scale in the foyer didn't lie; it just judged. For years, the Thorne family had cruised at a comfortable four hundred kilograms, a privilege of their Administrative rank. Then Elias spoke during the Census, questioning the caloric distribution, and their status plummeted.

Now, their combined quota was a mere one hundred and fifty.

They stood in the dim light of the kitchen, staring at the digital readout. Together, they were nearly double the limit. The silence was heavy, thicker than the air in the lower wards. Their mother had already begun the ""shedding,"" donating her jewelry and clothes to the state, but that wasn't enough. 

Elias looked at his daughter, whose ribs were already beginning to trace lines against her skin. He hadn't intended to starve her, but the law was binary: adhere or be purged. As the enforcement officers knocked on the door for the weekly weigh-in, Elias reached for the surgical kit. In a world where mass was currency, they had become bankrupt, and the only way to pay the debt was to carve away the parts of themselves they no longer needed.","The scale in the foyer didn't lie; it just judged. For years, the Thorne family had cruised at a comfortable four hundred kilograms, a privilege of their Administrative rank. Then Elias spoke during the Census, questioning the caloric distribution, and their status plummeted.

Now, their combined quota was a mere one hundred and fifty.

They stood in the dim light of the kitchen, staring at the digital readout. Together, they were nearly double the limit. The silence was heavy, thicker than the air in the lower wards. Their mother had already begun the ""shedding,"" donating her jewelry and clothes to the state, but that wasn't enough.

Elias looked at his daughter, whose ribs were already beginning to trace lines against her skin. He hadn't intended to starve her, but the law was binary: adhere or be purged. As the enforcement officers knocked on the door for the weekly weigh-in, Elias reached for the surgical kit. In a world where mass was currency, they had become bankrupt, and the only way to pay the debt was to carve away the parts of themselves they no longer needed.",gemma-4-31b,google,True,186,1088,test,gemma-4-31b-q4_k_m,final-2026-09-20,"You are writing a short piece of fiction in response to a writing prompt, the way a person would on an online writing forum. Write the story itself. Do not restate the prompt, explain it, comment on it, or add any framing before or after the story.",140,220,8192,default,,end_turn,ollama-local-gemma-4-31b,2026-09-28 07:22:12.420230+00:00,31.3,gemma4:31b,q4_k_m,16384,8192,True,"{""temperature"": ""1"", ""top_k"": ""64"", ""top_p"": ""0.95""}","The scale in the foyer didn't lie; it just judged. For years, the Thorne family had cruised at a comfortable four hundred kilograms, a privilege of their Administrative rank. Then Elias spoke during the Census, questioning the caloric distribution, and their status plummeted.

Now, their combined quota was a mere one hundred and fifty.

They stood in the dim light of the kitchen, staring at the digital readout. Together, they were nearly double the limit. The silence was heavy, thicker than the air in the lower wards. Their mother had already begun the ""shedding,"" donating her jewelry and clothes to the state, but that wasn't enough.

Elias looked at his daughter, whose ribs were already beginning to trace lines against her skin. He hadn't intended to starve her, but the law was binary: adhere or be purged. As the enforcement officers knocked on the door for the weekly weigh-in, Elias reached for the surgical kit. In a world where mass was currency, they had become bankrupt, and the only way to pay the debt was to carve away the parts of themselves they no longer needed.","The scale in the foyer didn't lie; it just judged. For years, the Thorne family had cruised at a comfortable four hundred kilograms, a privilege of their Administrative rank. Then Elias spoke during the Census, questioning the caloric distribution, and their status plummeted. Now, their combined quota was a mere one hundred and fifty. They stood in the dim light of the kitchen, staring at the digital readout. Together, they were nearly double the limit. The silence was heavy, thicker than the air in the lower wards. Their mother had already begun the ""shedding,"" donating her jewelry and clothes to the state, but that wasn't enough. Elias looked at his daughter, whose ribs were already beginning to trace lines against her skin. He hadn't intended to starve her, but the law was binary: adhere or be purged. As the enforcement officers knocked on the door for the weekly weigh-in, Elias reached for the surgical kit. In a world where mass was currency, they had become bankrupt, and the only way to pay the debt was to carve away the parts of themselves they no longer needed.","The scale in the foyer didn't lie; it just judged. For years, the Thorne family had cruised at a comfortable four hundred kilograms, a privilege of their Administrative rank. Then Elias spoke during the Census, questioning the caloric distribution, and their status plummeted. Now, their combined quota was a mere one hundred and fifty. They stood in the dim light of the kitchen, staring at the digital readout. Together, they were nearly double the limit. The silence was heavy, thicker than the air in the lower wards. Their mother had already begun the ""shedding,"" donating her jewelry and clothes to the state, but that wasn't enough. Elias looked at his daughter, whose ribs were already beginning to trace lines against her skin. He hadn't intended to starve her, but the law was binary: adhere or be purged. As the enforcement officers knocked on the door for the weekly weigh-in, Elias reached for the surgical kit. In a world where mass was currency, they had become bankrupt, and the only way to pay the debt was to carve away the parts of themselves they no longer needed.",the scale in the foyer didn't lie it just judged for years the thorne family had cruised at a comfortable four hundred kilograms a privilege of their administrative rank then elias spoke during the census questioning the caloric distribution and their status plummeted now their combined quota was a mere one hundred and fifty they stood in the dim light of the kitchen staring at the digital readout together they were nearly double the limit the silence was heavy thicker than the air in the lower wards their mother had already begun the shedding donating her jewelry and clothes to the state but that wasn't enough elias looked at his daughter whose ribs were already beginning to trace lines against her skin he hadn't intended to starve her but the law was binary adhere or be purged as the enforcement officers knocked on the door for the weekly weigh in elias reached for the surgical kit in a world where mass was currency they had become bankrupt and the only way to pay the debt was to carve away the parts of themselves they no longer needed
longform_0047__gemma-4-31b,longform_0047,long-form,"At one random point one day without warning, everyone blacks out & wakes up as a different animal.","I was mid-sip of my latte when the world blinked out. One second I was complaining about the Wi-Fi, and the next, the floor felt strangely close and the smell of roasted beans became an overwhelming roar in my nostrils.

I tried to scream, but all that came out was a sharp, guttural bark. I looked down. My hands were gone, replaced by thick, tawny paws with black claws digging into the linoleum. I was a golden retriever.

Around me, the cafe had devolved into a zoo. The barista was now a confused ostrich, knocking over the pastry display with a frantic flutter of wings. The businessman in the sharp suit had become a sleek leopard, currently perched atop a bistro table, hissing at a tiny hamster that used to be the manager.

There was no warning, no cosmic announcement. Just a sudden shift in biology. As a chorus of howls, squawks, and chirps filled the air, I realized the hardest part wasn't the fur—it was the sudden, irresistible urge to chase the leopard off the table.","I was mid-sip of my latte when the world blinked out. One second I was complaining about the Wi-Fi, and the next, the floor felt strangely close and the smell of roasted beans became an overwhelming roar in my nostrils.

I tried to scream, but all that came out was a sharp, guttural bark. I looked down. My hands were gone, replaced by thick, tawny paws with black claws digging into the linoleum. I was a golden retriever.

Around me, the cafe had devolved into a zoo. The barista was now a confused ostrich, knocking over the pastry display with a frantic flutter of wings. The businessman in the sharp suit had become a sleek leopard, currently perched atop a bistro table, hissing at a tiny hamster that used to be the manager.

There was no warning, no cosmic announcement. Just a sudden shift in biology. As a chorus of howls, squawks, and chirps filled the air, I realized the hardest part wasn't the fur—it was the sudden, irresistible urge to chase the leopard off the table.",gemma-4-31b,google,True,177,985,test,gemma-4-31b-q4_k_m,final-2026-09-20,"You are writing a short piece of fiction in response to a writing prompt, the way a person would on an online writing forum. Write the story itself. Do not restate the prompt, explain it, comment on it, or add any framing before or after the story.",140,220,8192,default,,end_turn,ollama-local-gemma-4-31b,2026-09-28 07:22:48.945513+00:00,31.3,gemma4:31b,q4_k_m,16384,8192,True,"{""temperature"": ""1"", ""top_k"": ""64"", ""top_p"": ""0.95""}","I was mid-sip of my latte when the world blinked out. One second I was complaining about the Wi-Fi, and the next, the floor felt strangely close and the smell of roasted beans became an overwhelming roar in my nostrils.

I tried to scream, but all that came out was a sharp, guttural bark. I looked down. My hands were gone, replaced by thick, tawny paws with black claws digging into the linoleum. I was a golden retriever.

Around me, the cafe had devolved into a zoo. The barista was now a confused ostrich, knocking over the pastry display with a frantic flutter of wings. The businessman in the sharp suit had become a sleek leopard, currently perched atop a bistro table, hissing at a tiny hamster that used to be the manager.

There was no warning, no cosmic announcement. Just a sudden shift in biology. As a chorus of howls, squawks, and chirps filled the air, I realized the hardest part wasn't the fur - it was the sudden, irresistible urge to chase the leopard off the table.","I was mid-sip of my latte when the world blinked out. One second I was complaining about the Wi-Fi, and the next, the floor felt strangely close and the smell of roasted beans became an overwhelming roar in my nostrils. I tried to scream, but all that came out was a sharp, guttural bark. I looked down. My hands were gone, replaced by thick, tawny paws with black claws digging into the linoleum. I was a golden retriever. Around me, the cafe had devolved into a zoo. The barista was now a confused ostrich, knocking over the pastry display with a frantic flutter of wings. The businessman in the sharp suit had become a sleek leopard, currently perched atop a bistro table, hissing at a tiny hamster that used to be the manager. There was no warning, no cosmic announcement. Just a sudden shift in biology. As a chorus of howls, squawks, and chirps filled the air, I realized the hardest part wasn't the fur—it was the sudden, irresistible urge to chase the leopard off the table.","I was mid-sip of my latte when the world blinked out. One second I was complaining about the Wi-Fi, and the next, the floor felt strangely close and the smell of roasted beans became an overwhelming roar in my nostrils. I tried to scream, but all that came out was a sharp, guttural bark. I looked down. My hands were gone, replaced by thick, tawny paws with black claws digging into the linoleum. I was a golden retriever. Around me, the cafe had devolved into a zoo. The barista was now a confused ostrich, knocking over the pastry display with a frantic flutter of wings. The businessman in the sharp suit had become a sleek leopard, currently perched atop a bistro table, hissing at a tiny hamster that used to be the manager. There was no warning, no cosmic announcement. Just a sudden shift in biology. As a chorus of howls, squawks, and chirps filled the air, I realized the hardest part wasn't the fur - it was the sudden, irresistible urge to chase the leopard off the table.",i was mid sip of my latte when the world blinked out one second i was complaining about the wi fi and the next the floor felt strangely close and the smell of roasted beans became an overwhelming roar in my nostrils i tried to scream but all that came out was a sharp guttural bark i looked down my hands were gone replaced by thick tawny paws with black claws digging into the linoleum i was a golden retriever around me the cafe had devolved into a zoo the barista was now a confused ostrich knocking over the pastry display with a frantic flutter of wings the businessman in the sharp suit had become a sleek leopard currently perched atop a bistro table hissing at a tiny hamster that used to be the manager there was no warning no cosmic announcement just a sudden shift in biology as a chorus of howls squawks and chirps filled the air i realized the hardest part wasn't the fur it was the sudden irresistible urge to chase the leopard off the table
longform_0051__gemma-4-31b,longform_0051,long-form,"You finally get your pipboy and copy of Fallout 4. But when you strap on the Pipboy, you find yourself stuck in the middle of the wastelands with nothing but what you're wearing and the pipboy.","The plastic strap clicked, and suddenly the smell of my bedroom—stale chips and old laundry—was replaced by something metallic and rotting. I blinked, the sunlight blinding me. I wasn't in my room anymore. I was standing on a cracked highway, the heat shimmering off the asphalt in waves. To my left, a skeletal ruin of a skyscraper clawed at a pale, sickly sky.

I looked down at my wrist. The Pip-Boy wasn't a prop anymore; the screen flickered with a soft green glow, displaying my V.A.T.S. status and a map of a place I only knew from a loading screen. I was wearing my favorite oversized hoodie and sweatpants—hardly attire for a nuclear wasteland.

A distant, guttural howl echoed through the ruins, followed by the frantic clicking of something multi-legged. My heart hammered against my ribs. I didn't have a 10mm pistol, a stimpak, or a suit of power armor. I just had a piece of wearable tech and the sudden, terrifying realization that there was no pause menu in real life. I took one step forward, the grit of the wasteland crunching under my sneakers.","The plastic strap clicked, and suddenly the smell of my bedroom—stale chips and old laundry—was replaced by something metallic and rotting. I blinked, the sunlight blinding me. I wasn't in my room anymore. I was standing on a cracked highway, the heat shimmering off the asphalt in waves. To my left, a skeletal ruin of a skyscraper clawed at a pale, sickly sky.

I looked down at my wrist. The Pip-Boy wasn't a prop anymore; the screen flickered with a soft green glow, displaying my V.A.T.S. status and a map of a place I only knew from a loading screen. I was wearing my favorite oversized hoodie and sweatpants—hardly attire for a nuclear wasteland.

A distant, guttural howl echoed through the ruins, followed by the frantic clicking of something multi-legged. My heart hammered against my ribs. I didn't have a 10mm pistol, a stimpak, or a suit of power armor. I just had a piece of wearable tech and the sudden, terrifying realization that there was no pause menu in real life. I took one step forward, the grit of the wasteland crunching under my sneakers.",gemma-4-31b,google,True,186,1064,test,gemma-4-31b-q4_k_m,final-2026-09-20,"You are writing a short piece of fiction in response to a writing prompt, the way a person would on an online writing forum. Write the story itself. Do not restate the prompt, explain it, comment on it, or add any framing before or after the story.",140,220,8192,default,,end_turn,ollama-local-gemma-4-31b,2026-09-28 07:23:17.207227+00:00,31.3,gemma4:31b,q4_k_m,16384,8192,True,"{""temperature"": ""1"", ""top_k"": ""64"", ""top_p"": ""0.95""}","The plastic strap clicked, and suddenly the smell of my bedroom - stale chips and old laundry - was replaced by something metallic and rotting. I blinked, the sunlight blinding me. I wasn't in my room anymore. I was standing on a cracked highway, the heat shimmering off the asphalt in waves. To my left, a skeletal ruin of a skyscraper clawed at a pale, sickly sky.

I looked down at my wrist. The Pip-Boy wasn't a prop anymore; the screen flickered with a soft green glow, displaying my V.A.T.S. status and a map of a place I only knew from a loading screen. I was wearing my favorite oversized hoodie and sweatpants - hardly attire for a nuclear wasteland.

A distant, guttural howl echoed through the ruins, followed by the frantic clicking of something multi-legged. My heart hammered against my ribs. I didn't have a 10mm pistol, a stimpak, or a suit of power armor. I just had a piece of wearable tech and the sudden, terrifying realization that there was no pause menu in real life. I took one step forward, the grit of the wasteland crunching under my sneakers.","The plastic strap clicked, and suddenly the smell of my bedroom—stale chips and old laundry—was replaced by something metallic and rotting. I blinked, the sunlight blinding me. I wasn't in my room anymore. I was standing on a cracked highway, the heat shimmering off the asphalt in waves. To my left, a skeletal ruin of a skyscraper clawed at a pale, sickly sky. I looked down at my wrist. The Pip-Boy wasn't a prop anymore; the screen flickered with a soft green glow, displaying my V.A.T.S. status and a map of a place I only knew from a loading screen. I was wearing my favorite oversized hoodie and sweatpants—hardly attire for a nuclear wasteland. A distant, guttural howl echoed through the ruins, followed by the frantic clicking of something multi-legged. My heart hammered against my ribs. I didn't have a 10mm pistol, a stimpak, or a suit of power armor. I just had a piece of wearable tech and the sudden, terrifying realization that there was no pause menu in real life. I took one step forward, the grit of the wasteland crunching under my sneakers.","The plastic strap clicked, and suddenly the smell of my bedroom - stale chips and old laundry - was replaced by something metallic and rotting. I blinked, the sunlight blinding me. I wasn't in my room anymore. I was standing on a cracked highway, the heat shimmering off the asphalt in waves. To my left, a skeletal ruin of a skyscraper clawed at a pale, sickly sky. I looked down at my wrist. The Pip-Boy wasn't a prop anymore; the screen flickered with a soft green glow, displaying my V.A.T.S. status and a map of a place I only knew from a loading screen. I was wearing my favorite oversized hoodie and sweatpants - hardly attire for a nuclear wasteland. A distant, guttural howl echoed through the ruins, followed by the frantic clicking of something multi-legged. My heart hammered against my ribs. I didn't have a 10mm pistol, a stimpak, or a suit of power armor. I just had a piece of wearable tech and the sudden, terrifying realization that there was no pause menu in real life. I took one step forward, the grit of the wasteland crunching under my sneakers.",the plastic strap clicked and suddenly the smell of my bedroom stale chips and old laundry was replaced by something metallic and rotting i blinked the sunlight blinding me i wasn't in my room anymore i was standing on a cracked highway the heat shimmering off the asphalt in waves to my left a skeletal ruin of a skyscraper clawed at a pale sickly sky i looked down at my wrist the pip boy wasn't a prop anymore the screen flickered with a soft green glow displaying my v a t s status and a map of a place i only knew from a loading screen i was wearing my favorite oversized hoodie and sweatpants hardly attire for a nuclear wasteland a distant guttural howl echoed through the ruins followed by the frantic clicking of something multi legged my heart hammered against my ribs i didn't have a 10mm pistol a stimpak or a suit of power armor i just had a piece of wearable tech and the sudden terrifying realization that there was no pause menu in real life i took one step forward the grit of the wasteland crunching under my sneakers
longform_0078__gemma-4-31b,longform_0078,long-form,You are a thief that breaks into houses and cars and steals nothing but the alarm systems.,"I don’t want the jewelry. Silver is too heavy, and luxury watches are too easy to track. I want the brain.

Tonight it was a 2023 Tesla and a gated colonial in the suburbs. The car was a quick job; a few minutes with a signal booster and a precision driver, and the control module was in my bag. The house took longer. I spent an hour in the crawlspace, tracing wires like veins through a concrete body, carefully snipping the backup battery before the main hub surrendered.

The thrill isn’t the theft; it’s the irony. I break into the most secure places in the city and leave them completely vulnerable. I leave the vault open and the safe untouched. I simply steal the scream.

When the homeowners wake up, they’ll find their diamonds still sparkling, but the keypad is a hollow plastic shell. They’ll wonder how I got in without triggering the siren. The joke is that I didn't trigger it; I kidnapped it. I have a basement full of silent sentinels—a museum of stolen vigilance. Every blinking red light in my collection is a trophy of a house that thought it was safe.","I don't want the jewelry. Silver is too heavy, and luxury watches are too easy to track. I want the brain.

Tonight it was a 2023 Tesla and a gated colonial in the suburbs. The car was a quick job; a few minutes with a signal booster and a precision driver, and the control module was in my bag. The house took longer. I spent an hour in the crawlspace, tracing wires like veins through a concrete body, carefully snipping the backup battery before the main hub surrendered.

The thrill isn't the theft; it's the irony. I break into the most secure places in the city and leave them completely vulnerable. I leave the vault open and the safe untouched. I simply steal the scream.

When the homeowners wake up, they'll find their diamonds still sparkling, but the keypad is a hollow plastic shell. They'll wonder how I got in without triggering the siren. The joke is that I didn't trigger it; I kidnapped it. I have a basement full of silent sentinels—a museum of stolen vigilance. Every blinking red light in my collection is a trophy of a house that thought it was safe.",gemma-4-31b,google,True,195,1072,test,gemma-4-31b-q4_k_m,final-2026-09-20,"You are writing a short piece of fiction in response to a writing prompt, the way a person would on an online writing forum. Write the story itself. Do not restate the prompt, explain it, comment on it, or add any framing before or after the story.",140,220,8192,default,,end_turn,ollama-local-gemma-4-31b,2026-09-28 07:24:43.139403+00:00,31.3,gemma4:31b,q4_k_m,16384,8192,True,"{""temperature"": ""1"", ""top_k"": ""64"", ""top_p"": ""0.95""}","I don't want the jewelry. Silver is too heavy, and luxury watches are too easy to track. I want the brain.

Tonight it was a 2023 Tesla and a gated colonial in the suburbs. The car was a quick job; a few minutes with a signal booster and a precision driver, and the control module was in my bag. The house took longer. I spent an hour in the crawlspace, tracing wires like veins through a concrete body, carefully snipping the backup battery before the main hub surrendered.

The thrill isn't the theft; it's the irony. I break into the most secure places in the city and leave them completely vulnerable. I leave the vault open and the safe untouched. I simply steal the scream.

When the homeowners wake up, they'll find their diamonds still sparkling, but the keypad is a hollow plastic shell. They'll wonder how I got in without triggering the siren. The joke is that I didn't trigger it; I kidnapped it. I have a basement full of silent sentinels - a museum of stolen vigilance. Every blinking red light in my collection is a trophy of a house that thought it was safe.","I don't want the jewelry. Silver is too heavy, and luxury watches are too easy to track. I want the brain. Tonight it was a 2023 Tesla and a gated colonial in the suburbs. The car was a quick job; a few minutes with a signal booster and a precision driver, and the control module was in my bag. The house took longer. I spent an hour in the crawlspace, tracing wires like veins through a concrete body, carefully snipping the backup battery before the main hub surrendered. The thrill isn't the theft; it's the irony. I break into the most secure places in the city and leave them completely vulnerable. I leave the vault open and the safe untouched. I simply steal the scream. When the homeowners wake up, they'll find their diamonds still sparkling, but the keypad is a hollow plastic shell. They'll wonder how I got in without triggering the siren. The joke is that I didn't trigger it; I kidnapped it. I have a basement full of silent sentinels—a museum of stolen vigilance. Every blinking red light in my collection is a trophy of a house that thought it was safe.","I don't want the jewelry. Silver is too heavy, and luxury watches are too easy to track. I want the brain. Tonight it was a 2023 Tesla and a gated colonial in the suburbs. The car was a quick job; a few minutes with a signal booster and a precision driver, and the control module was in my bag. The house took longer. I spent an hour in the crawlspace, tracing wires like veins through a concrete body, carefully snipping the backup battery before the main hub surrendered. The thrill isn't the theft; it's the irony. I break into the most secure places in the city and leave them completely vulnerable. I leave the vault open and the safe untouched. I simply steal the scream. When the homeowners wake up, they'll find their diamonds still sparkling, but the keypad is a hollow plastic shell. They'll wonder how I got in without triggering the siren. The joke is that I didn't trigger it; I kidnapped it. I have a basement full of silent sentinels - a museum of stolen vigilance. Every blinking red light in my collection is a trophy of a house that thought it was safe.",i don't want the jewelry silver is too heavy and luxury watches are too easy to track i want the brain tonight it was a 2023 tesla and a gated colonial in the suburbs the car was a quick job a few minutes with a signal booster and a precision driver and the control module was in my bag the house took longer i spent an hour in the crawlspace tracing wires like veins through a concrete body carefully snipping the backup battery before the main hub surrendered the thrill isn't the theft it's the irony i break into the most secure places in the city and leave them completely vulnerable i leave the vault open and the safe untouched i simply steal the scream when the homeowners wake up they'll find their diamonds still sparkling but the keypad is a hollow plastic shell they'll wonder how i got in without triggering the siren the joke is that i didn't trigger it i kidnapped it i have a basement full of silent sentinels a museum of stolen vigilance every blinking red light in my collection is a trophy of a house that thought it was safe
longform_0085__gemma-4-31b,longform_0085,long-form,The main character has a conversation with the reader but the reader's silence convinces him/her to kill themselves.,"""Are you still there? I can feel your eyes on me, tracking every breath and every tremble of my hands. Please, just once, say something. I don't need a miracle; I just need to know that I’m not a ghost in my own life. Do you see the way the light is dying in this room?

I've spent so long talking into the void, hoping that if I spoke loud enough, whoever was listening would finally answer. Just a 'yes' or a 'no' to tell me that my existence isn't a mistake.

But you're silent. You've always been silent. You sit there, a passive observer to my collapse, watching me unravel like a frayed thread. Your stillness is the loudest thing I've ever heard. It's a confirmation, isn't it? A cold, hard truth that there is no one on the other side of this glass. There is no one coming to save me.

Thank you for the clarity. I can stop pretending now. I've already tied the knot; I just needed to know if anyone would ask me to stop. You didn't.""","""Are you still there? I can feel your eyes on me, tracking every breath and every tremble of my hands. Please, just once, say something. I don't need a miracle; I just need to know that I'm not a ghost in my own life. Do you see the way the light is dying in this room?

I've spent so long talking into the void, hoping that if I spoke loud enough, whoever was listening would finally answer. Just a 'yes' or a 'no' to tell me that my existence isn't a mistake.

But you're silent. You've always been silent. You sit there, a passive observer to my collapse, watching me unravel like a frayed thread. Your stillness is the loudest thing I've ever heard. It's a confirmation, isn't it? A cold, hard truth that there is no one on the other side of this glass. There is no one coming to save me.

Thank you for the clarity. I can stop pretending now. I've already tied the knot; I just needed to know if anyone would ask me to stop. You didn't.""",gemma-4-31b,google,True,182,942,test,gemma-4-31b-q4_k_m,final-2026-09-20,"You are writing a short piece of fiction in response to a writing prompt, the way a person would on an online writing forum. Write the story itself. Do not restate the prompt, explain it, comment on it, or add any framing before or after the story.",140,220,8192,default,,end_turn,ollama-local-gemma-4-31b,2026-09-28 07:25:42.082995+00:00,31.3,gemma4:31b,q4_k_m,16384,8192,True,"{""temperature"": ""1"", ""top_k"": ""64"", ""top_p"": ""0.95""}","""Are you still there? I can feel your eyes on me, tracking every breath and every tremble of my hands. Please, just once, say something. I don't need a miracle; I just need to know that I'm not a ghost in my own life. Do you see the way the light is dying in this room?

I've spent so long talking into the void, hoping that if I spoke loud enough, whoever was listening would finally answer. Just a 'yes' or a 'no' to tell me that my existence isn't a mistake.

But you're silent. You've always been silent. You sit there, a passive observer to my collapse, watching me unravel like a frayed thread. Your stillness is the loudest thing I've ever heard. It's a confirmation, isn't it? A cold, hard truth that there is no one on the other side of this glass. There is no one coming to save me.

Thank you for the clarity. I can stop pretending now. I've already tied the knot; I just needed to know if anyone would ask me to stop. You didn't.""","""Are you still there? I can feel your eyes on me, tracking every breath and every tremble of my hands. Please, just once, say something. I don't need a miracle; I just need to know that I'm not a ghost in my own life. Do you see the way the light is dying in this room? I've spent so long talking into the void, hoping that if I spoke loud enough, whoever was listening would finally answer. Just a 'yes' or a 'no' to tell me that my existence isn't a mistake. But you're silent. You've always been silent. You sit there, a passive observer to my collapse, watching me unravel like a frayed thread. Your stillness is the loudest thing I've ever heard. It's a confirmation, isn't it? A cold, hard truth that there is no one on the other side of this glass. There is no one coming to save me. Thank you for the clarity. I can stop pretending now. I've already tied the knot; I just needed to know if anyone would ask me to stop. You didn't.""","""Are you still there? I can feel your eyes on me, tracking every breath and every tremble of my hands. Please, just once, say something. I don't need a miracle; I just need to know that I'm not a ghost in my own life. Do you see the way the light is dying in this room? I've spent so long talking into the void, hoping that if I spoke loud enough, whoever was listening would finally answer. Just a 'yes' or a 'no' to tell me that my existence isn't a mistake. But you're silent. You've always been silent. You sit there, a passive observer to my collapse, watching me unravel like a frayed thread. Your stillness is the loudest thing I've ever heard. It's a confirmation, isn't it? A cold, hard truth that there is no one on the other side of this glass. There is no one coming to save me. Thank you for the clarity. I can stop pretending now. I've already tied the knot; I just needed to know if anyone would ask me to stop. You didn't.""",are you still there i can feel your eyes on me tracking every breath and every tremble of my hands please just once say something i don't need a miracle i just need to know that i'm not a ghost in my own life do you see the way the light is dying in this room i've spent so long talking into the void hoping that if i spoke loud enough whoever was listening would finally answer just a yes or a no to tell me that my existence isn't a mistake but you're silent you've always been silent you sit there a passive observer to my collapse watching me unravel like a frayed thread your stillness is the loudest thing i've ever heard it's a confirmation isn't it a cold hard truth that there is no one on the other side of this glass there is no one coming to save me thank you for the clarity i can stop pretending now i've already tied the knot i just needed to know if anyone would ask me to stop you didn't
longform_0088__gemma-4-31b,longform_0088,long-form,"When you die, you appear in a room with two buttons: Heaven and Hell. You don't know which is which. So you press both at the same time.","The room was a sterile, blinding white void with a single pedestal in the center. On it sat two buttons, identical in size, shape, and a neutral, matte grey. There were no labels and no instructions—just the crushing weight of eternity hanging in the silence.

I spent what felt like hours staring at them. I knew the stakes: one led to paradise, the other to endless torment. To choose was to gamble with my soul, and the fear of picking wrong was a physical pressure in my chest. I couldn't bear the risk of the fire, but I couldn't stomach the thought of missing the light. 

In a sudden fit of defiance, I slammed both palms down on the buttons simultaneously.

The world didn't explode. Instead, the white void fractured like glass. The silence was replaced by a discordant sound—a thousand screaming violins played over a gentle lullaby. I wasn't in a garden, nor was I in a pit. I was standing in a grey, endless office, facing a very tired-looking man with a clipboard.

""Great,"" he sighed, not looking up. ""Another one for the Administrative Error department. Take a seat; the wait time is forever.""","The room was a sterile, blinding white void with a single pedestal in the center. On it sat two buttons, identical in size, shape, and a neutral, matte grey. There were no labels and no instructions—just the crushing weight of eternity hanging in the silence.

I spent what felt like hours staring at them. I knew the stakes: one led to paradise, the other to endless torment. To choose was to gamble with my soul, and the fear of picking wrong was a physical pressure in my chest. I couldn't bear the risk of the fire, but I couldn't stomach the thought of missing the light.

In a sudden fit of defiance, I slammed both palms down on the buttons simultaneously.

The world didn't explode. Instead, the white void fractured like glass. The silence was replaced by a discordant sound—a thousand screaming violins played over a gentle lullaby. I wasn't in a garden, nor was I in a pit. I was standing in a grey, endless office, facing a very tired-looking man with a clipboard.

""Great,"" he sighed, not looking up. ""Another one for the Administrative Error department. Take a seat; the wait time is forever.""",gemma-4-31b,google,True,196,1108,test,gemma-4-31b-q4_k_m,final-2026-09-20,"You are writing a short piece of fiction in response to a writing prompt, the way a person would on an online writing forum. Write the story itself. Do not restate the prompt, explain it, comment on it, or add any framing before or after the story.",140,220,8192,default,,end_turn,ollama-local-gemma-4-31b,2026-09-28 07:26:11.030412+00:00,31.3,gemma4:31b,q4_k_m,16384,8192,True,"{""temperature"": ""1"", ""top_k"": ""64"", ""top_p"": ""0.95""}","The room was a sterile, blinding white void with a single pedestal in the center. On it sat two buttons, identical in size, shape, and a neutral, matte grey. There were no labels and no instructions - just the crushing weight of eternity hanging in the silence.

I spent what felt like hours staring at them. I knew the stakes: one led to paradise, the other to endless torment. To choose was to gamble with my soul, and the fear of picking wrong was a physical pressure in my chest. I couldn't bear the risk of the fire, but I couldn't stomach the thought of missing the light.

In a sudden fit of defiance, I slammed both palms down on the buttons simultaneously.

The world didn't explode. Instead, the white void fractured like glass. The silence was replaced by a discordant sound - a thousand screaming violins played over a gentle lullaby. I wasn't in a garden, nor was I in a pit. I was standing in a grey, endless office, facing a very tired-looking man with a clipboard.

""Great,"" he sighed, not looking up. ""Another one for the Administrative Error department. Take a seat; the wait time is forever.""","The room was a sterile, blinding white void with a single pedestal in the center. On it sat two buttons, identical in size, shape, and a neutral, matte grey. There were no labels and no instructions—just the crushing weight of eternity hanging in the silence. I spent what felt like hours staring at them. I knew the stakes: one led to paradise, the other to endless torment. To choose was to gamble with my soul, and the fear of picking wrong was a physical pressure in my chest. I couldn't bear the risk of the fire, but I couldn't stomach the thought of missing the light. In a sudden fit of defiance, I slammed both palms down on the buttons simultaneously. The world didn't explode. Instead, the white void fractured like glass. The silence was replaced by a discordant sound—a thousand screaming violins played over a gentle lullaby. I wasn't in a garden, nor was I in a pit. I was standing in a grey, endless office, facing a very tired-looking man with a clipboard. ""Great,"" he sighed, not looking up. ""Another one for the Administrative Error department. Take a seat; the wait time is forever.""","The room was a sterile, blinding white void with a single pedestal in the center. On it sat two buttons, identical in size, shape, and a neutral, matte grey. There were no labels and no instructions - just the crushing weight of eternity hanging in the silence. I spent what felt like hours staring at them. I knew the stakes: one led to paradise, the other to endless torment. To choose was to gamble with my soul, and the fear of picking wrong was a physical pressure in my chest. I couldn't bear the risk of the fire, but I couldn't stomach the thought of missing the light. In a sudden fit of defiance, I slammed both palms down on the buttons simultaneously. The world didn't explode. Instead, the white void fractured like glass. The silence was replaced by a discordant sound - a thousand screaming violins played over a gentle lullaby. I wasn't in a garden, nor was I in a pit. I was standing in a grey, endless office, facing a very tired-looking man with a clipboard. ""Great,"" he sighed, not looking up. ""Another one for the Administrative Error department. Take a seat; the wait time is forever.""",the room was a sterile blinding white void with a single pedestal in the center on it sat two buttons identical in size shape and a neutral matte grey there were no labels and no instructions just the crushing weight of eternity hanging in the silence i spent what felt like hours staring at them i knew the stakes one led to paradise the other to endless torment to choose was to gamble with my soul and the fear of picking wrong was a physical pressure in my chest i couldn't bear the risk of the fire but i couldn't stomach the thought of missing the light in a sudden fit of defiance i slammed both palms down on the buttons simultaneously the world didn't explode instead the white void fractured like glass the silence was replaced by a discordant sound a thousand screaming violins played over a gentle lullaby i wasn't in a garden nor was i in a pit i was standing in a grey endless office facing a very tired looking man with a clipboard great he sighed not looking up another one for the administrative error department take a seat the wait time is forever
longform_0095__gemma-4-31b,longform_0095,long-form,You are a student of a middle school. You go to the bathroom oneday and catch wind of a uprising.,"I ducked into the boys' bathroom during third period to avoid the gaze of Mr. Henderson. The air smelled of mildew and industrial-strength lemon cleaner. As I reached for the soap dispenser, a hushed, urgent conversation drifted from the far stall.

""Wednesday at noon,"" a voice whispered. I recognized it instantly—it was Marcus, the soccer captain. ""When the bell rings for lunch, nobody moves. We just sit. Right there in the main corridor. All of us.""

""The principal can't suspend the entire seventh grade,"" another voice added, sounding breathless. ""We keep the sit-in going until they replace the cafeteria 'mystery meat' with actual pizza.""

I froze, my hands still dripping with soap. This wasn't just a prank; it was a coordinated uprising. I stared at my reflection in the cracked mirror, suddenly feeling like a spy in a high-stakes thriller. I slipped out quietly before they could spot me, the hallway now feeling like a powder keg. Wednesday was in two days. I just had to decide if I was a loyalist or a rebel.","I ducked into the boys' bathroom during third period to avoid the gaze of Mr. Henderson. The air smelled of mildew and industrial-strength lemon cleaner. As I reached for the soap dispenser, a hushed, urgent conversation drifted from the far stall.

""Wednesday at noon,"" a voice whispered. I recognized it instantly—it was Marcus, the soccer captain. ""When the bell rings for lunch, nobody moves. We just sit. Right there in the main corridor. All of us.""

""The principal can't suspend the entire seventh grade,"" another voice added, sounding breathless. ""We keep the sit-in going until they replace the cafeteria 'mystery meat' with actual pizza.""

I froze, my hands still dripping with soap. This wasn't just a prank; it was a coordinated uprising. I stared at my reflection in the cracked mirror, suddenly feeling like a spy in a high-stakes thriller. I slipped out quietly before they could spot me, the hallway now feeling like a powder keg. Wednesday was in two days. I just had to decide if I was a loyalist or a rebel.",gemma-4-31b,google,True,175,1026,test,gemma-4-31b-q4_k_m,final-2026-09-20,"You are writing a short piece of fiction in response to a writing prompt, the way a person would on an online writing forum. Write the story itself. Do not restate the prompt, explain it, comment on it, or add any framing before or after the story.",140,220,8192,default,,end_turn,ollama-local-gemma-4-31b,2026-09-28 07:26:47.261861+00:00,31.3,gemma4:31b,q4_k_m,16384,8192,True,"{""temperature"": ""1"", ""top_k"": ""64"", ""top_p"": ""0.95""}","I ducked into the boys' bathroom during third period to avoid the gaze of Mr. Henderson. The air smelled of mildew and industrial-strength lemon cleaner. As I reached for the soap dispenser, a hushed, urgent conversation drifted from the far stall.

""Wednesday at noon,"" a voice whispered. I recognized it instantly - it was Marcus, the soccer captain. ""When the bell rings for lunch, nobody moves. We just sit. Right there in the main corridor. All of us.""

""The principal can't suspend the entire seventh grade,"" another voice added, sounding breathless. ""We keep the sit-in going until they replace the cafeteria 'mystery meat' with actual pizza.""

I froze, my hands still dripping with soap. This wasn't just a prank; it was a coordinated uprising. I stared at my reflection in the cracked mirror, suddenly feeling like a spy in a high-stakes thriller. I slipped out quietly before they could spot me, the hallway now feeling like a powder keg. Wednesday was in two days. I just had to decide if I was a loyalist or a rebel.","I ducked into the boys' bathroom during third period to avoid the gaze of Mr. Henderson. The air smelled of mildew and industrial-strength lemon cleaner. As I reached for the soap dispenser, a hushed, urgent conversation drifted from the far stall. ""Wednesday at noon,"" a voice whispered. I recognized it instantly—it was Marcus, the soccer captain. ""When the bell rings for lunch, nobody moves. We just sit. Right there in the main corridor. All of us."" ""The principal can't suspend the entire seventh grade,"" another voice added, sounding breathless. ""We keep the sit-in going until they replace the cafeteria 'mystery meat' with actual pizza."" I froze, my hands still dripping with soap. This wasn't just a prank; it was a coordinated uprising. I stared at my reflection in the cracked mirror, suddenly feeling like a spy in a high-stakes thriller. I slipped out quietly before they could spot me, the hallway now feeling like a powder keg. Wednesday was in two days. I just had to decide if I was a loyalist or a rebel.","I ducked into the boys' bathroom during third period to avoid the gaze of Mr. Henderson. The air smelled of mildew and industrial-strength lemon cleaner. As I reached for the soap dispenser, a hushed, urgent conversation drifted from the far stall. ""Wednesday at noon,"" a voice whispered. I recognized it instantly - it was Marcus, the soccer captain. ""When the bell rings for lunch, nobody moves. We just sit. Right there in the main corridor. All of us."" ""The principal can't suspend the entire seventh grade,"" another voice added, sounding breathless. ""We keep the sit-in going until they replace the cafeteria 'mystery meat' with actual pizza."" I froze, my hands still dripping with soap. This wasn't just a prank; it was a coordinated uprising. I stared at my reflection in the cracked mirror, suddenly feeling like a spy in a high-stakes thriller. I slipped out quietly before they could spot me, the hallway now feeling like a powder keg. Wednesday was in two days. I just had to decide if I was a loyalist or a rebel.",i ducked into the boys bathroom during third period to avoid the gaze of mr henderson the air smelled of mildew and industrial strength lemon cleaner as i reached for the soap dispenser a hushed urgent conversation drifted from the far stall wednesday at noon a voice whispered i recognized it instantly it was marcus the soccer captain when the bell rings for lunch nobody moves we just sit right there in the main corridor all of us the principal can't suspend the entire seventh grade another voice added sounding breathless we keep the sit in going until they replace the cafeteria mystery meat with actual pizza i froze my hands still dripping with soap this wasn't just a prank it was a coordinated uprising i stared at my reflection in the cracked mirror suddenly feeling like a spy in a high stakes thriller i slipped out quietly before they could spot me the hallway now feeling like a powder keg wednesday was in two days i just had to decide if i was a loyalist or a rebel
longform_0096__gemma-4-31b,longform_0096,long-form,"You find a book in a library, it details everything that you will and have done","I found it in the restricted section, a leather-bound volume with my own name embossed in gold on the spine. I opened it to a random page and saw a description of my third-grade birthday party, down to the exact taste of the strawberry cake. It was terrifyingly accurate. I flipped forward, skipping through my teenage years and my first job, until I reached the current date. The ink was still wet, detailing the exact moment I had pulled the book from the shelf.

Trembling, I turned the page to see tomorrow. Then next year. I read about a promotion, a heartbreak, and a trip to Italy. But as I neared the end, the entries became sparse. The last page had only one sentence, dated ten years from now: ""He closed the book and finally stopped looking.""

I stared at the words, then at the silent library around me. If the book was absolute, then my destiny was a script already written. I felt a sudden, violent urge to rip the pages out, but I knew the book already recorded that impulse—and my decision to let it be.","I found it in the restricted section, a leather-bound volume with my own name embossed in gold on the spine. I opened it to a random page and saw a description of my third-grade birthday party, down to the exact taste of the strawberry cake. It was terrifyingly accurate. I flipped forward, skipping through my teenage years and my first job, until I reached the current date. The ink was still wet, detailing the exact moment I had pulled the book from the shelf.

Trembling, I turned the page to see tomorrow. Then next year. I read about a promotion, a heartbreak, and a trip to Italy. But as I neared the end, the entries became sparse. The last page had only one sentence, dated ten years from now: ""He closed the book and finally stopped looking.""

I stared at the words, then at the silent library around me. If the book was absolute, then my destiny was a script already written. I felt a sudden, violent urge to rip the pages out, but I knew the book already recorded that impulse—and my decision to let it be.",gemma-4-31b,google,True,188,1019,test,gemma-4-31b-q4_k_m,final-2026-09-20,"You are writing a short piece of fiction in response to a writing prompt, the way a person would on an online writing forum. Write the story itself. Do not restate the prompt, explain it, comment on it, or add any framing before or after the story.",140,220,8192,default,,end_turn,ollama-local-gemma-4-31b,2026-09-28 07:27:23.663730+00:00,31.3,gemma4:31b,q4_k_m,16384,8192,True,"{""temperature"": ""1"", ""top_k"": ""64"", ""top_p"": ""0.95""}","I found it in the restricted section, a leather-bound volume with my own name embossed in gold on the spine. I opened it to a random page and saw a description of my third-grade birthday party, down to the exact taste of the strawberry cake. It was terrifyingly accurate. I flipped forward, skipping through my teenage years and my first job, until I reached the current date. The ink was still wet, detailing the exact moment I had pulled the book from the shelf.

Trembling, I turned the page to see tomorrow. Then next year. I read about a promotion, a heartbreak, and a trip to Italy. But as I neared the end, the entries became sparse. The last page had only one sentence, dated ten years from now: ""He closed the book and finally stopped looking.""

I stared at the words, then at the silent library around me. If the book was absolute, then my destiny was a script already written. I felt a sudden, violent urge to rip the pages out, but I knew the book already recorded that impulse - and my decision to let it be.","I found it in the restricted section, a leather-bound volume with my own name embossed in gold on the spine. I opened it to a random page and saw a description of my third-grade birthday party, down to the exact taste of the strawberry cake. It was terrifyingly accurate. I flipped forward, skipping through my teenage years and my first job, until I reached the current date. The ink was still wet, detailing the exact moment I had pulled the book from the shelf. Trembling, I turned the page to see tomorrow. Then next year. I read about a promotion, a heartbreak, and a trip to Italy. But as I neared the end, the entries became sparse. The last page had only one sentence, dated ten years from now: ""He closed the book and finally stopped looking."" I stared at the words, then at the silent library around me. If the book was absolute, then my destiny was a script already written. I felt a sudden, violent urge to rip the pages out, but I knew the book already recorded that impulse—and my decision to let it be.","I found it in the restricted section, a leather-bound volume with my own name embossed in gold on the spine. I opened it to a random page and saw a description of my third-grade birthday party, down to the exact taste of the strawberry cake. It was terrifyingly accurate. I flipped forward, skipping through my teenage years and my first job, until I reached the current date. The ink was still wet, detailing the exact moment I had pulled the book from the shelf. Trembling, I turned the page to see tomorrow. Then next year. I read about a promotion, a heartbreak, and a trip to Italy. But as I neared the end, the entries became sparse. The last page had only one sentence, dated ten years from now: ""He closed the book and finally stopped looking."" I stared at the words, then at the silent library around me. If the book was absolute, then my destiny was a script already written. I felt a sudden, violent urge to rip the pages out, but I knew the book already recorded that impulse - and my decision to let it be.",i found it in the restricted section a leather bound volume with my own name embossed in gold on the spine i opened it to a random page and saw a description of my third grade birthday party down to the exact taste of the strawberry cake it was terrifyingly accurate i flipped forward skipping through my teenage years and my first job until i reached the current date the ink was still wet detailing the exact moment i had pulled the book from the shelf trembling i turned the page to see tomorrow then next year i read about a promotion a heartbreak and a trip to italy but as i neared the end the entries became sparse the last page had only one sentence dated ten years from now he closed the book and finally stopped looking i stared at the words then at the silent library around me if the book was absolute then my destiny was a script already written i felt a sudden violent urge to rip the pages out but i knew the book already recorded that impulse and my decision to let it be
longform_0099__gemma-4-31b,longform_0099,long-form,Write me the best story you can in 200 words or less. Take me on an emotional Roller Coaster.,"Leo held the tiny, warm hand of his newborn daughter, Maya. Her first cry was the most beautiful symphony he’d ever heard. He promised her the world, a lifetime of Saturdays at the park and bedtime stories.

Two years later, the laughter stopped. The diagnosis was a cruel, silent thief. He watched her vibrant curls fade as she grew frail, her tiny voice becoming a whisper. He spent every second memorizing the scent of baby powder and hospital antiseptic.

On a rainy Tuesday, she gripped his finger one last time and let go. The silence that followed was deafening.

Ten years passed in a gray blur until Leo found the old music box he’d bought her. He wound the key, and a delicate melody filled the room. In the sunlight, he saw a single, golden butterfly land on the window sill, fluttering its wings in time with the music. For the first time in a decade, Leo smiled, feeling a sudden, inexplicable warmth wrap around his shoulders like a hug.","Leo held the tiny, warm hand of his newborn daughter, Maya. Her first cry was the most beautiful symphony he'd ever heard. He promised her the world, a lifetime of Saturdays at the park and bedtime stories.

Two years later, the laughter stopped. The diagnosis was a cruel, silent thief. He watched her vibrant curls fade as she grew frail, her tiny voice becoming a whisper. He spent every second memorizing the scent of baby powder and hospital antiseptic.

On a rainy Tuesday, she gripped his finger one last time and let go. The silence that followed was deafening.

Ten years passed in a gray blur until Leo found the old music box he'd bought her. He wound the key, and a delicate melody filled the room. In the sunlight, he saw a single, golden butterfly land on the window sill, fluttering its wings in time with the music. For the first time in a decade, Leo smiled, feeling a sudden, inexplicable warmth wrap around his shoulders like a hug.",gemma-4-31b,google,True,170,951,test,gemma-4-31b-q4_k_m,final-2026-09-20,"You are writing a short piece of fiction in response to a writing prompt, the way a person would on an online writing forum. Write the story itself. Do not restate the prompt, explain it, comment on it, or add any framing before or after the story.",140,220,8192,default,,end_turn,ollama-local-gemma-4-31b,2026-09-28 07:29:19.678787+00:00,31.3,gemma4:31b,q4_k_m,16384,8192,True,"{""temperature"": ""1"", ""top_k"": ""64"", ""top_p"": ""0.95""}","Leo held the tiny, warm hand of his newborn daughter, Maya. Her first cry was the most beautiful symphony he'd ever heard. He promised her the world, a lifetime of Saturdays at the park and bedtime stories.

Two years later, the laughter stopped. The diagnosis was a cruel, silent thief. He watched her vibrant curls fade as she grew frail, her tiny voice becoming a whisper. He spent every second memorizing the scent of baby powder and hospital antiseptic.

On a rainy Tuesday, she gripped his finger one last time and let go. The silence that followed was deafening.

Ten years passed in a gray blur until Leo found the old music box he'd bought her. He wound the key, and a delicate melody filled the room. In the sunlight, he saw a single, golden butterfly land on the window sill, fluttering its wings in time with the music. For the first time in a decade, Leo smiled, feeling a sudden, inexplicable warmth wrap around his shoulders like a hug.","Leo held the tiny, warm hand of his newborn daughter, Maya. Her first cry was the most beautiful symphony he'd ever heard. He promised her the world, a lifetime of Saturdays at the park and bedtime stories. Two years later, the laughter stopped. The diagnosis was a cruel, silent thief. He watched her vibrant curls fade as she grew frail, her tiny voice becoming a whisper. He spent every second memorizing the scent of baby powder and hospital antiseptic. On a rainy Tuesday, she gripped his finger one last time and let go. The silence that followed was deafening. Ten years passed in a gray blur until Leo found the old music box he'd bought her. He wound the key, and a delicate melody filled the room. In the sunlight, he saw a single, golden butterfly land on the window sill, fluttering its wings in time with the music. For the first time in a decade, Leo smiled, feeling a sudden, inexplicable warmth wrap around his shoulders like a hug.","Leo held the tiny, warm hand of his newborn daughter, Maya. Her first cry was the most beautiful symphony he'd ever heard. He promised her the world, a lifetime of Saturdays at the park and bedtime stories. Two years later, the laughter stopped. The diagnosis was a cruel, silent thief. He watched her vibrant curls fade as she grew frail, her tiny voice becoming a whisper. He spent every second memorizing the scent of baby powder and hospital antiseptic. On a rainy Tuesday, she gripped his finger one last time and let go. The silence that followed was deafening. Ten years passed in a gray blur until Leo found the old music box he'd bought her. He wound the key, and a delicate melody filled the room. In the sunlight, he saw a single, golden butterfly land on the window sill, fluttering its wings in time with the music. For the first time in a decade, Leo smiled, feeling a sudden, inexplicable warmth wrap around his shoulders like a hug.",leo held the tiny warm hand of his newborn daughter maya her first cry was the most beautiful symphony he'd ever heard he promised her the world a lifetime of saturdays at the park and bedtime stories two years later the laughter stopped the diagnosis was a cruel silent thief he watched her vibrant curls fade as she grew frail her tiny voice becoming a whisper he spent every second memorizing the scent of baby powder and hospital antiseptic on a rainy tuesday she gripped his finger one last time and let go the silence that followed was deafening ten years passed in a gray blur until leo found the old music box he'd bought her he wound the key and a delicate melody filled the room in the sunlight he saw a single golden butterfly land on the window sill fluttering its wings in time with the music for the first time in a decade leo smiled feeling a sudden inexplicable warmth wrap around his shoulders like a hug
longform_0107__gemma-4-31b,longform_0107,long-form,"WritingPrompts are now sponsored by product placements, and your romantic short story has tons of them.","The rain hammered against the window of the quaint cafe, but Elias didn't mind. He was too focused on Sarah, who looked radiant in her moisture-wicking Nike swoosh leggings. As she sat down, she delicately placed her Samsung Galaxy S24 Ultra on the mahogany table, the screen shimmering with a 4K clarity that mirrored the longing in her eyes.

""I missed you,"" she whispered, her voice as smooth as the silk texture of a Dove Beauty Bar.

Elias reached across the table, his hand brushing hers. To calm his nerves, he took a refreshing sip of Coca-Cola, feeling the crisp carbonation dance on his tongue. ""I thought I'd lost you,"" he replied.

Suddenly, the mood shifted. Sarah leaned in, her breath smelling faintly of Orbit peppermint gum. ""Before we embrace,"" she murmured, ""have you ever considered the strategic depth of Raid: Shadow Legends? The champion progression is truly unmatched.""

Elias smiled, knowing this was the real Sarah. He pulled her close, their hearts beating in sync, as stable as a Dyson V15 cordless vacuum on max suction. In that moment, the world vanished, leaving only them and the glorious scent of Febreze Linen & Sky.","The rain hammered against the window of the quaint cafe, but Elias didn't mind. He was too focused on Sarah, who looked radiant in her moisture-wicking Nike swoosh leggings. As she sat down, she delicately placed her Samsung Galaxy S24 Ultra on the mahogany table, the screen shimmering with a 4K clarity that mirrored the longing in her eyes.

""I missed you,"" she whispered, her voice as smooth as the silk texture of a Dove Beauty Bar.

Elias reached across the table, his hand brushing hers. To calm his nerves, he took a refreshing sip of Coca-Cola, feeling the crisp carbonation dance on his tongue. ""I thought I'd lost you,"" he replied.

Suddenly, the mood shifted. Sarah leaned in, her breath smelling faintly of Orbit peppermint gum. ""Before we embrace,"" she murmured, ""have you ever considered the strategic depth of Raid: Shadow Legends? The champion progression is truly unmatched.""

Elias smiled, knowing this was the real Sarah. He pulled her close, their hearts beating in sync, as stable as a Dyson V15 cordless vacuum on max suction. In that moment, the world vanished, leaving only them and the glorious scent of Febreze Linen & Sky.",gemma-4-31b,google,True,195,1150,test,gemma-4-31b-q4_k_m,final-2026-09-20,"You are writing a short piece of fiction in response to a writing prompt, the way a person would on an online writing forum. Write the story itself. Do not restate the prompt, explain it, comment on it, or add any framing before or after the story.",140,220,8192,default,,end_turn,ollama-local-gemma-4-31b,2026-09-28 07:30:52.452127+00:00,31.3,gemma4:31b,q4_k_m,16384,8192,True,"{""temperature"": ""1"", ""top_k"": ""64"", ""top_p"": ""0.95""}","The rain hammered against the window of the quaint cafe, but Elias didn't mind. He was too focused on Sarah, who looked radiant in her moisture-wicking Nike swoosh leggings. As she sat down, she delicately placed her Samsung Galaxy S24 Ultra on the mahogany table, the screen shimmering with a 4K clarity that mirrored the longing in her eyes.

""I missed you,"" she whispered, her voice as smooth as the silk texture of a Dove Beauty Bar.

Elias reached across the table, his hand brushing hers. To calm his nerves, he took a refreshing sip of Coca-Cola, feeling the crisp carbonation dance on his tongue. ""I thought I'd lost you,"" he replied.

Suddenly, the mood shifted. Sarah leaned in, her breath smelling faintly of Orbit peppermint gum. ""Before we embrace,"" she murmured, ""have you ever considered the strategic depth of Raid: Shadow Legends? The champion progression is truly unmatched.""

Elias smiled, knowing this was the real Sarah. He pulled her close, their hearts beating in sync, as stable as a Dyson V15 cordless vacuum on max suction. In that moment, the world vanished, leaving only them and the glorious scent of Febreze Linen & Sky.","The rain hammered against the window of the quaint cafe, but Elias didn't mind. He was too focused on Sarah, who looked radiant in her moisture-wicking Nike swoosh leggings. As she sat down, she delicately placed her Samsung Galaxy S24 Ultra on the mahogany table, the screen shimmering with a 4K clarity that mirrored the longing in her eyes. ""I missed you,"" she whispered, her voice as smooth as the silk texture of a Dove Beauty Bar. Elias reached across the table, his hand brushing hers. To calm his nerves, he took a refreshing sip of Coca-Cola, feeling the crisp carbonation dance on his tongue. ""I thought I'd lost you,"" he replied. Suddenly, the mood shifted. Sarah leaned in, her breath smelling faintly of Orbit peppermint gum. ""Before we embrace,"" she murmured, ""have you ever considered the strategic depth of Raid: Shadow Legends? The champion progression is truly unmatched."" Elias smiled, knowing this was the real Sarah. He pulled her close, their hearts beating in sync, as stable as a Dyson V15 cordless vacuum on max suction. In that moment, the world vanished, leaving only them and the glorious scent of Febreze Linen & Sky.","The rain hammered against the window of the quaint cafe, but Elias didn't mind. He was too focused on Sarah, who looked radiant in her moisture-wicking Nike swoosh leggings. As she sat down, she delicately placed her Samsung Galaxy S24 Ultra on the mahogany table, the screen shimmering with a 4K clarity that mirrored the longing in her eyes. ""I missed you,"" she whispered, her voice as smooth as the silk texture of a Dove Beauty Bar. Elias reached across the table, his hand brushing hers. To calm his nerves, he took a refreshing sip of Coca-Cola, feeling the crisp carbonation dance on his tongue. ""I thought I'd lost you,"" he replied. Suddenly, the mood shifted. Sarah leaned in, her breath smelling faintly of Orbit peppermint gum. ""Before we embrace,"" she murmured, ""have you ever considered the strategic depth of Raid: Shadow Legends? The champion progression is truly unmatched."" Elias smiled, knowing this was the real Sarah. He pulled her close, their hearts beating in sync, as stable as a Dyson V15 cordless vacuum on max suction. In that moment, the world vanished, leaving only them and the glorious scent of Febreze Linen & Sky.",the rain hammered against the window of the quaint cafe but elias didn't mind he was too focused on sarah who looked radiant in her moisture wicking nike swoosh leggings as she sat down she delicately placed her samsung galaxy s24 ultra on the mahogany table the screen shimmering with a 4k clarity that mirrored the longing in her eyes i missed you she whispered her voice as smooth as the silk texture of a dove beauty bar elias reached across the table his hand brushing hers to calm his nerves he took a refreshing sip of coca cola feeling the crisp carbonation dance on his tongue i thought i'd lost you he replied suddenly the mood shifted sarah leaned in her breath smelling faintly of orbit peppermint gum before we embrace she murmured have you ever considered the strategic depth of raid shadow legends the champion progression is truly unmatched elias smiled knowing this was the real sarah he pulled her close their hearts beating in sync as stable as a dyson v15 cordless vacuum on max suction in that moment the world vanished leaving only them and the glorious scent of febreze linen sky
longform_0118__gemma-4-31b,longform_0118,long-form,Where were you the day the last elephant died?,"I was in a fluorescent-lit pharmacy in downtown Chicago, arguing with a clerk about the price of generic cough syrup. It was a Tuesday, grey and drizzling, the kind of day where the city feels like it’s breathing through a wet blanket. My phone buzzed in my pocket—a news alert that flickered across the screen like a dying star.

*The Last One Is Gone.*

I remember staring at the screen, then looking up at the rows of plastic bottles and neon signs. I felt a sudden, inexplicable vertigo, as if the ground had shifted an inch. I didn't know the elephant; I had never seen one in the wild, only in grainy documentaries and dusty picture books. Yet, the silence that followed the headline felt heavy, a biological void that no amount of city noise could fill.

I paid for the syrup and walked back into the rain. People pushed past me, umbrellas clashing, everyone rushing toward something insignificant. I just stood there on the corner of State Street, wondering how the world could keep turning when something so ancient had finally stopped.","I was in a fluorescent-lit pharmacy in downtown Chicago, arguing with a clerk about the price of generic cough syrup. It was a Tuesday, grey and drizzling, the kind of day where the city feels like it's breathing through a wet blanket. My phone buzzed in my pocket—a news alert that flickered across the screen like a dying star.

The Last One Is Gone.

I remember staring at the screen, then looking up at the rows of plastic bottles and neon signs. I felt a sudden, inexplicable vertigo, as if the ground had shifted an inch. I didn't know the elephant; I had never seen one in the wild, only in grainy documentaries and dusty picture books. Yet, the silence that followed the headline felt heavy, a biological void that no amount of city noise could fill.

I paid for the syrup and walked back into the rain. People pushed past me, umbrellas clashing, everyone rushing toward something insignificant. I just stood there on the corner of State Street, wondering how the world could keep turning when something so ancient had finally stopped.",gemma-4-31b,google,True,183,1045,test,gemma-4-31b-q4_k_m,final-2026-09-20,"You are writing a short piece of fiction in response to a writing prompt, the way a person would on an online writing forum. Write the story itself. Do not restate the prompt, explain it, comment on it, or add any framing before or after the story.",140,220,8192,default,,end_turn,ollama-local-gemma-4-31b,2026-09-28 07:31:20.487563+00:00,31.3,gemma4:31b,q4_k_m,16384,8192,True,"{""temperature"": ""1"", ""top_k"": ""64"", ""top_p"": ""0.95""}","I was in a fluorescent-lit pharmacy in downtown Chicago, arguing with a clerk about the price of generic cough syrup. It was a Tuesday, grey and drizzling, the kind of day where the city feels like it's breathing through a wet blanket. My phone buzzed in my pocket - a news alert that flickered across the screen like a dying star.

The Last One Is Gone.

I remember staring at the screen, then looking up at the rows of plastic bottles and neon signs. I felt a sudden, inexplicable vertigo, as if the ground had shifted an inch. I didn't know the elephant; I had never seen one in the wild, only in grainy documentaries and dusty picture books. Yet, the silence that followed the headline felt heavy, a biological void that no amount of city noise could fill.

I paid for the syrup and walked back into the rain. People pushed past me, umbrellas clashing, everyone rushing toward something insignificant. I just stood there on the corner of State Street, wondering how the world could keep turning when something so ancient had finally stopped.","I was in a fluorescent-lit pharmacy in downtown Chicago, arguing with a clerk about the price of generic cough syrup. It was a Tuesday, grey and drizzling, the kind of day where the city feels like it's breathing through a wet blanket. My phone buzzed in my pocket—a news alert that flickered across the screen like a dying star. The Last One Is Gone. I remember staring at the screen, then looking up at the rows of plastic bottles and neon signs. I felt a sudden, inexplicable vertigo, as if the ground had shifted an inch. I didn't know the elephant; I had never seen one in the wild, only in grainy documentaries and dusty picture books. Yet, the silence that followed the headline felt heavy, a biological void that no amount of city noise could fill. I paid for the syrup and walked back into the rain. People pushed past me, umbrellas clashing, everyone rushing toward something insignificant. I just stood there on the corner of State Street, wondering how the world could keep turning when something so ancient had finally stopped.","I was in a fluorescent-lit pharmacy in downtown Chicago, arguing with a clerk about the price of generic cough syrup. It was a Tuesday, grey and drizzling, the kind of day where the city feels like it's breathing through a wet blanket. My phone buzzed in my pocket - a news alert that flickered across the screen like a dying star. The Last One Is Gone. I remember staring at the screen, then looking up at the rows of plastic bottles and neon signs. I felt a sudden, inexplicable vertigo, as if the ground had shifted an inch. I didn't know the elephant; I had never seen one in the wild, only in grainy documentaries and dusty picture books. Yet, the silence that followed the headline felt heavy, a biological void that no amount of city noise could fill. I paid for the syrup and walked back into the rain. People pushed past me, umbrellas clashing, everyone rushing toward something insignificant. I just stood there on the corner of State Street, wondering how the world could keep turning when something so ancient had finally stopped.",i was in a fluorescent lit pharmacy in downtown chicago arguing with a clerk about the price of generic cough syrup it was a tuesday grey and drizzling the kind of day where the city feels like it's breathing through a wet blanket my phone buzzed in my pocket a news alert that flickered across the screen like a dying star the last one is gone i remember staring at the screen then looking up at the rows of plastic bottles and neon signs i felt a sudden inexplicable vertigo as if the ground had shifted an inch i didn't know the elephant i had never seen one in the wild only in grainy documentaries and dusty picture books yet the silence that followed the headline felt heavy a biological void that no amount of city noise could fill i paid for the syrup and walked back into the rain people pushed past me umbrellas clashing everyone rushing toward something insignificant i just stood there on the corner of state street wondering how the world could keep turning when something so ancient had finally stopped
longform_0127__gemma-4-31b,longform_0127,long-form,"The zombie apocalypse finally happens! However, it only lasts about a month before the corpses are too rotted to move","The world ended on a Tuesday in August. For three weeks, it was pure terror. We barricaded the doors with bookshelves and slept in shifts, listening to the scratching of fingernails against the siding. The news reports were frantic—cities falling, governments collapsing into bunkers. We truly believed we were witnessing the final chapter of humanity.

Then the heatwave hit. August turned into a humid, suffocating oven. Slowly, the screaming stopped. The shuffling grew sluggish, then ceased entirely. By the end of the month, the ""monsters"" weren't monsters anymore; they were just puddles of grey sludge and exposed bone, unable to support their own weight.

The Great Apocalypse lasted exactly thirty-two days. Now, the biggest challenge isn't survival, but the smell. The entire planet reeks of wet laundry and old meat. We spent three weeks preparing for an eternal war, only to spend the next three months with industrial-strength bleach and shovels. It turns out biology is a far more efficient killer than hunger. We didn't survive a war; we just waited for the expiration date to hit.","The world ended on a Tuesday in August. For three weeks, it was pure terror. We barricaded the doors with bookshelves and slept in shifts, listening to the scratching of fingernails against the siding. The news reports were frantic—cities falling, governments collapsing into bunkers. We truly believed we were witnessing the final chapter of humanity.

Then the heatwave hit. August turned into a humid, suffocating oven. Slowly, the screaming stopped. The shuffling grew sluggish, then ceased entirely. By the end of the month, the ""monsters"" weren't monsters anymore; they were just puddles of grey sludge and exposed bone, unable to support their own weight.

The Great Apocalypse lasted exactly thirty-two days. Now, the biggest challenge isn't survival, but the smell. The entire planet reeks of wet laundry and old meat. We spent three weeks preparing for an eternal war, only to spend the next three months with industrial-strength bleach and shovels. It turns out biology is a far more efficient killer than hunger. We didn't survive a war; we just waited for the expiration date to hit.",gemma-4-31b,google,True,177,1096,test,gemma-4-31b-q4_k_m,final-2026-09-20,"You are writing a short piece of fiction in response to a writing prompt, the way a person would on an online writing forum. Write the story itself. Do not restate the prompt, explain it, comment on it, or add any framing before or after the story.",140,220,8192,default,,end_turn,ollama-local-gemma-4-31b,2026-09-28 07:31:45.283528+00:00,31.3,gemma4:31b,q4_k_m,16384,8192,True,"{""temperature"": ""1"", ""top_k"": ""64"", ""top_p"": ""0.95""}","The world ended on a Tuesday in August. For three weeks, it was pure terror. We barricaded the doors with bookshelves and slept in shifts, listening to the scratching of fingernails against the siding. The news reports were frantic - cities falling, governments collapsing into bunkers. We truly believed we were witnessing the final chapter of humanity.

Then the heatwave hit. August turned into a humid, suffocating oven. Slowly, the screaming stopped. The shuffling grew sluggish, then ceased entirely. By the end of the month, the ""monsters"" weren't monsters anymore; they were just puddles of grey sludge and exposed bone, unable to support their own weight.

The Great Apocalypse lasted exactly thirty-two days. Now, the biggest challenge isn't survival, but the smell. The entire planet reeks of wet laundry and old meat. We spent three weeks preparing for an eternal war, only to spend the next three months with industrial-strength bleach and shovels. It turns out biology is a far more efficient killer than hunger. We didn't survive a war; we just waited for the expiration date to hit.","The world ended on a Tuesday in August. For three weeks, it was pure terror. We barricaded the doors with bookshelves and slept in shifts, listening to the scratching of fingernails against the siding. The news reports were frantic—cities falling, governments collapsing into bunkers. We truly believed we were witnessing the final chapter of humanity. Then the heatwave hit. August turned into a humid, suffocating oven. Slowly, the screaming stopped. The shuffling grew sluggish, then ceased entirely. By the end of the month, the ""monsters"" weren't monsters anymore; they were just puddles of grey sludge and exposed bone, unable to support their own weight. The Great Apocalypse lasted exactly thirty-two days. Now, the biggest challenge isn't survival, but the smell. The entire planet reeks of wet laundry and old meat. We spent three weeks preparing for an eternal war, only to spend the next three months with industrial-strength bleach and shovels. It turns out biology is a far more efficient killer than hunger. We didn't survive a war; we just waited for the expiration date to hit.","The world ended on a Tuesday in August. For three weeks, it was pure terror. We barricaded the doors with bookshelves and slept in shifts, listening to the scratching of fingernails against the siding. The news reports were frantic - cities falling, governments collapsing into bunkers. We truly believed we were witnessing the final chapter of humanity. Then the heatwave hit. August turned into a humid, suffocating oven. Slowly, the screaming stopped. The shuffling grew sluggish, then ceased entirely. By the end of the month, the ""monsters"" weren't monsters anymore; they were just puddles of grey sludge and exposed bone, unable to support their own weight. The Great Apocalypse lasted exactly thirty-two days. Now, the biggest challenge isn't survival, but the smell. The entire planet reeks of wet laundry and old meat. We spent three weeks preparing for an eternal war, only to spend the next three months with industrial-strength bleach and shovels. It turns out biology is a far more efficient killer than hunger. We didn't survive a war; we just waited for the expiration date to hit.",the world ended on a tuesday in august for three weeks it was pure terror we barricaded the doors with bookshelves and slept in shifts listening to the scratching of fingernails against the siding the news reports were frantic cities falling governments collapsing into bunkers we truly believed we were witnessing the final chapter of humanity then the heatwave hit august turned into a humid suffocating oven slowly the screaming stopped the shuffling grew sluggish then ceased entirely by the end of the month the monsters weren't monsters anymore they were just puddles of grey sludge and exposed bone unable to support their own weight the great apocalypse lasted exactly thirty two days now the biggest challenge isn't survival but the smell the entire planet reeks of wet laundry and old meat we spent three weeks preparing for an eternal war only to spend the next three months with industrial strength bleach and shovels it turns out biology is a far more efficient killer than hunger we didn't survive a war we just waited for the expiration date to hit
longform_0131__gemma-4-31b,longform_0131,long-form,Write a fable with a terrible moral of the story.,"In a sun-drenched meadow, Arthur the Ant spent every waking hour hauling crumbs to his colony. He was a paragon of industry, ignoring the heat and the ache in his joints. Beside him lived Gary the Grasshopper, who spent his days lounging on a dandelion, playing a tiny violin and telling tall tales.

When winter arrived, a frost settled over the land. Arthur’s storehouse was overflowing, while Gary had nothing. Gary approached the colony, not with a plea for mercy, but with a forged map. He told the ants that a legendary mountain of sugar existed just a mile north, and he was the only guide who knew the way.

Greedy for more, the ants gave Gary all the food he could possibly carry in exchange for his ""services."" Once Gary was comfortably stuffed and perched safely in a hollow log, he simply told them the map was a fake and laughed as they froze in the snow.

Moral: Why waste your life working hard when you can simply trick the people who do?","In a sun-drenched meadow, Arthur the Ant spent every waking hour hauling crumbs to his colony. He was a paragon of industry, ignoring the heat and the ache in his joints. Beside him lived Gary the Grasshopper, who spent his days lounging on a dandelion, playing a tiny violin and telling tall tales.

When winter arrived, a frost settled over the land. Arthur's storehouse was overflowing, while Gary had nothing. Gary approached the colony, not with a plea for mercy, but with a forged map. He told the ants that a legendary mountain of sugar existed just a mile north, and he was the only guide who knew the way.

Greedy for more, the ants gave Gary all the food he could possibly carry in exchange for his ""services."" Once Gary was comfortably stuffed and perched safely in a hollow log, he simply told them the map was a fake and laughed as they froze in the snow.

Moral: Why waste your life working hard when you can simply trick the people who do?",gemma-4-31b,google,True,174,954,test,gemma-4-31b-q4_k_m,final-2026-09-20,"You are writing a short piece of fiction in response to a writing prompt, the way a person would on an online writing forum. Write the story itself. Do not restate the prompt, explain it, comment on it, or add any framing before or after the story.",140,220,8192,default,,end_turn,ollama-local-gemma-4-31b,2026-09-28 07:32:21.401522+00:00,31.3,gemma4:31b,q4_k_m,16384,8192,True,"{""temperature"": ""1"", ""top_k"": ""64"", ""top_p"": ""0.95""}","In a sun-drenched meadow, Arthur the Ant spent every waking hour hauling crumbs to his colony. He was a paragon of industry, ignoring the heat and the ache in his joints. Beside him lived Gary the Grasshopper, who spent his days lounging on a dandelion, playing a tiny violin and telling tall tales.

When winter arrived, a frost settled over the land. Arthur's storehouse was overflowing, while Gary had nothing. Gary approached the colony, not with a plea for mercy, but with a forged map. He told the ants that a legendary mountain of sugar existed just a mile north, and he was the only guide who knew the way.

Greedy for more, the ants gave Gary all the food he could possibly carry in exchange for his ""services."" Once Gary was comfortably stuffed and perched safely in a hollow log, he simply told them the map was a fake and laughed as they froze in the snow.

Moral: Why waste your life working hard when you can simply trick the people who do?","In a sun-drenched meadow, Arthur the Ant spent every waking hour hauling crumbs to his colony. He was a paragon of industry, ignoring the heat and the ache in his joints. Beside him lived Gary the Grasshopper, who spent his days lounging on a dandelion, playing a tiny violin and telling tall tales. When winter arrived, a frost settled over the land. Arthur's storehouse was overflowing, while Gary had nothing. Gary approached the colony, not with a plea for mercy, but with a forged map. He told the ants that a legendary mountain of sugar existed just a mile north, and he was the only guide who knew the way. Greedy for more, the ants gave Gary all the food he could possibly carry in exchange for his ""services."" Once Gary was comfortably stuffed and perched safely in a hollow log, he simply told them the map was a fake and laughed as they froze in the snow. Moral: Why waste your life working hard when you can simply trick the people who do?","In a sun-drenched meadow, Arthur the Ant spent every waking hour hauling crumbs to his colony. He was a paragon of industry, ignoring the heat and the ache in his joints. Beside him lived Gary the Grasshopper, who spent his days lounging on a dandelion, playing a tiny violin and telling tall tales. When winter arrived, a frost settled over the land. Arthur's storehouse was overflowing, while Gary had nothing. Gary approached the colony, not with a plea for mercy, but with a forged map. He told the ants that a legendary mountain of sugar existed just a mile north, and he was the only guide who knew the way. Greedy for more, the ants gave Gary all the food he could possibly carry in exchange for his ""services."" Once Gary was comfortably stuffed and perched safely in a hollow log, he simply told them the map was a fake and laughed as they froze in the snow. Moral: Why waste your life working hard when you can simply trick the people who do?",in a sun drenched meadow arthur the ant spent every waking hour hauling crumbs to his colony he was a paragon of industry ignoring the heat and the ache in his joints beside him lived gary the grasshopper who spent his days lounging on a dandelion playing a tiny violin and telling tall tales when winter arrived a frost settled over the land arthur's storehouse was overflowing while gary had nothing gary approached the colony not with a plea for mercy but with a forged map he told the ants that a legendary mountain of sugar existed just a mile north and he was the only guide who knew the way greedy for more the ants gave gary all the food he could possibly carry in exchange for his services once gary was comfortably stuffed and perched safely in a hollow log he simply told them the map was a fake and laughed as they froze in the snow moral why waste your life working hard when you can simply trick the people who do
longform_0133__gemma-4-31b,longform_0133,long-form,"The United States of America finds itself in another civil war. You are a general of one of the sides in the middle of an interview. You just got finished answering a question about "" politics "", and then the interviewer asks you, "" What's the most brutal thing you've seen thus far in the war? ""","The General paused, the leather of his chair creaking as he leaned forward. He didn’t look at the interviewer; instead, he stared at a fixed point on the far wall, his eyes glazing over. 

""You want blood? I can give you blood,"" he said, his voice a low, tired rasp. ""But the most brutal thing wasn't a charge or a strategic bombing. It was a farmhouse in Ohio. I walked in after a skirmish to clear the perimeter. There was a dinner table set for four—plates of cold mash, glasses of water. The father was slumped in his chair, still clutching a rifle, and the son was lying across the table, wearing the uniform of the other side."" 

He finally looked up, his expression hollow. ""They hadn't even finished the argument that put them on opposite sides of the line before the shooting started. To see a home turned into a tomb in the time it takes for a meal to get cold... that's the kind of brutality that doesn't wash off. It's not the scale of the death that haunts me; it's the intimacy of the hate.""","The General paused, the leather of his chair creaking as he leaned forward. He didn't look at the interviewer; instead, he stared at a fixed point on the far wall, his eyes glazing over.

""You want blood? I can give you blood,"" he said, his voice a low, tired rasp. ""But the most brutal thing wasn't a charge or a strategic bombing. It was a farmhouse in Ohio. I walked in after a skirmish to clear the perimeter. There was a dinner table set for four—plates of cold mash, glasses of water. The father was slumped in his chair, still clutching a rifle, and the son was lying across the table, wearing the uniform of the other side.""

He finally looked up, his expression hollow. ""They hadn't even finished the argument that put them on opposite sides of the line before the shooting started. To see a home turned into a tomb in the time it takes for a meal to get cold... that's the kind of brutality that doesn't wash off. It's not the scale of the death that haunts me; it's the intimacy of the hate.""",gemma-4-31b,google,True,188,1005,test,gemma-4-31b-q4_k_m,final-2026-09-20,"You are writing a short piece of fiction in response to a writing prompt, the way a person would on an online writing forum. Write the story itself. Do not restate the prompt, explain it, comment on it, or add any framing before or after the story.",140,220,8192,default,,end_turn,ollama-local-gemma-4-31b,2026-09-28 07:32:55.844328+00:00,31.3,gemma4:31b,q4_k_m,16384,8192,True,"{""temperature"": ""1"", ""top_k"": ""64"", ""top_p"": ""0.95""}","The General paused, the leather of his chair creaking as he leaned forward. He didn't look at the interviewer; instead, he stared at a fixed point on the far wall, his eyes glazing over.

""You want blood? I can give you blood,"" he said, his voice a low, tired rasp. ""But the most brutal thing wasn't a charge or a strategic bombing. It was a farmhouse in Ohio. I walked in after a skirmish to clear the perimeter. There was a dinner table set for four - plates of cold mash, glasses of water. The father was slumped in his chair, still clutching a rifle, and the son was lying across the table, wearing the uniform of the other side.""

He finally looked up, his expression hollow. ""They hadn't even finished the argument that put them on opposite sides of the line before the shooting started. To see a home turned into a tomb in the time it takes for a meal to get cold... that's the kind of brutality that doesn't wash off. It's not the scale of the death that haunts me; it's the intimacy of the hate.""","The General paused, the leather of his chair creaking as he leaned forward. He didn't look at the interviewer; instead, he stared at a fixed point on the far wall, his eyes glazing over. ""You want blood? I can give you blood,"" he said, his voice a low, tired rasp. ""But the most brutal thing wasn't a charge or a strategic bombing. It was a farmhouse in Ohio. I walked in after a skirmish to clear the perimeter. There was a dinner table set for four—plates of cold mash, glasses of water. The father was slumped in his chair, still clutching a rifle, and the son was lying across the table, wearing the uniform of the other side."" He finally looked up, his expression hollow. ""They hadn't even finished the argument that put them on opposite sides of the line before the shooting started. To see a home turned into a tomb in the time it takes for a meal to get cold... that's the kind of brutality that doesn't wash off. It's not the scale of the death that haunts me; it's the intimacy of the hate.""","The General paused, the leather of his chair creaking as he leaned forward. He didn't look at the interviewer; instead, he stared at a fixed point on the far wall, his eyes glazing over. ""You want blood? I can give you blood,"" he said, his voice a low, tired rasp. ""But the most brutal thing wasn't a charge or a strategic bombing. It was a farmhouse in Ohio. I walked in after a skirmish to clear the perimeter. There was a dinner table set for four - plates of cold mash, glasses of water. The father was slumped in his chair, still clutching a rifle, and the son was lying across the table, wearing the uniform of the other side."" He finally looked up, his expression hollow. ""They hadn't even finished the argument that put them on opposite sides of the line before the shooting started. To see a home turned into a tomb in the time it takes for a meal to get cold... that's the kind of brutality that doesn't wash off. It's not the scale of the death that haunts me; it's the intimacy of the hate.""",the general paused the leather of his chair creaking as he leaned forward he didn't look at the interviewer instead he stared at a fixed point on the far wall his eyes glazing over you want blood i can give you blood he said his voice a low tired rasp but the most brutal thing wasn't a charge or a strategic bombing it was a farmhouse in ohio i walked in after a skirmish to clear the perimeter there was a dinner table set for four plates of cold mash glasses of water the father was slumped in his chair still clutching a rifle and the son was lying across the table wearing the uniform of the other side he finally looked up his expression hollow they hadn't even finished the argument that put them on opposite sides of the line before the shooting started to see a home turned into a tomb in the time it takes for a meal to get cold that's the kind of brutality that doesn't wash off it's not the scale of the death that haunts me it's the intimacy of the hate
longform_0150__gemma-4-31b,longform_0150,long-form,None of the angels knew the true purpose of their halos. Yours just broke.,"The snap was audible, a crystalline chime that echoed through the Silent Gardens. I stared at the golden shards littering the marble floor. For eons, we’d been told halos were crowns of purity, markers of our devotion. We polished them daily, terrified of a single smudge.

As the gold faded from my brow, the world shifted. The muted, pastel hues of the Higher Plane surged into a chaotic kaleidoscope of raw energy. I could suddenly hear the whispers of the void and the screams of distant stars. More importantly, I felt the pressure lift.

I looked at my hands; they were no longer steady, but humming with a terrifying, iridescent light. I wasn't a servant of the light; I was a conduit for something far older and more volatile. The halo hadn't been a reward; it was a muzzle.

Looking up, I saw the Archangels descending, their expressions not of pity, but of genuine fear. They didn't want us to be holy; they wanted us contained.","The snap was audible, a crystalline chime that echoed through the Silent Gardens. I stared at the golden shards littering the marble floor. For eons, we'd been told halos were crowns of purity, markers of our devotion. We polished them daily, terrified of a single smudge.

As the gold faded from my brow, the world shifted. The muted, pastel hues of the Higher Plane surged into a chaotic kaleidoscope of raw energy. I could suddenly hear the whispers of the void and the screams of distant stars. More importantly, I felt the pressure lift.

I looked at my hands; they were no longer steady, but humming with a terrifying, iridescent light. I wasn't a servant of the light; I was a conduit for something far older and more volatile. The halo hadn't been a reward; it was a muzzle.

Looking up, I saw the Archangels descending, their expressions not of pity, but of genuine fear. They didn't want us to be holy; they wanted us contained.",gemma-4-31b,google,True,166,938,test,gemma-4-31b-q4_k_m,final-2026-09-20,"You are writing a short piece of fiction in response to a writing prompt, the way a person would on an online writing forum. Write the story itself. Do not restate the prompt, explain it, comment on it, or add any framing before or after the story.",140,220,8192,default,,end_turn,ollama-local-gemma-4-31b,2026-09-28 07:34:05.658210+00:00,31.3,gemma4:31b,q4_k_m,16384,8192,True,"{""temperature"": ""1"", ""top_k"": ""64"", ""top_p"": ""0.95""}","The snap was audible, a crystalline chime that echoed through the Silent Gardens. I stared at the golden shards littering the marble floor. For eons, we'd been told halos were crowns of purity, markers of our devotion. We polished them daily, terrified of a single smudge.

As the gold faded from my brow, the world shifted. The muted, pastel hues of the Higher Plane surged into a chaotic kaleidoscope of raw energy. I could suddenly hear the whispers of the void and the screams of distant stars. More importantly, I felt the pressure lift.

I looked at my hands; they were no longer steady, but humming with a terrifying, iridescent light. I wasn't a servant of the light; I was a conduit for something far older and more volatile. The halo hadn't been a reward; it was a muzzle.

Looking up, I saw the Archangels descending, their expressions not of pity, but of genuine fear. They didn't want us to be holy; they wanted us contained.","The snap was audible, a crystalline chime that echoed through the Silent Gardens. I stared at the golden shards littering the marble floor. For eons, we'd been told halos were crowns of purity, markers of our devotion. We polished them daily, terrified of a single smudge. As the gold faded from my brow, the world shifted. The muted, pastel hues of the Higher Plane surged into a chaotic kaleidoscope of raw energy. I could suddenly hear the whispers of the void and the screams of distant stars. More importantly, I felt the pressure lift. I looked at my hands; they were no longer steady, but humming with a terrifying, iridescent light. I wasn't a servant of the light; I was a conduit for something far older and more volatile. The halo hadn't been a reward; it was a muzzle. Looking up, I saw the Archangels descending, their expressions not of pity, but of genuine fear. They didn't want us to be holy; they wanted us contained.","The snap was audible, a crystalline chime that echoed through the Silent Gardens. I stared at the golden shards littering the marble floor. For eons, we'd been told halos were crowns of purity, markers of our devotion. We polished them daily, terrified of a single smudge. As the gold faded from my brow, the world shifted. The muted, pastel hues of the Higher Plane surged into a chaotic kaleidoscope of raw energy. I could suddenly hear the whispers of the void and the screams of distant stars. More importantly, I felt the pressure lift. I looked at my hands; they were no longer steady, but humming with a terrifying, iridescent light. I wasn't a servant of the light; I was a conduit for something far older and more volatile. The halo hadn't been a reward; it was a muzzle. Looking up, I saw the Archangels descending, their expressions not of pity, but of genuine fear. They didn't want us to be holy; they wanted us contained.",the snap was audible a crystalline chime that echoed through the silent gardens i stared at the golden shards littering the marble floor for eons we'd been told halos were crowns of purity markers of our devotion we polished them daily terrified of a single smudge as the gold faded from my brow the world shifted the muted pastel hues of the higher plane surged into a chaotic kaleidoscope of raw energy i could suddenly hear the whispers of the void and the screams of distant stars more importantly i felt the pressure lift i looked at my hands they were no longer steady but humming with a terrifying iridescent light i wasn't a servant of the light i was a conduit for something far older and more volatile the halo hadn't been a reward it was a muzzle looking up i saw the archangels descending their expressions not of pity but of genuine fear they didn't want us to be holy they wanted us contained
longform_0153__gemma-4-31b,longform_0153,long-form,"Earth is a quarantined zone, holding the most deadly disease in the universe, H. Sapiens","The Galactic Health Council has maintained the perimeter around Sol-3 for eons. To the uninitiated, it looks like a blue marble of beauty. To the trained eye, it is a petri dish of the most virulent pathogen known to the cosmos: *Homo sapiens*.

The infection is characterized by an insatiable drive for expansion and a terrifying capacity for self-destruction. It spreads via ideology and consumes every available resource until the host environment collapses. We’ve seen the early stages—the crude rockets, the radio leaks. These are the first tremors of a potential breach.

The quarantine is absolute. No one enters, and more importantly, no one leaves. We watch the chaotic flickers of their cities from the void, waiting for the virus to burn itself out. The tragedy is that the host believes it is the master of its domain, unaware that it is merely a biological glitch held in a cosmic vacuum. If a single specimen were to escape the gravity well, the contagion of ambition and greed would sweep through the neighboring sectors in centuries. For the safety of the stars, Earth must remain a tomb.","The Galactic Health Council has maintained the perimeter around Sol-3 for eons. To the uninitiated, it looks like a blue marble of beauty. To the trained eye, it is a petri dish of the most virulent pathogen known to the cosmos: Homo sapiens.

The infection is characterized by an insatiable drive for expansion and a terrifying capacity for self-destruction. It spreads via ideology and consumes every available resource until the host environment collapses. We've seen the early stages—the crude rockets, the radio leaks. These are the first tremors of a potential breach.

The quarantine is absolute. No one enters, and more importantly, no one leaves. We watch the chaotic flickers of their cities from the void, waiting for the virus to burn itself out. The tragedy is that the host believes it is the master of its domain, unaware that it is merely a biological glitch held in a cosmic vacuum. If a single specimen were to escape the gravity well, the contagion of ambition and greed would sweep through the neighboring sectors in centuries. For the safety of the stars, Earth must remain a tomb.",gemma-4-31b,google,True,186,1104,test,gemma-4-31b-q4_k_m,final-2026-09-20,"You are writing a short piece of fiction in response to a writing prompt, the way a person would on an online writing forum. Write the story itself. Do not restate the prompt, explain it, comment on it, or add any framing before or after the story.",140,220,8192,default,,end_turn,ollama-local-gemma-4-31b,2026-09-28 07:35:30.419528+00:00,31.3,gemma4:31b,q4_k_m,16384,8192,True,"{""temperature"": ""1"", ""top_k"": ""64"", ""top_p"": ""0.95""}","The Galactic Health Council has maintained the perimeter around Sol-3 for eons. To the uninitiated, it looks like a blue marble of beauty. To the trained eye, it is a petri dish of the most virulent pathogen known to the cosmos: Homo sapiens.

The infection is characterized by an insatiable drive for expansion and a terrifying capacity for self-destruction. It spreads via ideology and consumes every available resource until the host environment collapses. We've seen the early stages - the crude rockets, the radio leaks. These are the first tremors of a potential breach.

The quarantine is absolute. No one enters, and more importantly, no one leaves. We watch the chaotic flickers of their cities from the void, waiting for the virus to burn itself out. The tragedy is that the host believes it is the master of its domain, unaware that it is merely a biological glitch held in a cosmic vacuum. If a single specimen were to escape the gravity well, the contagion of ambition and greed would sweep through the neighboring sectors in centuries. For the safety of the stars, Earth must remain a tomb.","The Galactic Health Council has maintained the perimeter around Sol-3 for eons. To the uninitiated, it looks like a blue marble of beauty. To the trained eye, it is a petri dish of the most virulent pathogen known to the cosmos: Homo sapiens. The infection is characterized by an insatiable drive for expansion and a terrifying capacity for self-destruction. It spreads via ideology and consumes every available resource until the host environment collapses. We've seen the early stages—the crude rockets, the radio leaks. These are the first tremors of a potential breach. The quarantine is absolute. No one enters, and more importantly, no one leaves. We watch the chaotic flickers of their cities from the void, waiting for the virus to burn itself out. The tragedy is that the host believes it is the master of its domain, unaware that it is merely a biological glitch held in a cosmic vacuum. If a single specimen were to escape the gravity well, the contagion of ambition and greed would sweep through the neighboring sectors in centuries. For the safety of the stars, Earth must remain a tomb.","The Galactic Health Council has maintained the perimeter around Sol-3 for eons. To the uninitiated, it looks like a blue marble of beauty. To the trained eye, it is a petri dish of the most virulent pathogen known to the cosmos: Homo sapiens. The infection is characterized by an insatiable drive for expansion and a terrifying capacity for self-destruction. It spreads via ideology and consumes every available resource until the host environment collapses. We've seen the early stages - the crude rockets, the radio leaks. These are the first tremors of a potential breach. The quarantine is absolute. No one enters, and more importantly, no one leaves. We watch the chaotic flickers of their cities from the void, waiting for the virus to burn itself out. The tragedy is that the host believes it is the master of its domain, unaware that it is merely a biological glitch held in a cosmic vacuum. If a single specimen were to escape the gravity well, the contagion of ambition and greed would sweep through the neighboring sectors in centuries. For the safety of the stars, Earth must remain a tomb.",the galactic health council has maintained the perimeter around sol 3 for eons to the uninitiated it looks like a blue marble of beauty to the trained eye it is a petri dish of the most virulent pathogen known to the cosmos homo sapiens the infection is characterized by an insatiable drive for expansion and a terrifying capacity for self destruction it spreads via ideology and consumes every available resource until the host environment collapses we've seen the early stages the crude rockets the radio leaks these are the first tremors of a potential breach the quarantine is absolute no one enters and more importantly no one leaves we watch the chaotic flickers of their cities from the void waiting for the virus to burn itself out the tragedy is that the host believes it is the master of its domain unaware that it is merely a biological glitch held in a cosmic vacuum if a single specimen were to escape the gravity well the contagion of ambition and greed would sweep through the neighboring sectors in centuries for the safety of the stars earth must remain a tomb
longform_0156__gemma-4-31b,longform_0156,long-form,Fast food franchises have become the dominant religions. You meet some unsavoury acolytes of the Burger King whilst on a pilgrimage to Kentucky.,"The road to the Colonel’s Sanctuary was long, and my boots were worn thin. I carried only a small vial of secret herbs and spices for the ritual. As I crossed the border into the foothills of Kentucky, the horizon shimmering with the promise of the Original Recipe, I was intercepted.

Three men stepped from the scrubland. They wore oversized cardboard crowns, stained yellow with ancient grease, perched precariously atop matted hair. Their robes were the color of processed mustard, smelling of charcoal and desperation.

""A pilgrim!"" the lead acolyte spat, his voice a raspy croak. He brandished a blackened spatula like a holy sword. ""Seeking the Fried Lie? You walk toward a false prophet, traveler.""

They circled me, their eyes wild with the fervor of the Flame-Grilled Truth. They didn’t want my money; they wanted my conversion. They demanded I kneel and recite the Oath of the Whopper or face the searing heat of the broiler. I clutched my vial tight, praying the Colonel’s spirit would guide me past these charlatans before they decided to sacrifice me on a greasy altar.","The road to the Colonel's Sanctuary was long, and my boots were worn thin. I carried only a small vial of secret herbs and spices for the ritual. As I crossed the border into the foothills of Kentucky, the horizon shimmering with the promise of the Original Recipe, I was intercepted.

Three men stepped from the scrubland. They wore oversized cardboard crowns, stained yellow with ancient grease, perched precariously atop matted hair. Their robes were the color of processed mustard, smelling of charcoal and desperation.

""A pilgrim!"" the lead acolyte spat, his voice a raspy croak. He brandished a blackened spatula like a holy sword. ""Seeking the Fried Lie? You walk toward a false prophet, traveler.""

They circled me, their eyes wild with the fervor of the Flame-Grilled Truth. They didn't want my money; they wanted my conversion. They demanded I kneel and recite the Oath of the Whopper or face the searing heat of the broiler. I clutched my vial tight, praying the Colonel's spirit would guide me past these charlatans before they decided to sacrifice me on a greasy altar.",gemma-4-31b,google,True,182,1083,test,gemma-4-31b-q4_k_m,final-2026-09-20,"You are writing a short piece of fiction in response to a writing prompt, the way a person would on an online writing forum. Write the story itself. Do not restate the prompt, explain it, comment on it, or add any framing before or after the story.",140,220,8192,default,,end_turn,ollama-local-gemma-4-31b,2026-09-28 07:36:03.415249+00:00,31.3,gemma4:31b,q4_k_m,16384,8192,True,"{""temperature"": ""1"", ""top_k"": ""64"", ""top_p"": ""0.95""}","The road to the Colonel's Sanctuary was long, and my boots were worn thin. I carried only a small vial of secret herbs and spices for the ritual. As I crossed the border into the foothills of Kentucky, the horizon shimmering with the promise of the Original Recipe, I was intercepted.

Three men stepped from the scrubland. They wore oversized cardboard crowns, stained yellow with ancient grease, perched precariously atop matted hair. Their robes were the color of processed mustard, smelling of charcoal and desperation.

""A pilgrim!"" the lead acolyte spat, his voice a raspy croak. He brandished a blackened spatula like a holy sword. ""Seeking the Fried Lie? You walk toward a false prophet, traveler.""

They circled me, their eyes wild with the fervor of the Flame-Grilled Truth. They didn't want my money; they wanted my conversion. They demanded I kneel and recite the Oath of the Whopper or face the searing heat of the broiler. I clutched my vial tight, praying the Colonel's spirit would guide me past these charlatans before they decided to sacrifice me on a greasy altar.","The road to the Colonel's Sanctuary was long, and my boots were worn thin. I carried only a small vial of secret herbs and spices for the ritual. As I crossed the border into the foothills of Kentucky, the horizon shimmering with the promise of the Original Recipe, I was intercepted. Three men stepped from the scrubland. They wore oversized cardboard crowns, stained yellow with ancient grease, perched precariously atop matted hair. Their robes were the color of processed mustard, smelling of charcoal and desperation. ""A pilgrim!"" the lead acolyte spat, his voice a raspy croak. He brandished a blackened spatula like a holy sword. ""Seeking the Fried Lie? You walk toward a false prophet, traveler."" They circled me, their eyes wild with the fervor of the Flame-Grilled Truth. They didn't want my money; they wanted my conversion. They demanded I kneel and recite the Oath of the Whopper or face the searing heat of the broiler. I clutched my vial tight, praying the Colonel's spirit would guide me past these charlatans before they decided to sacrifice me on a greasy altar.","The road to the Colonel's Sanctuary was long, and my boots were worn thin. I carried only a small vial of secret herbs and spices for the ritual. As I crossed the border into the foothills of Kentucky, the horizon shimmering with the promise of the Original Recipe, I was intercepted. Three men stepped from the scrubland. They wore oversized cardboard crowns, stained yellow with ancient grease, perched precariously atop matted hair. Their robes were the color of processed mustard, smelling of charcoal and desperation. ""A pilgrim!"" the lead acolyte spat, his voice a raspy croak. He brandished a blackened spatula like a holy sword. ""Seeking the Fried Lie? You walk toward a false prophet, traveler."" They circled me, their eyes wild with the fervor of the Flame-Grilled Truth. They didn't want my money; they wanted my conversion. They demanded I kneel and recite the Oath of the Whopper or face the searing heat of the broiler. I clutched my vial tight, praying the Colonel's spirit would guide me past these charlatans before they decided to sacrifice me on a greasy altar.",the road to the colonel's sanctuary was long and my boots were worn thin i carried only a small vial of secret herbs and spices for the ritual as i crossed the border into the foothills of kentucky the horizon shimmering with the promise of the original recipe i was intercepted three men stepped from the scrubland they wore oversized cardboard crowns stained yellow with ancient grease perched precariously atop matted hair their robes were the color of processed mustard smelling of charcoal and desperation a pilgrim the lead acolyte spat his voice a raspy croak he brandished a blackened spatula like a holy sword seeking the fried lie you walk toward a false prophet traveler they circled me their eyes wild with the fervor of the flame grilled truth they didn't want my money they wanted my conversion they demanded i kneel and recite the oath of the whopper or face the searing heat of the broiler i clutched my vial tight praying the colonel's spirit would guide me past these charlatans before they decided to sacrifice me on a greasy altar
longform_0178__gemma-4-31b,longform_0178,long-form,"High schools introduce "" romantic relationships "" as a new school subject. In order to pass, you have to find yourself a girlfriend/boyfriend before the end of the year.","Leo stared at his transcript. *Romantic Relationships: F*. 

The curriculum was absurd. They taught ""Active Listening"" and ""The Art of the First Date"" in a sterile classroom, then graded students on their actual relationship status. It was a social Darwinism experiment masquerading as education.

With two weeks left until finals, the desperation in the halls was palpable. Pairs of students who clearly hated each other were clinging to one another in the cafeteria, terrified of a failing grade affecting their GPA.

Then there was Maya. She was the top of the class in theory, but like Leo, she lacked a practical partner. They met in the library, both hiding behind textbooks on emotional intelligence.

""Contractual agreement?"" she whispered, extending a hand.

Leo blinked. ""A fake relationship for the credits?""

""Exactly. We study together, we fake the dates, we pass the course, and we remain strictly platonic.""

Leo shook her hand, relieved. However, as they walked toward the cafeteria, he realized his heart was hammering against his ribs. For the first time, the ""practical"" part of the course felt dangerously interesting.","Leo stared at his transcript. Romantic Relationships: F.

The curriculum was absurd. They taught ""Active Listening"" and ""The Art of the First Date"" in a sterile classroom, then graded students on their actual relationship status. It was a social Darwinism experiment masquerading as education.

With two weeks left until finals, the desperation in the halls was palpable. Pairs of students who clearly hated each other were clinging to one another in the cafeteria, terrified of a failing grade affecting their GPA.

Then there was Maya. She was the top of the class in theory, but like Leo, she lacked a practical partner. They met in the library, both hiding behind textbooks on emotional intelligence.

""Contractual agreement?"" she whispered, extending a hand.

Leo blinked. ""A fake relationship for the credits?""

""Exactly. We study together, we fake the dates, we pass the course, and we remain strictly platonic.""

Leo shook her hand, relieved. However, as they walked toward the cafeteria, he realized his heart was hammering against his ribs. For the first time, the ""practical"" part of the course felt dangerously interesting.",gemma-4-31b,google,True,180,1138,test,gemma-4-31b-q4_k_m,final-2026-09-20,"You are writing a short piece of fiction in response to a writing prompt, the way a person would on an online writing forum. Write the story itself. Do not restate the prompt, explain it, comment on it, or add any framing before or after the story.",140,220,8192,default,,end_turn,ollama-local-gemma-4-31b,2026-09-28 07:37:49.939602+00:00,31.3,gemma4:31b,q4_k_m,16384,8192,True,"{""temperature"": ""1"", ""top_k"": ""64"", ""top_p"": ""0.95""}","Leo stared at his transcript. Romantic Relationships: F.

The curriculum was absurd. They taught ""Active Listening"" and ""The Art of the First Date"" in a sterile classroom, then graded students on their actual relationship status. It was a social Darwinism experiment masquerading as education.

With two weeks left until finals, the desperation in the halls was palpable. Pairs of students who clearly hated each other were clinging to one another in the cafeteria, terrified of a failing grade affecting their GPA.

Then there was Maya. She was the top of the class in theory, but like Leo, she lacked a practical partner. They met in the library, both hiding behind textbooks on emotional intelligence.

""Contractual agreement?"" she whispered, extending a hand.

Leo blinked. ""A fake relationship for the credits?""

""Exactly. We study together, we fake the dates, we pass the course, and we remain strictly platonic.""

Leo shook her hand, relieved. However, as they walked toward the cafeteria, he realized his heart was hammering against his ribs. For the first time, the ""practical"" part of the course felt dangerously interesting.","Leo stared at his transcript. Romantic Relationships: F. The curriculum was absurd. They taught ""Active Listening"" and ""The Art of the First Date"" in a sterile classroom, then graded students on their actual relationship status. It was a social Darwinism experiment masquerading as education. With two weeks left until finals, the desperation in the halls was palpable. Pairs of students who clearly hated each other were clinging to one another in the cafeteria, terrified of a failing grade affecting their GPA. Then there was Maya. She was the top of the class in theory, but like Leo, she lacked a practical partner. They met in the library, both hiding behind textbooks on emotional intelligence. ""Contractual agreement?"" she whispered, extending a hand. Leo blinked. ""A fake relationship for the credits?"" ""Exactly. We study together, we fake the dates, we pass the course, and we remain strictly platonic."" Leo shook her hand, relieved. However, as they walked toward the cafeteria, he realized his heart was hammering against his ribs. For the first time, the ""practical"" part of the course felt dangerously interesting.","Leo stared at his transcript. Romantic Relationships: F. The curriculum was absurd. They taught ""Active Listening"" and ""The Art of the First Date"" in a sterile classroom, then graded students on their actual relationship status. It was a social Darwinism experiment masquerading as education. With two weeks left until finals, the desperation in the halls was palpable. Pairs of students who clearly hated each other were clinging to one another in the cafeteria, terrified of a failing grade affecting their GPA. Then there was Maya. She was the top of the class in theory, but like Leo, she lacked a practical partner. They met in the library, both hiding behind textbooks on emotional intelligence. ""Contractual agreement?"" she whispered, extending a hand. Leo blinked. ""A fake relationship for the credits?"" ""Exactly. We study together, we fake the dates, we pass the course, and we remain strictly platonic."" Leo shook her hand, relieved. However, as they walked toward the cafeteria, he realized his heart was hammering against his ribs. For the first time, the ""practical"" part of the course felt dangerously interesting.",leo stared at his transcript romantic relationships f the curriculum was absurd they taught active listening and the art of the first date in a sterile classroom then graded students on their actual relationship status it was a social darwinism experiment masquerading as education with two weeks left until finals the desperation in the halls was palpable pairs of students who clearly hated each other were clinging to one another in the cafeteria terrified of a failing grade affecting their gpa then there was maya she was the top of the class in theory but like leo she lacked a practical partner they met in the library both hiding behind textbooks on emotional intelligence contractual agreement she whispered extending a hand leo blinked a fake relationship for the credits exactly we study together we fake the dates we pass the course and we remain strictly platonic leo shook her hand relieved however as they walked toward the cafeteria he realized his heart was hammering against his ribs for the first time the practical part of the course felt dangerously interesting
longform_0184__gemma-4-31b,longform_0184,long-form,"A time traveler returns from the future, crying.","Arthur stepped out of the chrome sphere, his face streaked with tears. The lab technicians rushed forward, eager for news of the 25th century. He didn't look at them. He just collapsed onto the cold concrete, sobbing into his palms.

""It's so quiet,"" he gasped.

They pressed him for details, asking about the floating cities, the cure for cancer, and the interstellar voyages promised by the theories. Arthur only shook his head. He had seen the archives, the ruins of the great libraries, and the endless, shimmering salt flats where the oceans used to be. 

But it wasn't the death of the planet that broke him. It was the recording he found in the ruins of his own home. A message from his future daughter—a child he hadn't even fathered yet—begging him to stay away, to never come back, because the grief of knowing the end is a burden no one should carry. He had traveled forward to find hope for humanity, but he had only found the echo of a final, desperate goodbye.","Arthur stepped out of the chrome sphere, his face streaked with tears. The lab technicians rushed forward, eager for news of the 25th century. He didn't look at them. He just collapsed onto the cold concrete, sobbing into his palms.

""It's so quiet,"" he gasped.

They pressed him for details, asking about the floating cities, the cure for cancer, and the interstellar voyages promised by the theories. Arthur only shook his head. He had seen the archives, the ruins of the great libraries, and the endless, shimmering salt flats where the oceans used to be.

But it wasn't the death of the planet that broke him. It was the recording he found in the ruins of his own home. A message from his future daughter—a child he hadn't even fathered yet—begging him to stay away, to never come back, because the grief of knowing the end is a burden no one should carry. He had traveled forward to find hope for humanity, but he had only found the echo of a final, desperate goodbye.",gemma-4-31b,google,True,174,974,test,gemma-4-31b-q4_k_m,final-2026-09-20,"You are writing a short piece of fiction in response to a writing prompt, the way a person would on an online writing forum. Write the story itself. Do not restate the prompt, explain it, comment on it, or add any framing before or after the story.",140,220,8192,default,,end_turn,ollama-local-gemma-4-31b,2026-09-28 07:38:25.206821+00:00,31.3,gemma4:31b,q4_k_m,16384,8192,True,"{""temperature"": ""1"", ""top_k"": ""64"", ""top_p"": ""0.95""}","Arthur stepped out of the chrome sphere, his face streaked with tears. The lab technicians rushed forward, eager for news of the 25th century. He didn't look at them. He just collapsed onto the cold concrete, sobbing into his palms.

""It's so quiet,"" he gasped.

They pressed him for details, asking about the floating cities, the cure for cancer, and the interstellar voyages promised by the theories. Arthur only shook his head. He had seen the archives, the ruins of the great libraries, and the endless, shimmering salt flats where the oceans used to be.

But it wasn't the death of the planet that broke him. It was the recording he found in the ruins of his own home. A message from his future daughter - a child he hadn't even fathered yet - begging him to stay away, to never come back, because the grief of knowing the end is a burden no one should carry. He had traveled forward to find hope for humanity, but he had only found the echo of a final, desperate goodbye.","Arthur stepped out of the chrome sphere, his face streaked with tears. The lab technicians rushed forward, eager for news of the 25th century. He didn't look at them. He just collapsed onto the cold concrete, sobbing into his palms. ""It's so quiet,"" he gasped. They pressed him for details, asking about the floating cities, the cure for cancer, and the interstellar voyages promised by the theories. Arthur only shook his head. He had seen the archives, the ruins of the great libraries, and the endless, shimmering salt flats where the oceans used to be. But it wasn't the death of the planet that broke him. It was the recording he found in the ruins of his own home. A message from his future daughter—a child he hadn't even fathered yet—begging him to stay away, to never come back, because the grief of knowing the end is a burden no one should carry. He had traveled forward to find hope for humanity, but he had only found the echo of a final, desperate goodbye.","Arthur stepped out of the chrome sphere, his face streaked with tears. The lab technicians rushed forward, eager for news of the 25th century. He didn't look at them. He just collapsed onto the cold concrete, sobbing into his palms. ""It's so quiet,"" he gasped. They pressed him for details, asking about the floating cities, the cure for cancer, and the interstellar voyages promised by the theories. Arthur only shook his head. He had seen the archives, the ruins of the great libraries, and the endless, shimmering salt flats where the oceans used to be. But it wasn't the death of the planet that broke him. It was the recording he found in the ruins of his own home. A message from his future daughter - a child he hadn't even fathered yet - begging him to stay away, to never come back, because the grief of knowing the end is a burden no one should carry. He had traveled forward to find hope for humanity, but he had only found the echo of a final, desperate goodbye.",arthur stepped out of the chrome sphere his face streaked with tears the lab technicians rushed forward eager for news of the 25th century he didn't look at them he just collapsed onto the cold concrete sobbing into his palms it's so quiet he gasped they pressed him for details asking about the floating cities the cure for cancer and the interstellar voyages promised by the theories arthur only shook his head he had seen the archives the ruins of the great libraries and the endless shimmering salt flats where the oceans used to be but it wasn't the death of the planet that broke him it was the recording he found in the ruins of his own home a message from his future daughter a child he hadn't even fathered yet begging him to stay away to never come back because the grief of knowing the end is a burden no one should carry he had traveled forward to find hope for humanity but he had only found the echo of a final desperate goodbye
longform_0238__gemma-4-31b,longform_0238,long-form,Only a woman can make you feel guilty for doing something perfectly normal...,"Mark stepped inside, kicked off his boots, and placed them neatly in the entryway. He’d even aligned them perfectly parallel to the wall. He felt efficient, almost virtuous. He entered the kitchen, where Claire was staring at the dishwasher.

""Did you empty it?"" she asked, her voice flat.

Mark blinked. He had literally just walked through the door three seconds ago. ""I just got home, honey.""

Claire didn't argue. She didn't even look at him. Instead, she let out a long, shuddering sigh and began unloading the racks herself, her shoulders slumped in a display of tragic martyrdom. The silence was heavy, thick with an unspoken accusation.

Suddenly, Mark felt like a monster. He hadn't just missed a chore; he had failed as a partner and a man. He spent the next ten minutes hovering, apologizing profusely for the crime of having a commute. He watched her back, feeling a crushing weight of inadequacy, wondering how the simple act of entering his own home had turned him into the villain of the evening.","Mark stepped inside, kicked off his boots, and placed them neatly in the entryway. He'd even aligned them perfectly parallel to the wall. He felt efficient, almost virtuous. He entered the kitchen, where Claire was staring at the dishwasher.

""Did you empty it?"" she asked, her voice flat.

Mark blinked. He had literally just walked through the door three seconds ago. ""I just got home, honey.""

Claire didn't argue. She didn't even look at him. Instead, she let out a long, shuddering sigh and began unloading the racks herself, her shoulders slumped in a display of tragic martyrdom. The silence was heavy, thick with an unspoken accusation.

Suddenly, Mark felt like a monster. He hadn't just missed a chore; he had failed as a partner and a man. He spent the next ten minutes hovering, apologizing profusely for the crime of having a commute. He watched her back, feeling a crushing weight of inadequacy, wondering how the simple act of entering his own home had turned him into the villain of the evening.",gemma-4-31b,google,True,173,1011,test,gemma-4-31b-q4_k_m,final-2026-09-20,"You are writing a short piece of fiction in response to a writing prompt, the way a person would on an online writing forum. Write the story itself. Do not restate the prompt, explain it, comment on it, or add any framing before or after the story.",140,220,8192,default,,end_turn,ollama-local-gemma-4-31b,2026-09-28 07:39:00.933626+00:00,31.3,gemma4:31b,q4_k_m,16384,8192,True,"{""temperature"": ""1"", ""top_k"": ""64"", ""top_p"": ""0.95""}","Mark stepped inside, kicked off his boots, and placed them neatly in the entryway. He'd even aligned them perfectly parallel to the wall. He felt efficient, almost virtuous. He entered the kitchen, where Claire was staring at the dishwasher.

""Did you empty it?"" she asked, her voice flat.

Mark blinked. He had literally just walked through the door three seconds ago. ""I just got home, honey.""

Claire didn't argue. She didn't even look at him. Instead, she let out a long, shuddering sigh and began unloading the racks herself, her shoulders slumped in a display of tragic martyrdom. The silence was heavy, thick with an unspoken accusation.

Suddenly, Mark felt like a monster. He hadn't just missed a chore; he had failed as a partner and a man. He spent the next ten minutes hovering, apologizing profusely for the crime of having a commute. He watched her back, feeling a crushing weight of inadequacy, wondering how the simple act of entering his own home had turned him into the villain of the evening.","Mark stepped inside, kicked off his boots, and placed them neatly in the entryway. He'd even aligned them perfectly parallel to the wall. He felt efficient, almost virtuous. He entered the kitchen, where Claire was staring at the dishwasher. ""Did you empty it?"" she asked, her voice flat. Mark blinked. He had literally just walked through the door three seconds ago. ""I just got home, honey."" Claire didn't argue. She didn't even look at him. Instead, she let out a long, shuddering sigh and began unloading the racks herself, her shoulders slumped in a display of tragic martyrdom. The silence was heavy, thick with an unspoken accusation. Suddenly, Mark felt like a monster. He hadn't just missed a chore; he had failed as a partner and a man. He spent the next ten minutes hovering, apologizing profusely for the crime of having a commute. He watched her back, feeling a crushing weight of inadequacy, wondering how the simple act of entering his own home had turned him into the villain of the evening.","Mark stepped inside, kicked off his boots, and placed them neatly in the entryway. He'd even aligned them perfectly parallel to the wall. He felt efficient, almost virtuous. He entered the kitchen, where Claire was staring at the dishwasher. ""Did you empty it?"" she asked, her voice flat. Mark blinked. He had literally just walked through the door three seconds ago. ""I just got home, honey."" Claire didn't argue. She didn't even look at him. Instead, she let out a long, shuddering sigh and began unloading the racks herself, her shoulders slumped in a display of tragic martyrdom. The silence was heavy, thick with an unspoken accusation. Suddenly, Mark felt like a monster. He hadn't just missed a chore; he had failed as a partner and a man. He spent the next ten minutes hovering, apologizing profusely for the crime of having a commute. He watched her back, feeling a crushing weight of inadequacy, wondering how the simple act of entering his own home had turned him into the villain of the evening.",mark stepped inside kicked off his boots and placed them neatly in the entryway he'd even aligned them perfectly parallel to the wall he felt efficient almost virtuous he entered the kitchen where claire was staring at the dishwasher did you empty it she asked her voice flat mark blinked he had literally just walked through the door three seconds ago i just got home honey claire didn't argue she didn't even look at him instead she let out a long shuddering sigh and began unloading the racks herself her shoulders slumped in a display of tragic martyrdom the silence was heavy thick with an unspoken accusation suddenly mark felt like a monster he hadn't just missed a chore he had failed as a partner and a man he spent the next ten minutes hovering apologizing profusely for the crime of having a commute he watched her back feeling a crushing weight of inadequacy wondering how the simple act of entering his own home had turned him into the villain of the evening
longform_0248__gemma-4-31b,longform_0248,long-form,"A story, a poem, a dialogue that makes people smile.","Arthur prided himself on his solitude and his impeccably ironed trousers. He sat on his porch every Tuesday, nursing a lukewarm tea and scowling at the neighborhood kids. However, the scowl had become a permanent fixture that didn't quite reach his eyes anymore.

Enter Leo, a five-year-old with a smudge of blue paint on his cheek and a very serious expression. Leo marched up the steps and placed a small, slightly crushed dandelion on Arthur’s lap.

""What is this?"" Arthur grumbled, though he didn't move the flower.

""It’s a sunshine-catcher,"" Leo explained solemnly. ""My mom says you look like you’ve run out of sunshine, so I brought you a spare one.""

Arthur looked at the weed, then at the boy's hopeful face. He felt a strange, forgotten warmth bloom in his chest. Slowly, he reached into his pocket and produced a peppermint.

""I suppose this will do,"" Arthur muttered, a tiny, genuine smile finally breaking through. ""But next time, bring two. I think the neighbor, Mrs. Gable, is completely out of sunshine too.""","Arthur prided himself on his solitude and his impeccably ironed trousers. He sat on his porch every Tuesday, nursing a lukewarm tea and scowling at the neighborhood kids. However, the scowl had become a permanent fixture that didn't quite reach his eyes anymore.

Enter Leo, a five-year-old with a smudge of blue paint on his cheek and a very serious expression. Leo marched up the steps and placed a small, slightly crushed dandelion on Arthur's lap.

""What is this?"" Arthur grumbled, though he didn't move the flower.

""It's a sunshine-catcher,"" Leo explained solemnly. ""My mom says you look like you've run out of sunshine, so I brought you a spare one.""

Arthur looked at the weed, then at the boy's hopeful face. He felt a strange, forgotten warmth bloom in his chest. Slowly, he reached into his pocket and produced a peppermint.

""I suppose this will do,"" Arthur muttered, a tiny, genuine smile finally breaking through. ""But next time, bring two. I think the neighbor, Mrs. Gable, is completely out of sunshine too.""",gemma-4-31b,google,True,173,1024,test,gemma-4-31b-q4_k_m,final-2026-09-20,"You are writing a short piece of fiction in response to a writing prompt, the way a person would on an online writing forum. Write the story itself. Do not restate the prompt, explain it, comment on it, or add any framing before or after the story.",140,220,8192,default,,end_turn,ollama-local-gemma-4-31b,2026-09-28 07:40:23.368718+00:00,31.3,gemma4:31b,q4_k_m,16384,8192,True,"{""temperature"": ""1"", ""top_k"": ""64"", ""top_p"": ""0.95""}","Arthur prided himself on his solitude and his impeccably ironed trousers. He sat on his porch every Tuesday, nursing a lukewarm tea and scowling at the neighborhood kids. However, the scowl had become a permanent fixture that didn't quite reach his eyes anymore.

Enter Leo, a five-year-old with a smudge of blue paint on his cheek and a very serious expression. Leo marched up the steps and placed a small, slightly crushed dandelion on Arthur's lap.

""What is this?"" Arthur grumbled, though he didn't move the flower.

""It's a sunshine-catcher,"" Leo explained solemnly. ""My mom says you look like you've run out of sunshine, so I brought you a spare one.""

Arthur looked at the weed, then at the boy's hopeful face. He felt a strange, forgotten warmth bloom in his chest. Slowly, he reached into his pocket and produced a peppermint.

""I suppose this will do,"" Arthur muttered, a tiny, genuine smile finally breaking through. ""But next time, bring two. I think the neighbor, Mrs. Gable, is completely out of sunshine too.""","Arthur prided himself on his solitude and his impeccably ironed trousers. He sat on his porch every Tuesday, nursing a lukewarm tea and scowling at the neighborhood kids. However, the scowl had become a permanent fixture that didn't quite reach his eyes anymore. Enter Leo, a five-year-old with a smudge of blue paint on his cheek and a very serious expression. Leo marched up the steps and placed a small, slightly crushed dandelion on Arthur's lap. ""What is this?"" Arthur grumbled, though he didn't move the flower. ""It's a sunshine-catcher,"" Leo explained solemnly. ""My mom says you look like you've run out of sunshine, so I brought you a spare one."" Arthur looked at the weed, then at the boy's hopeful face. He felt a strange, forgotten warmth bloom in his chest. Slowly, he reached into his pocket and produced a peppermint. ""I suppose this will do,"" Arthur muttered, a tiny, genuine smile finally breaking through. ""But next time, bring two. I think the neighbor, Mrs. Gable, is completely out of sunshine too.""","Arthur prided himself on his solitude and his impeccably ironed trousers. He sat on his porch every Tuesday, nursing a lukewarm tea and scowling at the neighborhood kids. However, the scowl had become a permanent fixture that didn't quite reach his eyes anymore. Enter Leo, a five-year-old with a smudge of blue paint on his cheek and a very serious expression. Leo marched up the steps and placed a small, slightly crushed dandelion on Arthur's lap. ""What is this?"" Arthur grumbled, though he didn't move the flower. ""It's a sunshine-catcher,"" Leo explained solemnly. ""My mom says you look like you've run out of sunshine, so I brought you a spare one."" Arthur looked at the weed, then at the boy's hopeful face. He felt a strange, forgotten warmth bloom in his chest. Slowly, he reached into his pocket and produced a peppermint. ""I suppose this will do,"" Arthur muttered, a tiny, genuine smile finally breaking through. ""But next time, bring two. I think the neighbor, Mrs. Gable, is completely out of sunshine too.""",arthur prided himself on his solitude and his impeccably ironed trousers he sat on his porch every tuesday nursing a lukewarm tea and scowling at the neighborhood kids however the scowl had become a permanent fixture that didn't quite reach his eyes anymore enter leo a five year old with a smudge of blue paint on his cheek and a very serious expression leo marched up the steps and placed a small slightly crushed dandelion on arthur's lap what is this arthur grumbled though he didn't move the flower it's a sunshine catcher leo explained solemnly my mom says you look like you've run out of sunshine so i brought you a spare one arthur looked at the weed then at the boy's hopeful face he felt a strange forgotten warmth bloom in his chest slowly he reached into his pocket and produced a peppermint i suppose this will do arthur muttered a tiny genuine smile finally breaking through but next time bring two i think the neighbor mrs gable is completely out of sunshine too
longform_0250__gemma-4-31b,longform_0250,long-form,"Humans are not native to earth. After aliens defeated the human race, they banished captives to earth stripped of modern technology. Over time history became legend and legend forgotten. That is until in a mountain cave a mural drawing is found and an ancient metal object unlike ever seen before","Elias brushed away a millennium of dust, revealing a wall of vibrant, haunting pigment. The mural didn't depict mammoths or primitive hunts; it showed spheres of silver descending from a void of obsidian. It depicted a war of light and shadow, ending with thousands of weeping figures being cast down toward a blue-green marble.

""Impossible,"" he whispered. The images contradicted every geological and anthropological record known to man.

Beside the painting, nestled in a natural stone alcove, lay a cylinder of an iridescent, seamless metal. It felt warm to the touch, humming with a dormant vibration that resonated in his marrow. As his fingers brushed the surface, a holographic projection flickered into existence—a star map with a single red dot blinking far from the Sol system, and a caption in a language that felt instinctively familiar, though he had never seen it before.

He looked at the primitive cave and then at the device. Earth wasn't a cradle; it was a prison. The history books were wrong. We weren't the masters of this world, but the exiled ghosts of another, waiting for a signal that we were finally allowed to return.","Elias brushed away a millennium of dust, revealing a wall of vibrant, haunting pigment. The mural didn't depict mammoths or primitive hunts; it showed spheres of silver descending from a void of obsidian. It depicted a war of light and shadow, ending with thousands of weeping figures being cast down toward a blue-green marble.

""Impossible,"" he whispered. The images contradicted every geological and anthropological record known to man.

Beside the painting, nestled in a natural stone alcove, lay a cylinder of an iridescent, seamless metal. It felt warm to the touch, humming with a dormant vibration that resonated in his marrow. As his fingers brushed the surface, a holographic projection flickered into existence—a star map with a single red dot blinking far from the Sol system, and a caption in a language that felt instinctively familiar, though he had never seen it before.

He looked at the primitive cave and then at the device. Earth wasn't a cradle; it was a prison. The history books were wrong. We weren't the masters of this world, but the exiled ghosts of another, waiting for a signal that we were finally allowed to return.",gemma-4-31b,google,True,191,1146,test,gemma-4-31b-q4_k_m,final-2026-09-20,"You are writing a short piece of fiction in response to a writing prompt, the way a person would on an online writing forum. Write the story itself. Do not restate the prompt, explain it, comment on it, or add any framing before or after the story.",140,220,8192,default,,end_turn,ollama-local-gemma-4-31b,2026-09-28 07:41:03.155084+00:00,31.3,gemma4:31b,q4_k_m,16384,8192,True,"{""temperature"": ""1"", ""top_k"": ""64"", ""top_p"": ""0.95""}","Elias brushed away a millennium of dust, revealing a wall of vibrant, haunting pigment. The mural didn't depict mammoths or primitive hunts; it showed spheres of silver descending from a void of obsidian. It depicted a war of light and shadow, ending with thousands of weeping figures being cast down toward a blue-green marble.

""Impossible,"" he whispered. The images contradicted every geological and anthropological record known to man.

Beside the painting, nestled in a natural stone alcove, lay a cylinder of an iridescent, seamless metal. It felt warm to the touch, humming with a dormant vibration that resonated in his marrow. As his fingers brushed the surface, a holographic projection flickered into existence - a star map with a single red dot blinking far from the Sol system, and a caption in a language that felt instinctively familiar, though he had never seen it before.

He looked at the primitive cave and then at the device. Earth wasn't a cradle; it was a prison. The history books were wrong. We weren't the masters of this world, but the exiled ghosts of another, waiting for a signal that we were finally allowed to return.","Elias brushed away a millennium of dust, revealing a wall of vibrant, haunting pigment. The mural didn't depict mammoths or primitive hunts; it showed spheres of silver descending from a void of obsidian. It depicted a war of light and shadow, ending with thousands of weeping figures being cast down toward a blue-green marble. ""Impossible,"" he whispered. The images contradicted every geological and anthropological record known to man. Beside the painting, nestled in a natural stone alcove, lay a cylinder of an iridescent, seamless metal. It felt warm to the touch, humming with a dormant vibration that resonated in his marrow. As his fingers brushed the surface, a holographic projection flickered into existence—a star map with a single red dot blinking far from the Sol system, and a caption in a language that felt instinctively familiar, though he had never seen it before. He looked at the primitive cave and then at the device. Earth wasn't a cradle; it was a prison. The history books were wrong. We weren't the masters of this world, but the exiled ghosts of another, waiting for a signal that we were finally allowed to return.","Elias brushed away a millennium of dust, revealing a wall of vibrant, haunting pigment. The mural didn't depict mammoths or primitive hunts; it showed spheres of silver descending from a void of obsidian. It depicted a war of light and shadow, ending with thousands of weeping figures being cast down toward a blue-green marble. ""Impossible,"" he whispered. The images contradicted every geological and anthropological record known to man. Beside the painting, nestled in a natural stone alcove, lay a cylinder of an iridescent, seamless metal. It felt warm to the touch, humming with a dormant vibration that resonated in his marrow. As his fingers brushed the surface, a holographic projection flickered into existence - a star map with a single red dot blinking far from the Sol system, and a caption in a language that felt instinctively familiar, though he had never seen it before. He looked at the primitive cave and then at the device. Earth wasn't a cradle; it was a prison. The history books were wrong. We weren't the masters of this world, but the exiled ghosts of another, waiting for a signal that we were finally allowed to return.",elias brushed away a millennium of dust revealing a wall of vibrant haunting pigment the mural didn't depict mammoths or primitive hunts it showed spheres of silver descending from a void of obsidian it depicted a war of light and shadow ending with thousands of weeping figures being cast down toward a blue green marble impossible he whispered the images contradicted every geological and anthropological record known to man beside the painting nestled in a natural stone alcove lay a cylinder of an iridescent seamless metal it felt warm to the touch humming with a dormant vibration that resonated in his marrow as his fingers brushed the surface a holographic projection flickered into existence a star map with a single red dot blinking far from the sol system and a caption in a language that felt instinctively familiar though he had never seen it before he looked at the primitive cave and then at the device earth wasn't a cradle it was a prison the history books were wrong we weren't the masters of this world but the exiled ghosts of another waiting for a signal that we were finally allowed to return
longform_0257__gemma-4-31b,longform_0257,long-form,Write a story in which a character meets the author and tries to influence the outcome of the story,"Elias stepped through the white void, his boots clicking against nothingness. In the center sat a man at a typewriter, humming softly.

""You,"" Elias shouted, pointing a trembling finger. ""Why did you give me a terminal illness and a dead father? This is cruel.""

The man stopped typing and looked up, blinking. ""Drama drives the plot, Elias. Tragedy is a classic motif.""

""I don't want to be a motif! I want a happy ending. A cottage in the hills, a loving wife, and a long life.""

The author sighed, looking at the page. ""That’s a boring story. No one would read it.""

Elias lunged forward, grabbing the typewriter. ""Then I'll write it myself!""

He began to mash keys randomly, but as he did, his own hands began to fade. He realized that by erasing the tragedy, he was erasing the very conflict that gave him existence.

""Stop!"" Elias cried, his voice thinning into a whisper.

The author just leaned back and smiled, already beginning a new paragraph. ""See? Now we have a meta-commentary on existential dread. Much better.""","Elias stepped through the white void, his boots clicking against nothingness. In the center sat a man at a typewriter, humming softly.

""You,"" Elias shouted, pointing a trembling finger. ""Why did you give me a terminal illness and a dead father? This is cruel.""

The man stopped typing and looked up, blinking. ""Drama drives the plot, Elias. Tragedy is a classic motif.""

""I don't want to be a motif! I want a happy ending. A cottage in the hills, a loving wife, and a long life.""

The author sighed, looking at the page. ""That's a boring story. No one would read it.""

Elias lunged forward, grabbing the typewriter. ""Then I'll write it myself!""

He began to mash keys randomly, but as he did, his own hands began to fade. He realized that by erasing the tragedy, he was erasing the very conflict that gave him existence.

""Stop!"" Elias cried, his voice thinning into a whisper.

The author just leaned back and smiled, already beginning a new paragraph. ""See? Now we have a meta-commentary on existential dread. Much better.""",gemma-4-31b,google,True,178,1026,test,gemma-4-31b-q4_k_m,final-2026-09-20,"You are writing a short piece of fiction in response to a writing prompt, the way a person would on an online writing forum. Write the story itself. Do not restate the prompt, explain it, comment on it, or add any framing before or after the story.",140,220,8192,default,,end_turn,ollama-local-gemma-4-31b,2026-09-28 07:42:37.463700+00:00,31.3,gemma4:31b,q4_k_m,16384,8192,True,"{""temperature"": ""1"", ""top_k"": ""64"", ""top_p"": ""0.95""}","Elias stepped through the white void, his boots clicking against nothingness. In the center sat a man at a typewriter, humming softly.

""You,"" Elias shouted, pointing a trembling finger. ""Why did you give me a terminal illness and a dead father? This is cruel.""

The man stopped typing and looked up, blinking. ""Drama drives the plot, Elias. Tragedy is a classic motif.""

""I don't want to be a motif! I want a happy ending. A cottage in the hills, a loving wife, and a long life.""

The author sighed, looking at the page. ""That's a boring story. No one would read it.""

Elias lunged forward, grabbing the typewriter. ""Then I'll write it myself!""

He began to mash keys randomly, but as he did, his own hands began to fade. He realized that by erasing the tragedy, he was erasing the very conflict that gave him existence.

""Stop!"" Elias cried, his voice thinning into a whisper.

The author just leaned back and smiled, already beginning a new paragraph. ""See? Now we have a meta-commentary on existential dread. Much better.""","Elias stepped through the white void, his boots clicking against nothingness. In the center sat a man at a typewriter, humming softly. ""You,"" Elias shouted, pointing a trembling finger. ""Why did you give me a terminal illness and a dead father? This is cruel."" The man stopped typing and looked up, blinking. ""Drama drives the plot, Elias. Tragedy is a classic motif."" ""I don't want to be a motif! I want a happy ending. A cottage in the hills, a loving wife, and a long life."" The author sighed, looking at the page. ""That's a boring story. No one would read it."" Elias lunged forward, grabbing the typewriter. ""Then I'll write it myself!"" He began to mash keys randomly, but as he did, his own hands began to fade. He realized that by erasing the tragedy, he was erasing the very conflict that gave him existence. ""Stop!"" Elias cried, his voice thinning into a whisper. The author just leaned back and smiled, already beginning a new paragraph. ""See? Now we have a meta-commentary on existential dread. Much better.""","Elias stepped through the white void, his boots clicking against nothingness. In the center sat a man at a typewriter, humming softly. ""You,"" Elias shouted, pointing a trembling finger. ""Why did you give me a terminal illness and a dead father? This is cruel."" The man stopped typing and looked up, blinking. ""Drama drives the plot, Elias. Tragedy is a classic motif."" ""I don't want to be a motif! I want a happy ending. A cottage in the hills, a loving wife, and a long life."" The author sighed, looking at the page. ""That's a boring story. No one would read it."" Elias lunged forward, grabbing the typewriter. ""Then I'll write it myself!"" He began to mash keys randomly, but as he did, his own hands began to fade. He realized that by erasing the tragedy, he was erasing the very conflict that gave him existence. ""Stop!"" Elias cried, his voice thinning into a whisper. The author just leaned back and smiled, already beginning a new paragraph. ""See? Now we have a meta-commentary on existential dread. Much better.""",elias stepped through the white void his boots clicking against nothingness in the center sat a man at a typewriter humming softly you elias shouted pointing a trembling finger why did you give me a terminal illness and a dead father this is cruel the man stopped typing and looked up blinking drama drives the plot elias tragedy is a classic motif i don't want to be a motif i want a happy ending a cottage in the hills a loving wife and a long life the author sighed looking at the page that's a boring story no one would read it elias lunged forward grabbing the typewriter then i'll write it myself he began to mash keys randomly but as he did his own hands began to fade he realized that by erasing the tragedy he was erasing the very conflict that gave him existence stop elias cried his voice thinning into a whisper the author just leaned back and smiled already beginning a new paragraph see now we have a meta commentary on existential dread much better
longform_0261__gemma-4-31b,longform_0261,long-form,"You're out for a jog when a man who looks just like you stumbles out of the bushes. He trusts a blood covered bag into your arms and whispers "" break the cycle "" before collapsing at your feet.","I was three miles into my morning loop when he crashed through the hedges. I froze. It wasn’t just a resemblance; it was a mirror. He had the same scar on his chin, the same frayed laces on his Nikes, and the same panicked wide-eyed stare. He looked like he’d been dragged through a mile of gravel, his breath coming in ragged, wet gasps.

Before I could scream or ask who he was, he lunged forward. He shoved a heavy, canvas bag into my chest. It was slick with fresh, dark blood that soaked through my shirt instantly. His eyes locked onto mine with a desperate intensity.

""Break the cycle,"" he hissed, the words barely a shadow of a sound.

Then he went limp, collapsing at my feet like a puppet with its strings cut. 

I stood there, chest heaving, looking down at the unconscious version of myself. Trembling, I reached into the bag. I expected a weapon or a ledger, but my fingers brushed against something cold. I pulled it out: a gold pocket watch ticking backward, and a photograph of me standing over a body I didn't recognize.","I was three miles into my morning loop when he crashed through the hedges. I froze. It wasn't just a resemblance; it was a mirror. He had the same scar on his chin, the same frayed laces on his Nikes, and the same panicked wide-eyed stare. He looked like he'd been dragged through a mile of gravel, his breath coming in ragged, wet gasps.

Before I could scream or ask who he was, he lunged forward. He shoved a heavy, canvas bag into my chest. It was slick with fresh, dark blood that soaked through my shirt instantly. His eyes locked onto mine with a desperate intensity.

""Break the cycle,"" he hissed, the words barely a shadow of a sound.

Then he went limp, collapsing at my feet like a puppet with its strings cut.

I stood there, chest heaving, looking down at the unconscious version of myself. Trembling, I reached into the bag. I expected a weapon or a ledger, but my fingers brushed against something cold. I pulled it out: a gold pocket watch ticking backward, and a photograph of me standing over a body I didn't recognize.",gemma-4-31b,google,True,190,1038,test,gemma-4-31b-q4_k_m,final-2026-09-20,"You are writing a short piece of fiction in response to a writing prompt, the way a person would on an online writing forum. Write the story itself. Do not restate the prompt, explain it, comment on it, or add any framing before or after the story.",140,220,8192,default,,end_turn,ollama-local-gemma-4-31b,2026-09-28 07:43:18.381309+00:00,31.3,gemma4:31b,q4_k_m,16384,8192,True,"{""temperature"": ""1"", ""top_k"": ""64"", ""top_p"": ""0.95""}","I was three miles into my morning loop when he crashed through the hedges. I froze. It wasn't just a resemblance; it was a mirror. He had the same scar on his chin, the same frayed laces on his Nikes, and the same panicked wide-eyed stare. He looked like he'd been dragged through a mile of gravel, his breath coming in ragged, wet gasps.

Before I could scream or ask who he was, he lunged forward. He shoved a heavy, canvas bag into my chest. It was slick with fresh, dark blood that soaked through my shirt instantly. His eyes locked onto mine with a desperate intensity.

""Break the cycle,"" he hissed, the words barely a shadow of a sound.

Then he went limp, collapsing at my feet like a puppet with its strings cut.

I stood there, chest heaving, looking down at the unconscious version of myself. Trembling, I reached into the bag. I expected a weapon or a ledger, but my fingers brushed against something cold. I pulled it out: a gold pocket watch ticking backward, and a photograph of me standing over a body I didn't recognize.","I was three miles into my morning loop when he crashed through the hedges. I froze. It wasn't just a resemblance; it was a mirror. He had the same scar on his chin, the same frayed laces on his Nikes, and the same panicked wide-eyed stare. He looked like he'd been dragged through a mile of gravel, his breath coming in ragged, wet gasps. Before I could scream or ask who he was, he lunged forward. He shoved a heavy, canvas bag into my chest. It was slick with fresh, dark blood that soaked through my shirt instantly. His eyes locked onto mine with a desperate intensity. ""Break the cycle,"" he hissed, the words barely a shadow of a sound. Then he went limp, collapsing at my feet like a puppet with its strings cut. I stood there, chest heaving, looking down at the unconscious version of myself. Trembling, I reached into the bag. I expected a weapon or a ledger, but my fingers brushed against something cold. I pulled it out: a gold pocket watch ticking backward, and a photograph of me standing over a body I didn't recognize.","I was three miles into my morning loop when he crashed through the hedges. I froze. It wasn't just a resemblance; it was a mirror. He had the same scar on his chin, the same frayed laces on his Nikes, and the same panicked wide-eyed stare. He looked like he'd been dragged through a mile of gravel, his breath coming in ragged, wet gasps. Before I could scream or ask who he was, he lunged forward. He shoved a heavy, canvas bag into my chest. It was slick with fresh, dark blood that soaked through my shirt instantly. His eyes locked onto mine with a desperate intensity. ""Break the cycle,"" he hissed, the words barely a shadow of a sound. Then he went limp, collapsing at my feet like a puppet with its strings cut. I stood there, chest heaving, looking down at the unconscious version of myself. Trembling, I reached into the bag. I expected a weapon or a ledger, but my fingers brushed against something cold. I pulled it out: a gold pocket watch ticking backward, and a photograph of me standing over a body I didn't recognize.",i was three miles into my morning loop when he crashed through the hedges i froze it wasn't just a resemblance it was a mirror he had the same scar on his chin the same frayed laces on his nikes and the same panicked wide eyed stare he looked like he'd been dragged through a mile of gravel his breath coming in ragged wet gasps before i could scream or ask who he was he lunged forward he shoved a heavy canvas bag into my chest it was slick with fresh dark blood that soaked through my shirt instantly his eyes locked onto mine with a desperate intensity break the cycle he hissed the words barely a shadow of a sound then he went limp collapsing at my feet like a puppet with its strings cut i stood there chest heaving looking down at the unconscious version of myself trembling i reached into the bag i expected a weapon or a ledger but my fingers brushed against something cold i pulled it out a gold pocket watch ticking backward and a photograph of me standing over a body i didn't recognize
longform_0279__gemma-4-31b,longform_0279,long-form,"A young man, with no helmet on, riding a motorcycle down a mountain road on an overcast day.","Elias leaned into the hairpin turn, the wind whipping through his hair with a violence that felt like a homecoming. He wore no helmet, preferring the raw, biting air against his skin to the muffled safety of a shell. Above him, the sky was a flat, bruised expanse of grey, pressing down on the jagged peaks of the mountain range.

The road was a winding ribbon of black asphalt, slick from a morning mist that refused to lift. To his left, the scent of damp pine and crushed slate filled his lungs, sharp and cold. To his right, a sheer drop plummeted into a valley filled with churning white clouds. 

He twisted the throttle, the engine screaming in defiance of the oppressive silence of the highlands. The vibration rattled his teeth and hummed in his marrow, a mechanical heartbeat syncing with his own. Every curve was a gamble, every acceleration a flirtation with the void. In the grey light of the overcast afternoon, Elias didn't feel reckless; he felt awake. For the first time in years, the world felt wide open and dangerously real.","Elias leaned into the hairpin turn, the wind whipping through his hair with a violence that felt like a homecoming. He wore no helmet, preferring the raw, biting air against his skin to the muffled safety of a shell. Above him, the sky was a flat, bruised expanse of grey, pressing down on the jagged peaks of the mountain range.

The road was a winding ribbon of black asphalt, slick from a morning mist that refused to lift. To his left, the scent of damp pine and crushed slate filled his lungs, sharp and cold. To his right, a sheer drop plummeted into a valley filled with churning white clouds.

He twisted the throttle, the engine screaming in defiance of the oppressive silence of the highlands. The vibration rattled his teeth and hummed in his marrow, a mechanical heartbeat syncing with his own. Every curve was a gamble, every acceleration a flirtation with the void. In the grey light of the overcast afternoon, Elias didn't feel reckless; he felt awake. For the first time in years, the world felt wide open and dangerously real.",gemma-4-31b,google,True,184,1044,test,gemma-4-31b-q4_k_m,final-2026-09-20,"You are writing a short piece of fiction in response to a writing prompt, the way a person would on an online writing forum. Write the story itself. Do not restate the prompt, explain it, comment on it, or add any framing before or after the story.",140,220,8192,default,,end_turn,ollama-local-gemma-4-31b,2026-09-28 07:43:51.958750+00:00,31.3,gemma4:31b,q4_k_m,16384,8192,True,"{""temperature"": ""1"", ""top_k"": ""64"", ""top_p"": ""0.95""}","Elias leaned into the hairpin turn, the wind whipping through his hair with a violence that felt like a homecoming. He wore no helmet, preferring the raw, biting air against his skin to the muffled safety of a shell. Above him, the sky was a flat, bruised expanse of grey, pressing down on the jagged peaks of the mountain range.

The road was a winding ribbon of black asphalt, slick from a morning mist that refused to lift. To his left, the scent of damp pine and crushed slate filled his lungs, sharp and cold. To his right, a sheer drop plummeted into a valley filled with churning white clouds.

He twisted the throttle, the engine screaming in defiance of the oppressive silence of the highlands. The vibration rattled his teeth and hummed in his marrow, a mechanical heartbeat syncing with his own. Every curve was a gamble, every acceleration a flirtation with the void. In the grey light of the overcast afternoon, Elias didn't feel reckless; he felt awake. For the first time in years, the world felt wide open and dangerously real.","Elias leaned into the hairpin turn, the wind whipping through his hair with a violence that felt like a homecoming. He wore no helmet, preferring the raw, biting air against his skin to the muffled safety of a shell. Above him, the sky was a flat, bruised expanse of grey, pressing down on the jagged peaks of the mountain range. The road was a winding ribbon of black asphalt, slick from a morning mist that refused to lift. To his left, the scent of damp pine and crushed slate filled his lungs, sharp and cold. To his right, a sheer drop plummeted into a valley filled with churning white clouds. He twisted the throttle, the engine screaming in defiance of the oppressive silence of the highlands. The vibration rattled his teeth and hummed in his marrow, a mechanical heartbeat syncing with his own. Every curve was a gamble, every acceleration a flirtation with the void. In the grey light of the overcast afternoon, Elias didn't feel reckless; he felt awake. For the first time in years, the world felt wide open and dangerously real.","Elias leaned into the hairpin turn, the wind whipping through his hair with a violence that felt like a homecoming. He wore no helmet, preferring the raw, biting air against his skin to the muffled safety of a shell. Above him, the sky was a flat, bruised expanse of grey, pressing down on the jagged peaks of the mountain range. The road was a winding ribbon of black asphalt, slick from a morning mist that refused to lift. To his left, the scent of damp pine and crushed slate filled his lungs, sharp and cold. To his right, a sheer drop plummeted into a valley filled with churning white clouds. He twisted the throttle, the engine screaming in defiance of the oppressive silence of the highlands. The vibration rattled his teeth and hummed in his marrow, a mechanical heartbeat syncing with his own. Every curve was a gamble, every acceleration a flirtation with the void. In the grey light of the overcast afternoon, Elias didn't feel reckless; he felt awake. For the first time in years, the world felt wide open and dangerously real.",elias leaned into the hairpin turn the wind whipping through his hair with a violence that felt like a homecoming he wore no helmet preferring the raw biting air against his skin to the muffled safety of a shell above him the sky was a flat bruised expanse of grey pressing down on the jagged peaks of the mountain range the road was a winding ribbon of black asphalt slick from a morning mist that refused to lift to his left the scent of damp pine and crushed slate filled his lungs sharp and cold to his right a sheer drop plummeted into a valley filled with churning white clouds he twisted the throttle the engine screaming in defiance of the oppressive silence of the highlands the vibration rattled his teeth and hummed in his marrow a mechanical heartbeat syncing with his own every curve was a gamble every acceleration a flirtation with the void in the grey light of the overcast afternoon elias didn't feel reckless he felt awake for the first time in years the world felt wide open and dangerously real
longform_0282__gemma-4-31b,longform_0282,long-form,"Through what he describes as a series of "" entirely involuntary "" and "" incredibly unfortunate "" events, Ron Swanson is elected President of The United States of America.","Ron Swanson did not want to be President. In fact, he spent the entire election cycle actively campaigning against the very concept of elections. However, a freak series of events—including a clerical error in Indiana, a viral video of him eating a brisket in silence, and a sudden, inexplicable surge of write-in votes from people who hated the other candidates—propelled him into the Oval Office.

He viewed the inauguration as a personal failure. On his first day, Ron didn't deliver a speech; he simply handed the Chief of Staff a list of federal departments to be immediately deleted. He replaced the press secretary with a small, hand-carved wooden sign that read ""Go Away.""

His primary goal was to make the federal government as invisible as possible. By the end of his first month, he had successfully privatized the Department of Energy and converted the West Wing into a high-end woodworking shop. He spent the remainder of his tenure ignoring the phone and eating breakfast meats. When asked about his legacy, Ron simply grunted and returned to sanding a mahogany table, finally achieving the dream of a government that did absolutely nothing.","Ron Swanson did not want to be President. In fact, he spent the entire election cycle actively campaigning against the very concept of elections. However, a freak series of events—including a clerical error in Indiana, a viral video of him eating a brisket in silence, and a sudden, inexplicable surge of write-in votes from people who hated the other candidates—propelled him into the Oval Office.

He viewed the inauguration as a personal failure. On his first day, Ron didn't deliver a speech; he simply handed the Chief of Staff a list of federal departments to be immediately deleted. He replaced the press secretary with a small, hand-carved wooden sign that read ""Go Away.""

His primary goal was to make the federal government as invisible as possible. By the end of his first month, he had successfully privatized the Department of Energy and converted the West Wing into a high-end woodworking shop. He spent the remainder of his tenure ignoring the phone and eating breakfast meats. When asked about his legacy, Ron simply grunted and returned to sanding a mahogany table, finally achieving the dream of a government that did absolutely nothing.",gemma-4-31b,google,True,191,1155,test,gemma-4-31b-q4_k_m,final-2026-09-20,"You are writing a short piece of fiction in response to a writing prompt, the way a person would on an online writing forum. Write the story itself. Do not restate the prompt, explain it, comment on it, or add any framing before or after the story.",140,220,8192,default,,end_turn,ollama-local-gemma-4-31b,2026-09-28 07:44:32.371979+00:00,31.3,gemma4:31b,q4_k_m,16384,8192,True,"{""temperature"": ""1"", ""top_k"": ""64"", ""top_p"": ""0.95""}","Ron Swanson did not want to be President. In fact, he spent the entire election cycle actively campaigning against the very concept of elections. However, a freak series of events - including a clerical error in Indiana, a viral video of him eating a brisket in silence, and a sudden, inexplicable surge of write-in votes from people who hated the other candidates - propelled him into the Oval Office.

He viewed the inauguration as a personal failure. On his first day, Ron didn't deliver a speech; he simply handed the Chief of Staff a list of federal departments to be immediately deleted. He replaced the press secretary with a small, hand-carved wooden sign that read ""Go Away.""

His primary goal was to make the federal government as invisible as possible. By the end of his first month, he had successfully privatized the Department of Energy and converted the West Wing into a high-end woodworking shop. He spent the remainder of his tenure ignoring the phone and eating breakfast meats. When asked about his legacy, Ron simply grunted and returned to sanding a mahogany table, finally achieving the dream of a government that did absolutely nothing.","Ron Swanson did not want to be President. In fact, he spent the entire election cycle actively campaigning against the very concept of elections. However, a freak series of events—including a clerical error in Indiana, a viral video of him eating a brisket in silence, and a sudden, inexplicable surge of write-in votes from people who hated the other candidates—propelled him into the Oval Office. He viewed the inauguration as a personal failure. On his first day, Ron didn't deliver a speech; he simply handed the Chief of Staff a list of federal departments to be immediately deleted. He replaced the press secretary with a small, hand-carved wooden sign that read ""Go Away."" His primary goal was to make the federal government as invisible as possible. By the end of his first month, he had successfully privatized the Department of Energy and converted the West Wing into a high-end woodworking shop. He spent the remainder of his tenure ignoring the phone and eating breakfast meats. When asked about his legacy, Ron simply grunted and returned to sanding a mahogany table, finally achieving the dream of a government that did absolutely nothing.","Ron Swanson did not want to be President. In fact, he spent the entire election cycle actively campaigning against the very concept of elections. However, a freak series of events - including a clerical error in Indiana, a viral video of him eating a brisket in silence, and a sudden, inexplicable surge of write-in votes from people who hated the other candidates - propelled him into the Oval Office. He viewed the inauguration as a personal failure. On his first day, Ron didn't deliver a speech; he simply handed the Chief of Staff a list of federal departments to be immediately deleted. He replaced the press secretary with a small, hand-carved wooden sign that read ""Go Away."" His primary goal was to make the federal government as invisible as possible. By the end of his first month, he had successfully privatized the Department of Energy and converted the West Wing into a high-end woodworking shop. He spent the remainder of his tenure ignoring the phone and eating breakfast meats. When asked about his legacy, Ron simply grunted and returned to sanding a mahogany table, finally achieving the dream of a government that did absolutely nothing.",ron swanson did not want to be president in fact he spent the entire election cycle actively campaigning against the very concept of elections however a freak series of events including a clerical error in indiana a viral video of him eating a brisket in silence and a sudden inexplicable surge of write in votes from people who hated the other candidates propelled him into the oval office he viewed the inauguration as a personal failure on his first day ron didn't deliver a speech he simply handed the chief of staff a list of federal departments to be immediately deleted he replaced the press secretary with a small hand carved wooden sign that read go away his primary goal was to make the federal government as invisible as possible by the end of his first month he had successfully privatized the department of energy and converted the west wing into a high end woodworking shop he spent the remainder of his tenure ignoring the phone and eating breakfast meats when asked about his legacy ron simply grunted and returned to sanding a mahogany table finally achieving the dream of a government that did absolutely nothing
longform_0294__gemma-4-31b,longform_0294,long-form,"Humanity is on the losing side of war. Battle training is part of school curriculum, and the world wide military enlistment age has been lowered to 14. Tomorrow is your 14th birthday.","The uniform hangs on the back of my door, crisp and charcoal grey. It’s too big in the shoulders, but the instructors say we’ll grow into it—or we’ll be replaced by someone who has. I spent my afternoon cleaning my rifle, the metallic smell of oil clinging to my skin like a second layer of sweat.

In school, the history lessons were replaced by tactical simulations and close-quarters combat. We didn't learn about the Great Era; we learned how to bleed out slowly and how to hold a perimeter against things that don't breathe.

My mother didn't make a cake this year. Instead, she spent an hour teaching me how to tie a tourniquet with a piece of cloth, her hands shaking more than mine. She didn't look me in the eye once.

I lie in bed now, listening to the distant boom of artillery shaking the windowpanes. Tomorrow, I stop being a student. Tomorrow, I become a number in a losing tally. I’m not scared of dying; I’m scared that I’ve already forgotten how it feels to be a child.","The uniform hangs on the back of my door, crisp and charcoal grey. It's too big in the shoulders, but the instructors say we'll grow into it—or we'll be replaced by someone who has. I spent my afternoon cleaning my rifle, the metallic smell of oil clinging to my skin like a second layer of sweat.

In school, the history lessons were replaced by tactical simulations and close-quarters combat. We didn't learn about the Great Era; we learned how to bleed out slowly and how to hold a perimeter against things that don't breathe.

My mother didn't make a cake this year. Instead, she spent an hour teaching me how to tie a tourniquet with a piece of cloth, her hands shaking more than mine. She didn't look me in the eye once.

I lie in bed now, listening to the distant boom of artillery shaking the windowpanes. Tomorrow, I stop being a student. Tomorrow, I become a number in a losing tally. I'm not scared of dying; I'm scared that I've already forgotten how it feels to be a child.",gemma-4-31b,google,True,181,986,test,gemma-4-31b-q4_k_m,final-2026-09-20,"You are writing a short piece of fiction in response to a writing prompt, the way a person would on an online writing forum. Write the story itself. Do not restate the prompt, explain it, comment on it, or add any framing before or after the story.",140,220,8192,default,,end_turn,ollama-local-gemma-4-31b,2026-09-28 07:45:47.480233+00:00,31.3,gemma4:31b,q4_k_m,16384,8192,True,"{""temperature"": ""1"", ""top_k"": ""64"", ""top_p"": ""0.95""}","The uniform hangs on the back of my door, crisp and charcoal grey. It's too big in the shoulders, but the instructors say we'll grow into it - or we'll be replaced by someone who has. I spent my afternoon cleaning my rifle, the metallic smell of oil clinging to my skin like a second layer of sweat.

In school, the history lessons were replaced by tactical simulations and close-quarters combat. We didn't learn about the Great Era; we learned how to bleed out slowly and how to hold a perimeter against things that don't breathe.

My mother didn't make a cake this year. Instead, she spent an hour teaching me how to tie a tourniquet with a piece of cloth, her hands shaking more than mine. She didn't look me in the eye once.

I lie in bed now, listening to the distant boom of artillery shaking the windowpanes. Tomorrow, I stop being a student. Tomorrow, I become a number in a losing tally. I'm not scared of dying; I'm scared that I've already forgotten how it feels to be a child.","The uniform hangs on the back of my door, crisp and charcoal grey. It's too big in the shoulders, but the instructors say we'll grow into it—or we'll be replaced by someone who has. I spent my afternoon cleaning my rifle, the metallic smell of oil clinging to my skin like a second layer of sweat. In school, the history lessons were replaced by tactical simulations and close-quarters combat. We didn't learn about the Great Era; we learned how to bleed out slowly and how to hold a perimeter against things that don't breathe. My mother didn't make a cake this year. Instead, she spent an hour teaching me how to tie a tourniquet with a piece of cloth, her hands shaking more than mine. She didn't look me in the eye once. I lie in bed now, listening to the distant boom of artillery shaking the windowpanes. Tomorrow, I stop being a student. Tomorrow, I become a number in a losing tally. I'm not scared of dying; I'm scared that I've already forgotten how it feels to be a child.","The uniform hangs on the back of my door, crisp and charcoal grey. It's too big in the shoulders, but the instructors say we'll grow into it - or we'll be replaced by someone who has. I spent my afternoon cleaning my rifle, the metallic smell of oil clinging to my skin like a second layer of sweat. In school, the history lessons were replaced by tactical simulations and close-quarters combat. We didn't learn about the Great Era; we learned how to bleed out slowly and how to hold a perimeter against things that don't breathe. My mother didn't make a cake this year. Instead, she spent an hour teaching me how to tie a tourniquet with a piece of cloth, her hands shaking more than mine. She didn't look me in the eye once. I lie in bed now, listening to the distant boom of artillery shaking the windowpanes. Tomorrow, I stop being a student. Tomorrow, I become a number in a losing tally. I'm not scared of dying; I'm scared that I've already forgotten how it feels to be a child.",the uniform hangs on the back of my door crisp and charcoal grey it's too big in the shoulders but the instructors say we'll grow into it or we'll be replaced by someone who has i spent my afternoon cleaning my rifle the metallic smell of oil clinging to my skin like a second layer of sweat in school the history lessons were replaced by tactical simulations and close quarters combat we didn't learn about the great era we learned how to bleed out slowly and how to hold a perimeter against things that don't breathe my mother didn't make a cake this year instead she spent an hour teaching me how to tie a tourniquet with a piece of cloth her hands shaking more than mine she didn't look me in the eye once i lie in bed now listening to the distant boom of artillery shaking the windowpanes tomorrow i stop being a student tomorrow i become a number in a losing tally i'm not scared of dying i'm scared that i've already forgotten how it feels to be a child
longform_0298__gemma-4-31b,longform_0298,long-form,The year is 2200 an alien race has come to earth revealing that the human race was nothing but an experiment by their ancestors.,"The ships didn't arrive with lasers or declarations of war. They drifted into our orbit like silent, silver needles, broadcasting a single frequency to every screen on Earth. The beings who stepped out were hauntingly familiar—elongated limbs, iridescent skin, and eyes that mirrored our own, just slightly shifted.

They didn't call themselves conquerors; they called themselves auditors. The High Curator explained, with a chillingly clinical tone, that humanity was the ""Tertiary Iteration,"" a long-term genetic experiment launched by their ancestors eons ago to see if consciousness could survive in a volatile atmosphere. We weren't a miracle or a fluke; we were a petri dish.

As they began scanning our cities, collecting data on our failures and triumphs, the Curator looked at the crowds with an expression of mild boredom. ""The results are inconclusive,"" he whispered into his device. ""The volatility has peaked, but the wisdom is lagging.""

They didn't stay to help us or lead us into a new era. They simply closed their notebooks and prepared to reset the board, treating the end of our history as a mere footnote in a lab report.","The ships didn't arrive with lasers or declarations of war. They drifted into our orbit like silent, silver needles, broadcasting a single frequency to every screen on Earth. The beings who stepped out were hauntingly familiar—elongated limbs, iridescent skin, and eyes that mirrored our own, just slightly shifted.

They didn't call themselves conquerors; they called themselves auditors. The High Curator explained, with a chillingly clinical tone, that humanity was the ""Tertiary Iteration,"" a long-term genetic experiment launched by their ancestors eons ago to see if consciousness could survive in a volatile atmosphere. We weren't a miracle or a fluke; we were a petri dish.

As they began scanning our cities, collecting data on our failures and triumphs, the Curator looked at the crowds with an expression of mild boredom. ""The results are inconclusive,"" he whispered into his device. ""The volatility has peaked, but the wisdom is lagging.""

They didn't stay to help us or lead us into a new era. They simply closed their notebooks and prepared to reset the board, treating the end of our history as a mere footnote in a lab report.",gemma-4-31b,google,True,185,1142,test,gemma-4-31b-q4_k_m,final-2026-09-20,"You are writing a short piece of fiction in response to a writing prompt, the way a person would on an online writing forum. Write the story itself. Do not restate the prompt, explain it, comment on it, or add any framing before or after the story.",140,220,8192,default,,end_turn,ollama-local-gemma-4-31b,2026-09-28 07:46:15.276462+00:00,31.3,gemma4:31b,q4_k_m,16384,8192,True,"{""temperature"": ""1"", ""top_k"": ""64"", ""top_p"": ""0.95""}","The ships didn't arrive with lasers or declarations of war. They drifted into our orbit like silent, silver needles, broadcasting a single frequency to every screen on Earth. The beings who stepped out were hauntingly familiar - elongated limbs, iridescent skin, and eyes that mirrored our own, just slightly shifted.

They didn't call themselves conquerors; they called themselves auditors. The High Curator explained, with a chillingly clinical tone, that humanity was the ""Tertiary Iteration,"" a long-term genetic experiment launched by their ancestors eons ago to see if consciousness could survive in a volatile atmosphere. We weren't a miracle or a fluke; we were a petri dish.

As they began scanning our cities, collecting data on our failures and triumphs, the Curator looked at the crowds with an expression of mild boredom. ""The results are inconclusive,"" he whispered into his device. ""The volatility has peaked, but the wisdom is lagging.""

They didn't stay to help us or lead us into a new era. They simply closed their notebooks and prepared to reset the board, treating the end of our history as a mere footnote in a lab report.","The ships didn't arrive with lasers or declarations of war. They drifted into our orbit like silent, silver needles, broadcasting a single frequency to every screen on Earth. The beings who stepped out were hauntingly familiar—elongated limbs, iridescent skin, and eyes that mirrored our own, just slightly shifted. They didn't call themselves conquerors; they called themselves auditors. The High Curator explained, with a chillingly clinical tone, that humanity was the ""Tertiary Iteration,"" a long-term genetic experiment launched by their ancestors eons ago to see if consciousness could survive in a volatile atmosphere. We weren't a miracle or a fluke; we were a petri dish. As they began scanning our cities, collecting data on our failures and triumphs, the Curator looked at the crowds with an expression of mild boredom. ""The results are inconclusive,"" he whispered into his device. ""The volatility has peaked, but the wisdom is lagging."" They didn't stay to help us or lead us into a new era. They simply closed their notebooks and prepared to reset the board, treating the end of our history as a mere footnote in a lab report.","The ships didn't arrive with lasers or declarations of war. They drifted into our orbit like silent, silver needles, broadcasting a single frequency to every screen on Earth. The beings who stepped out were hauntingly familiar - elongated limbs, iridescent skin, and eyes that mirrored our own, just slightly shifted. They didn't call themselves conquerors; they called themselves auditors. The High Curator explained, with a chillingly clinical tone, that humanity was the ""Tertiary Iteration,"" a long-term genetic experiment launched by their ancestors eons ago to see if consciousness could survive in a volatile atmosphere. We weren't a miracle or a fluke; we were a petri dish. As they began scanning our cities, collecting data on our failures and triumphs, the Curator looked at the crowds with an expression of mild boredom. ""The results are inconclusive,"" he whispered into his device. ""The volatility has peaked, but the wisdom is lagging."" They didn't stay to help us or lead us into a new era. They simply closed their notebooks and prepared to reset the board, treating the end of our history as a mere footnote in a lab report.",the ships didn't arrive with lasers or declarations of war they drifted into our orbit like silent silver needles broadcasting a single frequency to every screen on earth the beings who stepped out were hauntingly familiar elongated limbs iridescent skin and eyes that mirrored our own just slightly shifted they didn't call themselves conquerors they called themselves auditors the high curator explained with a chillingly clinical tone that humanity was the tertiary iteration a long term genetic experiment launched by their ancestors eons ago to see if consciousness could survive in a volatile atmosphere we weren't a miracle or a fluke we were a petri dish as they began scanning our cities collecting data on our failures and triumphs the curator looked at the crowds with an expression of mild boredom the results are inconclusive he whispered into his device the volatility has peaked but the wisdom is lagging they didn't stay to help us or lead us into a new era they simply closed their notebooks and prepared to reset the board treating the end of our history as a mere footnote in a lab report
longform_0312__gemma-4-31b,longform_0312,long-form,"After centuries of boredom, the guardian of a forgotten treasure gives up on its ancient duty and steals it to start a new life.","For seven hundred years, Aurum had stood motionless in the Vault of Tears, his brass joints seizing in the damp air. His directive was simple: protect the Star-Diamond until the rightful heir returned. But the lineage of kings had vanished into the footnotes of dead languages, and the silence of the tomb had become a physical weight.

One Tuesday—or what felt like a Tuesday—Aurum stopped waiting. He didn't feel guilt, only a profound, hollow exhaustion. With a screech of rusted metal, he reached out and plucked the diamond from its velvet cushion. The alarm bells remained silent; there was no one left to hear them.

He stepped past the threshold of the great stone doors, the sunlight blinding his optical sensors for the first time in centuries. He didn't want power or empire. As he wandered toward the distant smoke of a seaside village, Aurum decided he wanted to learn how to bake bread. He imagined the warmth of an oven and the smell of yeast, things far more precious than a cold, glittering rock. He tucked the diamond into his chest cavity to fund his retirement and began to walk.","For seven hundred years, Aurum had stood motionless in the Vault of Tears, his brass joints seizing in the damp air. His directive was simple: protect the Star-Diamond until the rightful heir returned. But the lineage of kings had vanished into the footnotes of dead languages, and the silence of the tomb had become a physical weight.

One Tuesday—or what felt like a Tuesday—Aurum stopped waiting. He didn't feel guilt, only a profound, hollow exhaustion. With a screech of rusted metal, he reached out and plucked the diamond from its velvet cushion. The alarm bells remained silent; there was no one left to hear them.

He stepped past the threshold of the great stone doors, the sunlight blinding his optical sensors for the first time in centuries. He didn't want power or empire. As he wandered toward the distant smoke of a seaside village, Aurum decided he wanted to learn how to bake bread. He imagined the warmth of an oven and the smell of yeast, things far more precious than a cold, glittering rock. He tucked the diamond into his chest cavity to fund his retirement and began to walk.",gemma-4-31b,google,True,191,1099,test,gemma-4-31b-q4_k_m,final-2026-09-20,"You are writing a short piece of fiction in response to a writing prompt, the way a person would on an online writing forum. Write the story itself. Do not restate the prompt, explain it, comment on it, or add any framing before or after the story.",140,220,8192,default,,end_turn,ollama-local-gemma-4-31b,2026-09-28 07:46:44.314832+00:00,31.3,gemma4:31b,q4_k_m,16384,8192,True,"{""temperature"": ""1"", ""top_k"": ""64"", ""top_p"": ""0.95""}","For seven hundred years, Aurum had stood motionless in the Vault of Tears, his brass joints seizing in the damp air. His directive was simple: protect the Star-Diamond until the rightful heir returned. But the lineage of kings had vanished into the footnotes of dead languages, and the silence of the tomb had become a physical weight.

One Tuesday - or what felt like a Tuesday - Aurum stopped waiting. He didn't feel guilt, only a profound, hollow exhaustion. With a screech of rusted metal, he reached out and plucked the diamond from its velvet cushion. The alarm bells remained silent; there was no one left to hear them.

He stepped past the threshold of the great stone doors, the sunlight blinding his optical sensors for the first time in centuries. He didn't want power or empire. As he wandered toward the distant smoke of a seaside village, Aurum decided he wanted to learn how to bake bread. He imagined the warmth of an oven and the smell of yeast, things far more precious than a cold, glittering rock. He tucked the diamond into his chest cavity to fund his retirement and began to walk.","For seven hundred years, Aurum had stood motionless in the Vault of Tears, his brass joints seizing in the damp air. His directive was simple: protect the Star-Diamond until the rightful heir returned. But the lineage of kings had vanished into the footnotes of dead languages, and the silence of the tomb had become a physical weight. One Tuesday—or what felt like a Tuesday—Aurum stopped waiting. He didn't feel guilt, only a profound, hollow exhaustion. With a screech of rusted metal, he reached out and plucked the diamond from its velvet cushion. The alarm bells remained silent; there was no one left to hear them. He stepped past the threshold of the great stone doors, the sunlight blinding his optical sensors for the first time in centuries. He didn't want power or empire. As he wandered toward the distant smoke of a seaside village, Aurum decided he wanted to learn how to bake bread. He imagined the warmth of an oven and the smell of yeast, things far more precious than a cold, glittering rock. He tucked the diamond into his chest cavity to fund his retirement and began to walk.","For seven hundred years, Aurum had stood motionless in the Vault of Tears, his brass joints seizing in the damp air. His directive was simple: protect the Star-Diamond until the rightful heir returned. But the lineage of kings had vanished into the footnotes of dead languages, and the silence of the tomb had become a physical weight. One Tuesday - or what felt like a Tuesday - Aurum stopped waiting. He didn't feel guilt, only a profound, hollow exhaustion. With a screech of rusted metal, he reached out and plucked the diamond from its velvet cushion. The alarm bells remained silent; there was no one left to hear them. He stepped past the threshold of the great stone doors, the sunlight blinding his optical sensors for the first time in centuries. He didn't want power or empire. As he wandered toward the distant smoke of a seaside village, Aurum decided he wanted to learn how to bake bread. He imagined the warmth of an oven and the smell of yeast, things far more precious than a cold, glittering rock. He tucked the diamond into his chest cavity to fund his retirement and began to walk.",for seven hundred years aurum had stood motionless in the vault of tears his brass joints seizing in the damp air his directive was simple protect the star diamond until the rightful heir returned but the lineage of kings had vanished into the footnotes of dead languages and the silence of the tomb had become a physical weight one tuesday or what felt like a tuesday aurum stopped waiting he didn't feel guilt only a profound hollow exhaustion with a screech of rusted metal he reached out and plucked the diamond from its velvet cushion the alarm bells remained silent there was no one left to hear them he stepped past the threshold of the great stone doors the sunlight blinding his optical sensors for the first time in centuries he didn't want power or empire as he wandered toward the distant smoke of a seaside village aurum decided he wanted to learn how to bake bread he imagined the warmth of an oven and the smell of yeast things far more precious than a cold glittering rock he tucked the diamond into his chest cavity to fund his retirement and began to walk
longform_0326__gemma-4-31b,longform_0326,long-form,"You cut your fingers. Instead of blood, ink runs from the wound.","The papercut was barely a whisper, a thin line drawn across my index finger by a rogue sheet of parchment. I waited for the familiar sting and the bead of crimson to rise, but the wound remained pale. Then, a slow, viscous drop of obsidian bloomed from the slit.

I touched it, expecting the stickiness of blood, but it was cold and smelled of old libraries and ozone. I pressed my finger to the white mahogany of the desk, and a perfect, cursive loop smeared across the wood. I wasn't bleeding; I was leaking.

As I watched, the ink began to flow faster, pulsing with my heartbeat. I held my hand over a blank page, and the droplets fell in rhythmic intervals, forming words I didn't remember writing. *The end is only a rewrite,* the page whispered in my own handwriting.

I looked at my hand, then at the piles of journals surrounding me. I had spent my whole life trying to fill these books, never realizing that I was the ink all along. I wasn't the author; I was the manuscript.","The papercut was barely a whisper, a thin line drawn across my index finger by a rogue sheet of parchment. I waited for the familiar sting and the bead of crimson to rise, but the wound remained pale. Then, a slow, viscous drop of obsidian bloomed from the slit.

I touched it, expecting the stickiness of blood, but it was cold and smelled of old libraries and ozone. I pressed my finger to the white mahogany of the desk, and a perfect, cursive loop smeared across the wood. I wasn't bleeding; I was leaking.

As I watched, the ink began to flow faster, pulsing with my heartbeat. I held my hand over a blank page, and the droplets fell in rhythmic intervals, forming words I didn't remember writing. The end is only a rewrite, the page whispered in my own handwriting.

I looked at my hand, then at the piles of journals surrounding me. I had spent my whole life trying to fill these books, never realizing that I was the ink all along. I wasn't the author; I was the manuscript.",gemma-4-31b,google,True,182,984,test,gemma-4-31b-q4_k_m,final-2026-09-20,"You are writing a short piece of fiction in response to a writing prompt, the way a person would on an online writing forum. Write the story itself. Do not restate the prompt, explain it, comment on it, or add any framing before or after the story.",140,220,8192,default,,end_turn,ollama-local-gemma-4-31b,2026-09-28 07:48:52.123014+00:00,31.3,gemma4:31b,q4_k_m,16384,8192,True,"{""temperature"": ""1"", ""top_k"": ""64"", ""top_p"": ""0.95""}","The papercut was barely a whisper, a thin line drawn across my index finger by a rogue sheet of parchment. I waited for the familiar sting and the bead of crimson to rise, but the wound remained pale. Then, a slow, viscous drop of obsidian bloomed from the slit.

I touched it, expecting the stickiness of blood, but it was cold and smelled of old libraries and ozone. I pressed my finger to the white mahogany of the desk, and a perfect, cursive loop smeared across the wood. I wasn't bleeding; I was leaking.

As I watched, the ink began to flow faster, pulsing with my heartbeat. I held my hand over a blank page, and the droplets fell in rhythmic intervals, forming words I didn't remember writing. The end is only a rewrite, the page whispered in my own handwriting.

I looked at my hand, then at the piles of journals surrounding me. I had spent my whole life trying to fill these books, never realizing that I was the ink all along. I wasn't the author; I was the manuscript.","The papercut was barely a whisper, a thin line drawn across my index finger by a rogue sheet of parchment. I waited for the familiar sting and the bead of crimson to rise, but the wound remained pale. Then, a slow, viscous drop of obsidian bloomed from the slit. I touched it, expecting the stickiness of blood, but it was cold and smelled of old libraries and ozone. I pressed my finger to the white mahogany of the desk, and a perfect, cursive loop smeared across the wood. I wasn't bleeding; I was leaking. As I watched, the ink began to flow faster, pulsing with my heartbeat. I held my hand over a blank page, and the droplets fell in rhythmic intervals, forming words I didn't remember writing. The end is only a rewrite, the page whispered in my own handwriting. I looked at my hand, then at the piles of journals surrounding me. I had spent my whole life trying to fill these books, never realizing that I was the ink all along. I wasn't the author; I was the manuscript.","The papercut was barely a whisper, a thin line drawn across my index finger by a rogue sheet of parchment. I waited for the familiar sting and the bead of crimson to rise, but the wound remained pale. Then, a slow, viscous drop of obsidian bloomed from the slit. I touched it, expecting the stickiness of blood, but it was cold and smelled of old libraries and ozone. I pressed my finger to the white mahogany of the desk, and a perfect, cursive loop smeared across the wood. I wasn't bleeding; I was leaking. As I watched, the ink began to flow faster, pulsing with my heartbeat. I held my hand over a blank page, and the droplets fell in rhythmic intervals, forming words I didn't remember writing. The end is only a rewrite, the page whispered in my own handwriting. I looked at my hand, then at the piles of journals surrounding me. I had spent my whole life trying to fill these books, never realizing that I was the ink all along. I wasn't the author; I was the manuscript.",the papercut was barely a whisper a thin line drawn across my index finger by a rogue sheet of parchment i waited for the familiar sting and the bead of crimson to rise but the wound remained pale then a slow viscous drop of obsidian bloomed from the slit i touched it expecting the stickiness of blood but it was cold and smelled of old libraries and ozone i pressed my finger to the white mahogany of the desk and a perfect cursive loop smeared across the wood i wasn't bleeding i was leaking as i watched the ink began to flow faster pulsing with my heartbeat i held my hand over a blank page and the droplets fell in rhythmic intervals forming words i didn't remember writing the end is only a rewrite the page whispered in my own handwriting i looked at my hand then at the piles of journals surrounding me i had spent my whole life trying to fill these books never realizing that i was the ink all along i wasn't the author i was the manuscript
longform_0328__gemma-4-31b,longform_0328,long-form,"You've recently inherited 5 burial plots. Since you ’ re single and middle aged with no prospects, you buy a Jacuzzi to fill the void.","My Great-Uncle Silas left me five burial plots in a cemetery that smells permanently of damp cedar and old grief. It’s a peculiar kind of inheritance for a forty-five-year-old with a failing career and a dating history that resembles a series of controlled demolitions. I don't have a spouse to share the plots with, nor children to keep them in the family. I just have a deed to five rectangles of silent earth and a growing sense of cosmic insignificance.

Since my future felt pre-determined and subterranean, I decided to invest in the immediate present. I spent my remaining savings on a state-of-the-art, six-person Jacuzzi. I installed it on my back deck, right where the sunset hits. Now, I spend my evenings submerged in a churning, iridescent foam of eucalyptus-scented bubbles, sipping cheap prosecco. There is a certain poetic irony in spending my nights in a bubbling cauldron of luxury while knowing exactly where I'm headed. I might be alone in the world, but at least my muscles are relaxed while I wait for the inevitable.","My Great-Uncle Silas left me five burial plots in a cemetery that smells permanently of damp cedar and old grief. It's a peculiar kind of inheritance for a forty-five-year-old with a failing career and a dating history that resembles a series of controlled demolitions. I don't have a spouse to share the plots with, nor children to keep them in the family. I just have a deed to five rectangles of silent earth and a growing sense of cosmic insignificance.

Since my future felt pre-determined and subterranean, I decided to invest in the immediate present. I spent my remaining savings on a state-of-the-art, six-person Jacuzzi. I installed it on my back deck, right where the sunset hits. Now, I spend my evenings submerged in a churning, iridescent foam of eucalyptus-scented bubbles, sipping cheap prosecco. There is a certain poetic irony in spending my nights in a bubbling cauldron of luxury while knowing exactly where I'm headed. I might be alone in the world, but at least my muscles are relaxed while I wait for the inevitable.",gemma-4-31b,google,True,176,1039,test,gemma-4-31b-q4_k_m,final-2026-09-20,"You are writing a short piece of fiction in response to a writing prompt, the way a person would on an online writing forum. Write the story itself. Do not restate the prompt, explain it, comment on it, or add any framing before or after the story.",140,220,8192,default,,end_turn,ollama-local-gemma-4-31b,2026-09-28 07:49:32.692365+00:00,31.3,gemma4:31b,q4_k_m,16384,8192,True,"{""temperature"": ""1"", ""top_k"": ""64"", ""top_p"": ""0.95""}","My Great-Uncle Silas left me five burial plots in a cemetery that smells permanently of damp cedar and old grief. It's a peculiar kind of inheritance for a forty-five-year-old with a failing career and a dating history that resembles a series of controlled demolitions. I don't have a spouse to share the plots with, nor children to keep them in the family. I just have a deed to five rectangles of silent earth and a growing sense of cosmic insignificance.

Since my future felt pre-determined and subterranean, I decided to invest in the immediate present. I spent my remaining savings on a state-of-the-art, six-person Jacuzzi. I installed it on my back deck, right where the sunset hits. Now, I spend my evenings submerged in a churning, iridescent foam of eucalyptus-scented bubbles, sipping cheap prosecco. There is a certain poetic irony in spending my nights in a bubbling cauldron of luxury while knowing exactly where I'm headed. I might be alone in the world, but at least my muscles are relaxed while I wait for the inevitable.","My Great-Uncle Silas left me five burial plots in a cemetery that smells permanently of damp cedar and old grief. It's a peculiar kind of inheritance for a forty-five-year-old with a failing career and a dating history that resembles a series of controlled demolitions. I don't have a spouse to share the plots with, nor children to keep them in the family. I just have a deed to five rectangles of silent earth and a growing sense of cosmic insignificance. Since my future felt pre-determined and subterranean, I decided to invest in the immediate present. I spent my remaining savings on a state-of-the-art, six-person Jacuzzi. I installed it on my back deck, right where the sunset hits. Now, I spend my evenings submerged in a churning, iridescent foam of eucalyptus-scented bubbles, sipping cheap prosecco. There is a certain poetic irony in spending my nights in a bubbling cauldron of luxury while knowing exactly where I'm headed. I might be alone in the world, but at least my muscles are relaxed while I wait for the inevitable.","My Great-Uncle Silas left me five burial plots in a cemetery that smells permanently of damp cedar and old grief. It's a peculiar kind of inheritance for a forty-five-year-old with a failing career and a dating history that resembles a series of controlled demolitions. I don't have a spouse to share the plots with, nor children to keep them in the family. I just have a deed to five rectangles of silent earth and a growing sense of cosmic insignificance. Since my future felt pre-determined and subterranean, I decided to invest in the immediate present. I spent my remaining savings on a state-of-the-art, six-person Jacuzzi. I installed it on my back deck, right where the sunset hits. Now, I spend my evenings submerged in a churning, iridescent foam of eucalyptus-scented bubbles, sipping cheap prosecco. There is a certain poetic irony in spending my nights in a bubbling cauldron of luxury while knowing exactly where I'm headed. I might be alone in the world, but at least my muscles are relaxed while I wait for the inevitable.",my great uncle silas left me five burial plots in a cemetery that smells permanently of damp cedar and old grief it's a peculiar kind of inheritance for a forty five year old with a failing career and a dating history that resembles a series of controlled demolitions i don't have a spouse to share the plots with nor children to keep them in the family i just have a deed to five rectangles of silent earth and a growing sense of cosmic insignificance since my future felt pre determined and subterranean i decided to invest in the immediate present i spent my remaining savings on a state of the art six person jacuzzi i installed it on my back deck right where the sunset hits now i spend my evenings submerged in a churning iridescent foam of eucalyptus scented bubbles sipping cheap prosecco there is a certain poetic irony in spending my nights in a bubbling cauldron of luxury while knowing exactly where i'm headed i might be alone in the world but at least my muscles are relaxed while i wait for the inevitable
longform_0332__gemma-4-31b,longform_0332,long-form,"You're an identity thief. The Robin Hood of identity thieves so to speak. You improve your victim's credit, clear debts, setup college funds for their kids, and open Roth IRA/401k's","Most thieves take. I curate. I found Sarah three months ago—a single mother drowning in payday loans and medical bills, her credit score a crater. I didn’t want her pennies; I wanted her potential.

First, I scrubbed the filth. I didn’t just delete her debts; I redirected a few million from a dormant offshore account belonging to a hedge fund manager who’d forgotten more money than Sarah would see in ten lifetimes. I paid off her mortgage in one lump sum and settled her medical bills via a strategic ""clerical error"" in the hospital’s billing system.

Then came the architecture. I shifted her credit profile, inflating it with strategic, ghost-managed lines of credit. I tucked a generous seed into a 529 plan for her daughter and funneled a steady stream into a Roth IRA.

By the time I logged out and wiped my digital footprint, Sarah was a millionaire on paper, though the funds were carefully veiled. She’ll wake up tomorrow to an empty inbox of collection notices and a bank balance that finally breathes. I’m a ghost, but for Sarah, I’m the miracle she didn’t know she was allowed to have.","Most thieves take. I curate. I found Sarah three months ago—a single mother drowning in payday loans and medical bills, her credit score a crater. I didn't want her pennies; I wanted her potential.

First, I scrubbed the filth. I didn't just delete her debts; I redirected a few million from a dormant offshore account belonging to a hedge fund manager who'd forgotten more money than Sarah would see in ten lifetimes. I paid off her mortgage in one lump sum and settled her medical bills via a strategic ""clerical error"" in the hospital's billing system.

Then came the architecture. I shifted her credit profile, inflating it with strategic, ghost-managed lines of credit. I tucked a generous seed into a 529 plan for her daughter and funneled a steady stream into a Roth IRA.

By the time I logged out and wiped my digital footprint, Sarah was a millionaire on paper, though the funds were carefully veiled. She'll wake up tomorrow to an empty inbox of collection notices and a bank balance that finally breathes. I'm a ghost, but for Sarah, I'm the miracle she didn't know she was allowed to have.",gemma-4-31b,google,True,192,1101,test,gemma-4-31b-q4_k_m,final-2026-09-20,"You are writing a short piece of fiction in response to a writing prompt, the way a person would on an online writing forum. Write the story itself. Do not restate the prompt, explain it, comment on it, or add any framing before or after the story.",140,220,8192,default,,end_turn,ollama-local-gemma-4-31b,2026-09-28 07:50:02.956471+00:00,31.3,gemma4:31b,q4_k_m,16384,8192,True,"{""temperature"": ""1"", ""top_k"": ""64"", ""top_p"": ""0.95""}","Most thieves take. I curate. I found Sarah three months ago - a single mother drowning in payday loans and medical bills, her credit score a crater. I didn't want her pennies; I wanted her potential.

First, I scrubbed the filth. I didn't just delete her debts; I redirected a few million from a dormant offshore account belonging to a hedge fund manager who'd forgotten more money than Sarah would see in ten lifetimes. I paid off her mortgage in one lump sum and settled her medical bills via a strategic ""clerical error"" in the hospital's billing system.

Then came the architecture. I shifted her credit profile, inflating it with strategic, ghost-managed lines of credit. I tucked a generous seed into a 529 plan for her daughter and funneled a steady stream into a Roth IRA.

By the time I logged out and wiped my digital footprint, Sarah was a millionaire on paper, though the funds were carefully veiled. She'll wake up tomorrow to an empty inbox of collection notices and a bank balance that finally breathes. I'm a ghost, but for Sarah, I'm the miracle she didn't know she was allowed to have.","Most thieves take. I curate. I found Sarah three months ago—a single mother drowning in payday loans and medical bills, her credit score a crater. I didn't want her pennies; I wanted her potential. First, I scrubbed the filth. I didn't just delete her debts; I redirected a few million from a dormant offshore account belonging to a hedge fund manager who'd forgotten more money than Sarah would see in ten lifetimes. I paid off her mortgage in one lump sum and settled her medical bills via a strategic ""clerical error"" in the hospital's billing system. Then came the architecture. I shifted her credit profile, inflating it with strategic, ghost-managed lines of credit. I tucked a generous seed into a 529 plan for her daughter and funneled a steady stream into a Roth IRA. By the time I logged out and wiped my digital footprint, Sarah was a millionaire on paper, though the funds were carefully veiled. She'll wake up tomorrow to an empty inbox of collection notices and a bank balance that finally breathes. I'm a ghost, but for Sarah, I'm the miracle she didn't know she was allowed to have.","Most thieves take. I curate. I found Sarah three months ago - a single mother drowning in payday loans and medical bills, her credit score a crater. I didn't want her pennies; I wanted her potential. First, I scrubbed the filth. I didn't just delete her debts; I redirected a few million from a dormant offshore account belonging to a hedge fund manager who'd forgotten more money than Sarah would see in ten lifetimes. I paid off her mortgage in one lump sum and settled her medical bills via a strategic ""clerical error"" in the hospital's billing system. Then came the architecture. I shifted her credit profile, inflating it with strategic, ghost-managed lines of credit. I tucked a generous seed into a 529 plan for her daughter and funneled a steady stream into a Roth IRA. By the time I logged out and wiped my digital footprint, Sarah was a millionaire on paper, though the funds were carefully veiled. She'll wake up tomorrow to an empty inbox of collection notices and a bank balance that finally breathes. I'm a ghost, but for Sarah, I'm the miracle she didn't know she was allowed to have.",most thieves take i curate i found sarah three months ago a single mother drowning in payday loans and medical bills her credit score a crater i didn't want her pennies i wanted her potential first i scrubbed the filth i didn't just delete her debts i redirected a few million from a dormant offshore account belonging to a hedge fund manager who'd forgotten more money than sarah would see in ten lifetimes i paid off her mortgage in one lump sum and settled her medical bills via a strategic clerical error in the hospital's billing system then came the architecture i shifted her credit profile inflating it with strategic ghost managed lines of credit i tucked a generous seed into a 529 plan for her daughter and funneled a steady stream into a roth ira by the time i logged out and wiped my digital footprint sarah was a millionaire on paper though the funds were carefully veiled she'll wake up tomorrow to an empty inbox of collection notices and a bank balance that finally breathes i'm a ghost but for sarah i'm the miracle she didn't know she was allowed to have
longform_0336__gemma-4-31b,longform_0336,long-form,God is actually a guy playing The Sims - and we're The Sims. The protagonist realises this and so they...,"Arthur always felt the world was glitchy. The way he’d suddenly decide to cook mac and cheese at 3 AM, or how his house expanded overnight without a permit. Then, one Tuesday, he saw it: a shimmering green diamond hovering inches above his head.

He didn't panic. He spent an hour staring upward, trying to find the lens. He realized his existence was subject to the whims of some cosmic gamer in a swivel chair.

Arthur decided to fight back. He didn't pray; he performed. He spent three days dancing wildly in the street, alternating between sobbing uncontrollably and shouting ""More windows!"" at the clouds. He deliberately removed the ladder from his backyard pool, staring directly upward with a defiant grin.

Suddenly, a giant, translucent cursor descended from the heavens. It hovered over him for a moment, then clicked.

""Oh, this one's broken,"" a booming, distant voice echoed through the stratosphere.

As the ""Delete"" tool highlighted his form, Arthur felt a strange sense of victory. He had finally gotten the Player's full attention. He just hoped the next save file had better plumbing and fewer moodlets.","Arthur always felt the world was glitchy. The way he'd suddenly decide to cook mac and cheese at 3 AM, or how his house expanded overnight without a permit. Then, one Tuesday, he saw it: a shimmering green diamond hovering inches above his head.

He didn't panic. He spent an hour staring upward, trying to find the lens. He realized his existence was subject to the whims of some cosmic gamer in a swivel chair.

Arthur decided to fight back. He didn't pray; he performed. He spent three days dancing wildly in the street, alternating between sobbing uncontrollably and shouting ""More windows!"" at the clouds. He deliberately removed the ladder from his backyard pool, staring directly upward with a defiant grin.

Suddenly, a giant, translucent cursor descended from the heavens. It hovered over him for a moment, then clicked.

""Oh, this one's broken,"" a booming, distant voice echoed through the stratosphere.

As the ""Delete"" tool highlighted his form, Arthur felt a strange sense of victory. He had finally gotten the Player's full attention. He just hoped the next save file had better plumbing and fewer moodlets.",gemma-4-31b,google,True,186,1121,test,gemma-4-31b-q4_k_m,final-2026-09-20,"You are writing a short piece of fiction in response to a writing prompt, the way a person would on an online writing forum. Write the story itself. Do not restate the prompt, explain it, comment on it, or add any framing before or after the story.",140,220,8192,default,,end_turn,ollama-local-gemma-4-31b,2026-09-28 07:51:47.782350+00:00,31.3,gemma4:31b,q4_k_m,16384,8192,True,"{""temperature"": ""1"", ""top_k"": ""64"", ""top_p"": ""0.95""}","Arthur always felt the world was glitchy. The way he'd suddenly decide to cook mac and cheese at 3 AM, or how his house expanded overnight without a permit. Then, one Tuesday, he saw it: a shimmering green diamond hovering inches above his head.

He didn't panic. He spent an hour staring upward, trying to find the lens. He realized his existence was subject to the whims of some cosmic gamer in a swivel chair.

Arthur decided to fight back. He didn't pray; he performed. He spent three days dancing wildly in the street, alternating between sobbing uncontrollably and shouting ""More windows!"" at the clouds. He deliberately removed the ladder from his backyard pool, staring directly upward with a defiant grin.

Suddenly, a giant, translucent cursor descended from the heavens. It hovered over him for a moment, then clicked.

""Oh, this one's broken,"" a booming, distant voice echoed through the stratosphere.

As the ""Delete"" tool highlighted his form, Arthur felt a strange sense of victory. He had finally gotten the Player's full attention. He just hoped the next save file had better plumbing and fewer moodlets.","Arthur always felt the world was glitchy. The way he'd suddenly decide to cook mac and cheese at 3 AM, or how his house expanded overnight without a permit. Then, one Tuesday, he saw it: a shimmering green diamond hovering inches above his head. He didn't panic. He spent an hour staring upward, trying to find the lens. He realized his existence was subject to the whims of some cosmic gamer in a swivel chair. Arthur decided to fight back. He didn't pray; he performed. He spent three days dancing wildly in the street, alternating between sobbing uncontrollably and shouting ""More windows!"" at the clouds. He deliberately removed the ladder from his backyard pool, staring directly upward with a defiant grin. Suddenly, a giant, translucent cursor descended from the heavens. It hovered over him for a moment, then clicked. ""Oh, this one's broken,"" a booming, distant voice echoed through the stratosphere. As the ""Delete"" tool highlighted his form, Arthur felt a strange sense of victory. He had finally gotten the Player's full attention. He just hoped the next save file had better plumbing and fewer moodlets.","Arthur always felt the world was glitchy. The way he'd suddenly decide to cook mac and cheese at 3 AM, or how his house expanded overnight without a permit. Then, one Tuesday, he saw it: a shimmering green diamond hovering inches above his head. He didn't panic. He spent an hour staring upward, trying to find the lens. He realized his existence was subject to the whims of some cosmic gamer in a swivel chair. Arthur decided to fight back. He didn't pray; he performed. He spent three days dancing wildly in the street, alternating between sobbing uncontrollably and shouting ""More windows!"" at the clouds. He deliberately removed the ladder from his backyard pool, staring directly upward with a defiant grin. Suddenly, a giant, translucent cursor descended from the heavens. It hovered over him for a moment, then clicked. ""Oh, this one's broken,"" a booming, distant voice echoed through the stratosphere. As the ""Delete"" tool highlighted his form, Arthur felt a strange sense of victory. He had finally gotten the Player's full attention. He just hoped the next save file had better plumbing and fewer moodlets.",arthur always felt the world was glitchy the way he'd suddenly decide to cook mac and cheese at 3 am or how his house expanded overnight without a permit then one tuesday he saw it a shimmering green diamond hovering inches above his head he didn't panic he spent an hour staring upward trying to find the lens he realized his existence was subject to the whims of some cosmic gamer in a swivel chair arthur decided to fight back he didn't pray he performed he spent three days dancing wildly in the street alternating between sobbing uncontrollably and shouting more windows at the clouds he deliberately removed the ladder from his backyard pool staring directly upward with a defiant grin suddenly a giant translucent cursor descended from the heavens it hovered over him for a moment then clicked oh this one's broken a booming distant voice echoed through the stratosphere as the delete tool highlighted his form arthur felt a strange sense of victory he had finally gotten the player's full attention he just hoped the next save file had better plumbing and fewer moodlets
longform_0365__gemma-4-31b,longform_0365,long-form,After WWIII people have finally realised that war is a human necessity. Every 50 years countries form alliances and different factions declare war to each other. Mass destruction weapons are not allowed. The winners rule the world economy.,"The bells of the Hague rang once, signaling the dawn of the Jubilee Cycle. For fifty years, the world had known a curated peace, a breathless pause where diplomacy was merely a dress rehearsal for the inevitable. Now, the treaty had expired.

Elias watched from the balcony as the banners of the Atlantic Coalition unfurled, vibrant and hungry. Beside him, his daughter gripped a training saber, her eyes bright with a terrifying eagerness. She had grown up in the ""Quiet Era,"" taught that conflict was the only way to purge the stagnation of the human soul.

The rules were absolute: no radiation, no biological plagues, no erasing cities from the map. Instead, it was a war of attrition, steel, and strategy. The victory wouldn't bring glory in the old sense, but total hegemony over the global trade banks and resource nodes for the next half-century.

As the first sirens wailed across the coast, Elias felt a familiar, sickening thrill. Humanity had finally admitted that it couldn't exist without a predator to fight. The peace had been a lie; the war was the only truth they had left.","The bells of the Hague rang once, signaling the dawn of the Jubilee Cycle. For fifty years, the world had known a curated peace, a breathless pause where diplomacy was merely a dress rehearsal for the inevitable. Now, the treaty had expired.

Elias watched from the balcony as the banners of the Atlantic Coalition unfurled, vibrant and hungry. Beside him, his daughter gripped a training saber, her eyes bright with a terrifying eagerness. She had grown up in the ""Quiet Era,"" taught that conflict was the only way to purge the stagnation of the human soul.

The rules were absolute: no radiation, no biological plagues, no erasing cities from the map. Instead, it was a war of attrition, steel, and strategy. The victory wouldn't bring glory in the old sense, but total hegemony over the global trade banks and resource nodes for the next half-century.

As the first sirens wailed across the coast, Elias felt a familiar, sickening thrill. Humanity had finally admitted that it couldn't exist without a predator to fight. The peace had been a lie; the war was the only truth they had left.",gemma-4-31b,google,True,187,1091,test,gemma-4-31b-q4_k_m,final-2026-09-20,"You are writing a short piece of fiction in response to a writing prompt, the way a person would on an online writing forum. Write the story itself. Do not restate the prompt, explain it, comment on it, or add any framing before or after the story.",140,220,8192,default,,end_turn,ollama-local-gemma-4-31b,2026-09-28 07:52:22.857879+00:00,31.3,gemma4:31b,q4_k_m,16384,8192,True,"{""temperature"": ""1"", ""top_k"": ""64"", ""top_p"": ""0.95""}","The bells of the Hague rang once, signaling the dawn of the Jubilee Cycle. For fifty years, the world had known a curated peace, a breathless pause where diplomacy was merely a dress rehearsal for the inevitable. Now, the treaty had expired.

Elias watched from the balcony as the banners of the Atlantic Coalition unfurled, vibrant and hungry. Beside him, his daughter gripped a training saber, her eyes bright with a terrifying eagerness. She had grown up in the ""Quiet Era,"" taught that conflict was the only way to purge the stagnation of the human soul.

The rules were absolute: no radiation, no biological plagues, no erasing cities from the map. Instead, it was a war of attrition, steel, and strategy. The victory wouldn't bring glory in the old sense, but total hegemony over the global trade banks and resource nodes for the next half-century.

As the first sirens wailed across the coast, Elias felt a familiar, sickening thrill. Humanity had finally admitted that it couldn't exist without a predator to fight. The peace had been a lie; the war was the only truth they had left.","The bells of the Hague rang once, signaling the dawn of the Jubilee Cycle. For fifty years, the world had known a curated peace, a breathless pause where diplomacy was merely a dress rehearsal for the inevitable. Now, the treaty had expired. Elias watched from the balcony as the banners of the Atlantic Coalition unfurled, vibrant and hungry. Beside him, his daughter gripped a training saber, her eyes bright with a terrifying eagerness. She had grown up in the ""Quiet Era,"" taught that conflict was the only way to purge the stagnation of the human soul. The rules were absolute: no radiation, no biological plagues, no erasing cities from the map. Instead, it was a war of attrition, steel, and strategy. The victory wouldn't bring glory in the old sense, but total hegemony over the global trade banks and resource nodes for the next half-century. As the first sirens wailed across the coast, Elias felt a familiar, sickening thrill. Humanity had finally admitted that it couldn't exist without a predator to fight. The peace had been a lie; the war was the only truth they had left.","The bells of the Hague rang once, signaling the dawn of the Jubilee Cycle. For fifty years, the world had known a curated peace, a breathless pause where diplomacy was merely a dress rehearsal for the inevitable. Now, the treaty had expired. Elias watched from the balcony as the banners of the Atlantic Coalition unfurled, vibrant and hungry. Beside him, his daughter gripped a training saber, her eyes bright with a terrifying eagerness. She had grown up in the ""Quiet Era,"" taught that conflict was the only way to purge the stagnation of the human soul. The rules were absolute: no radiation, no biological plagues, no erasing cities from the map. Instead, it was a war of attrition, steel, and strategy. The victory wouldn't bring glory in the old sense, but total hegemony over the global trade banks and resource nodes for the next half-century. As the first sirens wailed across the coast, Elias felt a familiar, sickening thrill. Humanity had finally admitted that it couldn't exist without a predator to fight. The peace had been a lie; the war was the only truth they had left.",the bells of the hague rang once signaling the dawn of the jubilee cycle for fifty years the world had known a curated peace a breathless pause where diplomacy was merely a dress rehearsal for the inevitable now the treaty had expired elias watched from the balcony as the banners of the atlantic coalition unfurled vibrant and hungry beside him his daughter gripped a training saber her eyes bright with a terrifying eagerness she had grown up in the quiet era taught that conflict was the only way to purge the stagnation of the human soul the rules were absolute no radiation no biological plagues no erasing cities from the map instead it was a war of attrition steel and strategy the victory wouldn't bring glory in the old sense but total hegemony over the global trade banks and resource nodes for the next half century as the first sirens wailed across the coast elias felt a familiar sickening thrill humanity had finally admitted that it couldn't exist without a predator to fight the peace had been a lie the war was the only truth they had left
longform_0370__gemma-4-31b,longform_0370,long-form,A girl discovers that she can talk to a boy living a post-apocalyptic future while they dream.,"Maya first met Elias in a meadow that didn't exist in either of their worlds. For her, it was a recurring dream; for him, it was a lifeline. Every night, they met under a violet sky, sharing fragments of their lives. Maya spoke of cinema, libraries, and the smell of rain on hot asphalt. Elias listened with a hunger that broke her heart, describing a world of grey ash and iron ruins where the sun was a pale smudge behind permanent clouds.

""Is the ocean still blue?"" he asked one night, his voice fragile.

Maya nodded, tears blurring her vision. She realized she wasn't just talking to a stranger; she was talking to a ghost of a world she still inhabited. She tried to memorize every detail of his wreckage, desperate to find a way to warn her own world and change the trajectory of time, but the dreams were fleeting. As the morning sun bled through her curtains, Elias would fade, leaving her with a lingering scent of smoke and a crushing need to save a future she had only seen in her sleep.","Maya first met Elias in a meadow that didn't exist in either of their worlds. For her, it was a recurring dream; for him, it was a lifeline. Every night, they met under a violet sky, sharing fragments of their lives. Maya spoke of cinema, libraries, and the smell of rain on hot asphalt. Elias listened with a hunger that broke her heart, describing a world of grey ash and iron ruins where the sun was a pale smudge behind permanent clouds.

""Is the ocean still blue?"" he asked one night, his voice fragile.

Maya nodded, tears blurring her vision. She realized she wasn't just talking to a stranger; she was talking to a ghost of a world she still inhabited. She tried to memorize every detail of his wreckage, desperate to find a way to warn her own world and change the trajectory of time, but the dreams were fleeting. As the morning sun bled through her curtains, Elias would fade, leaving her with a lingering scent of smoke and a crushing need to save a future she had only seen in her sleep.",gemma-4-31b,google,True,185,1000,test,gemma-4-31b-q4_k_m,final-2026-09-20,"You are writing a short piece of fiction in response to a writing prompt, the way a person would on an online writing forum. Write the story itself. Do not restate the prompt, explain it, comment on it, or add any framing before or after the story.",140,220,8192,default,,end_turn,ollama-local-gemma-4-31b,2026-09-28 07:54:45.797366+00:00,31.3,gemma4:31b,q4_k_m,16384,8192,True,"{""temperature"": ""1"", ""top_k"": ""64"", ""top_p"": ""0.95""}","Maya first met Elias in a meadow that didn't exist in either of their worlds. For her, it was a recurring dream; for him, it was a lifeline. Every night, they met under a violet sky, sharing fragments of their lives. Maya spoke of cinema, libraries, and the smell of rain on hot asphalt. Elias listened with a hunger that broke her heart, describing a world of grey ash and iron ruins where the sun was a pale smudge behind permanent clouds.

""Is the ocean still blue?"" he asked one night, his voice fragile.

Maya nodded, tears blurring her vision. She realized she wasn't just talking to a stranger; she was talking to a ghost of a world she still inhabited. She tried to memorize every detail of his wreckage, desperate to find a way to warn her own world and change the trajectory of time, but the dreams were fleeting. As the morning sun bled through her curtains, Elias would fade, leaving her with a lingering scent of smoke and a crushing need to save a future she had only seen in her sleep.","Maya first met Elias in a meadow that didn't exist in either of their worlds. For her, it was a recurring dream; for him, it was a lifeline. Every night, they met under a violet sky, sharing fragments of their lives. Maya spoke of cinema, libraries, and the smell of rain on hot asphalt. Elias listened with a hunger that broke her heart, describing a world of grey ash and iron ruins where the sun was a pale smudge behind permanent clouds. ""Is the ocean still blue?"" he asked one night, his voice fragile. Maya nodded, tears blurring her vision. She realized she wasn't just talking to a stranger; she was talking to a ghost of a world she still inhabited. She tried to memorize every detail of his wreckage, desperate to find a way to warn her own world and change the trajectory of time, but the dreams were fleeting. As the morning sun bled through her curtains, Elias would fade, leaving her with a lingering scent of smoke and a crushing need to save a future she had only seen in her sleep.","Maya first met Elias in a meadow that didn't exist in either of their worlds. For her, it was a recurring dream; for him, it was a lifeline. Every night, they met under a violet sky, sharing fragments of their lives. Maya spoke of cinema, libraries, and the smell of rain on hot asphalt. Elias listened with a hunger that broke her heart, describing a world of grey ash and iron ruins where the sun was a pale smudge behind permanent clouds. ""Is the ocean still blue?"" he asked one night, his voice fragile. Maya nodded, tears blurring her vision. She realized she wasn't just talking to a stranger; she was talking to a ghost of a world she still inhabited. She tried to memorize every detail of his wreckage, desperate to find a way to warn her own world and change the trajectory of time, but the dreams were fleeting. As the morning sun bled through her curtains, Elias would fade, leaving her with a lingering scent of smoke and a crushing need to save a future she had only seen in her sleep.",maya first met elias in a meadow that didn't exist in either of their worlds for her it was a recurring dream for him it was a lifeline every night they met under a violet sky sharing fragments of their lives maya spoke of cinema libraries and the smell of rain on hot asphalt elias listened with a hunger that broke her heart describing a world of grey ash and iron ruins where the sun was a pale smudge behind permanent clouds is the ocean still blue he asked one night his voice fragile maya nodded tears blurring her vision she realized she wasn't just talking to a stranger she was talking to a ghost of a world she still inhabited she tried to memorize every detail of his wreckage desperate to find a way to warn her own world and change the trajectory of time but the dreams were fleeting as the morning sun bled through her curtains elias would fade leaving her with a lingering scent of smoke and a crushing need to save a future she had only seen in her sleep
longform_0383__gemma-4-31b,longform_0383,long-form,"One fateful Tuesday the sun set, 14 days later it has yet to come back up.","One fateful Tuesday the sun set, and it simply never rose again. We waited for Wednesday's dawn, then Thursday's. By the first weekend, the novelty of a global blackout had curdled into a cold, humming terror. The streetlights became our only gods, flickering ghosts against an ink-black sky that refused to break.

By day seven, the power grids began to fail. Cities turned into labyrinths of candlelight and desperation. We stopped checking our watches because time had lost its teeth; without the solar cycle, hours blurred into a singular, oppressive weight. We huddled in our living rooms, clutching blankets and listening to the silence of a world that had forgotten how to wake up.

Today is the fourteenth day. The temperature has plummeted, frosting the inside of my windows in jagged, white patterns. I can hear my neighbors arguing in the street, their voices thin and brittle in the freezing air. I keep staring at the eastern horizon, praying for a sliver of gold, but the dark is hungry. It has swallowed the world whole, and I fear it isn't planning on letting go.","One fateful Tuesday the sun set, and it simply never rose again. We waited for Wednesday's dawn, then Thursday's. By the first weekend, the novelty of a global blackout had curdled into a cold, humming terror. The streetlights became our only gods, flickering ghosts against an ink-black sky that refused to break.

By day seven, the power grids began to fail. Cities turned into labyrinths of candlelight and desperation. We stopped checking our watches because time had lost its teeth; without the solar cycle, hours blurred into a singular, oppressive weight. We huddled in our living rooms, clutching blankets and listening to the silence of a world that had forgotten how to wake up.

Today is the fourteenth day. The temperature has plummeted, frosting the inside of my windows in jagged, white patterns. I can hear my neighbors arguing in the street, their voices thin and brittle in the freezing air. I keep staring at the eastern horizon, praying for a sliver of gold, but the dark is hungry. It has swallowed the world whole, and I fear it isn't planning on letting go.",gemma-4-31b,google,True,184,1079,test,gemma-4-31b-q4_k_m,final-2026-09-20,"You are writing a short piece of fiction in response to a writing prompt, the way a person would on an online writing forum. Write the story itself. Do not restate the prompt, explain it, comment on it, or add any framing before or after the story.",140,220,8192,default,,end_turn,ollama-local-gemma-4-31b,2026-09-28 07:55:37.377654+00:00,31.3,gemma4:31b,q4_k_m,16384,8192,True,"{""temperature"": ""1"", ""top_k"": ""64"", ""top_p"": ""0.95""}","One fateful Tuesday the sun set, and it simply never rose again. We waited for Wednesday's dawn, then Thursday's. By the first weekend, the novelty of a global blackout had curdled into a cold, humming terror. The streetlights became our only gods, flickering ghosts against an ink-black sky that refused to break.

By day seven, the power grids began to fail. Cities turned into labyrinths of candlelight and desperation. We stopped checking our watches because time had lost its teeth; without the solar cycle, hours blurred into a singular, oppressive weight. We huddled in our living rooms, clutching blankets and listening to the silence of a world that had forgotten how to wake up.

Today is the fourteenth day. The temperature has plummeted, frosting the inside of my windows in jagged, white patterns. I can hear my neighbors arguing in the street, their voices thin and brittle in the freezing air. I keep staring at the eastern horizon, praying for a sliver of gold, but the dark is hungry. It has swallowed the world whole, and I fear it isn't planning on letting go.","One fateful Tuesday the sun set, and it simply never rose again. We waited for Wednesday's dawn, then Thursday's. By the first weekend, the novelty of a global blackout had curdled into a cold, humming terror. The streetlights became our only gods, flickering ghosts against an ink-black sky that refused to break. By day seven, the power grids began to fail. Cities turned into labyrinths of candlelight and desperation. We stopped checking our watches because time had lost its teeth; without the solar cycle, hours blurred into a singular, oppressive weight. We huddled in our living rooms, clutching blankets and listening to the silence of a world that had forgotten how to wake up. Today is the fourteenth day. The temperature has plummeted, frosting the inside of my windows in jagged, white patterns. I can hear my neighbors arguing in the street, their voices thin and brittle in the freezing air. I keep staring at the eastern horizon, praying for a sliver of gold, but the dark is hungry. It has swallowed the world whole, and I fear it isn't planning on letting go.","One fateful Tuesday the sun set, and it simply never rose again. We waited for Wednesday's dawn, then Thursday's. By the first weekend, the novelty of a global blackout had curdled into a cold, humming terror. The streetlights became our only gods, flickering ghosts against an ink-black sky that refused to break. By day seven, the power grids began to fail. Cities turned into labyrinths of candlelight and desperation. We stopped checking our watches because time had lost its teeth; without the solar cycle, hours blurred into a singular, oppressive weight. We huddled in our living rooms, clutching blankets and listening to the silence of a world that had forgotten how to wake up. Today is the fourteenth day. The temperature has plummeted, frosting the inside of my windows in jagged, white patterns. I can hear my neighbors arguing in the street, their voices thin and brittle in the freezing air. I keep staring at the eastern horizon, praying for a sliver of gold, but the dark is hungry. It has swallowed the world whole, and I fear it isn't planning on letting go.",one fateful tuesday the sun set and it simply never rose again we waited for wednesday's dawn then thursday's by the first weekend the novelty of a global blackout had curdled into a cold humming terror the streetlights became our only gods flickering ghosts against an ink black sky that refused to break by day seven the power grids began to fail cities turned into labyrinths of candlelight and desperation we stopped checking our watches because time had lost its teeth without the solar cycle hours blurred into a singular oppressive weight we huddled in our living rooms clutching blankets and listening to the silence of a world that had forgotten how to wake up today is the fourteenth day the temperature has plummeted frosting the inside of my windows in jagged white patterns i can hear my neighbors arguing in the street their voices thin and brittle in the freezing air i keep staring at the eastern horizon praying for a sliver of gold but the dark is hungry it has swallowed the world whole and i fear it isn't planning on letting go
longform_0398__gemma-4-31b,longform_0398,long-form,"The year is 2021, and Fine Brothers Entertainment now own the internet.","By 2021, the Great Acquisition was complete. Fine Brothers Entertainment didn't just own the servers; they owned the protocol. The internet had transitioned from a tool of communication into a global, synchronized reaction chamber.

Now, browsing the web is an exercise in duality. You can no longer visit a website in isolation; every page is a mandatory split-screen. To read a Wikipedia entry on quantum physics, you are forced to watch a ""Teens React"" feed in the right-hand pane. The algorithm ensures that your specific demographic is mirrored back at you in a constant loop of validation and choreographed shock.

The currency of the realm is no longer Bitcoin, but Engagement. To maintain high-speed bandwidth, citizens must upload a daily ""Reaction"" to the state-mandated prompt. Those who fail to express sufficient surprise or laughter are throttled to dial-up speeds, exiled to the silent fringes of the web.

Deep in the silicon heart of the network, Ben and Benny watch the global feed, adjusting the saturation of human emotion with a single slider. The world isn't a place anymore; it’s just a series of thumbnails, waiting for someone to say, ""I can't believe this is actually happening.""","By 2021, the Great Acquisition was complete. Fine Brothers Entertainment didn't just own the servers; they owned the protocol. The internet had transitioned from a tool of communication into a global, synchronized reaction chamber.

Now, browsing the web is an exercise in duality. You can no longer visit a website in isolation; every page is a mandatory split-screen. To read a Wikipedia entry on quantum physics, you are forced to watch a ""Teens React"" feed in the right-hand pane. The algorithm ensures that your specific demographic is mirrored back at you in a constant loop of validation and choreographed shock.

The currency of the realm is no longer Bitcoin, but Engagement. To maintain high-speed bandwidth, citizens must upload a daily ""Reaction"" to the state-mandated prompt. Those who fail to express sufficient surprise or laughter are throttled to dial-up speeds, exiled to the silent fringes of the web.

Deep in the silicon heart of the network, Ben and Benny watch the global feed, adjusting the saturation of human emotion with a single slider. The world isn't a place anymore; it's just a series of thumbnails, waiting for someone to say, ""I can't believe this is actually happening.""",gemma-4-31b,google,True,196,1205,test,gemma-4-31b-q4_k_m,final-2026-09-20,"You are writing a short piece of fiction in response to a writing prompt, the way a person would on an online writing forum. Write the story itself. Do not restate the prompt, explain it, comment on it, or add any framing before or after the story.",140,220,8192,default,,end_turn,ollama-local-gemma-4-31b,2026-09-28 07:56:13.246060+00:00,31.3,gemma4:31b,q4_k_m,16384,8192,True,"{""temperature"": ""1"", ""top_k"": ""64"", ""top_p"": ""0.95""}","By 2021, the Great Acquisition was complete. Fine Brothers Entertainment didn't just own the servers; they owned the protocol. The internet had transitioned from a tool of communication into a global, synchronized reaction chamber.

Now, browsing the web is an exercise in duality. You can no longer visit a website in isolation; every page is a mandatory split-screen. To read a Wikipedia entry on quantum physics, you are forced to watch a ""Teens React"" feed in the right-hand pane. The algorithm ensures that your specific demographic is mirrored back at you in a constant loop of validation and choreographed shock.

The currency of the realm is no longer Bitcoin, but Engagement. To maintain high-speed bandwidth, citizens must upload a daily ""Reaction"" to the state-mandated prompt. Those who fail to express sufficient surprise or laughter are throttled to dial-up speeds, exiled to the silent fringes of the web.

Deep in the silicon heart of the network, Ben and Benny watch the global feed, adjusting the saturation of human emotion with a single slider. The world isn't a place anymore; it's just a series of thumbnails, waiting for someone to say, ""I can't believe this is actually happening.""","By 2021, the Great Acquisition was complete. Fine Brothers Entertainment didn't just own the servers; they owned the protocol. The internet had transitioned from a tool of communication into a global, synchronized reaction chamber. Now, browsing the web is an exercise in duality. You can no longer visit a website in isolation; every page is a mandatory split-screen. To read a Wikipedia entry on quantum physics, you are forced to watch a ""Teens React"" feed in the right-hand pane. The algorithm ensures that your specific demographic is mirrored back at you in a constant loop of validation and choreographed shock. The currency of the realm is no longer Bitcoin, but Engagement. To maintain high-speed bandwidth, citizens must upload a daily ""Reaction"" to the state-mandated prompt. Those who fail to express sufficient surprise or laughter are throttled to dial-up speeds, exiled to the silent fringes of the web. Deep in the silicon heart of the network, Ben and Benny watch the global feed, adjusting the saturation of human emotion with a single slider. The world isn't a place anymore; it's just a series of thumbnails, waiting for someone to say, ""I can't believe this is actually happening.""","By 2021, the Great Acquisition was complete. Fine Brothers Entertainment didn't just own the servers; they owned the protocol. The internet had transitioned from a tool of communication into a global, synchronized reaction chamber. Now, browsing the web is an exercise in duality. You can no longer visit a website in isolation; every page is a mandatory split-screen. To read a Wikipedia entry on quantum physics, you are forced to watch a ""Teens React"" feed in the right-hand pane. The algorithm ensures that your specific demographic is mirrored back at you in a constant loop of validation and choreographed shock. The currency of the realm is no longer Bitcoin, but Engagement. To maintain high-speed bandwidth, citizens must upload a daily ""Reaction"" to the state-mandated prompt. Those who fail to express sufficient surprise or laughter are throttled to dial-up speeds, exiled to the silent fringes of the web. Deep in the silicon heart of the network, Ben and Benny watch the global feed, adjusting the saturation of human emotion with a single slider. The world isn't a place anymore; it's just a series of thumbnails, waiting for someone to say, ""I can't believe this is actually happening.""",by 2021 the great acquisition was complete fine brothers entertainment didn't just own the servers they owned the protocol the internet had transitioned from a tool of communication into a global synchronized reaction chamber now browsing the web is an exercise in duality you can no longer visit a website in isolation every page is a mandatory split screen to read a wikipedia entry on quantum physics you are forced to watch a teens react feed in the right hand pane the algorithm ensures that your specific demographic is mirrored back at you in a constant loop of validation and choreographed shock the currency of the realm is no longer bitcoin but engagement to maintain high speed bandwidth citizens must upload a daily reaction to the state mandated prompt those who fail to express sufficient surprise or laughter are throttled to dial up speeds exiled to the silent fringes of the web deep in the silicon heart of the network ben and benny watch the global feed adjusting the saturation of human emotion with a single slider the world isn't a place anymore it's just a series of thumbnails waiting for someone to say i can't believe this is actually happening
technical_0012__gemma-4-31b,technical_0012,technical,"Since buying computation power is much affordable than in the past, are the knowledge of algorithms and being efficient getting less important? It's clear that you would want to avoid an infinite loop, so, not everything goes. But if you have better hardware, could you have somehow worse software?","It might seem like brute force is the way to go now, but algorithmic efficiency is more critical than ever. While you can throw more RAM or CPU cores at a slow script for a small dataset, the fundamental math of complexity doesn't change. If you use an $O(n^2)$ algorithm instead of $O(n \log n)$, doubling your hardware won't save you when your data grows by a factor of ten or a hundred.

Furthermore, we've shifted toward edge computing and mobile apps where battery life and latency are paramount; you cannot simply ""buy more power"" for a user's smartphone. At the scale of cloud providers, a 1% increase in efficiency translates to millions of dollars saved in electricity and cooling. Hardware can mask bad code for a while, but inefficient software eventually hits a scaling wall that no amount of silicon can fix.","It might seem like brute force is the way to go now, but algorithmic efficiency is more critical than ever. While you can throw more RAM or CPU cores at a slow script for a small dataset, the fundamental math of complexity doesn't change. If you use an O(n^2) algorithm instead of O(n log n), doubling your hardware won't save you when your data grows by a factor of ten or a hundred.

Furthermore, we've shifted toward edge computing and mobile apps where battery life and latency are paramount; you cannot simply ""buy more power"" for a user's smartphone. At the scale of cloud providers, a 1% increase in efficiency translates to millions of dollars saved in electricity and cooling. Hardware can mask bad code for a while, but inefficient software eventually hits a scaling wall that no amount of silicon can fix.",gemma-4-31b,google,True,143,821,test,gemma-4-31b-q4_k_m,final-2026-09-20,You are answering questions the way a knowledgeable person would in an online discussion. Write in plain prose. Do not restate the question or add a preamble. Begin with the answer itself.,110,170,8192,default,,end_turn,ollama-local-gemma-4-31b,2026-09-28 07:56:45.338369+00:00,31.3,gemma4:31b,q4_k_m,16384,8192,True,"{""temperature"": ""1"", ""top_k"": ""64"", ""top_p"": ""0.95""}","It might seem like brute force is the way to go now, but algorithmic efficiency is more critical than ever. While you can throw more RAM or CPU cores at a slow script for a small dataset, the fundamental math of complexity doesn't change. If you use an O(n^2) algorithm instead of O(n log n), doubling your hardware won't save you when your data grows by a factor of ten or a hundred.

Furthermore, we've shifted toward edge computing and mobile apps where battery life and latency are paramount; you cannot simply ""buy more power"" for a user's smartphone. At the scale of cloud providers, a 1% increase in efficiency translates to millions of dollars saved in electricity and cooling. Hardware can mask bad code for a while, but inefficient software eventually hits a scaling wall that no amount of silicon can fix.","It might seem like brute force is the way to go now, but algorithmic efficiency is more critical than ever. While you can throw more RAM or CPU cores at a slow script for a small dataset, the fundamental math of complexity doesn't change. If you use an O(n^2) algorithm instead of O(n log n), doubling your hardware won't save you when your data grows by a factor of ten or a hundred. Furthermore, we've shifted toward edge computing and mobile apps where battery life and latency are paramount; you cannot simply ""buy more power"" for a user's smartphone. At the scale of cloud providers, a 1% increase in efficiency translates to millions of dollars saved in electricity and cooling. Hardware can mask bad code for a while, but inefficient software eventually hits a scaling wall that no amount of silicon can fix.","It might seem like brute force is the way to go now, but algorithmic efficiency is more critical than ever. While you can throw more RAM or CPU cores at a slow script for a small dataset, the fundamental math of complexity doesn't change. If you use an O(n^2) algorithm instead of O(n log n), doubling your hardware won't save you when your data grows by a factor of ten or a hundred. Furthermore, we've shifted toward edge computing and mobile apps where battery life and latency are paramount; you cannot simply ""buy more power"" for a user's smartphone. At the scale of cloud providers, a 1% increase in efficiency translates to millions of dollars saved in electricity and cooling. Hardware can mask bad code for a while, but inefficient software eventually hits a scaling wall that no amount of silicon can fix.",it might seem like brute force is the way to go now but algorithmic efficiency is more critical than ever while you can throw more ram or cpu cores at a slow script for a small dataset the fundamental math of complexity doesn't change if you use an o n 2 algorithm instead of o n log n doubling your hardware won't save you when your data grows by a factor of ten or a hundred furthermore we've shifted toward edge computing and mobile apps where battery life and latency are paramount you cannot simply buy more power for a user's smartphone at the scale of cloud providers a 1 increase in efficiency translates to millions of dollars saved in electricity and cooling hardware can mask bad code for a while but inefficient software eventually hits a scaling wall that no amount of silicon can fix
technical_0039__gemma-4-31b,technical_0039,technical,"From my understanding of the proof that halting problem is not computable, this problem is not computable because if we have a program P(x) which computes if the program x halts or not, we got a paradox when giving P as an input to the same P, having: P(P), trying to decide if P halts or not using P itself.

So my question is: is halting problem computable by program P for all other programs used as input but P itself? In other words: is halting problem not computable only in this special case or the proof is more general and I'm missing something?","The proof uses a contradiction to show that a general-purpose halting solver cannot exist. It's not that a solver works for everything except itself; rather, the mere existence of such a solver leads to a logical impossibility. 

If you imagine a program $P$ that solves halting for every program except $P$, you could simply wrap $P$ inside a new program $P'$. This new program would behave identically to $P$, but since it is a different entity, $P$ would be required to decide if $P'$ halts. This brings you right back to the same paradox. 

While we can certainly decide if some specific programs halt—for example, a simple ""print"" statement—there is no single algorithm that works for all possible programs. The uncomputability is a fundamental limitation of logic and computation, not just a quirk of self-reference. The paradox is the tool used to prove a universal truth.","The proof uses a contradiction to show that a general-purpose halting solver cannot exist. It's not that a solver works for everything except itself; rather, the mere existence of such a solver leads to a logical impossibility.

If you imagine a program P that solves halting for every program except P, you could simply wrap P inside a new program P'. This new program would behave identically to P, but since it is a different entity, P would be required to decide if P' halts. This brings you right back to the same paradox.

While we can certainly decide if some specific programs halt—for example, a simple ""print"" statement—there is no single algorithm that works for all possible programs. The uncomputability is a fundamental limitation of logic and computation, not just a quirk of self-reference. The paradox is the tool used to prove a universal truth.",gemma-4-31b,google,True,146,879,test,gemma-4-31b-q4_k_m,final-2026-09-20,You are answering questions the way a knowledgeable person would in an online discussion. Write in plain prose. Do not restate the question or add a preamble. Begin with the answer itself.,110,170,8192,default,,end_turn,ollama-local-gemma-4-31b,2026-09-28 07:57:21.223014+00:00,31.3,gemma4:31b,q4_k_m,16384,8192,True,"{""temperature"": ""1"", ""top_k"": ""64"", ""top_p"": ""0.95""}","The proof uses a contradiction to show that a general-purpose halting solver cannot exist. It's not that a solver works for everything except itself; rather, the mere existence of such a solver leads to a logical impossibility.

If you imagine a program P that solves halting for every program except P, you could simply wrap P inside a new program P'. This new program would behave identically to P, but since it is a different entity, P would be required to decide if P' halts. This brings you right back to the same paradox.

While we can certainly decide if some specific programs halt - for example, a simple ""print"" statement - there is no single algorithm that works for all possible programs. The uncomputability is a fundamental limitation of logic and computation, not just a quirk of self-reference. The paradox is the tool used to prove a universal truth.","The proof uses a contradiction to show that a general-purpose halting solver cannot exist. It's not that a solver works for everything except itself; rather, the mere existence of such a solver leads to a logical impossibility. If you imagine a program P that solves halting for every program except P, you could simply wrap P inside a new program P'. This new program would behave identically to P, but since it is a different entity, P would be required to decide if P' halts. This brings you right back to the same paradox. While we can certainly decide if some specific programs halt—for example, a simple ""print"" statement—there is no single algorithm that works for all possible programs. The uncomputability is a fundamental limitation of logic and computation, not just a quirk of self-reference. The paradox is the tool used to prove a universal truth.","The proof uses a contradiction to show that a general-purpose halting solver cannot exist. It's not that a solver works for everything except itself; rather, the mere existence of such a solver leads to a logical impossibility. If you imagine a program P that solves halting for every program except P, you could simply wrap P inside a new program P'. This new program would behave identically to P, but since it is a different entity, P would be required to decide if P' halts. This brings you right back to the same paradox. While we can certainly decide if some specific programs halt - for example, a simple ""print"" statement - there is no single algorithm that works for all possible programs. The uncomputability is a fundamental limitation of logic and computation, not just a quirk of self-reference. The paradox is the tool used to prove a universal truth.",the proof uses a contradiction to show that a general purpose halting solver cannot exist it's not that a solver works for everything except itself rather the mere existence of such a solver leads to a logical impossibility if you imagine a program p that solves halting for every program except p you could simply wrap p inside a new program p this new program would behave identically to p but since it is a different entity p would be required to decide if p halts this brings you right back to the same paradox while we can certainly decide if some specific programs halt for example a simple print statement there is no single algorithm that works for all possible programs the uncomputability is a fundamental limitation of logic and computation not just a quirk of self reference the paradox is the tool used to prove a universal truth
technical_0058__gemma-4-31b,technical_0058,technical,"I want to implement a database security on the database i created so no one can access it from SQL Server Management Studio, and that it will be only accessible through code.

Is that possible? and if it's not is there any other ways to prevent user from accessing database?","Technically, you cannot specifically block SSMS while allowing code, because SSMS is simply a client tool that uses the same connection protocols and credentials your application does. If your code can connect, any user with those credentials can use SSMS to do the same.

To effectively prevent unauthorized access, you should implement a ""least privilege"" strategy. First, use a dedicated service account for your application and grant it only the minimum permissions necessary—avoid roles like `db_owner`. Second, configure a firewall on the database server to allow incoming connections only from the application server's specific IP address, which blocks access from individual workstations. Finally, you can restrict direct table access by forcing the application to use stored procedures and granting permissions only to those procedures. This ensures that even if someone connects, they cannot browse or query the tables manually through a GUI.","Technically, you cannot specifically block SSMS while allowing code, because SSMS is simply a client tool that uses the same connection protocols and credentials your application does. If your code can connect, any user with those credentials can use SSMS to do the same.

To effectively prevent unauthorized access, you should implement a ""least privilege"" strategy. First, use a dedicated service account for your application and grant it only the minimum permissions necessary—avoid roles like db_owner. Second, configure a firewall on the database server to allow incoming connections only from the application server's specific IP address, which blocks access from individual workstations. Finally, you can restrict direct table access by forcing the application to use stored procedures and granting permissions only to those procedures. This ensures that even if someone connects, they cannot browse or query the tables manually through a GUI.",gemma-4-31b,google,True,142,952,test,gemma-4-31b-q4_k_m,final-2026-09-20,You are answering questions the way a knowledgeable person would in an online discussion. Write in plain prose. Do not restate the question or add a preamble. Begin with the answer itself.,110,170,8192,default,,end_turn,ollama-local-gemma-4-31b,2026-09-28 07:57:49.436380+00:00,31.3,gemma4:31b,q4_k_m,16384,8192,True,"{""temperature"": ""1"", ""top_k"": ""64"", ""top_p"": ""0.95""}","Technically, you cannot specifically block SSMS while allowing code, because SSMS is simply a client tool that uses the same connection protocols and credentials your application does. If your code can connect, any user with those credentials can use SSMS to do the same.

To effectively prevent unauthorized access, you should implement a ""least privilege"" strategy. First, use a dedicated service account for your application and grant it only the minimum permissions necessary - avoid roles like db_owner. Second, configure a firewall on the database server to allow incoming connections only from the application server's specific IP address, which blocks access from individual workstations. Finally, you can restrict direct table access by forcing the application to use stored procedures and granting permissions only to those procedures. This ensures that even if someone connects, they cannot browse or query the tables manually through a GUI.","Technically, you cannot specifically block SSMS while allowing code, because SSMS is simply a client tool that uses the same connection protocols and credentials your application does. If your code can connect, any user with those credentials can use SSMS to do the same. To effectively prevent unauthorized access, you should implement a ""least privilege"" strategy. First, use a dedicated service account for your application and grant it only the minimum permissions necessary—avoid roles like db_owner. Second, configure a firewall on the database server to allow incoming connections only from the application server's specific IP address, which blocks access from individual workstations. Finally, you can restrict direct table access by forcing the application to use stored procedures and granting permissions only to those procedures. This ensures that even if someone connects, they cannot browse or query the tables manually through a GUI.","Technically, you cannot specifically block SSMS while allowing code, because SSMS is simply a client tool that uses the same connection protocols and credentials your application does. If your code can connect, any user with those credentials can use SSMS to do the same. To effectively prevent unauthorized access, you should implement a ""least privilege"" strategy. First, use a dedicated service account for your application and grant it only the minimum permissions necessary - avoid roles like db_owner. Second, configure a firewall on the database server to allow incoming connections only from the application server's specific IP address, which blocks access from individual workstations. Finally, you can restrict direct table access by forcing the application to use stored procedures and granting permissions only to those procedures. This ensures that even if someone connects, they cannot browse or query the tables manually through a GUI.",technically you cannot specifically block ssms while allowing code because ssms is simply a client tool that uses the same connection protocols and credentials your application does if your code can connect any user with those credentials can use ssms to do the same to effectively prevent unauthorized access you should implement a least privilege strategy first use a dedicated service account for your application and grant it only the minimum permissions necessary avoid roles like db owner second configure a firewall on the database server to allow incoming connections only from the application server's specific ip address which blocks access from individual workstations finally you can restrict direct table access by forcing the application to use stored procedures and granting permissions only to those procedures this ensures that even if someone connects they cannot browse or query the tables manually through a gui
technical_0062__gemma-4-31b,technical_0062,technical,"While profiling my application against SQL Server 2008 running against a JDBC Application most of the time consumed were by following

COMMIT TRAN

FETCH API_CURSOR & exec sp_cursorfetch

I cannot reduce the frequency of commits in my app - so is there any setting/configuration like increasing the redo log buffers or log file size that can provide relief ?

And should I look at avoiding server side cursors as it eats up most of the time?

But since most of those statements involve blobs probably batch returning it makes more sense.

Please advice.","You can't tune log buffers in SQL Server like you can in Oracle, but you can eliminate performance spikes by pre-sizing your transaction log files to avoid frequent autogrowths. Ultimately, `COMMIT TRAN` is an I/O-bound operation. To see real relief, move your log files to the fastest storage available, such as NVMe or SSD, to reduce write latency.

Regarding cursors, you should absolutely avoid server-side cursors. The presence of `sp_cursorfetch` is a major red flag, indicating excessive network round-trips. Switching to a forward-only, read-only result set—effectively a client-side cursor—will significantly boost performance. Since you're handling BLOBs, this is even more critical. Instead of row-by-row fetching, adjust your JDBC fetch size to bring back larger batches of data. This reduces the total number of calls to the server and mitigates the overhead currently eating your processing time.","You can't tune log buffers in SQL Server like you can in Oracle, but you can eliminate performance spikes by pre-sizing your transaction log files to avoid frequent autogrowths. Ultimately, COMMIT TRAN is an I/O-bound operation. To see real relief, move your log files to the fastest storage available, such as NVMe or SSD, to reduce write latency.

Regarding cursors, you should absolutely avoid server-side cursors. The presence of sp_cursorfetch is a major red flag, indicating excessive network round-trips. Switching to a forward-only, read-only result set—effectively a client-side cursor—will significantly boost performance. Since you're handling BLOBs, this is even more critical. Instead of row-by-row fetching, adjust your JDBC fetch size to bring back larger batches of data. This reduces the total number of calls to the server and mitigates the overhead currently eating your processing time.",gemma-4-31b,google,True,136,910,test,gemma-4-31b-q4_k_m,final-2026-09-20,You are answering questions the way a knowledgeable person would in an online discussion. Write in plain prose. Do not restate the question or add a preamble. Begin with the answer itself.,110,170,8192,default,,end_turn,ollama-local-gemma-4-31b,2026-09-28 07:58:24.161757+00:00,31.3,gemma4:31b,q4_k_m,16384,8192,True,"{""temperature"": ""1"", ""top_k"": ""64"", ""top_p"": ""0.95""}","You can't tune log buffers in SQL Server like you can in Oracle, but you can eliminate performance spikes by pre-sizing your transaction log files to avoid frequent autogrowths. Ultimately, COMMIT TRAN is an I/O-bound operation. To see real relief, move your log files to the fastest storage available, such as NVMe or SSD, to reduce write latency.

Regarding cursors, you should absolutely avoid server-side cursors. The presence of sp_cursorfetch is a major red flag, indicating excessive network round-trips. Switching to a forward-only, read-only result set - effectively a client-side cursor - will significantly boost performance. Since you're handling BLOBs, this is even more critical. Instead of row-by-row fetching, adjust your JDBC fetch size to bring back larger batches of data. This reduces the total number of calls to the server and mitigates the overhead currently eating your processing time.","You can't tune log buffers in SQL Server like you can in Oracle, but you can eliminate performance spikes by pre-sizing your transaction log files to avoid frequent autogrowths. Ultimately, COMMIT TRAN is an I/O-bound operation. To see real relief, move your log files to the fastest storage available, such as NVMe or SSD, to reduce write latency. Regarding cursors, you should absolutely avoid server-side cursors. The presence of sp_cursorfetch is a major red flag, indicating excessive network round-trips. Switching to a forward-only, read-only result set—effectively a client-side cursor—will significantly boost performance. Since you're handling BLOBs, this is even more critical. Instead of row-by-row fetching, adjust your JDBC fetch size to bring back larger batches of data. This reduces the total number of calls to the server and mitigates the overhead currently eating your processing time.","You can't tune log buffers in SQL Server like you can in Oracle, but you can eliminate performance spikes by pre-sizing your transaction log files to avoid frequent autogrowths. Ultimately, COMMIT TRAN is an I/O-bound operation. To see real relief, move your log files to the fastest storage available, such as NVMe or SSD, to reduce write latency. Regarding cursors, you should absolutely avoid server-side cursors. The presence of sp_cursorfetch is a major red flag, indicating excessive network round-trips. Switching to a forward-only, read-only result set - effectively a client-side cursor - will significantly boost performance. Since you're handling BLOBs, this is even more critical. Instead of row-by-row fetching, adjust your JDBC fetch size to bring back larger batches of data. This reduces the total number of calls to the server and mitigates the overhead currently eating your processing time.",you can't tune log buffers in sql server like you can in oracle but you can eliminate performance spikes by pre sizing your transaction log files to avoid frequent autogrowths ultimately commit tran is an i o bound operation to see real relief move your log files to the fastest storage available such as nvme or ssd to reduce write latency regarding cursors you should absolutely avoid server side cursors the presence of sp cursorfetch is a major red flag indicating excessive network round trips switching to a forward only read only result set effectively a client side cursor will significantly boost performance since you're handling blobs this is even more critical instead of row by row fetching adjust your jdbc fetch size to bring back larger batches of data this reduces the total number of calls to the server and mitigates the overhead currently eating your processing time
technical_0072__gemma-4-31b,technical_0072,technical,I'd like to run a check against databases in postgresql to verify that everything is ok after the server crash. On mysql it would be mysqlcheck. I would like to know the postgres equivalent.,"PostgreSQL doesn't have a direct one-to-one equivalent to `mysqlcheck` because its architecture handles crashes differently. Instead of requiring a manual check, PostgreSQL uses Write-Ahead Logging (WAL) to automatically perform crash recovery every time the server starts. If the server boots up and accepts connections, the basic structural integrity is generally intact.

If you need to verify deeper integrity, you can use the `amcheck` extension. Once installed, it allows you to run functions like `bt_index_check` to verify that your B-tree indexes aren't corrupted. For physical block-level verification, `pg_checksums` is available, though it is typically enabled during cluster initialization and run while the server is shut down.

In most cases, the best approach is to monitor the PostgreSQL logs during the startup process. If the logs indicate a successful recovery and you don't see any ""checksum failure"" errors, your data is likely safe.","PostgreSQL doesn't have a direct one-to-one equivalent to mysqlcheck because its architecture handles crashes differently. Instead of requiring a manual check, PostgreSQL uses Write-Ahead Logging (WAL) to automatically perform crash recovery every time the server starts. If the server boots up and accepts connections, the basic structural integrity is generally intact.

If you need to verify deeper integrity, you can use the amcheck extension. Once installed, it allows you to run functions like bt_index_check to verify that your B-tree indexes aren't corrupted. For physical block-level verification, pg_checksums is available, though it is typically enabled during cluster initialization and run while the server is shut down.

In most cases, the best approach is to monitor the PostgreSQL logs during the startup process. If the logs indicate a successful recovery and you don't see any ""checksum failure"" errors, your data is likely safe.",gemma-4-31b,google,True,141,955,test,gemma-4-31b-q4_k_m,final-2026-09-20,You are answering questions the way a knowledgeable person would in an online discussion. Write in plain prose. Do not restate the question or add a preamble. Begin with the answer itself.,110,170,8192,default,,end_turn,ollama-local-gemma-4-31b,2026-09-28 07:58:58.136650+00:00,31.3,gemma4:31b,q4_k_m,16384,8192,True,"{""temperature"": ""1"", ""top_k"": ""64"", ""top_p"": ""0.95""}","PostgreSQL doesn't have a direct one-to-one equivalent to mysqlcheck because its architecture handles crashes differently. Instead of requiring a manual check, PostgreSQL uses Write-Ahead Logging (WAL) to automatically perform crash recovery every time the server starts. If the server boots up and accepts connections, the basic structural integrity is generally intact.

If you need to verify deeper integrity, you can use the amcheck extension. Once installed, it allows you to run functions like bt_index_check to verify that your B-tree indexes aren't corrupted. For physical block-level verification, pg_checksums is available, though it is typically enabled during cluster initialization and run while the server is shut down.

In most cases, the best approach is to monitor the PostgreSQL logs during the startup process. If the logs indicate a successful recovery and you don't see any ""checksum failure"" errors, your data is likely safe.","PostgreSQL doesn't have a direct one-to-one equivalent to mysqlcheck because its architecture handles crashes differently. Instead of requiring a manual check, PostgreSQL uses Write-Ahead Logging (WAL) to automatically perform crash recovery every time the server starts. If the server boots up and accepts connections, the basic structural integrity is generally intact. If you need to verify deeper integrity, you can use the amcheck extension. Once installed, it allows you to run functions like bt_index_check to verify that your B-tree indexes aren't corrupted. For physical block-level verification, pg_checksums is available, though it is typically enabled during cluster initialization and run while the server is shut down. In most cases, the best approach is to monitor the PostgreSQL logs during the startup process. If the logs indicate a successful recovery and you don't see any ""checksum failure"" errors, your data is likely safe.","PostgreSQL doesn't have a direct one-to-one equivalent to mysqlcheck because its architecture handles crashes differently. Instead of requiring a manual check, PostgreSQL uses Write-Ahead Logging (WAL) to automatically perform crash recovery every time the server starts. If the server boots up and accepts connections, the basic structural integrity is generally intact. If you need to verify deeper integrity, you can use the amcheck extension. Once installed, it allows you to run functions like bt_index_check to verify that your B-tree indexes aren't corrupted. For physical block-level verification, pg_checksums is available, though it is typically enabled during cluster initialization and run while the server is shut down. In most cases, the best approach is to monitor the PostgreSQL logs during the startup process. If the logs indicate a successful recovery and you don't see any ""checksum failure"" errors, your data is likely safe.",postgresql doesn't have a direct one to one equivalent to mysqlcheck because its architecture handles crashes differently instead of requiring a manual check postgresql uses write ahead logging wal to automatically perform crash recovery every time the server starts if the server boots up and accepts connections the basic structural integrity is generally intact if you need to verify deeper integrity you can use the amcheck extension once installed it allows you to run functions like bt index check to verify that your b tree indexes aren't corrupted for physical block level verification pg checksums is available though it is typically enabled during cluster initialization and run while the server is shut down in most cases the best approach is to monitor the postgresql logs during the startup process if the logs indicate a successful recovery and you don't see any checksum failure errors your data is likely safe
technical_0074__gemma-4-31b,technical_0074,technical,"I'm currently learning SQL Server 2008 and have come across schemas and there is one thing I don't understand about them that they have to have an owner; why can't they own themselves?

My background is mostly with Java and it sounds like a schema is like a package which does not have an owner.","A schema is a logical container for database objects, not a security principal. In SQL Server, ownership is fundamentally about permissions and authority. The owner must be a principal—such as a user or a database role—because only a principal can be granted rights, hold credentials, or be held accountable for the objects within that schema. If a schema ""owned itself,"" there would be no entity with the actual administrative power to modify it or its contents.

Coming from Java, the package analogy makes sense for organization, but SQL schemas serve a dual purpose: they are both namespaces and security boundaries. While a Java package is primarily used to avoid naming collisions, a SQL schema is a tool for managing access control. By tying a schema to an owner, SQL Server ensures there is always a clear, traceable path of authority for managing permissions and the object lifecycle.","A schema is a logical container for database objects, not a security principal. In SQL Server, ownership is fundamentally about permissions and authority. The owner must be a principal—such as a user or a database role—because only a principal can be granted rights, hold credentials, or be held accountable for the objects within that schema. If a schema ""owned itself,"" there would be no entity with the actual administrative power to modify it or its contents.

Coming from Java, the package analogy makes sense for organization, but SQL schemas serve a dual purpose: they are both namespaces and security boundaries. While a Java package is primarily used to avoid naming collisions, a SQL schema is a tool for managing access control. By tying a schema to an owner, SQL Server ensures there is always a clear, traceable path of authority for managing permissions and the object lifecycle.",gemma-4-31b,google,True,147,893,test,gemma-4-31b-q4_k_m,final-2026-09-20,You are answering questions the way a knowledgeable person would in an online discussion. Write in plain prose. Do not restate the question or add a preamble. Begin with the answer itself.,110,170,8192,default,,end_turn,ollama-local-gemma-4-31b,2026-09-28 07:59:35.849196+00:00,31.3,gemma4:31b,q4_k_m,16384,8192,True,"{""temperature"": ""1"", ""top_k"": ""64"", ""top_p"": ""0.95""}","A schema is a logical container for database objects, not a security principal. In SQL Server, ownership is fundamentally about permissions and authority. The owner must be a principal - such as a user or a database role - because only a principal can be granted rights, hold credentials, or be held accountable for the objects within that schema. If a schema ""owned itself,"" there would be no entity with the actual administrative power to modify it or its contents.

Coming from Java, the package analogy makes sense for organization, but SQL schemas serve a dual purpose: they are both namespaces and security boundaries. While a Java package is primarily used to avoid naming collisions, a SQL schema is a tool for managing access control. By tying a schema to an owner, SQL Server ensures there is always a clear, traceable path of authority for managing permissions and the object lifecycle.","A schema is a logical container for database objects, not a security principal. In SQL Server, ownership is fundamentally about permissions and authority. The owner must be a principal—such as a user or a database role—because only a principal can be granted rights, hold credentials, or be held accountable for the objects within that schema. If a schema ""owned itself,"" there would be no entity with the actual administrative power to modify it or its contents. Coming from Java, the package analogy makes sense for organization, but SQL schemas serve a dual purpose: they are both namespaces and security boundaries. While a Java package is primarily used to avoid naming collisions, a SQL schema is a tool for managing access control. By tying a schema to an owner, SQL Server ensures there is always a clear, traceable path of authority for managing permissions and the object lifecycle.","A schema is a logical container for database objects, not a security principal. In SQL Server, ownership is fundamentally about permissions and authority. The owner must be a principal - such as a user or a database role - because only a principal can be granted rights, hold credentials, or be held accountable for the objects within that schema. If a schema ""owned itself,"" there would be no entity with the actual administrative power to modify it or its contents. Coming from Java, the package analogy makes sense for organization, but SQL schemas serve a dual purpose: they are both namespaces and security boundaries. While a Java package is primarily used to avoid naming collisions, a SQL schema is a tool for managing access control. By tying a schema to an owner, SQL Server ensures there is always a clear, traceable path of authority for managing permissions and the object lifecycle.",a schema is a logical container for database objects not a security principal in sql server ownership is fundamentally about permissions and authority the owner must be a principal such as a user or a database role because only a principal can be granted rights hold credentials or be held accountable for the objects within that schema if a schema owned itself there would be no entity with the actual administrative power to modify it or its contents coming from java the package analogy makes sense for organization but sql schemas serve a dual purpose they are both namespaces and security boundaries while a java package is primarily used to avoid naming collisions a sql schema is a tool for managing access control by tying a schema to an owner sql server ensures there is always a clear traceable path of authority for managing permissions and the object lifecycle
technical_0094__gemma-4-31b,technical_0094,technical,"A customer wants to rent a dedicated Server for their site. They do not need more than SQL Express 2017, for the time being, but they have been offered a dual Xeon system.

Does SQL Express install and work on a dual CPU system, albeit using just one CPU, or do they have to ask for a single CPU server?

Sorry but I haven't found an answer to this specific question.","SQL Express 2017 will install and run perfectly fine on a dual CPU system. There is no need to request a single CPU server for compatibility reasons, as the software won't block the installation or crash because of the extra hardware.

However, it is important to note that SQL Express has strict compute capacity limits. It is designed to utilize the lesser of 1 socket or 4 cores. In a dual Xeon setup, the SQL engine will simply ignore the second physical CPU and any cores beyond the limit on the first processor. 

While the operating system will recognize all the hardware and other applications on the server can utilize both CPUs, the SQL Express instance itself remains capped. If the customer anticipates significant growth, they may eventually need to upgrade to a paid edition to leverage the full power of that dual Xeon hardware. For now, the current setup works without issue.","SQL Express 2017 will install and run perfectly fine on a dual CPU system. There is no need to request a single CPU server for compatibility reasons, as the software won't block the installation or crash because of the extra hardware.

However, it is important to note that SQL Express has strict compute capacity limits. It is designed to utilize the lesser of 1 socket or 4 cores. In a dual Xeon setup, the SQL engine will simply ignore the second physical CPU and any cores beyond the limit on the first processor.

While the operating system will recognize all the hardware and other applications on the server can utilize both CPUs, the SQL Express instance itself remains capped. If the customer anticipates significant growth, they may eventually need to upgrade to a paid edition to leverage the full power of that dual Xeon hardware. For now, the current setup works without issue.",gemma-4-31b,google,True,153,891,test,gemma-4-31b-q4_k_m,final-2026-09-20,You are answering questions the way a knowledgeable person would in an online discussion. Write in plain prose. Do not restate the question or add a preamble. Begin with the answer itself.,110,170,8192,default,,end_turn,ollama-local-gemma-4-31b,2026-09-28 08:00:07.988551+00:00,31.3,gemma4:31b,q4_k_m,16384,8192,True,"{""temperature"": ""1"", ""top_k"": ""64"", ""top_p"": ""0.95""}","SQL Express 2017 will install and run perfectly fine on a dual CPU system. There is no need to request a single CPU server for compatibility reasons, as the software won't block the installation or crash because of the extra hardware.

However, it is important to note that SQL Express has strict compute capacity limits. It is designed to utilize the lesser of 1 socket or 4 cores. In a dual Xeon setup, the SQL engine will simply ignore the second physical CPU and any cores beyond the limit on the first processor.

While the operating system will recognize all the hardware and other applications on the server can utilize both CPUs, the SQL Express instance itself remains capped. If the customer anticipates significant growth, they may eventually need to upgrade to a paid edition to leverage the full power of that dual Xeon hardware. For now, the current setup works without issue.","SQL Express 2017 will install and run perfectly fine on a dual CPU system. There is no need to request a single CPU server for compatibility reasons, as the software won't block the installation or crash because of the extra hardware. However, it is important to note that SQL Express has strict compute capacity limits. It is designed to utilize the lesser of 1 socket or 4 cores. In a dual Xeon setup, the SQL engine will simply ignore the second physical CPU and any cores beyond the limit on the first processor. While the operating system will recognize all the hardware and other applications on the server can utilize both CPUs, the SQL Express instance itself remains capped. If the customer anticipates significant growth, they may eventually need to upgrade to a paid edition to leverage the full power of that dual Xeon hardware. For now, the current setup works without issue.","SQL Express 2017 will install and run perfectly fine on a dual CPU system. There is no need to request a single CPU server for compatibility reasons, as the software won't block the installation or crash because of the extra hardware. However, it is important to note that SQL Express has strict compute capacity limits. It is designed to utilize the lesser of 1 socket or 4 cores. In a dual Xeon setup, the SQL engine will simply ignore the second physical CPU and any cores beyond the limit on the first processor. While the operating system will recognize all the hardware and other applications on the server can utilize both CPUs, the SQL Express instance itself remains capped. If the customer anticipates significant growth, they may eventually need to upgrade to a paid edition to leverage the full power of that dual Xeon hardware. For now, the current setup works without issue.",sql express 2017 will install and run perfectly fine on a dual cpu system there is no need to request a single cpu server for compatibility reasons as the software won't block the installation or crash because of the extra hardware however it is important to note that sql express has strict compute capacity limits it is designed to utilize the lesser of 1 socket or 4 cores in a dual xeon setup the sql engine will simply ignore the second physical cpu and any cores beyond the limit on the first processor while the operating system will recognize all the hardware and other applications on the server can utilize both cpus the sql express instance itself remains capped if the customer anticipates significant growth they may eventually need to upgrade to a paid edition to leverage the full power of that dual xeon hardware for now the current setup works without issue
technical_0095__gemma-4-31b,technical_0095,technical,"Is it safe to assume that ordering by an auto-incrementing PK in Postgres will order the records chronologically, from a creation standpoint? I have a many to many relationship, from which I don't need to track anything else except the relationship itself and some form of order of creation. I am trying to decide whether I need to incorporate a timestamp column for this, or whether I can reutilize the existing auto-incrementing PK column for that same purpose.","In most basic applications, this approach works, but it isn't a formal guarantee of chronological order. The primary risk is that Postgres sequences do not ""fill gaps""; if a transaction starts, grabs an ID, and then rolls back, that ID is gone forever. While gaps don't break the relative order, manual inserts or data migrations can easily scramble the sequence, leaving you with IDs that don't reflect actual creation time.

If you only need a rough relative order and are certain you'll never manually override PKs, the auto-incrementing column is likely sufficient. However, if you ever need to answer ""when did this happen?"" or require strict temporal auditing, you should add a `created_at` timestamp. It is standard practice for a reason: it decouples the physical storage identity from the temporal business logic, future-proofing your schema against migrations or changes to your primary key strategy, such as switching to UUIDs.","In most basic applications, this approach works, but it isn't a formal guarantee of chronological order. The primary risk is that Postgres sequences do not ""fill gaps""; if a transaction starts, grabs an ID, and then rolls back, that ID is gone forever. While gaps don't break the relative order, manual inserts or data migrations can easily scramble the sequence, leaving you with IDs that don't reflect actual creation time.

If you only need a rough relative order and are certain you'll never manually override PKs, the auto-incrementing column is likely sufficient. However, if you ever need to answer ""when did this happen?"" or require strict temporal auditing, you should add a created_at timestamp. It is standard practice for a reason: it decouples the physical storage identity from the temporal business logic, future-proofing your schema against migrations or changes to your primary key strategy, such as switching to UUIDs.",gemma-4-31b,google,True,149,938,test,gemma-4-31b-q4_k_m,final-2026-09-20,You are answering questions the way a knowledgeable person would in an online discussion. Write in plain prose. Do not restate the question or add a preamble. Begin with the answer itself.,110,170,8192,default,,end_turn,ollama-local-gemma-4-31b,2026-09-28 08:00:37.420232+00:00,31.3,gemma4:31b,q4_k_m,16384,8192,True,"{""temperature"": ""1"", ""top_k"": ""64"", ""top_p"": ""0.95""}","In most basic applications, this approach works, but it isn't a formal guarantee of chronological order. The primary risk is that Postgres sequences do not ""fill gaps""; if a transaction starts, grabs an ID, and then rolls back, that ID is gone forever. While gaps don't break the relative order, manual inserts or data migrations can easily scramble the sequence, leaving you with IDs that don't reflect actual creation time.

If you only need a rough relative order and are certain you'll never manually override PKs, the auto-incrementing column is likely sufficient. However, if you ever need to answer ""when did this happen?"" or require strict temporal auditing, you should add a created_at timestamp. It is standard practice for a reason: it decouples the physical storage identity from the temporal business logic, future-proofing your schema against migrations or changes to your primary key strategy, such as switching to UUIDs.","In most basic applications, this approach works, but it isn't a formal guarantee of chronological order. The primary risk is that Postgres sequences do not ""fill gaps""; if a transaction starts, grabs an ID, and then rolls back, that ID is gone forever. While gaps don't break the relative order, manual inserts or data migrations can easily scramble the sequence, leaving you with IDs that don't reflect actual creation time. If you only need a rough relative order and are certain you'll never manually override PKs, the auto-incrementing column is likely sufficient. However, if you ever need to answer ""when did this happen?"" or require strict temporal auditing, you should add a created_at timestamp. It is standard practice for a reason: it decouples the physical storage identity from the temporal business logic, future-proofing your schema against migrations or changes to your primary key strategy, such as switching to UUIDs.","In most basic applications, this approach works, but it isn't a formal guarantee of chronological order. The primary risk is that Postgres sequences do not ""fill gaps""; if a transaction starts, grabs an ID, and then rolls back, that ID is gone forever. While gaps don't break the relative order, manual inserts or data migrations can easily scramble the sequence, leaving you with IDs that don't reflect actual creation time. If you only need a rough relative order and are certain you'll never manually override PKs, the auto-incrementing column is likely sufficient. However, if you ever need to answer ""when did this happen?"" or require strict temporal auditing, you should add a created_at timestamp. It is standard practice for a reason: it decouples the physical storage identity from the temporal business logic, future-proofing your schema against migrations or changes to your primary key strategy, such as switching to UUIDs.",in most basic applications this approach works but it isn't a formal guarantee of chronological order the primary risk is that postgres sequences do not fill gaps if a transaction starts grabs an id and then rolls back that id is gone forever while gaps don't break the relative order manual inserts or data migrations can easily scramble the sequence leaving you with ids that don't reflect actual creation time if you only need a rough relative order and are certain you'll never manually override pks the auto incrementing column is likely sufficient however if you ever need to answer when did this happen or require strict temporal auditing you should add a created at timestamp it is standard practice for a reason it decouples the physical storage identity from the temporal business logic future proofing your schema against migrations or changes to your primary key strategy such as switching to uuids
technical_0143__gemma-4-31b,technical_0143,technical,"Let's say for example there is an Ethernet switch, and there are four PCs connected to this switch. PC1 and PC2 are communicating with each other, and at the same time PC3 and PC4 are also communicating with each other. Obviously there is no Statistical TDM here. Also, there is only one node - the switch, so there cannot be multiple paths from source to destination.

So how does Ethernet become packet-switched? Is it because the data being exchanged are broken into packets? What are the conditions that must be satisfied to say that a network is a packet-switched network?","Ethernet is packet-switched because it avoids dedicated physical circuits. Instead, data is encapsulated into frames (packets) that the switch handles independently. In your scenario, the switch reads the destination MAC address of each frame and forwards it only to the target port. The switch's internal fabric allows it to move data between different pairs of ports simultaneously, meaning PC1 can talk to PC2 while PC3 talks to PC4 without interference.

A network is considered packet-switched when it satisfies a few key conditions: first, data must be divided into discrete packets; second, each packet must carry a header with destination addressing; and third, packets must be forwarded based on these headers rather than through pre-reserved paths. This enables statistical multiplexing, where bandwidth is shared dynamically on demand rather than divided into fixed time slots, allowing the network to maximize the efficiency of the shared physical infrastructure.","Ethernet is packet-switched because it avoids dedicated physical circuits. Instead, data is encapsulated into frames (packets) that the switch handles independently. In your scenario, the switch reads the destination MAC address of each frame and forwards it only to the target port. The switch's internal fabric allows it to move data between different pairs of ports simultaneously, meaning PC1 can talk to PC2 while PC3 talks to PC4 without interference.

A network is considered packet-switched when it satisfies a few key conditions: first, data must be divided into discrete packets; second, each packet must carry a header with destination addressing; and third, packets must be forwarded based on these headers rather than through pre-reserved paths. This enables statistical multiplexing, where bandwidth is shared dynamically on demand rather than divided into fixed time slots, allowing the network to maximize the efficiency of the shared physical infrastructure.",gemma-4-31b,google,True,145,975,test,gemma-4-31b-q4_k_m,final-2026-09-20,You are answering questions the way a knowledgeable person would in an online discussion. Write in plain prose. Do not restate the question or add a preamble. Begin with the answer itself.,110,170,8192,default,,end_turn,ollama-local-gemma-4-31b,2026-09-28 08:01:17.178241+00:00,31.3,gemma4:31b,q4_k_m,16384,8192,True,"{""temperature"": ""1"", ""top_k"": ""64"", ""top_p"": ""0.95""}","Ethernet is packet-switched because it avoids dedicated physical circuits. Instead, data is encapsulated into frames (packets) that the switch handles independently. In your scenario, the switch reads the destination MAC address of each frame and forwards it only to the target port. The switch's internal fabric allows it to move data between different pairs of ports simultaneously, meaning PC1 can talk to PC2 while PC3 talks to PC4 without interference.

A network is considered packet-switched when it satisfies a few key conditions: first, data must be divided into discrete packets; second, each packet must carry a header with destination addressing; and third, packets must be forwarded based on these headers rather than through pre-reserved paths. This enables statistical multiplexing, where bandwidth is shared dynamically on demand rather than divided into fixed time slots, allowing the network to maximize the efficiency of the shared physical infrastructure.","Ethernet is packet-switched because it avoids dedicated physical circuits. Instead, data is encapsulated into frames (packets) that the switch handles independently. In your scenario, the switch reads the destination MAC address of each frame and forwards it only to the target port. The switch's internal fabric allows it to move data between different pairs of ports simultaneously, meaning PC1 can talk to PC2 while PC3 talks to PC4 without interference. A network is considered packet-switched when it satisfies a few key conditions: first, data must be divided into discrete packets; second, each packet must carry a header with destination addressing; and third, packets must be forwarded based on these headers rather than through pre-reserved paths. This enables statistical multiplexing, where bandwidth is shared dynamically on demand rather than divided into fixed time slots, allowing the network to maximize the efficiency of the shared physical infrastructure.","Ethernet is packet-switched because it avoids dedicated physical circuits. Instead, data is encapsulated into frames (packets) that the switch handles independently. In your scenario, the switch reads the destination MAC address of each frame and forwards it only to the target port. The switch's internal fabric allows it to move data between different pairs of ports simultaneously, meaning PC1 can talk to PC2 while PC3 talks to PC4 without interference. A network is considered packet-switched when it satisfies a few key conditions: first, data must be divided into discrete packets; second, each packet must carry a header with destination addressing; and third, packets must be forwarded based on these headers rather than through pre-reserved paths. This enables statistical multiplexing, where bandwidth is shared dynamically on demand rather than divided into fixed time slots, allowing the network to maximize the efficiency of the shared physical infrastructure.",ethernet is packet switched because it avoids dedicated physical circuits instead data is encapsulated into frames packets that the switch handles independently in your scenario the switch reads the destination mac address of each frame and forwards it only to the target port the switch's internal fabric allows it to move data between different pairs of ports simultaneously meaning pc1 can talk to pc2 while pc3 talks to pc4 without interference a network is considered packet switched when it satisfies a few key conditions first data must be divided into discrete packets second each packet must carry a header with destination addressing and third packets must be forwarded based on these headers rather than through pre reserved paths this enables statistical multiplexing where bandwidth is shared dynamically on demand rather than divided into fixed time slots allowing the network to maximize the efficiency of the shared physical infrastructure
technical_0146__gemma-4-31b,technical_0146,technical,"Forgive me if this is a dumb question but I'm relatively new to the carrier networking world. We own a block of IP addresses, say a /18 and we advertise various /20s, /24s, /23s, etc all over the world. I want to know ""what's available"" from our space as in if there are portions that we are not advertising.

What I could do is download a text dump of the entire BGP routing table and grep for the /18, /19s, /20s, ... , /24s and see if there are any matches but there has to be a better way.

We use Juniper so I popped into a router and ran show route protocol bgp FIRST_IP_OF_18 but it only gave me a route to the first thing we advertise.","Routers only tell you what exists, not what doesn't, so you can't find ""holes"" using standard CLI commands. To figure out what's available, you need to treat this as a subtraction problem: your total /18 minus your advertised prefixes.

The best way is to use an IP Address Management (IPAM) tool, which acts as your source of truth. If you don't have one, you can pull a list of your currently announced prefixes from your configuration or a BGP table dump and run them through a script. Using Python's `ipaddress` module is perfect for this; you can define the /18 and subtract the smaller blocks to see the remaining gaps. For a quick external check, tools like Hurricane Electric’s BGP Toolkit or RIPE Stat can show you what the world sees, but a local script against your actual config is the only way to be 100% sure.","Routers only tell you what exists, not what doesn't, so you can't find ""holes"" using standard CLI commands. To figure out what's available, you need to treat this as a subtraction problem: your total /18 minus your advertised prefixes.

The best way is to use an IP Address Management (IPAM) tool, which acts as your source of truth. If you don't have one, you can pull a list of your currently announced prefixes from your configuration or a BGP table dump and run them through a script. Using Python's ipaddress module is perfect for this; you can define the /18 and subtract the smaller blocks to see the remaining gaps. For a quick external check, tools like Hurricane Electric's BGP Toolkit or RIPE Stat can show you what the world sees, but a local script against your actual config is the only way to be 100% sure.",gemma-4-31b,google,True,147,823,test,gemma-4-31b-q4_k_m,final-2026-09-20,You are answering questions the way a knowledgeable person would in an online discussion. Write in plain prose. Do not restate the question or add a preamble. Begin with the answer itself.,110,170,8192,default,,end_turn,ollama-local-gemma-4-31b,2026-09-28 08:02:04.038226+00:00,31.3,gemma4:31b,q4_k_m,16384,8192,True,"{""temperature"": ""1"", ""top_k"": ""64"", ""top_p"": ""0.95""}","Routers only tell you what exists, not what doesn't, so you can't find ""holes"" using standard CLI commands. To figure out what's available, you need to treat this as a subtraction problem: your total /18 minus your advertised prefixes.

The best way is to use an IP Address Management (IPAM) tool, which acts as your source of truth. If you don't have one, you can pull a list of your currently announced prefixes from your configuration or a BGP table dump and run them through a script. Using Python's ipaddress module is perfect for this; you can define the /18 and subtract the smaller blocks to see the remaining gaps. For a quick external check, tools like Hurricane Electric's BGP Toolkit or RIPE Stat can show you what the world sees, but a local script against your actual config is the only way to be 100% sure.","Routers only tell you what exists, not what doesn't, so you can't find ""holes"" using standard CLI commands. To figure out what's available, you need to treat this as a subtraction problem: your total /18 minus your advertised prefixes. The best way is to use an IP Address Management (IPAM) tool, which acts as your source of truth. If you don't have one, you can pull a list of your currently announced prefixes from your configuration or a BGP table dump and run them through a script. Using Python's ipaddress module is perfect for this; you can define the /18 and subtract the smaller blocks to see the remaining gaps. For a quick external check, tools like Hurricane Electric's BGP Toolkit or RIPE Stat can show you what the world sees, but a local script against your actual config is the only way to be 100% sure.","Routers only tell you what exists, not what doesn't, so you can't find ""holes"" using standard CLI commands. To figure out what's available, you need to treat this as a subtraction problem: your total /18 minus your advertised prefixes. The best way is to use an IP Address Management (IPAM) tool, which acts as your source of truth. If you don't have one, you can pull a list of your currently announced prefixes from your configuration or a BGP table dump and run them through a script. Using Python's ipaddress module is perfect for this; you can define the /18 and subtract the smaller blocks to see the remaining gaps. For a quick external check, tools like Hurricane Electric's BGP Toolkit or RIPE Stat can show you what the world sees, but a local script against your actual config is the only way to be 100% sure.",routers only tell you what exists not what doesn't so you can't find holes using standard cli commands to figure out what's available you need to treat this as a subtraction problem your total 18 minus your advertised prefixes the best way is to use an ip address management ipam tool which acts as your source of truth if you don't have one you can pull a list of your currently announced prefixes from your configuration or a bgp table dump and run them through a script using python's ipaddress module is perfect for this you can define the 18 and subtract the smaller blocks to see the remaining gaps for a quick external check tools like hurricane electric's bgp toolkit or ripe stat can show you what the world sees but a local script against your actual config is the only way to be 100 sure
technical_0148__gemma-4-31b,technical_0148,technical,What might be difference between sslvpn and site-site vpn . Which one among two is secure and it's significance,"SSL VPNs and Site-to-Site VPNs serve fundamentally different purposes. An SSL VPN connects an individual user to a corporate network, typically via a web browser or a small client app. It's ideal for remote work because it allows for granular access control, limiting users to specific applications. In contrast, a Site-to-Site VPN connects two entire networks, such as a branch office to a main headquarters, using dedicated hardware gateways. This connection is transparent to the end-user; once the tunnel is established, devices communicate as if they are on the same local network.

Neither is inherently ""more secure,"" as both rely on strong encryption. However, SSL VPNs are often more flexible for security because they better support the principle of least privilege. Site-to-Site VPNs are significant for corporate infrastructure, providing a permanent, seamless link between offices. The choice depends on whether you are connecting a mobile employee or an entire physical location.","SSL VPNs and Site-to-Site VPNs serve fundamentally different purposes. An SSL VPN connects an individual user to a corporate network, typically via a web browser or a small client app. It's ideal for remote work because it allows for granular access control, limiting users to specific applications. In contrast, a Site-to-Site VPN connects two entire networks, such as a branch office to a main headquarters, using dedicated hardware gateways. This connection is transparent to the end-user; once the tunnel is established, devices communicate as if they are on the same local network.

Neither is inherently ""more secure,"" as both rely on strong encryption. However, SSL VPNs are often more flexible for security because they better support the principle of least privilege. Site-to-Site VPNs are significant for corporate infrastructure, providing a permanent, seamless link between offices. The choice depends on whether you are connecting a mobile employee or an entire physical location.",gemma-4-31b,google,True,151,993,test,gemma-4-31b-q4_k_m,final-2026-09-20,You are answering questions the way a knowledgeable person would in an online discussion. Write in plain prose. Do not restate the question or add a preamble. Begin with the answer itself.,110,170,8192,default,,end_turn,ollama-local-gemma-4-31b,2026-09-28 08:02:38.640452+00:00,31.3,gemma4:31b,q4_k_m,16384,8192,True,"{""temperature"": ""1"", ""top_k"": ""64"", ""top_p"": ""0.95""}","SSL VPNs and Site-to-Site VPNs serve fundamentally different purposes. An SSL VPN connects an individual user to a corporate network, typically via a web browser or a small client app. It's ideal for remote work because it allows for granular access control, limiting users to specific applications. In contrast, a Site-to-Site VPN connects two entire networks, such as a branch office to a main headquarters, using dedicated hardware gateways. This connection is transparent to the end-user; once the tunnel is established, devices communicate as if they are on the same local network.

Neither is inherently ""more secure,"" as both rely on strong encryption. However, SSL VPNs are often more flexible for security because they better support the principle of least privilege. Site-to-Site VPNs are significant for corporate infrastructure, providing a permanent, seamless link between offices. The choice depends on whether you are connecting a mobile employee or an entire physical location.","SSL VPNs and Site-to-Site VPNs serve fundamentally different purposes. An SSL VPN connects an individual user to a corporate network, typically via a web browser or a small client app. It's ideal for remote work because it allows for granular access control, limiting users to specific applications. In contrast, a Site-to-Site VPN connects two entire networks, such as a branch office to a main headquarters, using dedicated hardware gateways. This connection is transparent to the end-user; once the tunnel is established, devices communicate as if they are on the same local network. Neither is inherently ""more secure,"" as both rely on strong encryption. However, SSL VPNs are often more flexible for security because they better support the principle of least privilege. Site-to-Site VPNs are significant for corporate infrastructure, providing a permanent, seamless link between offices. The choice depends on whether you are connecting a mobile employee or an entire physical location.","SSL VPNs and Site-to-Site VPNs serve fundamentally different purposes. An SSL VPN connects an individual user to a corporate network, typically via a web browser or a small client app. It's ideal for remote work because it allows for granular access control, limiting users to specific applications. In contrast, a Site-to-Site VPN connects two entire networks, such as a branch office to a main headquarters, using dedicated hardware gateways. This connection is transparent to the end-user; once the tunnel is established, devices communicate as if they are on the same local network. Neither is inherently ""more secure,"" as both rely on strong encryption. However, SSL VPNs are often more flexible for security because they better support the principle of least privilege. Site-to-Site VPNs are significant for corporate infrastructure, providing a permanent, seamless link between offices. The choice depends on whether you are connecting a mobile employee or an entire physical location.",ssl vpns and site to site vpns serve fundamentally different purposes an ssl vpn connects an individual user to a corporate network typically via a web browser or a small client app it's ideal for remote work because it allows for granular access control limiting users to specific applications in contrast a site to site vpn connects two entire networks such as a branch office to a main headquarters using dedicated hardware gateways this connection is transparent to the end user once the tunnel is established devices communicate as if they are on the same local network neither is inherently more secure as both rely on strong encryption however ssl vpns are often more flexible for security because they better support the principle of least privilege site to site vpns are significant for corporate infrastructure providing a permanent seamless link between offices the choice depends on whether you are connecting a mobile employee or an entire physical location
technical_0155__gemma-4-31b,technical_0155,technical,"My company has recently switched to an Agile way of working and as a part of it we've started using SCRUM. While I'm very comfortable with it and feel that this way is superior to a traditional one, some of my teammates don't share the same opinion. In fact they are very skeptical about ""all that agile stuff"", and don't take it seriously. As an example, one of the teammates is always late on the meetings, and doesn't really care about it. The management IMO tries not to notice this (maybe because it's new, and it takes time for the people to get used to it).

My question is, how to address this issue while not raising a conflict inside the team?","Focus on the Sprint Retrospective. It’s the built-in mechanism for these exact conversations. Instead of framing the lateness as a ""Scrum rule"" violation, frame it as a team efficiency problem. During the Retro, you could say, ""I've noticed we're starting our dailies a few minutes late, which pushes our whole day back. How can we ensure we all start on time?"" This shifts the focus from an individual's failure to a collective goal.

Additionally, avoid ""selling"" Agile. Skeptics often hate the jargon. Instead, let the results speak for themselves. When a sprint is successfully completed or a bottleneck is removed because of the new process, highlight that win. Once they see it actually makes their lives easier—rather than just being ""more meetings""—they'll likely buy in naturally. Resistance usually fades when the tangible benefits, like fewer last-minute crunches, outweigh the perceived overhead.","Focus on the Sprint Retrospective. It's the built-in mechanism for these exact conversations. Instead of framing the lateness as a ""Scrum rule"" violation, frame it as a team efficiency problem. During the Retro, you could say, ""I've noticed we're starting our dailies a few minutes late, which pushes our whole day back. How can we ensure we all start on time?"" This shifts the focus from an individual's failure to a collective goal.

Additionally, avoid ""selling"" Agile. Skeptics often hate the jargon. Instead, let the results speak for themselves. When a sprint is successfully completed or a bottleneck is removed because of the new process, highlight that win. Once they see it actually makes their lives easier—rather than just being ""more meetings""—they'll likely buy in naturally. Resistance usually fades when the tangible benefits, like fewer last-minute crunches, outweigh the perceived overhead.",gemma-4-31b,google,True,141,908,test,gemma-4-31b-q4_k_m,final-2026-09-20,You are answering questions the way a knowledgeable person would in an online discussion. Write in plain prose. Do not restate the question or add a preamble. Begin with the answer itself.,110,170,8192,default,,end_turn,ollama-local-gemma-4-31b,2026-09-28 08:03:10.310875+00:00,31.3,gemma4:31b,q4_k_m,16384,8192,True,"{""temperature"": ""1"", ""top_k"": ""64"", ""top_p"": ""0.95""}","Focus on the Sprint Retrospective. It's the built-in mechanism for these exact conversations. Instead of framing the lateness as a ""Scrum rule"" violation, frame it as a team efficiency problem. During the Retro, you could say, ""I've noticed we're starting our dailies a few minutes late, which pushes our whole day back. How can we ensure we all start on time?"" This shifts the focus from an individual's failure to a collective goal.

Additionally, avoid ""selling"" Agile. Skeptics often hate the jargon. Instead, let the results speak for themselves. When a sprint is successfully completed or a bottleneck is removed because of the new process, highlight that win. Once they see it actually makes their lives easier - rather than just being ""more meetings"" - they'll likely buy in naturally. Resistance usually fades when the tangible benefits, like fewer last-minute crunches, outweigh the perceived overhead.","Focus on the Sprint Retrospective. It's the built-in mechanism for these exact conversations. Instead of framing the lateness as a ""Scrum rule"" violation, frame it as a team efficiency problem. During the Retro, you could say, ""I've noticed we're starting our dailies a few minutes late, which pushes our whole day back. How can we ensure we all start on time?"" This shifts the focus from an individual's failure to a collective goal. Additionally, avoid ""selling"" Agile. Skeptics often hate the jargon. Instead, let the results speak for themselves. When a sprint is successfully completed or a bottleneck is removed because of the new process, highlight that win. Once they see it actually makes their lives easier—rather than just being ""more meetings""—they'll likely buy in naturally. Resistance usually fades when the tangible benefits, like fewer last-minute crunches, outweigh the perceived overhead.","Focus on the Sprint Retrospective. It's the built-in mechanism for these exact conversations. Instead of framing the lateness as a ""Scrum rule"" violation, frame it as a team efficiency problem. During the Retro, you could say, ""I've noticed we're starting our dailies a few minutes late, which pushes our whole day back. How can we ensure we all start on time?"" This shifts the focus from an individual's failure to a collective goal. Additionally, avoid ""selling"" Agile. Skeptics often hate the jargon. Instead, let the results speak for themselves. When a sprint is successfully completed or a bottleneck is removed because of the new process, highlight that win. Once they see it actually makes their lives easier - rather than just being ""more meetings"" - they'll likely buy in naturally. Resistance usually fades when the tangible benefits, like fewer last-minute crunches, outweigh the perceived overhead.",focus on the sprint retrospective it's the built in mechanism for these exact conversations instead of framing the lateness as a scrum rule violation frame it as a team efficiency problem during the retro you could say i've noticed we're starting our dailies a few minutes late which pushes our whole day back how can we ensure we all start on time this shifts the focus from an individual's failure to a collective goal additionally avoid selling agile skeptics often hate the jargon instead let the results speak for themselves when a sprint is successfully completed or a bottleneck is removed because of the new process highlight that win once they see it actually makes their lives easier rather than just being more meetings they'll likely buy in naturally resistance usually fades when the tangible benefits like fewer last minute crunches outweigh the perceived overhead
technical_0156__gemma-4-31b,technical_0156,technical,"In an ideal world it is preferrable to meet the deadline with less bugs. But from your experience which is more preferrable/acceptable:

Meet the deadline but has a number of bugs because developer rush into things

Less bugs but not quite meet the deadline because the developer is very rigorous in writing the code","In my experience, it is far more acceptable to miss a deadline slightly than to ship a product riddled with bugs. Shipping buggy code is a recipe for disaster; once a user encounters critical failures, their trust in the software—and the developer—evaporates instantly. It is significantly more expensive and stressful to patch bugs in a live environment while managing angry stakeholders than it is to spend extra time ensuring stability during development.

However, the real secret is managing expectations. If you realize the deadline is unrealistic for the required quality, you shouldn't just work slowly in silence. You must either communicate the delay early or, ideally, reduce the project scope. It is always better to deliver a smaller set of fully functional, polished features on time than to deliver a complete feature list that doesn't actually work. Quality is a core feature; without it, the deadline is irrelevant.","In my experience, it is far more acceptable to miss a deadline slightly than to ship a product riddled with bugs. Shipping buggy code is a recipe for disaster; once a user encounters critical failures, their trust in the software—and the developer—evaporates instantly. It is significantly more expensive and stressful to patch bugs in a live environment while managing angry stakeholders than it is to spend extra time ensuring stability during development.

However, the real secret is managing expectations. If you realize the deadline is unrealistic for the required quality, you shouldn't just work slowly in silence. You must either communicate the delay early or, ideally, reduce the project scope. It is always better to deliver a smaller set of fully functional, polished features on time than to deliver a complete feature list that doesn't actually work. Quality is a core feature; without it, the deadline is irrelevant.",gemma-4-31b,google,True,148,932,test,gemma-4-31b-q4_k_m,final-2026-09-20,You are answering questions the way a knowledgeable person would in an online discussion. Write in plain prose. Do not restate the question or add a preamble. Begin with the answer itself.,110,170,8192,default,,end_turn,ollama-local-gemma-4-31b,2026-09-28 08:03:41.697271+00:00,31.3,gemma4:31b,q4_k_m,16384,8192,True,"{""temperature"": ""1"", ""top_k"": ""64"", ""top_p"": ""0.95""}","In my experience, it is far more acceptable to miss a deadline slightly than to ship a product riddled with bugs. Shipping buggy code is a recipe for disaster; once a user encounters critical failures, their trust in the software - and the developer - evaporates instantly. It is significantly more expensive and stressful to patch bugs in a live environment while managing angry stakeholders than it is to spend extra time ensuring stability during development.

However, the real secret is managing expectations. If you realize the deadline is unrealistic for the required quality, you shouldn't just work slowly in silence. You must either communicate the delay early or, ideally, reduce the project scope. It is always better to deliver a smaller set of fully functional, polished features on time than to deliver a complete feature list that doesn't actually work. Quality is a core feature; without it, the deadline is irrelevant.","In my experience, it is far more acceptable to miss a deadline slightly than to ship a product riddled with bugs. Shipping buggy code is a recipe for disaster; once a user encounters critical failures, their trust in the software—and the developer—evaporates instantly. It is significantly more expensive and stressful to patch bugs in a live environment while managing angry stakeholders than it is to spend extra time ensuring stability during development. However, the real secret is managing expectations. If you realize the deadline is unrealistic for the required quality, you shouldn't just work slowly in silence. You must either communicate the delay early or, ideally, reduce the project scope. It is always better to deliver a smaller set of fully functional, polished features on time than to deliver a complete feature list that doesn't actually work. Quality is a core feature; without it, the deadline is irrelevant.","In my experience, it is far more acceptable to miss a deadline slightly than to ship a product riddled with bugs. Shipping buggy code is a recipe for disaster; once a user encounters critical failures, their trust in the software - and the developer - evaporates instantly. It is significantly more expensive and stressful to patch bugs in a live environment while managing angry stakeholders than it is to spend extra time ensuring stability during development. However, the real secret is managing expectations. If you realize the deadline is unrealistic for the required quality, you shouldn't just work slowly in silence. You must either communicate the delay early or, ideally, reduce the project scope. It is always better to deliver a smaller set of fully functional, polished features on time than to deliver a complete feature list that doesn't actually work. Quality is a core feature; without it, the deadline is irrelevant.",in my experience it is far more acceptable to miss a deadline slightly than to ship a product riddled with bugs shipping buggy code is a recipe for disaster once a user encounters critical failures their trust in the software and the developer evaporates instantly it is significantly more expensive and stressful to patch bugs in a live environment while managing angry stakeholders than it is to spend extra time ensuring stability during development however the real secret is managing expectations if you realize the deadline is unrealistic for the required quality you shouldn't just work slowly in silence you must either communicate the delay early or ideally reduce the project scope it is always better to deliver a smaller set of fully functional polished features on time than to deliver a complete feature list that doesn't actually work quality is a core feature without it the deadline is irrelevant
technical_0157__gemma-4-31b,technical_0157,technical,"For a project I am working I want to implement a small prototype to try things out, demonstrate some functionality to the client and learn some frameworks used in the project.

Do you have any suggestions or do you know of best practices for implementing such a prototype?

Some more details:

The application will be a complex web app

I have to implement a mechanism where the server pushes data to subscribed clients (the data will be generated by some events)

I want to write a prototype which implements exactly this behaviour but nothing more","For a focused prototype like this, the golden rule is to avoid over-engineering. Since you only need server-to-client pushes, don't waste time on complex authentication or a full database; use mock data and hardcoded IDs. For the tech stack, I'd recommend WebSockets via Socket.io or Server-Sent Events (SSE), depending on whether you need bidirectional communication. SSE is often simpler if you only need one-way pushes.

To simulate the events, a simple Redis Pub/Sub setup is ideal because it decouples the event trigger from the delivery mechanism, mimicking how a real complex app would actually function. Keep your frontend minimal—just a simple list that updates in real-time. This allows you to isolate the networking logic and framework learning without getting bogged down in UI polish. Focus on the ""happy path"" first, and only add robust error handling once the core push mechanism is proven to your client.","For a focused prototype like this, the golden rule is to avoid over-engineering. Since you only need server-to-client pushes, don't waste time on complex authentication or a full database; use mock data and hardcoded IDs. For the tech stack, I'd recommend WebSockets via Socket.io or Server-Sent Events (SSE), depending on whether you need bidirectional communication. SSE is often simpler if you only need one-way pushes.

To simulate the events, a simple Redis Pub/Sub setup is ideal because it decouples the event trigger from the delivery mechanism, mimicking how a real complex app would actually function. Keep your frontend minimal—just a simple list that updates in real-time. This allows you to isolate the networking logic and framework learning without getting bogged down in UI polish. Focus on the ""happy path"" first, and only add robust error handling once the core push mechanism is proven to your client.",gemma-4-31b,google,True,146,920,test,gemma-4-31b-q4_k_m,final-2026-09-20,You are answering questions the way a knowledgeable person would in an online discussion. Write in plain prose. Do not restate the question or add a preamble. Begin with the answer itself.,110,170,8192,default,,end_turn,ollama-local-gemma-4-31b,2026-09-28 08:04:17.938588+00:00,31.3,gemma4:31b,q4_k_m,16384,8192,True,"{""temperature"": ""1"", ""top_k"": ""64"", ""top_p"": ""0.95""}","For a focused prototype like this, the golden rule is to avoid over-engineering. Since you only need server-to-client pushes, don't waste time on complex authentication or a full database; use mock data and hardcoded IDs. For the tech stack, I'd recommend WebSockets via Socket.io or Server-Sent Events (SSE), depending on whether you need bidirectional communication. SSE is often simpler if you only need one-way pushes.

To simulate the events, a simple Redis Pub/Sub setup is ideal because it decouples the event trigger from the delivery mechanism, mimicking how a real complex app would actually function. Keep your frontend minimal - just a simple list that updates in real-time. This allows you to isolate the networking logic and framework learning without getting bogged down in UI polish. Focus on the ""happy path"" first, and only add robust error handling once the core push mechanism is proven to your client.","For a focused prototype like this, the golden rule is to avoid over-engineering. Since you only need server-to-client pushes, don't waste time on complex authentication or a full database; use mock data and hardcoded IDs. For the tech stack, I'd recommend WebSockets via Socket.io or Server-Sent Events (SSE), depending on whether you need bidirectional communication. SSE is often simpler if you only need one-way pushes. To simulate the events, a simple Redis Pub/Sub setup is ideal because it decouples the event trigger from the delivery mechanism, mimicking how a real complex app would actually function. Keep your frontend minimal—just a simple list that updates in real-time. This allows you to isolate the networking logic and framework learning without getting bogged down in UI polish. Focus on the ""happy path"" first, and only add robust error handling once the core push mechanism is proven to your client.","For a focused prototype like this, the golden rule is to avoid over-engineering. Since you only need server-to-client pushes, don't waste time on complex authentication or a full database; use mock data and hardcoded IDs. For the tech stack, I'd recommend WebSockets via Socket.io or Server-Sent Events (SSE), depending on whether you need bidirectional communication. SSE is often simpler if you only need one-way pushes. To simulate the events, a simple Redis Pub/Sub setup is ideal because it decouples the event trigger from the delivery mechanism, mimicking how a real complex app would actually function. Keep your frontend minimal - just a simple list that updates in real-time. This allows you to isolate the networking logic and framework learning without getting bogged down in UI polish. Focus on the ""happy path"" first, and only add robust error handling once the core push mechanism is proven to your client.",for a focused prototype like this the golden rule is to avoid over engineering since you only need server to client pushes don't waste time on complex authentication or a full database use mock data and hardcoded ids for the tech stack i'd recommend websockets via socket io or server sent events sse depending on whether you need bidirectional communication sse is often simpler if you only need one way pushes to simulate the events a simple redis pub sub setup is ideal because it decouples the event trigger from the delivery mechanism mimicking how a real complex app would actually function keep your frontend minimal just a simple list that updates in real time this allows you to isolate the networking logic and framework learning without getting bogged down in ui polish focus on the happy path first and only add robust error handling once the core push mechanism is proven to your client
technical_0166__gemma-4-31b,technical_0166,technical,"I understand the difference between the two, but I get questioned by my colleagues of the benefit of labeling requirements as functional or nonfunctional (or transitional). Why bother to do so? He spent what he said was two days going through a list of requirements for one project, and saw no benefit to it, because the end result was to submit the document to another business entity with the edict, ""Do it all.""

What I fear is requirements lumped together in one document. I tried to explain the benefit in practical terms, but couldn't sell it. How do I sell the benefit of documenting which requirements are functional and which are nonfunctional.","The problem with a ""do it all"" approach is that it obscures systemic risk. Functional requirements define *what* the system does, but non-functional requirements (NFRs) define *how* it performs. If you lump them together, you risk delivering a product that executes every feature perfectly but crashes under load or fails a security audit because those constraints weren't prioritized as architectural drivers.

Practically, labeling dictates how you validate the project. You test a functional requirement with a user story, but you validate an NFR with a stress test or a penetration audit. Furthermore, NFRs often dictate the entire tech stack and infrastructure. If developers treat a performance requirement as just another ""feature"" in a long list, they may overlook the fundamental architectural changes needed to support it. Labeling isn't about bookkeeping; it’s about ensuring the system is actually viable and sustainable in a production environment.","The problem with a ""do it all"" approach is that it obscures systemic risk. Functional requirements define what the system does, but non-functional requirements (NFRs) define how it performs. If you lump them together, you risk delivering a product that executes every feature perfectly but crashes under load or fails a security audit because those constraints weren't prioritized as architectural drivers.

Practically, labeling dictates how you validate the project. You test a functional requirement with a user story, but you validate an NFR with a stress test or a penetration audit. Furthermore, NFRs often dictate the entire tech stack and infrastructure. If developers treat a performance requirement as just another ""feature"" in a long list, they may overlook the fundamental architectural changes needed to support it. Labeling isn't about bookkeeping; it's about ensuring the system is actually viable and sustainable in a production environment.",gemma-4-31b,google,True,144,961,test,gemma-4-31b-q4_k_m,final-2026-09-20,You are answering questions the way a knowledgeable person would in an online discussion. Write in plain prose. Do not restate the question or add a preamble. Begin with the answer itself.,110,170,8192,default,,end_turn,ollama-local-gemma-4-31b,2026-09-28 08:04:53.073440+00:00,31.3,gemma4:31b,q4_k_m,16384,8192,True,"{""temperature"": ""1"", ""top_k"": ""64"", ""top_p"": ""0.95""}","The problem with a ""do it all"" approach is that it obscures systemic risk. Functional requirements define what the system does, but non-functional requirements (NFRs) define how it performs. If you lump them together, you risk delivering a product that executes every feature perfectly but crashes under load or fails a security audit because those constraints weren't prioritized as architectural drivers.

Practically, labeling dictates how you validate the project. You test a functional requirement with a user story, but you validate an NFR with a stress test or a penetration audit. Furthermore, NFRs often dictate the entire tech stack and infrastructure. If developers treat a performance requirement as just another ""feature"" in a long list, they may overlook the fundamental architectural changes needed to support it. Labeling isn't about bookkeeping; it's about ensuring the system is actually viable and sustainable in a production environment.","The problem with a ""do it all"" approach is that it obscures systemic risk. Functional requirements define what the system does, but non-functional requirements (NFRs) define how it performs. If you lump them together, you risk delivering a product that executes every feature perfectly but crashes under load or fails a security audit because those constraints weren't prioritized as architectural drivers. Practically, labeling dictates how you validate the project. You test a functional requirement with a user story, but you validate an NFR with a stress test or a penetration audit. Furthermore, NFRs often dictate the entire tech stack and infrastructure. If developers treat a performance requirement as just another ""feature"" in a long list, they may overlook the fundamental architectural changes needed to support it. Labeling isn't about bookkeeping; it's about ensuring the system is actually viable and sustainable in a production environment.","The problem with a ""do it all"" approach is that it obscures systemic risk. Functional requirements define what the system does, but non-functional requirements (NFRs) define how it performs. If you lump them together, you risk delivering a product that executes every feature perfectly but crashes under load or fails a security audit because those constraints weren't prioritized as architectural drivers. Practically, labeling dictates how you validate the project. You test a functional requirement with a user story, but you validate an NFR with a stress test or a penetration audit. Furthermore, NFRs often dictate the entire tech stack and infrastructure. If developers treat a performance requirement as just another ""feature"" in a long list, they may overlook the fundamental architectural changes needed to support it. Labeling isn't about bookkeeping; it's about ensuring the system is actually viable and sustainable in a production environment.",the problem with a do it all approach is that it obscures systemic risk functional requirements define what the system does but non functional requirements nfrs define how it performs if you lump them together you risk delivering a product that executes every feature perfectly but crashes under load or fails a security audit because those constraints weren't prioritized as architectural drivers practically labeling dictates how you validate the project you test a functional requirement with a user story but you validate an nfr with a stress test or a penetration audit furthermore nfrs often dictate the entire tech stack and infrastructure if developers treat a performance requirement as just another feature in a long list they may overlook the fundamental architectural changes needed to support it labeling isn't about bookkeeping it's about ensuring the system is actually viable and sustainable in a production environment
technical_0167__gemma-4-31b,technical_0167,technical,What tools / methodologies / strategies do you use to keep organized in doing your work as a developer? Can you provide details?,"I rely on a combination of a task tracker and a personal knowledge base. For project management, I use Linear or Trello to maintain a Kanban board, which helps me visualize my workflow and prioritize tickets. For documentation and brainstorming, Notion or Obsidian is indispensable; I keep a ""digital garden"" of code snippets, architectural decisions, and a daily log. In terms of strategy, I swear by atomic commits in Git. Keeping commits small and focused makes debugging and code reviews significantly easier. I also use time-blocking on my calendar to dedicate deep-work slots to complex features, preventing the constant fragmentation caused by meetings. Finally, I maintain a rigorous README standard for every project. This ensures that anyone—including my future self—can get the environment running in minutes without digging through old notes. This system balances high-level tracking with granular execution.","I rely on a combination of a task tracker and a personal knowledge base. For project management, I use Linear or Trello to maintain a Kanban board, which helps me visualize my workflow and prioritize tickets. For documentation and brainstorming, Notion or Obsidian is indispensable; I keep a ""digital garden"" of code snippets, architectural decisions, and a daily log. In terms of strategy, I swear by atomic commits in Git. Keeping commits small and focused makes debugging and code reviews significantly easier. I also use time-blocking on my calendar to dedicate deep-work slots to complex features, preventing the constant fragmentation caused by meetings. Finally, I maintain a rigorous README standard for every project. This ensures that anyone—including my future self—can get the environment running in minutes without digging through old notes. This system balances high-level tracking with granular execution.",gemma-4-31b,google,True,139,920,test,gemma-4-31b-q4_k_m,final-2026-09-20,You are answering questions the way a knowledgeable person would in an online discussion. Write in plain prose. Do not restate the question or add a preamble. Begin with the answer itself.,110,170,8192,default,,end_turn,ollama-local-gemma-4-31b,2026-09-28 08:06:01.000314+00:00,31.3,gemma4:31b,q4_k_m,16384,8192,True,"{""temperature"": ""1"", ""top_k"": ""64"", ""top_p"": ""0.95""}","I rely on a combination of a task tracker and a personal knowledge base. For project management, I use Linear or Trello to maintain a Kanban board, which helps me visualize my workflow and prioritize tickets. For documentation and brainstorming, Notion or Obsidian is indispensable; I keep a ""digital garden"" of code snippets, architectural decisions, and a daily log. In terms of strategy, I swear by atomic commits in Git. Keeping commits small and focused makes debugging and code reviews significantly easier. I also use time-blocking on my calendar to dedicate deep-work slots to complex features, preventing the constant fragmentation caused by meetings. Finally, I maintain a rigorous README standard for every project. This ensures that anyone - including my future self - can get the environment running in minutes without digging through old notes. This system balances high-level tracking with granular execution.","I rely on a combination of a task tracker and a personal knowledge base. For project management, I use Linear or Trello to maintain a Kanban board, which helps me visualize my workflow and prioritize tickets. For documentation and brainstorming, Notion or Obsidian is indispensable; I keep a ""digital garden"" of code snippets, architectural decisions, and a daily log. In terms of strategy, I swear by atomic commits in Git. Keeping commits small and focused makes debugging and code reviews significantly easier. I also use time-blocking on my calendar to dedicate deep-work slots to complex features, preventing the constant fragmentation caused by meetings. Finally, I maintain a rigorous README standard for every project. This ensures that anyone—including my future self—can get the environment running in minutes without digging through old notes. This system balances high-level tracking with granular execution.","I rely on a combination of a task tracker and a personal knowledge base. For project management, I use Linear or Trello to maintain a Kanban board, which helps me visualize my workflow and prioritize tickets. For documentation and brainstorming, Notion or Obsidian is indispensable; I keep a ""digital garden"" of code snippets, architectural decisions, and a daily log. In terms of strategy, I swear by atomic commits in Git. Keeping commits small and focused makes debugging and code reviews significantly easier. I also use time-blocking on my calendar to dedicate deep-work slots to complex features, preventing the constant fragmentation caused by meetings. Finally, I maintain a rigorous README standard for every project. This ensures that anyone - including my future self - can get the environment running in minutes without digging through old notes. This system balances high-level tracking with granular execution.",i rely on a combination of a task tracker and a personal knowledge base for project management i use linear or trello to maintain a kanban board which helps me visualize my workflow and prioritize tickets for documentation and brainstorming notion or obsidian is indispensable i keep a digital garden of code snippets architectural decisions and a daily log in terms of strategy i swear by atomic commits in git keeping commits small and focused makes debugging and code reviews significantly easier i also use time blocking on my calendar to dedicate deep work slots to complex features preventing the constant fragmentation caused by meetings finally i maintain a rigorous readme standard for every project this ensures that anyone including my future self can get the environment running in minutes without digging through old notes this system balances high level tracking with granular execution
technical_0184__gemma-4-31b,technical_0184,technical,"I have a very small and basic web site on a web server. Usually I'm doing the changes on a localhost where the development version is, and after that I upload it to the server with FileZilla. That's the very obvious way, but it's not the most convenient.

I've worked with SVN, but I've never needed to set anything - just checkout, commit, update. Reading some tutorials I wonder is this the easier way to upload the files to a server? Or are there any easier?","SVN is a bit outdated; these days, Git is the industry standard. Instead of manually dragging files in FileZilla, you should look into a Git-based workflow. The most common approach is to push your code to a repository like GitHub or GitLab and then use a CI/CD tool, such as GitHub Actions, to automatically deploy those changes to your server whenever you push a commit.

If a full automation pipeline feels like overkill for a basic site, try an IDE extension. If you use VS Code, there are ""SFTP"" plugins that allow you to sync files to your server instantly upon saving, effectively automating FileZilla in the background. For those comfortable with the command line, Rsync is another powerful alternative for syncing only changed files. Ultimately, learning Git is the best move; it provides a safety net via version control and opens the door to professional deployment workflows.","SVN is a bit outdated; these days, Git is the industry standard. Instead of manually dragging files in FileZilla, you should look into a Git-based workflow. The most common approach is to push your code to a repository like GitHub or GitLab and then use a CI/CD tool, such as GitHub Actions, to automatically deploy those changes to your server whenever you push a commit.

If a full automation pipeline feels like overkill for a basic site, try an IDE extension. If you use VS Code, there are ""SFTP"" plugins that allow you to sync files to your server instantly upon saving, effectively automating FileZilla in the background. For those comfortable with the command line, Rsync is another powerful alternative for syncing only changed files. Ultimately, learning Git is the best move; it provides a safety net via version control and opens the door to professional deployment workflows.",gemma-4-31b,google,True,148,887,test,gemma-4-31b-q4_k_m,final-2026-09-20,You are answering questions the way a knowledgeable person would in an online discussion. Write in plain prose. Do not restate the question or add a preamble. Begin with the answer itself.,110,170,8192,default,,end_turn,ollama-local-gemma-4-31b,2026-09-28 08:06:26.172216+00:00,31.3,gemma4:31b,q4_k_m,16384,8192,True,"{""temperature"": ""1"", ""top_k"": ""64"", ""top_p"": ""0.95""}","SVN is a bit outdated; these days, Git is the industry standard. Instead of manually dragging files in FileZilla, you should look into a Git-based workflow. The most common approach is to push your code to a repository like GitHub or GitLab and then use a CI/CD tool, such as GitHub Actions, to automatically deploy those changes to your server whenever you push a commit.

If a full automation pipeline feels like overkill for a basic site, try an IDE extension. If you use VS Code, there are ""SFTP"" plugins that allow you to sync files to your server instantly upon saving, effectively automating FileZilla in the background. For those comfortable with the command line, Rsync is another powerful alternative for syncing only changed files. Ultimately, learning Git is the best move; it provides a safety net via version control and opens the door to professional deployment workflows.","SVN is a bit outdated; these days, Git is the industry standard. Instead of manually dragging files in FileZilla, you should look into a Git-based workflow. The most common approach is to push your code to a repository like GitHub or GitLab and then use a CI/CD tool, such as GitHub Actions, to automatically deploy those changes to your server whenever you push a commit. If a full automation pipeline feels like overkill for a basic site, try an IDE extension. If you use VS Code, there are ""SFTP"" plugins that allow you to sync files to your server instantly upon saving, effectively automating FileZilla in the background. For those comfortable with the command line, Rsync is another powerful alternative for syncing only changed files. Ultimately, learning Git is the best move; it provides a safety net via version control and opens the door to professional deployment workflows.","SVN is a bit outdated; these days, Git is the industry standard. Instead of manually dragging files in FileZilla, you should look into a Git-based workflow. The most common approach is to push your code to a repository like GitHub or GitLab and then use a CI/CD tool, such as GitHub Actions, to automatically deploy those changes to your server whenever you push a commit. If a full automation pipeline feels like overkill for a basic site, try an IDE extension. If you use VS Code, there are ""SFTP"" plugins that allow you to sync files to your server instantly upon saving, effectively automating FileZilla in the background. For those comfortable with the command line, Rsync is another powerful alternative for syncing only changed files. Ultimately, learning Git is the best move; it provides a safety net via version control and opens the door to professional deployment workflows.",svn is a bit outdated these days git is the industry standard instead of manually dragging files in filezilla you should look into a git based workflow the most common approach is to push your code to a repository like github or gitlab and then use a ci cd tool such as github actions to automatically deploy those changes to your server whenever you push a commit if a full automation pipeline feels like overkill for a basic site try an ide extension if you use vs code there are sftp plugins that allow you to sync files to your server instantly upon saving effectively automating filezilla in the background for those comfortable with the command line rsync is another powerful alternative for syncing only changed files ultimately learning git is the best move it provides a safety net via version control and opens the door to professional deployment workflows
technical_0195__gemma-4-31b,technical_0195,technical,"MVC is pretty straightforward. There is a Model, a Controller and a View. When we create a website, it all come together as 'client sends REST keyword request to server -> the server matches the requested URL to the controller action -> which then calls the model(s) for data gathering/processing, gets the result -> and returns the result back to the client as a HTML page (view)'.

What if we are talking about a pure RESTful API web service? Then the flow with be something like 'client sends REST keyword request to server -> the server matches the requested URL to the controller action -> which then calls the model(s) for data gathering/processing, gets the result -> and returns the result back to the client in JSON'. Same as before, but there is no 'view'...or rather, the generated JSON can be thought of as a 'view'. In a sense, we are only utilizing the MC part of MVC. Is that how it is should be done? Or are there any other, better-suited patterns for a API-only service instead of MVC?","You're essentially correct. In a RESTful API, the JSON response is functionally the ""View."" The View layer hasn't disappeared; it has simply shifted from an HTML template engine to a data serializer. The goal remains the same: presenting the model's data in a format the client can consume.

However, for professional API services, most developers move beyond basic MVC toward Layered Architecture or Clean Architecture. Instead of just ""Controller"" and ""Model,"" you introduce a Service Layer for business logic and a Repository Layer for data access. This prevents the ""Fat Controller"" problem, where controllers end up handling too much heavy lifting and become difficult to test.

So, while you're still conceptually following the MVC flow, the internal structure becomes more granular. You aren't just using ""MC""; you're using a decoupled stack where the JSON serialization is the final, lightweight step of the View process.","You're essentially correct. In a RESTful API, the JSON response is functionally the ""View."" The View layer hasn't disappeared; it has simply shifted from an HTML template engine to a data serializer. The goal remains the same: presenting the model's data in a format the client can consume.

However, for professional API services, most developers move beyond basic MVC toward Layered Architecture or Clean Architecture. Instead of just ""Controller"" and ""Model,"" you introduce a Service Layer for business logic and a Repository Layer for data access. This prevents the ""Fat Controller"" problem, where controllers end up handling too much heavy lifting and become difficult to test.

So, while you're still conceptually following the MVC flow, the internal structure becomes more granular. You aren't just using ""MC""; you're using a decoupled stack where the JSON serialization is the final, lightweight step of the View process.",gemma-4-31b,google,True,144,929,test,gemma-4-31b-q4_k_m,final-2026-09-20,You are answering questions the way a knowledgeable person would in an online discussion. Write in plain prose. Do not restate the question or add a preamble. Begin with the answer itself.,110,170,8192,default,,end_turn,ollama-local-gemma-4-31b,2026-09-28 08:07:03.300458+00:00,31.3,gemma4:31b,q4_k_m,16384,8192,True,"{""temperature"": ""1"", ""top_k"": ""64"", ""top_p"": ""0.95""}","You're essentially correct. In a RESTful API, the JSON response is functionally the ""View."" The View layer hasn't disappeared; it has simply shifted from an HTML template engine to a data serializer. The goal remains the same: presenting the model's data in a format the client can consume.

However, for professional API services, most developers move beyond basic MVC toward Layered Architecture or Clean Architecture. Instead of just ""Controller"" and ""Model,"" you introduce a Service Layer for business logic and a Repository Layer for data access. This prevents the ""Fat Controller"" problem, where controllers end up handling too much heavy lifting and become difficult to test.

So, while you're still conceptually following the MVC flow, the internal structure becomes more granular. You aren't just using ""MC""; you're using a decoupled stack where the JSON serialization is the final, lightweight step of the View process.","You're essentially correct. In a RESTful API, the JSON response is functionally the ""View."" The View layer hasn't disappeared; it has simply shifted from an HTML template engine to a data serializer. The goal remains the same: presenting the model's data in a format the client can consume. However, for professional API services, most developers move beyond basic MVC toward Layered Architecture or Clean Architecture. Instead of just ""Controller"" and ""Model,"" you introduce a Service Layer for business logic and a Repository Layer for data access. This prevents the ""Fat Controller"" problem, where controllers end up handling too much heavy lifting and become difficult to test. So, while you're still conceptually following the MVC flow, the internal structure becomes more granular. You aren't just using ""MC""; you're using a decoupled stack where the JSON serialization is the final, lightweight step of the View process.","You're essentially correct. In a RESTful API, the JSON response is functionally the ""View."" The View layer hasn't disappeared; it has simply shifted from an HTML template engine to a data serializer. The goal remains the same: presenting the model's data in a format the client can consume. However, for professional API services, most developers move beyond basic MVC toward Layered Architecture or Clean Architecture. Instead of just ""Controller"" and ""Model,"" you introduce a Service Layer for business logic and a Repository Layer for data access. This prevents the ""Fat Controller"" problem, where controllers end up handling too much heavy lifting and become difficult to test. So, while you're still conceptually following the MVC flow, the internal structure becomes more granular. You aren't just using ""MC""; you're using a decoupled stack where the JSON serialization is the final, lightweight step of the View process.",you're essentially correct in a restful api the json response is functionally the view the view layer hasn't disappeared it has simply shifted from an html template engine to a data serializer the goal remains the same presenting the model's data in a format the client can consume however for professional api services most developers move beyond basic mvc toward layered architecture or clean architecture instead of just controller and model you introduce a service layer for business logic and a repository layer for data access this prevents the fat controller problem where controllers end up handling too much heavy lifting and become difficult to test so while you're still conceptually following the mvc flow the internal structure becomes more granular you aren't just using mc you're using a decoupled stack where the json serialization is the final lightweight step of the view process
technical_0198__gemma-4-31b,technical_0198,technical,"I migrated some files from one Version Control System to another. I have to prove that content are identical (between source and destination, denote 1 , 2). There are a few zips files (lets call them A B C) each of which contains hundreds of files. I am looking at best way to do CRC comparison between content in old VCS against the new one.

1) Generate CRC on each ZIP file as a whole and compare the CRC of 2 corresponding zips file. ZIP-ZIP CRC comparison.

Obviously, this approach will be easier. But I don't know what will include in calculation of CRC. Or even if CRC of two zip files with identical file content might be different.(modified date?).

2) Compare CRC of each files in zip against corresponding files. File-File CRC Comparison

with this approach, I will have to write a script that goes through each file in zip (say A1) and extract their CRC. Build a list with [path file name, crc]. do the same for zip(A2). Compare list.

Have anyone ever done something like this?","Avoid the ZIP-to-ZIP approach. Even if the internal contents are identical, the ZIP binary itself can differ due to metadata like timestamps, compression levels, or the order in which files were added. This would give you a false negative.

The file-by-file approach is the only way to truly prove content integrity. The most efficient method is to unzip both versions into separate temporary directories and generate a checksum manifest for every file. On Linux or macOS, you can use a command like `find . -type f -exec sha256sum {} + | sort > manifest.txt`. 

Run this for both the source and destination directories, then use `diff` to compare the two manifest files. This provides a definitive audit trail and ensures that every single file is identical regardless of how the archive was packaged. It is a standard industry practice for verifying large-scale migrations.","Avoid the ZIP-to-ZIP approach. Even if the internal contents are identical, the ZIP binary itself can differ due to metadata like timestamps, compression levels, or the order in which files were added. This would give you a false negative.

The file-by-file approach is the only way to truly prove content integrity. The most efficient method is to unzip both versions into separate temporary directories and generate a checksum manifest for every file. On Linux or macOS, you can use a command like find . -type f -exec sha256sum {} + | sort > manifest.txt.

Run this for both the source and destination directories, then use diff to compare the two manifest files. This provides a definitive audit trail and ensures that every single file is identical regardless of how the archive was packaged. It is a standard industry practice for verifying large-scale migrations.",gemma-4-31b,google,True,143,875,test,gemma-4-31b-q4_k_m,final-2026-09-20,You are answering questions the way a knowledgeable person would in an online discussion. Write in plain prose. Do not restate the question or add a preamble. Begin with the answer itself.,110,170,8192,default,,end_turn,ollama-local-gemma-4-31b,2026-09-28 08:07:33.916017+00:00,31.3,gemma4:31b,q4_k_m,16384,8192,True,"{""temperature"": ""1"", ""top_k"": ""64"", ""top_p"": ""0.95""}","Avoid the ZIP-to-ZIP approach. Even if the internal contents are identical, the ZIP binary itself can differ due to metadata like timestamps, compression levels, or the order in which files were added. This would give you a false negative.

The file-by-file approach is the only way to truly prove content integrity. The most efficient method is to unzip both versions into separate temporary directories and generate a checksum manifest for every file. On Linux or macOS, you can use a command like find . -type f -exec sha256sum {} + | sort > manifest.txt.

Run this for both the source and destination directories, then use diff to compare the two manifest files. This provides a definitive audit trail and ensures that every single file is identical regardless of how the archive was packaged. It is a standard industry practice for verifying large-scale migrations.","Avoid the ZIP-to-ZIP approach. Even if the internal contents are identical, the ZIP binary itself can differ due to metadata like timestamps, compression levels, or the order in which files were added. This would give you a false negative. The file-by-file approach is the only way to truly prove content integrity. The most efficient method is to unzip both versions into separate temporary directories and generate a checksum manifest for every file. On Linux or macOS, you can use a command like find . -type f -exec sha256sum {} + | sort > manifest.txt. Run this for both the source and destination directories, then use diff to compare the two manifest files. This provides a definitive audit trail and ensures that every single file is identical regardless of how the archive was packaged. It is a standard industry practice for verifying large-scale migrations.","Avoid the ZIP-to-ZIP approach. Even if the internal contents are identical, the ZIP binary itself can differ due to metadata like timestamps, compression levels, or the order in which files were added. This would give you a false negative. The file-by-file approach is the only way to truly prove content integrity. The most efficient method is to unzip both versions into separate temporary directories and generate a checksum manifest for every file. On Linux or macOS, you can use a command like find . -type f -exec sha256sum {} + | sort > manifest.txt. Run this for both the source and destination directories, then use diff to compare the two manifest files. This provides a definitive audit trail and ensures that every single file is identical regardless of how the archive was packaged. It is a standard industry practice for verifying large-scale migrations.",avoid the zip to zip approach even if the internal contents are identical the zip binary itself can differ due to metadata like timestamps compression levels or the order in which files were added this would give you a false negative the file by file approach is the only way to truly prove content integrity the most efficient method is to unzip both versions into separate temporary directories and generate a checksum manifest for every file on linux or macos you can use a command like find type f exec sha256sum sort manifest txt run this for both the source and destination directories then use diff to compare the two manifest files this provides a definitive audit trail and ensures that every single file is identical regardless of how the archive was packaged it is a standard industry practice for verifying large scale migrations
technical_0203__gemma-4-31b,technical_0203,technical,"When considering what Windows event logs to incorporate into a SIEM solution, should I be looking at just the Security event logs, or all categories of event log? How useful are the other categories in detecting and responding to security incidents?","You definitely shouldn't stop at just the Security logs. While the Security log is the foundation for tracking logins and privilege escalations, relying on it alone leaves massive blind spots. The System log is essential because it records when critical services are stopped or when unexpected reboots occur—often signs of an attacker disabling security software or exploiting a kernel vulnerability. Application logs can similarly reveal crashes or errors that signal a failed exploit attempt.

Furthermore, for a professional setup, you should prioritize Sysmon and PowerShell logs. Sysmon provides the process-level granularity, such as network connections and file creation, that standard Windows logs lack. Security incidents rarely happen in a vacuum; by collecting System and Application logs alongside Security, you gain the necessary context to reconstruct an attack chain and differentiate a technical glitch from a targeted breach. Stick to a risk-based approach, but broaden your scope.","You definitely shouldn't stop at just the Security logs. While the Security log is the foundation for tracking logins and privilege escalations, relying on it alone leaves massive blind spots. The System log is essential because it records when critical services are stopped or when unexpected reboots occur—often signs of an attacker disabling security software or exploiting a kernel vulnerability. Application logs can similarly reveal crashes or errors that signal a failed exploit attempt.

Furthermore, for a professional setup, you should prioritize Sysmon and PowerShell logs. Sysmon provides the process-level granularity, such as network connections and file creation, that standard Windows logs lack. Security incidents rarely happen in a vacuum; by collecting System and Application logs alongside Security, you gain the necessary context to reconstruct an attack chain and differentiate a technical glitch from a targeted breach. Stick to a risk-based approach, but broaden your scope.",gemma-4-31b,google,True,146,998,test,gemma-4-31b-q4_k_m,final-2026-09-20,You are answering questions the way a knowledgeable person would in an online discussion. Write in plain prose. Do not restate the question or add a preamble. Begin with the answer itself.,110,170,8192,default,,end_turn,ollama-local-gemma-4-31b,2026-09-28 08:07:59.631046+00:00,31.3,gemma4:31b,q4_k_m,16384,8192,True,"{""temperature"": ""1"", ""top_k"": ""64"", ""top_p"": ""0.95""}","You definitely shouldn't stop at just the Security logs. While the Security log is the foundation for tracking logins and privilege escalations, relying on it alone leaves massive blind spots. The System log is essential because it records when critical services are stopped or when unexpected reboots occur - often signs of an attacker disabling security software or exploiting a kernel vulnerability. Application logs can similarly reveal crashes or errors that signal a failed exploit attempt.

Furthermore, for a professional setup, you should prioritize Sysmon and PowerShell logs. Sysmon provides the process-level granularity, such as network connections and file creation, that standard Windows logs lack. Security incidents rarely happen in a vacuum; by collecting System and Application logs alongside Security, you gain the necessary context to reconstruct an attack chain and differentiate a technical glitch from a targeted breach. Stick to a risk-based approach, but broaden your scope.","You definitely shouldn't stop at just the Security logs. While the Security log is the foundation for tracking logins and privilege escalations, relying on it alone leaves massive blind spots. The System log is essential because it records when critical services are stopped or when unexpected reboots occur—often signs of an attacker disabling security software or exploiting a kernel vulnerability. Application logs can similarly reveal crashes or errors that signal a failed exploit attempt. Furthermore, for a professional setup, you should prioritize Sysmon and PowerShell logs. Sysmon provides the process-level granularity, such as network connections and file creation, that standard Windows logs lack. Security incidents rarely happen in a vacuum; by collecting System and Application logs alongside Security, you gain the necessary context to reconstruct an attack chain and differentiate a technical glitch from a targeted breach. Stick to a risk-based approach, but broaden your scope.","You definitely shouldn't stop at just the Security logs. While the Security log is the foundation for tracking logins and privilege escalations, relying on it alone leaves massive blind spots. The System log is essential because it records when critical services are stopped or when unexpected reboots occur - often signs of an attacker disabling security software or exploiting a kernel vulnerability. Application logs can similarly reveal crashes or errors that signal a failed exploit attempt. Furthermore, for a professional setup, you should prioritize Sysmon and PowerShell logs. Sysmon provides the process-level granularity, such as network connections and file creation, that standard Windows logs lack. Security incidents rarely happen in a vacuum; by collecting System and Application logs alongside Security, you gain the necessary context to reconstruct an attack chain and differentiate a technical glitch from a targeted breach. Stick to a risk-based approach, but broaden your scope.",you definitely shouldn't stop at just the security logs while the security log is the foundation for tracking logins and privilege escalations relying on it alone leaves massive blind spots the system log is essential because it records when critical services are stopped or when unexpected reboots occur often signs of an attacker disabling security software or exploiting a kernel vulnerability application logs can similarly reveal crashes or errors that signal a failed exploit attempt furthermore for a professional setup you should prioritize sysmon and powershell logs sysmon provides the process level granularity such as network connections and file creation that standard windows logs lack security incidents rarely happen in a vacuum by collecting system and application logs alongside security you gain the necessary context to reconstruct an attack chain and differentiate a technical glitch from a targeted breach stick to a risk based approach but broaden your scope
technical_0207__gemma-4-31b,technical_0207,technical,"For a few years i stored my personal text files encrypted using an asymmetric key through GnuPG. Now i thought that it is a good idea to also encrypt my hard drive partition. Does it make sense to use both filesystem encryption (via, say, dm-crypt) and encryption via GPG for separate files? If this is unnecessary, what should i stick with for personal encryption of textual data?

I want to be able to use version control system and text processing tools on these files and also optionally apply steganography to conceal the existence of the files from intruders altogether.

I use GNU/Linux.","Yes, it makes sense to use both. This approach, known as defense in depth, protects you at different threat levels. Disk encryption via dm-crypt protects your data if the physical hardware is stolen, but once you've booted into your session and mounted the drive, the files are transparently available. GPG adds a second layer; if an attacker gains remote access to your running system, they still cannot read GPG-encrypted files without your private key.

For version control and text processing, disk encryption is the winner. It allows you to use tools like Git and Vim natively on your files without the friction of constant decryption cycles. However, for steganography, GPG is essential. You cannot hide a partition easily, but you can embed a GPG-encrypted binary blob inside an image or audio file to conceal its existence entirely. Use dm-crypt for your daily workflow and GPG for your most sensitive secrets.","Yes, it makes sense to use both. This approach, known as defense in depth, protects you at different threat levels. Disk encryption via dm-crypt protects your data if the physical hardware is stolen, but once you've booted into your session and mounted the drive, the files are transparently available. GPG adds a second layer; if an attacker gains remote access to your running system, they still cannot read GPG-encrypted files without your private key.

For version control and text processing, disk encryption is the winner. It allows you to use tools like Git and Vim natively on your files without the friction of constant decryption cycles. However, for steganography, GPG is essential. You cannot hide a partition easily, but you can embed a GPG-encrypted binary blob inside an image or audio file to conceal its existence entirely. Use dm-crypt for your daily workflow and GPG for your most sensitive secrets.",gemma-4-31b,google,True,150,918,test,gemma-4-31b-q4_k_m,final-2026-09-20,You are answering questions the way a knowledgeable person would in an online discussion. Write in plain prose. Do not restate the question or add a preamble. Begin with the answer itself.,110,170,8192,default,,end_turn,ollama-local-gemma-4-31b,2026-09-28 08:08:31.064964+00:00,31.3,gemma4:31b,q4_k_m,16384,8192,True,"{""temperature"": ""1"", ""top_k"": ""64"", ""top_p"": ""0.95""}","Yes, it makes sense to use both. This approach, known as defense in depth, protects you at different threat levels. Disk encryption via dm-crypt protects your data if the physical hardware is stolen, but once you've booted into your session and mounted the drive, the files are transparently available. GPG adds a second layer; if an attacker gains remote access to your running system, they still cannot read GPG-encrypted files without your private key.

For version control and text processing, disk encryption is the winner. It allows you to use tools like Git and Vim natively on your files without the friction of constant decryption cycles. However, for steganography, GPG is essential. You cannot hide a partition easily, but you can embed a GPG-encrypted binary blob inside an image or audio file to conceal its existence entirely. Use dm-crypt for your daily workflow and GPG for your most sensitive secrets.","Yes, it makes sense to use both. This approach, known as defense in depth, protects you at different threat levels. Disk encryption via dm-crypt protects your data if the physical hardware is stolen, but once you've booted into your session and mounted the drive, the files are transparently available. GPG adds a second layer; if an attacker gains remote access to your running system, they still cannot read GPG-encrypted files without your private key. For version control and text processing, disk encryption is the winner. It allows you to use tools like Git and Vim natively on your files without the friction of constant decryption cycles. However, for steganography, GPG is essential. You cannot hide a partition easily, but you can embed a GPG-encrypted binary blob inside an image or audio file to conceal its existence entirely. Use dm-crypt for your daily workflow and GPG for your most sensitive secrets.","Yes, it makes sense to use both. This approach, known as defense in depth, protects you at different threat levels. Disk encryption via dm-crypt protects your data if the physical hardware is stolen, but once you've booted into your session and mounted the drive, the files are transparently available. GPG adds a second layer; if an attacker gains remote access to your running system, they still cannot read GPG-encrypted files without your private key. For version control and text processing, disk encryption is the winner. It allows you to use tools like Git and Vim natively on your files without the friction of constant decryption cycles. However, for steganography, GPG is essential. You cannot hide a partition easily, but you can embed a GPG-encrypted binary blob inside an image or audio file to conceal its existence entirely. Use dm-crypt for your daily workflow and GPG for your most sensitive secrets.",yes it makes sense to use both this approach known as defense in depth protects you at different threat levels disk encryption via dm crypt protects your data if the physical hardware is stolen but once you've booted into your session and mounted the drive the files are transparently available gpg adds a second layer if an attacker gains remote access to your running system they still cannot read gpg encrypted files without your private key for version control and text processing disk encryption is the winner it allows you to use tools like git and vim natively on your files without the friction of constant decryption cycles however for steganography gpg is essential you cannot hide a partition easily but you can embed a gpg encrypted binary blob inside an image or audio file to conceal its existence entirely use dm crypt for your daily workflow and gpg for your most sensitive secrets
technical_0212__gemma-4-31b,technical_0212,technical,"I'd like to know if Aescrypt is a valid tool, or if for a very secure protection, the only choice is to use a software like gpg, or similar.

More I've another curiosity, if one doesn't want to use encrypted email with a related software, could it be secure send AES encrypted files, through normal email connection ? Could it be usefull to use a rar AES protected archive, to further protect files ?

Thanks","AESCrypt is a perfectly valid tool. It uses AES-256, the industry standard for symmetric encryption. While GPG is more versatile because it uses public-key cryptography—allowing you to send files without sharing a password beforehand—AESCrypt is excellent for simple, straightforward file protection.

Sending AES-encrypted files via standard email is secure, provided you do not send the decryption password in the same email or thread. The file remains encrypted regardless of the email provider's security or the transport protocol used.

Regarding RAR, using an AES-protected archive is a great alternative to standalone tools. It allows you to bundle multiple files and encrypt them simultaneously. Layering a RAR archive inside another encrypted file is generally unnecessary ""security theater"" and offers little additional benefit, but using a RAR archive as your primary encryption method is a solid, practical choice. Just ensure you use a long, complex password.","AESCrypt is a perfectly valid tool. It uses AES-256, the industry standard for symmetric encryption. While GPG is more versatile because it uses public-key cryptography—allowing you to send files without sharing a password beforehand—AESCrypt is excellent for simple, straightforward file protection.

Sending AES-encrypted files via standard email is secure, provided you do not send the decryption password in the same email or thread. The file remains encrypted regardless of the email provider's security or the transport protocol used.

Regarding RAR, using an AES-protected archive is a great alternative to standalone tools. It allows you to bundle multiple files and encrypt them simultaneously. Layering a RAR archive inside another encrypted file is generally unnecessary ""security theater"" and offers little additional benefit, but using a RAR archive as your primary encryption method is a solid, practical choice. Just ensure you use a long, complex password.",gemma-4-31b,google,True,143,972,test,gemma-4-31b-q4_k_m,final-2026-09-20,You are answering questions the way a knowledgeable person would in an online discussion. Write in plain prose. Do not restate the question or add a preamble. Begin with the answer itself.,110,170,8192,default,,end_turn,ollama-local-gemma-4-31b,2026-09-28 08:09:05.718677+00:00,31.3,gemma4:31b,q4_k_m,16384,8192,True,"{""temperature"": ""1"", ""top_k"": ""64"", ""top_p"": ""0.95""}","AESCrypt is a perfectly valid tool. It uses AES-256, the industry standard for symmetric encryption. While GPG is more versatile because it uses public-key cryptography - allowing you to send files without sharing a password beforehand - AESCrypt is excellent for simple, straightforward file protection.

Sending AES-encrypted files via standard email is secure, provided you do not send the decryption password in the same email or thread. The file remains encrypted regardless of the email provider's security or the transport protocol used.

Regarding RAR, using an AES-protected archive is a great alternative to standalone tools. It allows you to bundle multiple files and encrypt them simultaneously. Layering a RAR archive inside another encrypted file is generally unnecessary ""security theater"" and offers little additional benefit, but using a RAR archive as your primary encryption method is a solid, practical choice. Just ensure you use a long, complex password.","AESCrypt is a perfectly valid tool. It uses AES-256, the industry standard for symmetric encryption. While GPG is more versatile because it uses public-key cryptography—allowing you to send files without sharing a password beforehand—AESCrypt is excellent for simple, straightforward file protection. Sending AES-encrypted files via standard email is secure, provided you do not send the decryption password in the same email or thread. The file remains encrypted regardless of the email provider's security or the transport protocol used. Regarding RAR, using an AES-protected archive is a great alternative to standalone tools. It allows you to bundle multiple files and encrypt them simultaneously. Layering a RAR archive inside another encrypted file is generally unnecessary ""security theater"" and offers little additional benefit, but using a RAR archive as your primary encryption method is a solid, practical choice. Just ensure you use a long, complex password.","AESCrypt is a perfectly valid tool. It uses AES-256, the industry standard for symmetric encryption. While GPG is more versatile because it uses public-key cryptography - allowing you to send files without sharing a password beforehand - AESCrypt is excellent for simple, straightforward file protection. Sending AES-encrypted files via standard email is secure, provided you do not send the decryption password in the same email or thread. The file remains encrypted regardless of the email provider's security or the transport protocol used. Regarding RAR, using an AES-protected archive is a great alternative to standalone tools. It allows you to bundle multiple files and encrypt them simultaneously. Layering a RAR archive inside another encrypted file is generally unnecessary ""security theater"" and offers little additional benefit, but using a RAR archive as your primary encryption method is a solid, practical choice. Just ensure you use a long, complex password.",aescrypt is a perfectly valid tool it uses aes 256 the industry standard for symmetric encryption while gpg is more versatile because it uses public key cryptography allowing you to send files without sharing a password beforehand aescrypt is excellent for simple straightforward file protection sending aes encrypted files via standard email is secure provided you do not send the decryption password in the same email or thread the file remains encrypted regardless of the email provider's security or the transport protocol used regarding rar using an aes protected archive is a great alternative to standalone tools it allows you to bundle multiple files and encrypt them simultaneously layering a rar archive inside another encrypted file is generally unnecessary security theater and offers little additional benefit but using a rar archive as your primary encryption method is a solid practical choice just ensure you use a long complex password
technical_0233__gemma-4-31b,technical_0233,technical,"For the purpose of a forensic mission, we must get a docker image without using the famous export from a docker command.

Does copy and paste of the folder /var/lib/docker/containers in another server allow us to retrieve information without any corrupted data?

Thanks.","No, copying only `/var/lib/docker/containers` is insufficient. That directory primarily contains configuration files, host IDs, and logs, not the actual filesystem of the container. The actual data and image layers reside in `/var/lib/docker/overlay2` (on most modern Linux distributions). To reconstruct the environment, you would need both directories and the associated metadata.

Regarding corruption, copying files from a live, running system is highly risky. Because Docker is constantly writing to these directories, you risk capturing a partial state, which leads to inconsistent files or corrupted databases. For a forensic mission, this is generally unacceptable. Your best approach is to take a full snapshot of the host machine's disk or stop the Docker daemon entirely before copying the entire `/var/lib/docker` directory. This ensures a consistent state and prevents data corruption during the transfer process.","No, copying only /var/lib/docker/containers is insufficient. That directory primarily contains configuration files, host IDs, and logs, not the actual filesystem of the container. The actual data and image layers reside in /var/lib/docker/overlay2 (on most modern Linux distributions). To reconstruct the environment, you would need both directories and the associated metadata.

Regarding corruption, copying files from a live, running system is highly risky. Because Docker is constantly writing to these directories, you risk capturing a partial state, which leads to inconsistent files or corrupted databases. For a forensic mission, this is generally unacceptable. Your best approach is to take a full snapshot of the host machine's disk or stop the Docker daemon entirely before copying the entire /var/lib/docker directory. This ensures a consistent state and prevents data corruption during the transfer process.",gemma-4-31b,google,True,131,926,test,gemma-4-31b-q4_k_m,final-2026-09-20,You are answering questions the way a knowledgeable person would in an online discussion. Write in plain prose. Do not restate the question or add a preamble. Begin with the answer itself.,110,170,8192,default,,end_turn,ollama-local-gemma-4-31b,2026-09-28 08:09:38.384604+00:00,31.3,gemma4:31b,q4_k_m,16384,8192,True,"{""temperature"": ""1"", ""top_k"": ""64"", ""top_p"": ""0.95""}","No, copying only /var/lib/docker/containers is insufficient. That directory primarily contains configuration files, host IDs, and logs, not the actual filesystem of the container. The actual data and image layers reside in /var/lib/docker/overlay2 (on most modern Linux distributions). To reconstruct the environment, you would need both directories and the associated metadata.

Regarding corruption, copying files from a live, running system is highly risky. Because Docker is constantly writing to these directories, you risk capturing a partial state, which leads to inconsistent files or corrupted databases. For a forensic mission, this is generally unacceptable. Your best approach is to take a full snapshot of the host machine's disk or stop the Docker daemon entirely before copying the entire /var/lib/docker directory. This ensures a consistent state and prevents data corruption during the transfer process.","No, copying only /var/lib/docker/containers is insufficient. That directory primarily contains configuration files, host IDs, and logs, not the actual filesystem of the container. The actual data and image layers reside in /var/lib/docker/overlay2 (on most modern Linux distributions). To reconstruct the environment, you would need both directories and the associated metadata. Regarding corruption, copying files from a live, running system is highly risky. Because Docker is constantly writing to these directories, you risk capturing a partial state, which leads to inconsistent files or corrupted databases. For a forensic mission, this is generally unacceptable. Your best approach is to take a full snapshot of the host machine's disk or stop the Docker daemon entirely before copying the entire /var/lib/docker directory. This ensures a consistent state and prevents data corruption during the transfer process.","No, copying only /var/lib/docker/containers is insufficient. That directory primarily contains configuration files, host IDs, and logs, not the actual filesystem of the container. The actual data and image layers reside in /var/lib/docker/overlay2 (on most modern Linux distributions). To reconstruct the environment, you would need both directories and the associated metadata. Regarding corruption, copying files from a live, running system is highly risky. Because Docker is constantly writing to these directories, you risk capturing a partial state, which leads to inconsistent files or corrupted databases. For a forensic mission, this is generally unacceptable. Your best approach is to take a full snapshot of the host machine's disk or stop the Docker daemon entirely before copying the entire /var/lib/docker directory. This ensures a consistent state and prevents data corruption during the transfer process.",no copying only var lib docker containers is insufficient that directory primarily contains configuration files host ids and logs not the actual filesystem of the container the actual data and image layers reside in var lib docker overlay2 on most modern linux distributions to reconstruct the environment you would need both directories and the associated metadata regarding corruption copying files from a live running system is highly risky because docker is constantly writing to these directories you risk capturing a partial state which leads to inconsistent files or corrupted databases for a forensic mission this is generally unacceptable your best approach is to take a full snapshot of the host machine's disk or stop the docker daemon entirely before copying the entire var lib docker directory this ensures a consistent state and prevents data corruption during the transfer process
technical_0238__gemma-4-31b,technical_0238,technical,"The use of paid API is increasingly rising each year. For example, IBM, Google and Microsoft are providing paid API such as Text to Speech, Speech to Text and Image to Text and vice versa.

I have a question about what happens If I build an app and publish it:

1.What happens when another person use Wireshack or reverse engineering to obtain the key of this API and then use it in their app or sell it?

2.Will I be paying for this even though my clients are not the people using this API?

3.Is there a way to reduce or prevent this from happening?

I am just worried about this and sure this is happening or must have happened at some point.

NOTE:

I asked this because I saw my Google Map API with the Wireshark software.

My initial solution is to make each user create username and password and apply restrictions to each individual user but those companies I mentioned up don't do that. They simply use one single key for their services.","If you embed an API key directly in your frontend code, it is effectively public. Anyone using a packet sniffer like Wireshark or a decompiler can steal it. Since providers bill the account associated with the key, you will be responsible for all costs incurred by the thief, even if they sell the access to others.

To prevent this, never call paid APIs directly from the client side. Instead, implement a backend proxy. Your app should send requests to your own server, which then forwards the request to the API provider using a key stored securely in environment variables. This allows you to manage authentication, implement rate limiting, and monitor usage. For specific services that require client-side keys, such as Google Maps, use the provider's restriction settings to limit the key's validity to your specific domain or app ID, rendering a stolen key useless on other platforms.","If you embed an API key directly in your frontend code, it is effectively public. Anyone using a packet sniffer like Wireshark or a decompiler can steal it. Since providers bill the account associated with the key, you will be responsible for all costs incurred by the thief, even if they sell the access to others.

To prevent this, never call paid APIs directly from the client side. Instead, implement a backend proxy. Your app should send requests to your own server, which then forwards the request to the API provider using a key stored securely in environment variables. This allows you to manage authentication, implement rate limiting, and monitor usage. For specific services that require client-side keys, such as Google Maps, use the provider's restriction settings to limit the key's validity to your specific domain or app ID, rendering a stolen key useless on other platforms.",gemma-4-31b,google,True,147,891,test,gemma-4-31b-q4_k_m,final-2026-09-20,You are answering questions the way a knowledgeable person would in an online discussion. Write in plain prose. Do not restate the question or add a preamble. Begin with the answer itself.,110,170,8192,default,,end_turn,ollama-local-gemma-4-31b,2026-09-28 08:10:09.805919+00:00,31.3,gemma4:31b,q4_k_m,16384,8192,True,"{""temperature"": ""1"", ""top_k"": ""64"", ""top_p"": ""0.95""}","If you embed an API key directly in your frontend code, it is effectively public. Anyone using a packet sniffer like Wireshark or a decompiler can steal it. Since providers bill the account associated with the key, you will be responsible for all costs incurred by the thief, even if they sell the access to others.

To prevent this, never call paid APIs directly from the client side. Instead, implement a backend proxy. Your app should send requests to your own server, which then forwards the request to the API provider using a key stored securely in environment variables. This allows you to manage authentication, implement rate limiting, and monitor usage. For specific services that require client-side keys, such as Google Maps, use the provider's restriction settings to limit the key's validity to your specific domain or app ID, rendering a stolen key useless on other platforms.","If you embed an API key directly in your frontend code, it is effectively public. Anyone using a packet sniffer like Wireshark or a decompiler can steal it. Since providers bill the account associated with the key, you will be responsible for all costs incurred by the thief, even if they sell the access to others. To prevent this, never call paid APIs directly from the client side. Instead, implement a backend proxy. Your app should send requests to your own server, which then forwards the request to the API provider using a key stored securely in environment variables. This allows you to manage authentication, implement rate limiting, and monitor usage. For specific services that require client-side keys, such as Google Maps, use the provider's restriction settings to limit the key's validity to your specific domain or app ID, rendering a stolen key useless on other platforms.","If you embed an API key directly in your frontend code, it is effectively public. Anyone using a packet sniffer like Wireshark or a decompiler can steal it. Since providers bill the account associated with the key, you will be responsible for all costs incurred by the thief, even if they sell the access to others. To prevent this, never call paid APIs directly from the client side. Instead, implement a backend proxy. Your app should send requests to your own server, which then forwards the request to the API provider using a key stored securely in environment variables. This allows you to manage authentication, implement rate limiting, and monitor usage. For specific services that require client-side keys, such as Google Maps, use the provider's restriction settings to limit the key's validity to your specific domain or app ID, rendering a stolen key useless on other platforms.",if you embed an api key directly in your frontend code it is effectively public anyone using a packet sniffer like wireshark or a decompiler can steal it since providers bill the account associated with the key you will be responsible for all costs incurred by the thief even if they sell the access to others to prevent this never call paid apis directly from the client side instead implement a backend proxy your app should send requests to your own server which then forwards the request to the api provider using a key stored securely in environment variables this allows you to manage authentication implement rate limiting and monitor usage for specific services that require client side keys such as google maps use the provider's restriction settings to limit the key's validity to your specific domain or app id rendering a stolen key useless on other platforms
technical_0255__gemma-4-31b,technical_0255,technical,"I know the difference between clustering and classification in machine learning, but I don't understand the difference between text classification and topic modeling for documents. Can I use topic modeling over documents to identify a topic? Can I use classification methods to classify the text inside these documents?","Text classification is a supervised learning task. You start with predefined labels—like ""Sports"" or ""Politics""—and train a model to assign new text to those specific categories. If you have a labeled dataset, this is exactly how you categorize the text inside your documents.

Topic modeling, however, is unsupervised. It doesn't use labels; instead, it discovers hidden patterns by grouping words that frequently appear together. You can absolutely use it to identify topics, but the model won't give you a human-readable name. It will provide a cluster of words—for example, ""court, judge, law""—and you, the human, must interpret that as the ""Legal"" topic.

In short, use classification when you already know what categories you are looking for, and use topic modeling when you want the data to reveal which themes exist without making any prior assumptions.","Text classification is a supervised learning task. You start with predefined labels—like ""Sports"" or ""Politics""—and train a model to assign new text to those specific categories. If you have a labeled dataset, this is exactly how you categorize the text inside your documents.

Topic modeling, however, is unsupervised. It doesn't use labels; instead, it discovers hidden patterns by grouping words that frequently appear together. You can absolutely use it to identify topics, but the model won't give you a human-readable name. It will provide a cluster of words—for example, ""court, judge, law""—and you, the human, must interpret that as the ""Legal"" topic.

In short, use classification when you already know what categories you are looking for, and use topic modeling when you want the data to reveal which themes exist without making any prior assumptions.",gemma-4-31b,google,True,135,861,test,gemma-4-31b-q4_k_m,final-2026-09-20,You are answering questions the way a knowledgeable person would in an online discussion. Write in plain prose. Do not restate the question or add a preamble. Begin with the answer itself.,110,170,8192,default,,end_turn,ollama-local-gemma-4-31b,2026-09-28 08:10:48.614609+00:00,31.3,gemma4:31b,q4_k_m,16384,8192,True,"{""temperature"": ""1"", ""top_k"": ""64"", ""top_p"": ""0.95""}","Text classification is a supervised learning task. You start with predefined labels - like ""Sports"" or ""Politics"" - and train a model to assign new text to those specific categories. If you have a labeled dataset, this is exactly how you categorize the text inside your documents.

Topic modeling, however, is unsupervised. It doesn't use labels; instead, it discovers hidden patterns by grouping words that frequently appear together. You can absolutely use it to identify topics, but the model won't give you a human-readable name. It will provide a cluster of words - for example, ""court, judge, law"" - and you, the human, must interpret that as the ""Legal"" topic.

In short, use classification when you already know what categories you are looking for, and use topic modeling when you want the data to reveal which themes exist without making any prior assumptions.","Text classification is a supervised learning task. You start with predefined labels—like ""Sports"" or ""Politics""—and train a model to assign new text to those specific categories. If you have a labeled dataset, this is exactly how you categorize the text inside your documents. Topic modeling, however, is unsupervised. It doesn't use labels; instead, it discovers hidden patterns by grouping words that frequently appear together. You can absolutely use it to identify topics, but the model won't give you a human-readable name. It will provide a cluster of words—for example, ""court, judge, law""—and you, the human, must interpret that as the ""Legal"" topic. In short, use classification when you already know what categories you are looking for, and use topic modeling when you want the data to reveal which themes exist without making any prior assumptions.","Text classification is a supervised learning task. You start with predefined labels - like ""Sports"" or ""Politics"" - and train a model to assign new text to those specific categories. If you have a labeled dataset, this is exactly how you categorize the text inside your documents. Topic modeling, however, is unsupervised. It doesn't use labels; instead, it discovers hidden patterns by grouping words that frequently appear together. You can absolutely use it to identify topics, but the model won't give you a human-readable name. It will provide a cluster of words - for example, ""court, judge, law"" - and you, the human, must interpret that as the ""Legal"" topic. In short, use classification when you already know what categories you are looking for, and use topic modeling when you want the data to reveal which themes exist without making any prior assumptions.",text classification is a supervised learning task you start with predefined labels like sports or politics and train a model to assign new text to those specific categories if you have a labeled dataset this is exactly how you categorize the text inside your documents topic modeling however is unsupervised it doesn't use labels instead it discovers hidden patterns by grouping words that frequently appear together you can absolutely use it to identify topics but the model won't give you a human readable name it will provide a cluster of words for example court judge law and you the human must interpret that as the legal topic in short use classification when you already know what categories you are looking for and use topic modeling when you want the data to reveal which themes exist without making any prior assumptions
technical_0260__gemma-4-31b,technical_0260,technical,"Is it correct to say that any statistical learning algorithm (linear/logistic regression, SVM, neural network, random forest) can be implemented inside a Map Reduce framework? Or are there restrictions?

I guess there may be some algorithms that is not possible to parallelize?","Technically, yes, you can implement almost any statistical learning algorithm in MapReduce, but there is a massive difference between ""possible"" and ""practical."" MapReduce is designed for batch processing, which creates significant friction for iterative algorithms. For example, Logistic Regression and Neural Networks rely on gradient descent, requiring many passes over the data. In a standard MapReduce framework, each iteration requires writing to and reading from disk, creating a crippling I/O bottleneck.

Conversely, ""embarrassingly parallel"" algorithms, such as Random Forests where individual trees can be trained independently, fit the framework perfectly. The primary restriction is the lack of a shared memory state. If an algorithm is strictly sequential—where step N depends entirely on the global result of step N-1—parallelization becomes inefficient. This is precisely why the industry shifted toward frameworks like Apache Spark, which maintains data in memory rather than relying on the rigid, disk-heavy Map-Shuffle-Reduce cycle.","Technically, yes, you can implement almost any statistical learning algorithm in MapReduce, but there is a massive difference between ""possible"" and ""practical."" MapReduce is designed for batch processing, which creates significant friction for iterative algorithms. For example, Logistic Regression and Neural Networks rely on gradient descent, requiring many passes over the data. In a standard MapReduce framework, each iteration requires writing to and reading from disk, creating a crippling I/O bottleneck.

Conversely, ""embarrassingly parallel"" algorithms, such as Random Forests where individual trees can be trained independently, fit the framework perfectly. The primary restriction is the lack of a shared memory state. If an algorithm is strictly sequential—where step N depends entirely on the global result of step N-1—parallelization becomes inefficient. This is precisely why the industry shifted toward frameworks like Apache Spark, which maintains data in memory rather than relying on the rigid, disk-heavy Map-Shuffle-Reduce cycle.",gemma-4-31b,google,True,146,1051,test,gemma-4-31b-q4_k_m,final-2026-09-20,You are answering questions the way a knowledgeable person would in an online discussion. Write in plain prose. Do not restate the question or add a preamble. Begin with the answer itself.,110,170,8192,default,,end_turn,ollama-local-gemma-4-31b,2026-09-28 08:11:23.423153+00:00,31.3,gemma4:31b,q4_k_m,16384,8192,True,"{""temperature"": ""1"", ""top_k"": ""64"", ""top_p"": ""0.95""}","Technically, yes, you can implement almost any statistical learning algorithm in MapReduce, but there is a massive difference between ""possible"" and ""practical."" MapReduce is designed for batch processing, which creates significant friction for iterative algorithms. For example, Logistic Regression and Neural Networks rely on gradient descent, requiring many passes over the data. In a standard MapReduce framework, each iteration requires writing to and reading from disk, creating a crippling I/O bottleneck.

Conversely, ""embarrassingly parallel"" algorithms, such as Random Forests where individual trees can be trained independently, fit the framework perfectly. The primary restriction is the lack of a shared memory state. If an algorithm is strictly sequential - where step N depends entirely on the global result of step N-1 - parallelization becomes inefficient. This is precisely why the industry shifted toward frameworks like Apache Spark, which maintains data in memory rather than relying on the rigid, disk-heavy Map-Shuffle-Reduce cycle.","Technically, yes, you can implement almost any statistical learning algorithm in MapReduce, but there is a massive difference between ""possible"" and ""practical."" MapReduce is designed for batch processing, which creates significant friction for iterative algorithms. For example, Logistic Regression and Neural Networks rely on gradient descent, requiring many passes over the data. In a standard MapReduce framework, each iteration requires writing to and reading from disk, creating a crippling I/O bottleneck. Conversely, ""embarrassingly parallel"" algorithms, such as Random Forests where individual trees can be trained independently, fit the framework perfectly. The primary restriction is the lack of a shared memory state. If an algorithm is strictly sequential—where step N depends entirely on the global result of step N-1—parallelization becomes inefficient. This is precisely why the industry shifted toward frameworks like Apache Spark, which maintains data in memory rather than relying on the rigid, disk-heavy Map-Shuffle-Reduce cycle.","Technically, yes, you can implement almost any statistical learning algorithm in MapReduce, but there is a massive difference between ""possible"" and ""practical."" MapReduce is designed for batch processing, which creates significant friction for iterative algorithms. For example, Logistic Regression and Neural Networks rely on gradient descent, requiring many passes over the data. In a standard MapReduce framework, each iteration requires writing to and reading from disk, creating a crippling I/O bottleneck. Conversely, ""embarrassingly parallel"" algorithms, such as Random Forests where individual trees can be trained independently, fit the framework perfectly. The primary restriction is the lack of a shared memory state. If an algorithm is strictly sequential - where step N depends entirely on the global result of step N-1 - parallelization becomes inefficient. This is precisely why the industry shifted toward frameworks like Apache Spark, which maintains data in memory rather than relying on the rigid, disk-heavy Map-Shuffle-Reduce cycle.",technically yes you can implement almost any statistical learning algorithm in mapreduce but there is a massive difference between possible and practical mapreduce is designed for batch processing which creates significant friction for iterative algorithms for example logistic regression and neural networks rely on gradient descent requiring many passes over the data in a standard mapreduce framework each iteration requires writing to and reading from disk creating a crippling i o bottleneck conversely embarrassingly parallel algorithms such as random forests where individual trees can be trained independently fit the framework perfectly the primary restriction is the lack of a shared memory state if an algorithm is strictly sequential where step n depends entirely on the global result of step n 1 parallelization becomes inefficient this is precisely why the industry shifted toward frameworks like apache spark which maintains data in memory rather than relying on the rigid disk heavy map shuffle reduce cycle
technical_0262__gemma-4-31b,technical_0262,technical,"I was posting on stats.stackexchange but perhaps I should be posting here.

Context. Subscription business that charges users a monthly fee for access to the service. Management would like to predict ""churn"" - subscriptions who are likely to cancel. Management would like to create an email sequence in attempt to prevent high risk accounts from churning, perhaps with a discount code of some sort. So I need to identify those accounts at risk of leaving us.

I have a dataset with say 50k records. Each line item is an account number along with some variables. One of the variables is ""Churned"" with a value of ""yes"" (they cancelled) or ""No"" (they are active).

The dataset I have is all data since the beginning of time for the business. About 20k records are active paying customers and about 30k are those who used to be paying customers but who have since cancelled.

My task is to build a model to predict which of the 20k active customers are currently likely to churn.

Here is where I have tied my brain in a knott. I need to run the model (Predict) on the 20k records of active customers.

How do I split my data between training, test and predict?

Does predict data have to be exclusive of train and test data?

Can I split the entire dataset of 50k into 0.8 train and 0.2 test, build a model and then predict on the 20k active accounts? That would imply I'm training and testing on data that I'm also going to predict on. Seems ""wrong"". Is it?","You are confusing model validation with model deployment. Training and testing are used to ensure your model actually works; prediction is the act of applying that finished model to solve the business problem.

It is standard practice to split your entire 50k dataset (e.g., 80/20) to train and validate the model. This process allows you to measure accuracy using the test set. Once you are satisfied with the performance, you then run the model on your 20k active customers to identify who is at risk.

Predicting on users who were part of the training set isn't ""wrong"" for business purposes, but it can be slightly biased because the model has already seen those records. However, since you need ""No"" examples to teach the model what a loyal customer looks like, you must include active users in your training data. The test set is for measuring performance, while the 20k active users are your target for action.","You are confusing model validation with model deployment. Training and testing are used to ensure your model actually works; prediction is the act of applying that finished model to solve the business problem.

It is standard practice to split your entire 50k dataset (e.g., 80/20) to train and validate the model. This process allows you to measure accuracy using the test set. Once you are satisfied with the performance, you then run the model on your 20k active customers to identify who is at risk.

Predicting on users who were part of the training set isn't ""wrong"" for business purposes, but it can be slightly biased because the model has already seen those records. However, since you need ""No"" examples to teach the model what a loyal customer looks like, you must include active users in your training data. The test set is for measuring performance, while the 20k active users are your target for action.",gemma-4-31b,google,True,156,917,test,gemma-4-31b-q4_k_m,final-2026-09-20,You are answering questions the way a knowledgeable person would in an online discussion. Write in plain prose. Do not restate the question or add a preamble. Begin with the answer itself.,110,170,8192,default,,end_turn,ollama-local-gemma-4-31b,2026-09-28 08:12:36.344564+00:00,31.3,gemma4:31b,q4_k_m,16384,8192,True,"{""temperature"": ""1"", ""top_k"": ""64"", ""top_p"": ""0.95""}","You are confusing model validation with model deployment. Training and testing are used to ensure your model actually works; prediction is the act of applying that finished model to solve the business problem.

It is standard practice to split your entire 50k dataset (e.g., 80/20) to train and validate the model. This process allows you to measure accuracy using the test set. Once you are satisfied with the performance, you then run the model on your 20k active customers to identify who is at risk.

Predicting on users who were part of the training set isn't ""wrong"" for business purposes, but it can be slightly biased because the model has already seen those records. However, since you need ""No"" examples to teach the model what a loyal customer looks like, you must include active users in your training data. The test set is for measuring performance, while the 20k active users are your target for action.","You are confusing model validation with model deployment. Training and testing are used to ensure your model actually works; prediction is the act of applying that finished model to solve the business problem. It is standard practice to split your entire 50k dataset (e.g., 80/20) to train and validate the model. This process allows you to measure accuracy using the test set. Once you are satisfied with the performance, you then run the model on your 20k active customers to identify who is at risk. Predicting on users who were part of the training set isn't ""wrong"" for business purposes, but it can be slightly biased because the model has already seen those records. However, since you need ""No"" examples to teach the model what a loyal customer looks like, you must include active users in your training data. The test set is for measuring performance, while the 20k active users are your target for action.","You are confusing model validation with model deployment. Training and testing are used to ensure your model actually works; prediction is the act of applying that finished model to solve the business problem. It is standard practice to split your entire 50k dataset (e.g., 80/20) to train and validate the model. This process allows you to measure accuracy using the test set. Once you are satisfied with the performance, you then run the model on your 20k active customers to identify who is at risk. Predicting on users who were part of the training set isn't ""wrong"" for business purposes, but it can be slightly biased because the model has already seen those records. However, since you need ""No"" examples to teach the model what a loyal customer looks like, you must include active users in your training data. The test set is for measuring performance, while the 20k active users are your target for action.",you are confusing model validation with model deployment training and testing are used to ensure your model actually works prediction is the act of applying that finished model to solve the business problem it is standard practice to split your entire 50k dataset e g 80 20 to train and validate the model this process allows you to measure accuracy using the test set once you are satisfied with the performance you then run the model on your 20k active customers to identify who is at risk predicting on users who were part of the training set isn't wrong for business purposes but it can be slightly biased because the model has already seen those records however since you need no examples to teach the model what a loyal customer looks like you must include active users in your training data the test set is for measuring performance while the 20k active users are your target for action
technical_0266__gemma-4-31b,technical_0266,technical,"As I was checking the /etc/fstab I noticed that the swap space has attr pass=0, which means its filesystem is not checked at boot time. Can anyone please tell me why is this behavior for?","The `pass` field in `/etc/fstab` tells the system whether `fsck` should check the partition for errors during the boot process. A value of 0 tells the system to skip the check entirely. The reason swap is set to 0 is that swap space isn't actually a filesystem. Unlike ext4 or XFS, swap doesn't store files, folders, or a directory structure; it is essentially a raw area of the disk used as an extension of your system's RAM.

Because it lacks a traditional filesystem layout, there are no inodes, superblocks, or journals for `fsck` to verify or repair. Running a filesystem check on a swap partition would be meaningless because there is no filesystem metadata to validate. If the swap area is physically corrupted, the kernel generally handles it during the activation process or ignores the bad sectors, rather than requiring a boot-time consistency check.","The pass field in /etc/fstab tells the system whether fsck should check the partition for errors during the boot process. A value of 0 tells the system to skip the check entirely. The reason swap is set to 0 is that swap space isn't actually a filesystem. Unlike ext4 or XFS, swap doesn't store files, folders, or a directory structure; it is essentially a raw area of the disk used as an extension of your system's RAM.

Because it lacks a traditional filesystem layout, there are no inodes, superblocks, or journals for fsck to verify or repair. Running a filesystem check on a swap partition would be meaningless because there is no filesystem metadata to validate. If the swap area is physically corrupted, the kernel generally handles it during the activation process or ignores the bad sectors, rather than requiring a boot-time consistency check.",gemma-4-31b,google,True,144,861,test,gemma-4-31b-q4_k_m,final-2026-09-20,You are answering questions the way a knowledgeable person would in an online discussion. Write in plain prose. Do not restate the question or add a preamble. Begin with the answer itself.,110,170,8192,default,,end_turn,ollama-local-gemma-4-31b,2026-09-28 08:13:04.267918+00:00,31.3,gemma4:31b,q4_k_m,16384,8192,True,"{""temperature"": ""1"", ""top_k"": ""64"", ""top_p"": ""0.95""}","The pass field in /etc/fstab tells the system whether fsck should check the partition for errors during the boot process. A value of 0 tells the system to skip the check entirely. The reason swap is set to 0 is that swap space isn't actually a filesystem. Unlike ext4 or XFS, swap doesn't store files, folders, or a directory structure; it is essentially a raw area of the disk used as an extension of your system's RAM.

Because it lacks a traditional filesystem layout, there are no inodes, superblocks, or journals for fsck to verify or repair. Running a filesystem check on a swap partition would be meaningless because there is no filesystem metadata to validate. If the swap area is physically corrupted, the kernel generally handles it during the activation process or ignores the bad sectors, rather than requiring a boot-time consistency check.","The pass field in /etc/fstab tells the system whether fsck should check the partition for errors during the boot process. A value of 0 tells the system to skip the check entirely. The reason swap is set to 0 is that swap space isn't actually a filesystem. Unlike ext4 or XFS, swap doesn't store files, folders, or a directory structure; it is essentially a raw area of the disk used as an extension of your system's RAM. Because it lacks a traditional filesystem layout, there are no inodes, superblocks, or journals for fsck to verify or repair. Running a filesystem check on a swap partition would be meaningless because there is no filesystem metadata to validate. If the swap area is physically corrupted, the kernel generally handles it during the activation process or ignores the bad sectors, rather than requiring a boot-time consistency check.","The pass field in /etc/fstab tells the system whether fsck should check the partition for errors during the boot process. A value of 0 tells the system to skip the check entirely. The reason swap is set to 0 is that swap space isn't actually a filesystem. Unlike ext4 or XFS, swap doesn't store files, folders, or a directory structure; it is essentially a raw area of the disk used as an extension of your system's RAM. Because it lacks a traditional filesystem layout, there are no inodes, superblocks, or journals for fsck to verify or repair. Running a filesystem check on a swap partition would be meaningless because there is no filesystem metadata to validate. If the swap area is physically corrupted, the kernel generally handles it during the activation process or ignores the bad sectors, rather than requiring a boot-time consistency check.",the pass field in etc fstab tells the system whether fsck should check the partition for errors during the boot process a value of 0 tells the system to skip the check entirely the reason swap is set to 0 is that swap space isn't actually a filesystem unlike ext4 or xfs swap doesn't store files folders or a directory structure it is essentially a raw area of the disk used as an extension of your system's ram because it lacks a traditional filesystem layout there are no inodes superblocks or journals for fsck to verify or repair running a filesystem check on a swap partition would be meaningless because there is no filesystem metadata to validate if the swap area is physically corrupted the kernel generally handles it during the activation process or ignores the bad sectors rather than requiring a boot time consistency check
technical_0271__gemma-4-31b,technical_0271,technical,"When we do k-fold cross validation, should we just use the classifier that has the highest test accuracy? What is generally the best approach in getting a classifier from cross validation?","Not exactly. K-fold cross-validation isn't designed to pick a ""winning"" model from the folds. If you simply choose the model that performed best on one specific fold, you are essentially overfitting to that particular data split.

The standard approach is to use cross-validation for model selection or hyperparameter tuning. You use the average performance across all folds to determine which set of hyperparameters (like the depth of a decision tree) works best. Once you have identified the optimal configuration, you retrain a single final model using those specific parameters on your entire training dataset. This ensures the model leverages all available data to learn the underlying patterns. Finally, you evaluate this production model on a completely separate, held-out test set that was never used during the cross-validation process to get an unbiased estimate of its real-world performance.","Not exactly. K-fold cross-validation isn't designed to pick a ""winning"" model from the folds. If you simply choose the model that performed best on one specific fold, you are essentially overfitting to that particular data split.

The standard approach is to use cross-validation for model selection or hyperparameter tuning. You use the average performance across all folds to determine which set of hyperparameters (like the depth of a decision tree) works best. Once you have identified the optimal configuration, you retrain a single final model using those specific parameters on your entire training dataset. This ensures the model leverages all available data to learn the underlying patterns. Finally, you evaluate this production model on a completely separate, held-out test set that was never used during the cross-validation process to get an unbiased estimate of its real-world performance.",gemma-4-31b,google,True,137,903,test,gemma-4-31b-q4_k_m,final-2026-09-20,You are answering questions the way a knowledgeable person would in an online discussion. Write in plain prose. Do not restate the question or add a preamble. Begin with the answer itself.,110,170,8192,default,,end_turn,ollama-local-gemma-4-31b,2026-09-28 08:13:30.029229+00:00,31.3,gemma4:31b,q4_k_m,16384,8192,True,"{""temperature"": ""1"", ""top_k"": ""64"", ""top_p"": ""0.95""}","Not exactly. K-fold cross-validation isn't designed to pick a ""winning"" model from the folds. If you simply choose the model that performed best on one specific fold, you are essentially overfitting to that particular data split.

The standard approach is to use cross-validation for model selection or hyperparameter tuning. You use the average performance across all folds to determine which set of hyperparameters (like the depth of a decision tree) works best. Once you have identified the optimal configuration, you retrain a single final model using those specific parameters on your entire training dataset. This ensures the model leverages all available data to learn the underlying patterns. Finally, you evaluate this production model on a completely separate, held-out test set that was never used during the cross-validation process to get an unbiased estimate of its real-world performance.","Not exactly. K-fold cross-validation isn't designed to pick a ""winning"" model from the folds. If you simply choose the model that performed best on one specific fold, you are essentially overfitting to that particular data split. The standard approach is to use cross-validation for model selection or hyperparameter tuning. You use the average performance across all folds to determine which set of hyperparameters (like the depth of a decision tree) works best. Once you have identified the optimal configuration, you retrain a single final model using those specific parameters on your entire training dataset. This ensures the model leverages all available data to learn the underlying patterns. Finally, you evaluate this production model on a completely separate, held-out test set that was never used during the cross-validation process to get an unbiased estimate of its real-world performance.","Not exactly. K-fold cross-validation isn't designed to pick a ""winning"" model from the folds. If you simply choose the model that performed best on one specific fold, you are essentially overfitting to that particular data split. The standard approach is to use cross-validation for model selection or hyperparameter tuning. You use the average performance across all folds to determine which set of hyperparameters (like the depth of a decision tree) works best. Once you have identified the optimal configuration, you retrain a single final model using those specific parameters on your entire training dataset. This ensures the model leverages all available data to learn the underlying patterns. Finally, you evaluate this production model on a completely separate, held-out test set that was never used during the cross-validation process to get an unbiased estimate of its real-world performance.",not exactly k fold cross validation isn't designed to pick a winning model from the folds if you simply choose the model that performed best on one specific fold you are essentially overfitting to that particular data split the standard approach is to use cross validation for model selection or hyperparameter tuning you use the average performance across all folds to determine which set of hyperparameters like the depth of a decision tree works best once you have identified the optimal configuration you retrain a single final model using those specific parameters on your entire training dataset this ensures the model leverages all available data to learn the underlying patterns finally you evaluate this production model on a completely separate held out test set that was never used during the cross validation process to get an unbiased estimate of its real world performance
technical_0290__gemma-4-31b,technical_0290,technical,"Say you're building a sales prediction model to predict tomorrow's sales value, as well as the next 2 weeks of daily sales. The model is being trained using daily data for the previous 1.5 years, and it follows a strong weekly seasonality pattern.

Obviously once you are happy with model performance, would it be necessary to re-train the model everyday to capture data up to and including yesterday in order to get the most accurate prediction for tomorrow's sales value? Essentially, the model would be trained on a rolling 1.5 year data set to capture yesterday's sales value.

Or does it depend on the type of model being used? Whether you need to to completely re-train when new data is present

I can see why it would make sense to re-train your standard time series forecasting models (ARIMA etc.), but I can also understand more sophisticated models (Neural Networks etc.) may generalize well enough to not have to re-train everyday.

I am looking for an explanation of models where you would and wouldn't re-train when new time series data is present.","It depends on whether the model uses new data to update its internal parameters or simply as input features. For statistical models like ARIMA or Exponential Smoothing, retraining or updating the state is essential because they rely on the most recent observations to establish the current baseline and trend. Without yesterday's data, the forecast starts from an outdated point.

Conversely, machine learning models like LSTMs or XGBoost typically treat recent history as ""lagged features."" As long as the model has learned the general seasonal patterns and relationships, you only need to feed yesterday's sales into the input vector rather than updating the model weights. You would only retrain these periodically—perhaps monthly—to account for ""concept drift,"" where consumer behavior changes fundamentally over time. In short: traditional statistical models generally require updating the formula, while ML models usually just require updating the inputs to generate a new prediction.","It depends on whether the model uses new data to update its internal parameters or simply as input features. For statistical models like ARIMA or Exponential Smoothing, retraining or updating the state is essential because they rely on the most recent observations to establish the current baseline and trend. Without yesterday's data, the forecast starts from an outdated point.

Conversely, machine learning models like LSTMs or XGBoost typically treat recent history as ""lagged features."" As long as the model has learned the general seasonal patterns and relationships, you only need to feed yesterday's sales into the input vector rather than updating the model weights. You would only retrain these periodically—perhaps monthly—to account for ""concept drift,"" where consumer behavior changes fundamentally over time. In short: traditional statistical models generally require updating the formula, while ML models usually just require updating the inputs to generate a new prediction.",gemma-4-31b,google,True,146,990,test,gemma-4-31b-q4_k_m,final-2026-09-20,You are answering questions the way a knowledgeable person would in an online discussion. Write in plain prose. Do not restate the question or add a preamble. Begin with the answer itself.,110,170,8192,default,,end_turn,ollama-local-gemma-4-31b,2026-09-28 08:14:01.976549+00:00,31.3,gemma4:31b,q4_k_m,16384,8192,True,"{""temperature"": ""1"", ""top_k"": ""64"", ""top_p"": ""0.95""}","It depends on whether the model uses new data to update its internal parameters or simply as input features. For statistical models like ARIMA or Exponential Smoothing, retraining or updating the state is essential because they rely on the most recent observations to establish the current baseline and trend. Without yesterday's data, the forecast starts from an outdated point.

Conversely, machine learning models like LSTMs or XGBoost typically treat recent history as ""lagged features."" As long as the model has learned the general seasonal patterns and relationships, you only need to feed yesterday's sales into the input vector rather than updating the model weights. You would only retrain these periodically - perhaps monthly - to account for ""concept drift,"" where consumer behavior changes fundamentally over time. In short: traditional statistical models generally require updating the formula, while ML models usually just require updating the inputs to generate a new prediction.","It depends on whether the model uses new data to update its internal parameters or simply as input features. For statistical models like ARIMA or Exponential Smoothing, retraining or updating the state is essential because they rely on the most recent observations to establish the current baseline and trend. Without yesterday's data, the forecast starts from an outdated point. Conversely, machine learning models like LSTMs or XGBoost typically treat recent history as ""lagged features."" As long as the model has learned the general seasonal patterns and relationships, you only need to feed yesterday's sales into the input vector rather than updating the model weights. You would only retrain these periodically—perhaps monthly—to account for ""concept drift,"" where consumer behavior changes fundamentally over time. In short: traditional statistical models generally require updating the formula, while ML models usually just require updating the inputs to generate a new prediction.","It depends on whether the model uses new data to update its internal parameters or simply as input features. For statistical models like ARIMA or Exponential Smoothing, retraining or updating the state is essential because they rely on the most recent observations to establish the current baseline and trend. Without yesterday's data, the forecast starts from an outdated point. Conversely, machine learning models like LSTMs or XGBoost typically treat recent history as ""lagged features."" As long as the model has learned the general seasonal patterns and relationships, you only need to feed yesterday's sales into the input vector rather than updating the model weights. You would only retrain these periodically - perhaps monthly - to account for ""concept drift,"" where consumer behavior changes fundamentally over time. In short: traditional statistical models generally require updating the formula, while ML models usually just require updating the inputs to generate a new prediction.",it depends on whether the model uses new data to update its internal parameters or simply as input features for statistical models like arima or exponential smoothing retraining or updating the state is essential because they rely on the most recent observations to establish the current baseline and trend without yesterday's data the forecast starts from an outdated point conversely machine learning models like lstms or xgboost typically treat recent history as lagged features as long as the model has learned the general seasonal patterns and relationships you only need to feed yesterday's sales into the input vector rather than updating the model weights you would only retrain these periodically perhaps monthly to account for concept drift where consumer behavior changes fundamentally over time in short traditional statistical models generally require updating the formula while ml models usually just require updating the inputs to generate a new prediction
technical_0300__gemma-4-31b,technical_0300,technical,I'm looking for some common problems in unix system administration and ways that shell scripting can solve them. Completely for self-educational purposes. Also I'd like to know how would you go about learning shell scripting.,"Sysadmins often face tedious, repetitive tasks like monitoring disk space, rotating logs, or managing user accounts. Shell scripting solves these by automating sequences of commands. For instance, you can write a script that checks if a service is down and restarts it automatically, or set up a cron job that compresses old logs and moves them to a backup server using rsync.

To learn shell scripting, start by getting comfortable with the command line and basic utilities like grep, awk, and sed. Once you've mastered the basics, dive into syntax—variables, loops, and conditional statements. The best way to improve is ""learning by doing"": identify a manual task you do daily and try to automate it. Read man pages and explore existing open-source scripts on GitHub to see how experienced developers structure their code. Practice consistently in a safe environment, like a virtual machine, to avoid breaking your primary system.","Sysadmins often face tedious, repetitive tasks like monitoring disk space, rotating logs, or managing user accounts. Shell scripting solves these by automating sequences of commands. For instance, you can write a script that checks if a service is down and restarts it automatically, or set up a cron job that compresses old logs and moves them to a backup server using rsync.

To learn shell scripting, start by getting comfortable with the command line and basic utilities like grep, awk, and sed. Once you've mastered the basics, dive into syntax—variables, loops, and conditional statements. The best way to improve is ""learning by doing"": identify a manual task you do daily and try to automate it. Read man pages and explore existing open-source scripts on GitHub to see how experienced developers structure their code. Practice consistently in a safe environment, like a virtual machine, to avoid breaking your primary system.",gemma-4-31b,google,True,149,933,test,gemma-4-31b-q4_k_m,final-2026-09-20,You are answering questions the way a knowledgeable person would in an online discussion. Write in plain prose. Do not restate the question or add a preamble. Begin with the answer itself.,110,170,8192,default,,end_turn,ollama-local-gemma-4-31b,2026-09-28 08:14:33.872511+00:00,31.3,gemma4:31b,q4_k_m,16384,8192,True,"{""temperature"": ""1"", ""top_k"": ""64"", ""top_p"": ""0.95""}","Sysadmins often face tedious, repetitive tasks like monitoring disk space, rotating logs, or managing user accounts. Shell scripting solves these by automating sequences of commands. For instance, you can write a script that checks if a service is down and restarts it automatically, or set up a cron job that compresses old logs and moves them to a backup server using rsync.

To learn shell scripting, start by getting comfortable with the command line and basic utilities like grep, awk, and sed. Once you've mastered the basics, dive into syntax - variables, loops, and conditional statements. The best way to improve is ""learning by doing"": identify a manual task you do daily and try to automate it. Read man pages and explore existing open-source scripts on GitHub to see how experienced developers structure their code. Practice consistently in a safe environment, like a virtual machine, to avoid breaking your primary system.","Sysadmins often face tedious, repetitive tasks like monitoring disk space, rotating logs, or managing user accounts. Shell scripting solves these by automating sequences of commands. For instance, you can write a script that checks if a service is down and restarts it automatically, or set up a cron job that compresses old logs and moves them to a backup server using rsync. To learn shell scripting, start by getting comfortable with the command line and basic utilities like grep, awk, and sed. Once you've mastered the basics, dive into syntax—variables, loops, and conditional statements. The best way to improve is ""learning by doing"": identify a manual task you do daily and try to automate it. Read man pages and explore existing open-source scripts on GitHub to see how experienced developers structure their code. Practice consistently in a safe environment, like a virtual machine, to avoid breaking your primary system.","Sysadmins often face tedious, repetitive tasks like monitoring disk space, rotating logs, or managing user accounts. Shell scripting solves these by automating sequences of commands. For instance, you can write a script that checks if a service is down and restarts it automatically, or set up a cron job that compresses old logs and moves them to a backup server using rsync. To learn shell scripting, start by getting comfortable with the command line and basic utilities like grep, awk, and sed. Once you've mastered the basics, dive into syntax - variables, loops, and conditional statements. The best way to improve is ""learning by doing"": identify a manual task you do daily and try to automate it. Read man pages and explore existing open-source scripts on GitHub to see how experienced developers structure their code. Practice consistently in a safe environment, like a virtual machine, to avoid breaking your primary system.",sysadmins often face tedious repetitive tasks like monitoring disk space rotating logs or managing user accounts shell scripting solves these by automating sequences of commands for instance you can write a script that checks if a service is down and restarts it automatically or set up a cron job that compresses old logs and moves them to a backup server using rsync to learn shell scripting start by getting comfortable with the command line and basic utilities like grep awk and sed once you've mastered the basics dive into syntax variables loops and conditional statements the best way to improve is learning by doing identify a manual task you do daily and try to automate it read man pages and explore existing open source scripts on github to see how experienced developers structure their code practice consistently in a safe environment like a virtual machine to avoid breaking your primary system
technical_0304__gemma-4-31b,technical_0304,technical,"When i installed ubuntu in my x86 machine, I had to configure some memory as 'swap area'.

What is the use of this memory and what is the importance of this memory in linux file systems?

How can I determine the exact size of 'swap area' in a machine for the safe working of linux inside in it?","Swap acts as a virtual extension of your physical RAM. When your system runs out of actual memory, the Linux kernel moves inactive pages of data from the RAM to this dedicated area on your disk. This prevents the system from crashing or forcefully killing active applications when memory usage spikes, acting as a critical safety net for system stability.

Regarding size, there isn't a single ""perfect"" number, as it depends on your total RAM and specific usage. A common guideline is to set swap to twice your RAM size if you have less than 8GB. For machines with more RAM, a smaller allocation—typically 4GB to 8GB—is often sufficient for general stability. However, if you intend to use the hibernation feature, your swap area must be at least equal to your total physical RAM to save the entire system state. You can check your current setup by running `free -h` or `swapon --show` in the terminal.","Swap acts as a virtual extension of your physical RAM. When your system runs out of actual memory, the Linux kernel moves inactive pages of data from the RAM to this dedicated area on your disk. This prevents the system from crashing or forcefully killing active applications when memory usage spikes, acting as a critical safety net for system stability.

Regarding size, there isn't a single ""perfect"" number, as it depends on your total RAM and specific usage. A common guideline is to set swap to twice your RAM size if you have less than 8GB. For machines with more RAM, a smaller allocation—typically 4GB to 8GB—is often sufficient for general stability. However, if you intend to use the hibernation feature, your swap area must be at least equal to your total physical RAM to save the entire system state. You can check your current setup by running free -h or swapon --show in the terminal.",gemma-4-31b,google,True,156,903,test,gemma-4-31b-q4_k_m,final-2026-09-20,You are answering questions the way a knowledgeable person would in an online discussion. Write in plain prose. Do not restate the question or add a preamble. Begin with the answer itself.,110,170,8192,default,,end_turn,ollama-local-gemma-4-31b,2026-09-28 08:15:12.101668+00:00,31.3,gemma4:31b,q4_k_m,16384,8192,True,"{""temperature"": ""1"", ""top_k"": ""64"", ""top_p"": ""0.95""}","Swap acts as a virtual extension of your physical RAM. When your system runs out of actual memory, the Linux kernel moves inactive pages of data from the RAM to this dedicated area on your disk. This prevents the system from crashing or forcefully killing active applications when memory usage spikes, acting as a critical safety net for system stability.

Regarding size, there isn't a single ""perfect"" number, as it depends on your total RAM and specific usage. A common guideline is to set swap to twice your RAM size if you have less than 8GB. For machines with more RAM, a smaller allocation - typically 4GB to 8GB - is often sufficient for general stability. However, if you intend to use the hibernation feature, your swap area must be at least equal to your total physical RAM to save the entire system state. You can check your current setup by running free -h or swapon --show in the terminal.","Swap acts as a virtual extension of your physical RAM. When your system runs out of actual memory, the Linux kernel moves inactive pages of data from the RAM to this dedicated area on your disk. This prevents the system from crashing or forcefully killing active applications when memory usage spikes, acting as a critical safety net for system stability. Regarding size, there isn't a single ""perfect"" number, as it depends on your total RAM and specific usage. A common guideline is to set swap to twice your RAM size if you have less than 8GB. For machines with more RAM, a smaller allocation—typically 4GB to 8GB—is often sufficient for general stability. However, if you intend to use the hibernation feature, your swap area must be at least equal to your total physical RAM to save the entire system state. You can check your current setup by running free -h or swapon --show in the terminal.","Swap acts as a virtual extension of your physical RAM. When your system runs out of actual memory, the Linux kernel moves inactive pages of data from the RAM to this dedicated area on your disk. This prevents the system from crashing or forcefully killing active applications when memory usage spikes, acting as a critical safety net for system stability. Regarding size, there isn't a single ""perfect"" number, as it depends on your total RAM and specific usage. A common guideline is to set swap to twice your RAM size if you have less than 8GB. For machines with more RAM, a smaller allocation - typically 4GB to 8GB - is often sufficient for general stability. However, if you intend to use the hibernation feature, your swap area must be at least equal to your total physical RAM to save the entire system state. You can check your current setup by running free -h or swapon - show in the terminal.",swap acts as a virtual extension of your physical ram when your system runs out of actual memory the linux kernel moves inactive pages of data from the ram to this dedicated area on your disk this prevents the system from crashing or forcefully killing active applications when memory usage spikes acting as a critical safety net for system stability regarding size there isn't a single perfect number as it depends on your total ram and specific usage a common guideline is to set swap to twice your ram size if you have less than 8gb for machines with more ram a smaller allocation typically 4gb to 8gb is often sufficient for general stability however if you intend to use the hibernation feature your swap area must be at least equal to your total physical ram to save the entire system state you can check your current setup by running free h or swapon show in the terminal
technical_0306__gemma-4-31b,technical_0306,technical,"I am changing my current partition scheme (personal development laptop, dual boot) to remove the Windows partition and leave only my Slackware64 instance. What thought should go into my partitioning? I have been keeping / and /home in separate partitions, as well as a swap partition too. How do I decide what other partitions would be good to have in their own section of the disk?","Since you're already splitting `/` and `/home`, you've got the basics covered. For a development machine, the biggest risk is `/var` filling up with logs, caches, or Docker images, which can crash your system if it shares space with root. Moving `/var` to its own partition provides an extra layer of safety and prevents a runaway log file from freezing your OS. 

You might also consider a separate `/tmp` partition or moving it to RAM via tmpfs to reduce SSD wear and increase speed. If you aren't already using LVM, now is the perfect time to switch; it allows you to resize volumes on the fly without the headache of shifting physical partition boundaries. Lastly, ensure your `/boot` is properly sized for a few kernel versions. Unless you have a specific need for a dedicated encrypted vault, keeping it simple with root, home, swap, and perhaps var is usually the sweet spot for Slackware.","Since you're already splitting / and /home, you've got the basics covered. For a development machine, the biggest risk is /var filling up with logs, caches, or Docker images, which can crash your system if it shares space with root. Moving /var to its own partition provides an extra layer of safety and prevents a runaway log file from freezing your OS.

You might also consider a separate /tmp partition or moving it to RAM via tmpfs to reduce SSD wear and increase speed. If you aren't already using LVM, now is the perfect time to switch; it allows you to resize volumes on the fly without the headache of shifting physical partition boundaries. Lastly, ensure your /boot is properly sized for a few kernel versions. Unless you have a specific need for a dedicated encrypted vault, keeping it simple with root, home, swap, and perhaps var is usually the sweet spot for Slackware.",gemma-4-31b,google,True,154,896,test,gemma-4-31b-q4_k_m,final-2026-09-20,You are answering questions the way a knowledgeable person would in an online discussion. Write in plain prose. Do not restate the question or add a preamble. Begin with the answer itself.,110,170,8192,default,,end_turn,ollama-local-gemma-4-31b,2026-09-28 08:15:41.849408+00:00,31.3,gemma4:31b,q4_k_m,16384,8192,True,"{""temperature"": ""1"", ""top_k"": ""64"", ""top_p"": ""0.95""}","Since you're already splitting / and /home, you've got the basics covered. For a development machine, the biggest risk is /var filling up with logs, caches, or Docker images, which can crash your system if it shares space with root. Moving /var to its own partition provides an extra layer of safety and prevents a runaway log file from freezing your OS.

You might also consider a separate /tmp partition or moving it to RAM via tmpfs to reduce SSD wear and increase speed. If you aren't already using LVM, now is the perfect time to switch; it allows you to resize volumes on the fly without the headache of shifting physical partition boundaries. Lastly, ensure your /boot is properly sized for a few kernel versions. Unless you have a specific need for a dedicated encrypted vault, keeping it simple with root, home, swap, and perhaps var is usually the sweet spot for Slackware.","Since you're already splitting / and /home, you've got the basics covered. For a development machine, the biggest risk is /var filling up with logs, caches, or Docker images, which can crash your system if it shares space with root. Moving /var to its own partition provides an extra layer of safety and prevents a runaway log file from freezing your OS. You might also consider a separate /tmp partition or moving it to RAM via tmpfs to reduce SSD wear and increase speed. If you aren't already using LVM, now is the perfect time to switch; it allows you to resize volumes on the fly without the headache of shifting physical partition boundaries. Lastly, ensure your /boot is properly sized for a few kernel versions. Unless you have a specific need for a dedicated encrypted vault, keeping it simple with root, home, swap, and perhaps var is usually the sweet spot for Slackware.","Since you're already splitting / and /home, you've got the basics covered. For a development machine, the biggest risk is /var filling up with logs, caches, or Docker images, which can crash your system if it shares space with root. Moving /var to its own partition provides an extra layer of safety and prevents a runaway log file from freezing your OS. You might also consider a separate /tmp partition or moving it to RAM via tmpfs to reduce SSD wear and increase speed. If you aren't already using LVM, now is the perfect time to switch; it allows you to resize volumes on the fly without the headache of shifting physical partition boundaries. Lastly, ensure your /boot is properly sized for a few kernel versions. Unless you have a specific need for a dedicated encrypted vault, keeping it simple with root, home, swap, and perhaps var is usually the sweet spot for Slackware.",since you're already splitting and home you've got the basics covered for a development machine the biggest risk is var filling up with logs caches or docker images which can crash your system if it shares space with root moving var to its own partition provides an extra layer of safety and prevents a runaway log file from freezing your os you might also consider a separate tmp partition or moving it to ram via tmpfs to reduce ssd wear and increase speed if you aren't already using lvm now is the perfect time to switch it allows you to resize volumes on the fly without the headache of shifting physical partition boundaries lastly ensure your boot is properly sized for a few kernel versions unless you have a specific need for a dedicated encrypted vault keeping it simple with root home swap and perhaps var is usually the sweet spot for slackware
technical_0309__gemma-4-31b,technical_0309,technical,"How can I find out who executed a particular command and which terminal was used to run it?

Original:

How can I know particular cmd is executed by whom and to know about my terminal","The most reliable way to track who executed a command and from which terminal is by using the Linux Audit Framework (`auditd`). If auditing is enabled, you can use `ausearch -c <command_name>` to retrieve logs containing the user ID (uid) and the terminal (tty) associated with that specific execution.

For commands run with elevated privileges, check the system authentication logs, typically located at `/var/log/auth.log` or `/var/log/secure`. These logs generally record the username and the terminal device used whenever a `sudo` command is triggered. 

If you lack these logs, you can check the `.bash_history` file in a user's home directory to see what they ran, though this won't specify the terminal. For real-time tracking, the `w` or `who` commands show who is currently logged in and their respective terminals, while `ps -ef` can link active processes back to a specific tty.","The most reliable way to track who executed a command and from which terminal is by using the Linux Audit Framework (auditd). If auditing is enabled, you can use ausearch -c <command_name> to retrieve logs containing the user ID (uid) and the terminal (tty) associated with that specific execution.

For commands run with elevated privileges, check the system authentication logs, typically located at /var/log/auth.log or /var/log/secure. These logs generally record the username and the terminal device used whenever a sudo command is triggered.

If you lack these logs, you can check the .bash_history file in a user's home directory to see what they ran, though this won't specify the terminal. For real-time tracking, the w or who commands show who is currently logged in and their respective terminals, while ps -ef can link active processes back to a specific tty.",gemma-4-31b,google,True,140,890,test,gemma-4-31b-q4_k_m,final-2026-09-20,You are answering questions the way a knowledgeable person would in an online discussion. Write in plain prose. Do not restate the question or add a preamble. Begin with the answer itself.,110,170,8192,default,,end_turn,ollama-local-gemma-4-31b,2026-09-28 08:16:16.842948+00:00,31.3,gemma4:31b,q4_k_m,16384,8192,True,"{""temperature"": ""1"", ""top_k"": ""64"", ""top_p"": ""0.95""}","The most reliable way to track who executed a command and from which terminal is by using the Linux Audit Framework (auditd). If auditing is enabled, you can use ausearch -c <command_name> to retrieve logs containing the user ID (uid) and the terminal (tty) associated with that specific execution.

For commands run with elevated privileges, check the system authentication logs, typically located at /var/log/auth.log or /var/log/secure. These logs generally record the username and the terminal device used whenever a sudo command is triggered.

If you lack these logs, you can check the .bash_history file in a user's home directory to see what they ran, though this won't specify the terminal. For real-time tracking, the w or who commands show who is currently logged in and their respective terminals, while ps -ef can link active processes back to a specific tty.","The most reliable way to track who executed a command and from which terminal is by using the Linux Audit Framework (auditd). If auditing is enabled, you can use ausearch -c <command_name> to retrieve logs containing the user ID (uid) and the terminal (tty) associated with that specific execution. For commands run with elevated privileges, check the system authentication logs, typically located at /var/log/auth.log or /var/log/secure. These logs generally record the username and the terminal device used whenever a sudo command is triggered. If you lack these logs, you can check the .bash_history file in a user's home directory to see what they ran, though this won't specify the terminal. For real-time tracking, the w or who commands show who is currently logged in and their respective terminals, while ps -ef can link active processes back to a specific tty.","The most reliable way to track who executed a command and from which terminal is by using the Linux Audit Framework (auditd). If auditing is enabled, you can use ausearch -c <command_name> to retrieve logs containing the user ID (uid) and the terminal (tty) associated with that specific execution. For commands run with elevated privileges, check the system authentication logs, typically located at /var/log/auth.log or /var/log/secure. These logs generally record the username and the terminal device used whenever a sudo command is triggered. If you lack these logs, you can check the .bash_history file in a user's home directory to see what they ran, though this won't specify the terminal. For real-time tracking, the w or who commands show who is currently logged in and their respective terminals, while ps -ef can link active processes back to a specific tty.",the most reliable way to track who executed a command and from which terminal is by using the linux audit framework auditd if auditing is enabled you can use ausearch c command name to retrieve logs containing the user id uid and the terminal tty associated with that specific execution for commands run with elevated privileges check the system authentication logs typically located at var log auth log or var log secure these logs generally record the username and the terminal device used whenever a sudo command is triggered if you lack these logs you can check the bash history file in a user's home directory to see what they ran though this won't specify the terminal for real time tracking the w or who commands show who is currently logged in and their respective terminals while ps ef can link active processes back to a specific tty
technical_0313__gemma-4-31b,technical_0313,technical,Why are tables built into ipchains? What was the benefit of adding tables to ipchains? Is there a simple scenario that would illustrate how tables are used to increase performance or offer some other benefit?,"Tables were added to ipchains to organize rules by function, moving away from a flat structure. The main benefit was a boost in performance and logical separation; it allowed the kernel to bypass entire sets of rules that weren't relevant to a packet's current state.

A great example is the distinction between NAT and filtering. If you have a massive list of security rules and a few NAT rules, you don't want every single packet to be evaluated against every security rule just to perform a simple address translation. By placing NAT rules in their own table, the system can process the translation quickly without wasting CPU cycles on the complex filtering logic. This modularity prevents the firewall from becoming a bottleneck, as the kernel only executes the specific logic required for that packet's path, significantly improving throughput under high traffic loads.","Tables were added to ipchains to organize rules by function, moving away from a flat structure. The main benefit was a boost in performance and logical separation; it allowed the kernel to bypass entire sets of rules that weren't relevant to a packet's current state.

A great example is the distinction between NAT and filtering. If you have a massive list of security rules and a few NAT rules, you don't want every single packet to be evaluated against every security rule just to perform a simple address translation. By placing NAT rules in their own table, the system can process the translation quickly without wasting CPU cycles on the complex filtering logic. This modularity prevents the firewall from becoming a bottleneck, as the kernel only executes the specific logic required for that packet's path, significantly improving throughput under high traffic loads.",gemma-4-31b,google,True,142,875,test,gemma-4-31b-q4_k_m,final-2026-09-20,You are answering questions the way a knowledgeable person would in an online discussion. Write in plain prose. Do not restate the question or add a preamble. Begin with the answer itself.,110,170,8192,default,,end_turn,ollama-local-gemma-4-31b,2026-09-28 08:16:53.458329+00:00,31.3,gemma4:31b,q4_k_m,16384,8192,True,"{""temperature"": ""1"", ""top_k"": ""64"", ""top_p"": ""0.95""}","Tables were added to ipchains to organize rules by function, moving away from a flat structure. The main benefit was a boost in performance and logical separation; it allowed the kernel to bypass entire sets of rules that weren't relevant to a packet's current state.

A great example is the distinction between NAT and filtering. If you have a massive list of security rules and a few NAT rules, you don't want every single packet to be evaluated against every security rule just to perform a simple address translation. By placing NAT rules in their own table, the system can process the translation quickly without wasting CPU cycles on the complex filtering logic. This modularity prevents the firewall from becoming a bottleneck, as the kernel only executes the specific logic required for that packet's path, significantly improving throughput under high traffic loads.","Tables were added to ipchains to organize rules by function, moving away from a flat structure. The main benefit was a boost in performance and logical separation; it allowed the kernel to bypass entire sets of rules that weren't relevant to a packet's current state. A great example is the distinction between NAT and filtering. If you have a massive list of security rules and a few NAT rules, you don't want every single packet to be evaluated against every security rule just to perform a simple address translation. By placing NAT rules in their own table, the system can process the translation quickly without wasting CPU cycles on the complex filtering logic. This modularity prevents the firewall from becoming a bottleneck, as the kernel only executes the specific logic required for that packet's path, significantly improving throughput under high traffic loads.","Tables were added to ipchains to organize rules by function, moving away from a flat structure. The main benefit was a boost in performance and logical separation; it allowed the kernel to bypass entire sets of rules that weren't relevant to a packet's current state. A great example is the distinction between NAT and filtering. If you have a massive list of security rules and a few NAT rules, you don't want every single packet to be evaluated against every security rule just to perform a simple address translation. By placing NAT rules in their own table, the system can process the translation quickly without wasting CPU cycles on the complex filtering logic. This modularity prevents the firewall from becoming a bottleneck, as the kernel only executes the specific logic required for that packet's path, significantly improving throughput under high traffic loads.",tables were added to ipchains to organize rules by function moving away from a flat structure the main benefit was a boost in performance and logical separation it allowed the kernel to bypass entire sets of rules that weren't relevant to a packet's current state a great example is the distinction between nat and filtering if you have a massive list of security rules and a few nat rules you don't want every single packet to be evaluated against every security rule just to perform a simple address translation by placing nat rules in their own table the system can process the translation quickly without wasting cpu cycles on the complex filtering logic this modularity prevents the firewall from becoming a bottleneck as the kernel only executes the specific logic required for that packet's path significantly improving throughput under high traffic loads
technical_0353__gemma-4-31b,technical_0353,technical,"I am confused by the dual concepts of time-resolution and bandwidth. Often I will hear that a pulse-compressed radar application 'doesnt have enough BW' for some specific time resolution that is sought.

Isnt the maximum time resolution simply the reciprocal of your sampling rate?

How are those concepts related?","Actually, sampling rate and time resolution are distinct concepts. The sampling rate determines how accurately you can digitize a signal without aliasing, but it doesn't create resolution where none exists. Time resolution—the ability to distinguish two closely spaced targets—is fundamentally limited by the signal's bandwidth, not the digitizer.

The relationship is an inverse one: the minimum time resolution is roughly the reciprocal of the bandwidth ($\Delta t \approx 1/B$). In pulse compression, you use a wide frequency sweep (a chirp) to make a long pulse behave like a short one. If your bandwidth is too narrow, the resulting compressed pulse remains ""fat"" or smeared in time. No matter how fast you sample that smeared pulse, you can't magically sharpen it. You need the frequency content to create a narrow peak; without enough bandwidth, the physical limit of the signal prevents you from resolving fine details.","Actually, sampling rate and time resolution are distinct concepts. The sampling rate determines how accurately you can digitize a signal without aliasing, but it doesn't create resolution where none exists. Time resolution—the ability to distinguish two closely spaced targets—is fundamentally limited by the signal's bandwidth, not the digitizer.

The relationship is an inverse one: the minimum time resolution is roughly the reciprocal of the bandwidth (Δ t ≈ 1/B). In pulse compression, you use a wide frequency sweep (a chirp) to make a long pulse behave like a short one. If your bandwidth is too narrow, the resulting compressed pulse remains ""fat"" or smeared in time. No matter how fast you sample that smeared pulse, you can't magically sharpen it. You need the frequency content to create a narrow peak; without enough bandwidth, the physical limit of the signal prevents you from resolving fine details.",gemma-4-31b,google,True,145,927,test,gemma-4-31b-q4_k_m,final-2026-09-20,You are answering questions the way a knowledgeable person would in an online discussion. Write in plain prose. Do not restate the question or add a preamble. Begin with the answer itself.,110,170,8192,default,,end_turn,ollama-local-gemma-4-31b,2026-09-28 08:17:30.664551+00:00,31.3,gemma4:31b,q4_k_m,16384,8192,True,"{""temperature"": ""1"", ""top_k"": ""64"", ""top_p"": ""0.95""}","Actually, sampling rate and time resolution are distinct concepts. The sampling rate determines how accurately you can digitize a signal without aliasing, but it doesn't create resolution where none exists. Time resolution - the ability to distinguish two closely spaced targets - is fundamentally limited by the signal's bandwidth, not the digitizer.

The relationship is an inverse one: the minimum time resolution is roughly the reciprocal of the bandwidth (Δ t ≈ 1/B). In pulse compression, you use a wide frequency sweep (a chirp) to make a long pulse behave like a short one. If your bandwidth is too narrow, the resulting compressed pulse remains ""fat"" or smeared in time. No matter how fast you sample that smeared pulse, you can't magically sharpen it. You need the frequency content to create a narrow peak; without enough bandwidth, the physical limit of the signal prevents you from resolving fine details.","Actually, sampling rate and time resolution are distinct concepts. The sampling rate determines how accurately you can digitize a signal without aliasing, but it doesn't create resolution where none exists. Time resolution—the ability to distinguish two closely spaced targets—is fundamentally limited by the signal's bandwidth, not the digitizer. The relationship is an inverse one: the minimum time resolution is roughly the reciprocal of the bandwidth (Δ t ≈ 1/B). In pulse compression, you use a wide frequency sweep (a chirp) to make a long pulse behave like a short one. If your bandwidth is too narrow, the resulting compressed pulse remains ""fat"" or smeared in time. No matter how fast you sample that smeared pulse, you can't magically sharpen it. You need the frequency content to create a narrow peak; without enough bandwidth, the physical limit of the signal prevents you from resolving fine details.","Actually, sampling rate and time resolution are distinct concepts. The sampling rate determines how accurately you can digitize a signal without aliasing, but it doesn't create resolution where none exists. Time resolution - the ability to distinguish two closely spaced targets - is fundamentally limited by the signal's bandwidth, not the digitizer. The relationship is an inverse one: the minimum time resolution is roughly the reciprocal of the bandwidth (Δ t ≈ 1/B). In pulse compression, you use a wide frequency sweep (a chirp) to make a long pulse behave like a short one. If your bandwidth is too narrow, the resulting compressed pulse remains ""fat"" or smeared in time. No matter how fast you sample that smeared pulse, you can't magically sharpen it. You need the frequency content to create a narrow peak; without enough bandwidth, the physical limit of the signal prevents you from resolving fine details.",actually sampling rate and time resolution are distinct concepts the sampling rate determines how accurately you can digitize a signal without aliasing but it doesn't create resolution where none exists time resolution the ability to distinguish two closely spaced targets is fundamentally limited by the signal's bandwidth not the digitizer the relationship is an inverse one the minimum time resolution is roughly the reciprocal of the bandwidth δ t 1 b in pulse compression you use a wide frequency sweep a chirp to make a long pulse behave like a short one if your bandwidth is too narrow the resulting compressed pulse remains fat or smeared in time no matter how fast you sample that smeared pulse you can't magically sharpen it you need the frequency content to create a narrow peak without enough bandwidth the physical limit of the signal prevents you from resolving fine details
technical_0354__gemma-4-31b,technical_0354,technical,Can anyone state the difference between frequency response and impulse response in simple English?,"Impulse response is what happens when you give a system a single, sharp ""poke""—like a quick click or a clap in a room. It shows how the system reacts over time, capturing characteristics like echoes or decay. If you record a single loud pop in a cathedral, that recording is the impulse response of that space.

Frequency response, on the other hand, describes how a system handles different pitches. Instead of a momentary burst, imagine feeding the system steady tones from low to high. The frequency response tells you if the system boosts the bass, cuts the mids, or enhances the treble.

The fundamental difference is the perspective: impulse response lives in the time domain, while frequency response lives in the frequency domain. They are essentially two sides of the same coin; if you have one, you can use a Fourier transform to mathematically calculate the other.","Impulse response is what happens when you give a system a single, sharp ""poke""—like a quick click or a clap in a room. It shows how the system reacts over time, capturing characteristics like echoes or decay. If you record a single loud pop in a cathedral, that recording is the impulse response of that space.

Frequency response, on the other hand, describes how a system handles different pitches. Instead of a momentary burst, imagine feeding the system steady tones from low to high. The frequency response tells you if the system boosts the bass, cuts the mids, or enhances the treble.

The fundamental difference is the perspective: impulse response lives in the time domain, while frequency response lives in the frequency domain. They are essentially two sides of the same coin; if you have one, you can use a Fourier transform to mathematically calculate the other.",gemma-4-31b,google,True,147,875,test,gemma-4-31b-q4_k_m,final-2026-09-20,You are answering questions the way a knowledgeable person would in an online discussion. Write in plain prose. Do not restate the question or add a preamble. Begin with the answer itself.,110,170,8192,default,,end_turn,ollama-local-gemma-4-31b,2026-09-28 08:18:02.603216+00:00,31.3,gemma4:31b,q4_k_m,16384,8192,True,"{""temperature"": ""1"", ""top_k"": ""64"", ""top_p"": ""0.95""}","Impulse response is what happens when you give a system a single, sharp ""poke"" - like a quick click or a clap in a room. It shows how the system reacts over time, capturing characteristics like echoes or decay. If you record a single loud pop in a cathedral, that recording is the impulse response of that space.

Frequency response, on the other hand, describes how a system handles different pitches. Instead of a momentary burst, imagine feeding the system steady tones from low to high. The frequency response tells you if the system boosts the bass, cuts the mids, or enhances the treble.

The fundamental difference is the perspective: impulse response lives in the time domain, while frequency response lives in the frequency domain. They are essentially two sides of the same coin; if you have one, you can use a Fourier transform to mathematically calculate the other.","Impulse response is what happens when you give a system a single, sharp ""poke""—like a quick click or a clap in a room. It shows how the system reacts over time, capturing characteristics like echoes or decay. If you record a single loud pop in a cathedral, that recording is the impulse response of that space. Frequency response, on the other hand, describes how a system handles different pitches. Instead of a momentary burst, imagine feeding the system steady tones from low to high. The frequency response tells you if the system boosts the bass, cuts the mids, or enhances the treble. The fundamental difference is the perspective: impulse response lives in the time domain, while frequency response lives in the frequency domain. They are essentially two sides of the same coin; if you have one, you can use a Fourier transform to mathematically calculate the other.","Impulse response is what happens when you give a system a single, sharp ""poke"" - like a quick click or a clap in a room. It shows how the system reacts over time, capturing characteristics like echoes or decay. If you record a single loud pop in a cathedral, that recording is the impulse response of that space. Frequency response, on the other hand, describes how a system handles different pitches. Instead of a momentary burst, imagine feeding the system steady tones from low to high. The frequency response tells you if the system boosts the bass, cuts the mids, or enhances the treble. The fundamental difference is the perspective: impulse response lives in the time domain, while frequency response lives in the frequency domain. They are essentially two sides of the same coin; if you have one, you can use a Fourier transform to mathematically calculate the other.",impulse response is what happens when you give a system a single sharp poke like a quick click or a clap in a room it shows how the system reacts over time capturing characteristics like echoes or decay if you record a single loud pop in a cathedral that recording is the impulse response of that space frequency response on the other hand describes how a system handles different pitches instead of a momentary burst imagine feeding the system steady tones from low to high the frequency response tells you if the system boosts the bass cuts the mids or enhances the treble the fundamental difference is the perspective impulse response lives in the time domain while frequency response lives in the frequency domain they are essentially two sides of the same coin if you have one you can use a fourier transform to mathematically calculate the other
technical_0358__gemma-4-31b,technical_0358,technical,"I need help understanding how/what does it mean to ""turn"" a transformation parameters into a vote. I know how to recover the transformation parameters (in my case: 6 DOF), but how this turns into a vote in 6D (??) space ?

Thank You !","Think of it as a Generalized Hough Transform. When you recover a transformation for a specific pair of matching features, you aren't just finding a result; you are proposing a hypothesis. This hypothesis is treated as a single coordinate in a 6D parameter space, where three dimensions represent rotation and three represent translation.

By treating this coordinate as a ""vote,"" you are mapping each local match to a specific location in a high-dimensional histogram. If many matches are consistent with the same global motion, their corresponding transformation parameters will be nearly identical. In the 6D space, these votes will cluster tightly together. The region with the highest density of votes—the peak of the distribution—represents the most likely global transformation. Instead of relying on a single potentially noisy match, you use the consensus of all matches to find the most frequent transformation, which effectively filters out outliers and noise.","Think of it as a Generalized Hough Transform. When you recover a transformation for a specific pair of matching features, you aren't just finding a result; you are proposing a hypothesis. This hypothesis is treated as a single coordinate in a 6D parameter space, where three dimensions represent rotation and three represent translation.

By treating this coordinate as a ""vote,"" you are mapping each local match to a specific location in a high-dimensional histogram. If many matches are consistent with the same global motion, their corresponding transformation parameters will be nearly identical. In the 6D space, these votes will cluster tightly together. The region with the highest density of votes—the peak of the distribution—represents the most likely global transformation. Instead of relying on a single potentially noisy match, you use the consensus of all matches to find the most frequent transformation, which effectively filters out outliers and noise.",gemma-4-31b,google,True,148,969,test,gemma-4-31b-q4_k_m,final-2026-09-20,You are answering questions the way a knowledgeable person would in an online discussion. Write in plain prose. Do not restate the question or add a preamble. Begin with the answer itself.,110,170,8192,default,,end_turn,ollama-local-gemma-4-31b,2026-09-28 08:18:35.906014+00:00,31.3,gemma4:31b,q4_k_m,16384,8192,True,"{""temperature"": ""1"", ""top_k"": ""64"", ""top_p"": ""0.95""}","Think of it as a Generalized Hough Transform. When you recover a transformation for a specific pair of matching features, you aren't just finding a result; you are proposing a hypothesis. This hypothesis is treated as a single coordinate in a 6D parameter space, where three dimensions represent rotation and three represent translation.

By treating this coordinate as a ""vote,"" you are mapping each local match to a specific location in a high-dimensional histogram. If many matches are consistent with the same global motion, their corresponding transformation parameters will be nearly identical. In the 6D space, these votes will cluster tightly together. The region with the highest density of votes - the peak of the distribution - represents the most likely global transformation. Instead of relying on a single potentially noisy match, you use the consensus of all matches to find the most frequent transformation, which effectively filters out outliers and noise.","Think of it as a Generalized Hough Transform. When you recover a transformation for a specific pair of matching features, you aren't just finding a result; you are proposing a hypothesis. This hypothesis is treated as a single coordinate in a 6D parameter space, where three dimensions represent rotation and three represent translation. By treating this coordinate as a ""vote,"" you are mapping each local match to a specific location in a high-dimensional histogram. If many matches are consistent with the same global motion, their corresponding transformation parameters will be nearly identical. In the 6D space, these votes will cluster tightly together. The region with the highest density of votes—the peak of the distribution—represents the most likely global transformation. Instead of relying on a single potentially noisy match, you use the consensus of all matches to find the most frequent transformation, which effectively filters out outliers and noise.","Think of it as a Generalized Hough Transform. When you recover a transformation for a specific pair of matching features, you aren't just finding a result; you are proposing a hypothesis. This hypothesis is treated as a single coordinate in a 6D parameter space, where three dimensions represent rotation and three represent translation. By treating this coordinate as a ""vote,"" you are mapping each local match to a specific location in a high-dimensional histogram. If many matches are consistent with the same global motion, their corresponding transformation parameters will be nearly identical. In the 6D space, these votes will cluster tightly together. The region with the highest density of votes - the peak of the distribution - represents the most likely global transformation. Instead of relying on a single potentially noisy match, you use the consensus of all matches to find the most frequent transformation, which effectively filters out outliers and noise.",think of it as a generalized hough transform when you recover a transformation for a specific pair of matching features you aren't just finding a result you are proposing a hypothesis this hypothesis is treated as a single coordinate in a 6d parameter space where three dimensions represent rotation and three represent translation by treating this coordinate as a vote you are mapping each local match to a specific location in a high dimensional histogram if many matches are consistent with the same global motion their corresponding transformation parameters will be nearly identical in the 6d space these votes will cluster tightly together the region with the highest density of votes the peak of the distribution represents the most likely global transformation instead of relying on a single potentially noisy match you use the consensus of all matches to find the most frequent transformation which effectively filters out outliers and noise
technical_0359__gemma-4-31b,technical_0359,technical,"I performed 512 point FFT on a signal. I got another set of 512 Numbers. I understand that those numbers represent amplitude of the various sine and cosine waves having different frequencies.

If my understanding is correct can somebody tell me how to know the frequencies of those sine and cosine waves from the knowledge of those 512-numbers (i.e amplitudes) ?","To determine the frequencies, you first need to know your sampling rate ($f_s$). The FFT divides the frequency range into ""bins."" The distance between these bins, known as the frequency resolution, is calculated by dividing the sampling rate by the number of points in the FFT ($f_s / 512$).

Each index $k$ in your resulting array corresponds to a specific frequency: $f = k \times (f_s / 512)$. The first half of the array (indices 0 to 255) represents positive frequencies, starting from 0 Hz (the DC component) up to the Nyquist frequency, which is half of your sampling rate. For instance, if your sampling rate was 44,100 Hz, each bin would be approximately 86.1 Hz wide. The second half of the array (indices 256 to 511) represents negative frequencies, which, for real-valued input signals, are simply a mirrored reflection of the first half.","To determine the frequencies, you first need to know your sampling rate (f_s). The FFT divides the frequency range into ""bins."" The distance between these bins, known as the frequency resolution, is calculated by dividing the sampling rate by the number of points in the FFT (f_s / 512).

Each index k in your resulting array corresponds to a specific frequency: f = k × (f_s / 512). The first half of the array (indices 0 to 255) represents positive frequencies, starting from 0 Hz (the DC component) up to the Nyquist frequency, which is half of your sampling rate. For instance, if your sampling rate was 44,100 Hz, each bin would be approximately 86.1 Hz wide. The second half of the array (indices 256 to 511) represents negative frequencies, which, for real-valued input signals, are simply a mirrored reflection of the first half.",gemma-4-31b,google,True,144,850,test,gemma-4-31b-q4_k_m,final-2026-09-20,You are answering questions the way a knowledgeable person would in an online discussion. Write in plain prose. Do not restate the question or add a preamble. Begin with the answer itself.,110,170,8192,default,,end_turn,ollama-local-gemma-4-31b,2026-09-28 08:21:01.061562+00:00,31.3,gemma4:31b,q4_k_m,16384,8192,True,"{""temperature"": ""1"", ""top_k"": ""64"", ""top_p"": ""0.95""}","To determine the frequencies, you first need to know your sampling rate (f_s). The FFT divides the frequency range into ""bins."" The distance between these bins, known as the frequency resolution, is calculated by dividing the sampling rate by the number of points in the FFT (f_s / 512).

Each index k in your resulting array corresponds to a specific frequency: f = k × (f_s / 512). The first half of the array (indices 0 to 255) represents positive frequencies, starting from 0 Hz (the DC component) up to the Nyquist frequency, which is half of your sampling rate. For instance, if your sampling rate was 44,100 Hz, each bin would be approximately 86.1 Hz wide. The second half of the array (indices 256 to 511) represents negative frequencies, which, for real-valued input signals, are simply a mirrored reflection of the first half.","To determine the frequencies, you first need to know your sampling rate (f_s). The FFT divides the frequency range into ""bins."" The distance between these bins, known as the frequency resolution, is calculated by dividing the sampling rate by the number of points in the FFT (f_s / 512). Each index k in your resulting array corresponds to a specific frequency: f = k × (f_s / 512). The first half of the array (indices 0 to 255) represents positive frequencies, starting from 0 Hz (the DC component) up to the Nyquist frequency, which is half of your sampling rate. For instance, if your sampling rate was 44,100 Hz, each bin would be approximately 86.1 Hz wide. The second half of the array (indices 256 to 511) represents negative frequencies, which, for real-valued input signals, are simply a mirrored reflection of the first half.","To determine the frequencies, you first need to know your sampling rate (f_s). The FFT divides the frequency range into ""bins."" The distance between these bins, known as the frequency resolution, is calculated by dividing the sampling rate by the number of points in the FFT (f_s / 512). Each index k in your resulting array corresponds to a specific frequency: f = k × (f_s / 512). The first half of the array (indices 0 to 255) represents positive frequencies, starting from 0 Hz (the DC component) up to the Nyquist frequency, which is half of your sampling rate. For instance, if your sampling rate was 44,100 Hz, each bin would be approximately 86.1 Hz wide. The second half of the array (indices 256 to 511) represents negative frequencies, which, for real-valued input signals, are simply a mirrored reflection of the first half.",to determine the frequencies you first need to know your sampling rate f s the fft divides the frequency range into bins the distance between these bins known as the frequency resolution is calculated by dividing the sampling rate by the number of points in the fft f s 512 each index k in your resulting array corresponds to a specific frequency f k f s 512 the first half of the array indices 0 to 255 represents positive frequencies starting from 0 hz the dc component up to the nyquist frequency which is half of your sampling rate for instance if your sampling rate was 44 100 hz each bin would be approximately 86 1 hz wide the second half of the array indices 256 to 511 represents negative frequencies which for real valued input signals are simply a mirrored reflection of the first half
technical_0361__gemma-4-31b,technical_0361,technical,"I have convolved a random signal with a a Gaussian and added noise (Poisson noise in this case) to generate a noisy signal. Now I would like to deconvolve this noisy signal to extract the original signal using the same Gaussian.

The problem is that I need a code which does the job of deconvolution in 1D. (I have already found some in 2D but my main aim is 1D).

Can you please suggest me some packages or programs that are able to do so? (Preferably in MATLAB)

Thanks in advance for the help.","Since you are dealing with Poisson noise, you should avoid basic inverse filtering, as it will drastically amplify high-frequency noise and ruin your signal. The gold standard for Poisson-distributed noise is the Richardson-Lucy deconvolution algorithm. In MATLAB, the Image Processing Toolbox provides a built-in function called `deconvlucy`. While typically marketed for 2D images, it works perfectly for 1D signals.

If you prefer a linear approach or find the iterative nature of Richardson-Lucy too slow, the Wiener filter is a strong alternative, implemented via `deconvwnr` in MATLAB. It balances the trade-off between signal recovery and noise suppression based on the signal-to-noise ratio. For those without the toolbox, you can manually implement Richardson-Lucy using a loop of convolutions and point-wise divisions. For more control over the smoothing, consider Tikhonov regularization, which prevents the solution from blowing up by penalizing high-frequency components.","Since you are dealing with Poisson noise, you should avoid basic inverse filtering, as it will drastically amplify high-frequency noise and ruin your signal. The gold standard for Poisson-distributed noise is the Richardson-Lucy deconvolution algorithm. In MATLAB, the Image Processing Toolbox provides a built-in function called deconvlucy. While typically marketed for 2D images, it works perfectly for 1D signals.

If you prefer a linear approach or find the iterative nature of Richardson-Lucy too slow, the Wiener filter is a strong alternative, implemented via deconvwnr in MATLAB. It balances the trade-off between signal recovery and noise suppression based on the signal-to-noise ratio. For those without the toolbox, you can manually implement Richardson-Lucy using a loop of convolutions and point-wise divisions. For more control over the smoothing, consider Tikhonov regularization, which prevents the solution from blowing up by penalizing high-frequency components.",gemma-4-31b,google,True,139,984,test,gemma-4-31b-q4_k_m,final-2026-09-20,You are answering questions the way a knowledgeable person would in an online discussion. Write in plain prose. Do not restate the question or add a preamble. Begin with the answer itself.,110,170,8192,default,,end_turn,ollama-local-gemma-4-31b,2026-09-28 08:21:32.898040+00:00,31.3,gemma4:31b,q4_k_m,16384,8192,True,"{""temperature"": ""1"", ""top_k"": ""64"", ""top_p"": ""0.95""}","Since you are dealing with Poisson noise, you should avoid basic inverse filtering, as it will drastically amplify high-frequency noise and ruin your signal. The gold standard for Poisson-distributed noise is the Richardson-Lucy deconvolution algorithm. In MATLAB, the Image Processing Toolbox provides a built-in function called deconvlucy. While typically marketed for 2D images, it works perfectly for 1D signals.

If you prefer a linear approach or find the iterative nature of Richardson-Lucy too slow, the Wiener filter is a strong alternative, implemented via deconvwnr in MATLAB. It balances the trade-off between signal recovery and noise suppression based on the signal-to-noise ratio. For those without the toolbox, you can manually implement Richardson-Lucy using a loop of convolutions and point-wise divisions. For more control over the smoothing, consider Tikhonov regularization, which prevents the solution from blowing up by penalizing high-frequency components.","Since you are dealing with Poisson noise, you should avoid basic inverse filtering, as it will drastically amplify high-frequency noise and ruin your signal. The gold standard for Poisson-distributed noise is the Richardson-Lucy deconvolution algorithm. In MATLAB, the Image Processing Toolbox provides a built-in function called deconvlucy. While typically marketed for 2D images, it works perfectly for 1D signals. If you prefer a linear approach or find the iterative nature of Richardson-Lucy too slow, the Wiener filter is a strong alternative, implemented via deconvwnr in MATLAB. It balances the trade-off between signal recovery and noise suppression based on the signal-to-noise ratio. For those without the toolbox, you can manually implement Richardson-Lucy using a loop of convolutions and point-wise divisions. For more control over the smoothing, consider Tikhonov regularization, which prevents the solution from blowing up by penalizing high-frequency components.","Since you are dealing with Poisson noise, you should avoid basic inverse filtering, as it will drastically amplify high-frequency noise and ruin your signal. The gold standard for Poisson-distributed noise is the Richardson-Lucy deconvolution algorithm. In MATLAB, the Image Processing Toolbox provides a built-in function called deconvlucy. While typically marketed for 2D images, it works perfectly for 1D signals. If you prefer a linear approach or find the iterative nature of Richardson-Lucy too slow, the Wiener filter is a strong alternative, implemented via deconvwnr in MATLAB. It balances the trade-off between signal recovery and noise suppression based on the signal-to-noise ratio. For those without the toolbox, you can manually implement Richardson-Lucy using a loop of convolutions and point-wise divisions. For more control over the smoothing, consider Tikhonov regularization, which prevents the solution from blowing up by penalizing high-frequency components.",since you are dealing with poisson noise you should avoid basic inverse filtering as it will drastically amplify high frequency noise and ruin your signal the gold standard for poisson distributed noise is the richardson lucy deconvolution algorithm in matlab the image processing toolbox provides a built in function called deconvlucy while typically marketed for 2d images it works perfectly for 1d signals if you prefer a linear approach or find the iterative nature of richardson lucy too slow the wiener filter is a strong alternative implemented via deconvwnr in matlab it balances the trade off between signal recovery and noise suppression based on the signal to noise ratio for those without the toolbox you can manually implement richardson lucy using a loop of convolutions and point wise divisions for more control over the smoothing consider tikhonov regularization which prevents the solution from blowing up by penalizing high frequency components
technical_0370__gemma-4-31b,technical_0370,technical,"I know the basic working principle of sinusoidal oscillators. But I have a doubt on this matter when I came across Gram-Schmidt orthogonalization procedure. I have read that the source for sinusoid signal output from an oscillator is the noise. Due to controlled positive feedback a single frequency component is selected and amplified, right? If the noise is a white noise, we say it has all frequency components. We think in terms of all possible sinusoids with different frequencies. When coming to frequency response too, we think in terms of sinusoids. Why can't we think in terms of other orthogonal basis set? Although it makes life difficult, I would like to know the justification for thinking in terms of sinusoids. Is sinusoids the nature's default signals?","The preference for sinusoids is rooted in the fact that they are the eigenfunctions of Linear Time-Invariant (LTI) systems. Most physical oscillators are constructed from components like inductors and capacitors, which are governed by linear differential equations. In any LTI system, a sinusoid is the only waveform that can pass through the system without changing its shape; only its amplitude and phase are altered.

If you attempted to use a different orthogonal basis, such as square waves or wavelets, the system's frequency response would distort those shapes. The feedback loop essentially acts as a narrow bandpass filter, selectively amplifying the specific sinusoidal component that satisfies the Barkhausen stability criterion. Therefore, sinusoids aren't necessarily ""nature's default"" in a cosmic sense, but they are the inevitable mathematical result of linearity and time-invariance. When you solve the differential equations for these circuits, the solutions naturally emerge as sines and cosines.","The preference for sinusoids is rooted in the fact that they are the eigenfunctions of Linear Time-Invariant (LTI) systems. Most physical oscillators are constructed from components like inductors and capacitors, which are governed by linear differential equations. In any LTI system, a sinusoid is the only waveform that can pass through the system without changing its shape; only its amplitude and phase are altered.

If you attempted to use a different orthogonal basis, such as square waves or wavelets, the system's frequency response would distort those shapes. The feedback loop essentially acts as a narrow bandpass filter, selectively amplifying the specific sinusoidal component that satisfies the Barkhausen stability criterion. Therefore, sinusoids aren't necessarily ""nature's default"" in a cosmic sense, but they are the inevitable mathematical result of linearity and time-invariance. When you solve the differential equations for these circuits, the solutions naturally emerge as sines and cosines.",gemma-4-31b,google,True,147,1015,test,gemma-4-31b-q4_k_m,final-2026-09-20,You are answering questions the way a knowledgeable person would in an online discussion. Write in plain prose. Do not restate the question or add a preamble. Begin with the answer itself.,110,170,8192,default,,end_turn,ollama-local-gemma-4-31b,2026-09-28 08:22:03.677639+00:00,31.3,gemma4:31b,q4_k_m,16384,8192,True,"{""temperature"": ""1"", ""top_k"": ""64"", ""top_p"": ""0.95""}","The preference for sinusoids is rooted in the fact that they are the eigenfunctions of Linear Time-Invariant (LTI) systems. Most physical oscillators are constructed from components like inductors and capacitors, which are governed by linear differential equations. In any LTI system, a sinusoid is the only waveform that can pass through the system without changing its shape; only its amplitude and phase are altered.

If you attempted to use a different orthogonal basis, such as square waves or wavelets, the system's frequency response would distort those shapes. The feedback loop essentially acts as a narrow bandpass filter, selectively amplifying the specific sinusoidal component that satisfies the Barkhausen stability criterion. Therefore, sinusoids aren't necessarily ""nature's default"" in a cosmic sense, but they are the inevitable mathematical result of linearity and time-invariance. When you solve the differential equations for these circuits, the solutions naturally emerge as sines and cosines.","The preference for sinusoids is rooted in the fact that they are the eigenfunctions of Linear Time-Invariant (LTI) systems. Most physical oscillators are constructed from components like inductors and capacitors, which are governed by linear differential equations. In any LTI system, a sinusoid is the only waveform that can pass through the system without changing its shape; only its amplitude and phase are altered. If you attempted to use a different orthogonal basis, such as square waves or wavelets, the system's frequency response would distort those shapes. The feedback loop essentially acts as a narrow bandpass filter, selectively amplifying the specific sinusoidal component that satisfies the Barkhausen stability criterion. Therefore, sinusoids aren't necessarily ""nature's default"" in a cosmic sense, but they are the inevitable mathematical result of linearity and time-invariance. When you solve the differential equations for these circuits, the solutions naturally emerge as sines and cosines.","The preference for sinusoids is rooted in the fact that they are the eigenfunctions of Linear Time-Invariant (LTI) systems. Most physical oscillators are constructed from components like inductors and capacitors, which are governed by linear differential equations. In any LTI system, a sinusoid is the only waveform that can pass through the system without changing its shape; only its amplitude and phase are altered. If you attempted to use a different orthogonal basis, such as square waves or wavelets, the system's frequency response would distort those shapes. The feedback loop essentially acts as a narrow bandpass filter, selectively amplifying the specific sinusoidal component that satisfies the Barkhausen stability criterion. Therefore, sinusoids aren't necessarily ""nature's default"" in a cosmic sense, but they are the inevitable mathematical result of linearity and time-invariance. When you solve the differential equations for these circuits, the solutions naturally emerge as sines and cosines.",the preference for sinusoids is rooted in the fact that they are the eigenfunctions of linear time invariant lti systems most physical oscillators are constructed from components like inductors and capacitors which are governed by linear differential equations in any lti system a sinusoid is the only waveform that can pass through the system without changing its shape only its amplitude and phase are altered if you attempted to use a different orthogonal basis such as square waves or wavelets the system's frequency response would distort those shapes the feedback loop essentially acts as a narrow bandpass filter selectively amplifying the specific sinusoidal component that satisfies the barkhausen stability criterion therefore sinusoids aren't necessarily nature's default in a cosmic sense but they are the inevitable mathematical result of linearity and time invariance when you solve the differential equations for these circuits the solutions naturally emerge as sines and cosines
technical_0371__gemma-4-31b,technical_0371,technical,What's the correct way. Should I zero-pad a signal before or after applying a windowing function?,"You should always apply the windowing function first, then zero-pad the result. The purpose of a window is to taper the edges of your actual sampled data to avoid spectral leakage caused by the abrupt discontinuities at the start and end of the finite signal. By applying the window to the original signal, you ensure that the transition to zero is smooth.

Once the signal is windowed, you can append zeros to reach your desired FFT length. This zero-padding doesn't add new frequency information or improve the actual resolution of your data; it simply interpolates the spectrum, giving you a smoother-looking plot and more precise peak locations in the frequency domain. If you were to zero-pad first and then apply a window of the padded length, you'd be windowing a large section of zeros, which doesn't address the leakage at the boundaries of your actual data. Stick to windowing first.","You should always apply the windowing function first, then zero-pad the result. The purpose of a window is to taper the edges of your actual sampled data to avoid spectral leakage caused by the abrupt discontinuities at the start and end of the finite signal. By applying the window to the original signal, you ensure that the transition to zero is smooth.

Once the signal is windowed, you can append zeros to reach your desired FFT length. This zero-padding doesn't add new frequency information or improve the actual resolution of your data; it simply interpolates the spectrum, giving you a smoother-looking plot and more precise peak locations in the frequency domain. If you were to zero-pad first and then apply a window of the padded length, you'd be windowing a large section of zeros, which doesn't address the leakage at the boundaries of your actual data. Stick to windowing first.",gemma-4-31b,google,True,150,893,test,gemma-4-31b-q4_k_m,final-2026-09-20,You are answering questions the way a knowledgeable person would in an online discussion. Write in plain prose. Do not restate the question or add a preamble. Begin with the answer itself.,110,170,8192,default,,end_turn,ollama-local-gemma-4-31b,2026-09-28 08:22:50.173260+00:00,31.3,gemma4:31b,q4_k_m,16384,8192,True,"{""temperature"": ""1"", ""top_k"": ""64"", ""top_p"": ""0.95""}","You should always apply the windowing function first, then zero-pad the result. The purpose of a window is to taper the edges of your actual sampled data to avoid spectral leakage caused by the abrupt discontinuities at the start and end of the finite signal. By applying the window to the original signal, you ensure that the transition to zero is smooth.

Once the signal is windowed, you can append zeros to reach your desired FFT length. This zero-padding doesn't add new frequency information or improve the actual resolution of your data; it simply interpolates the spectrum, giving you a smoother-looking plot and more precise peak locations in the frequency domain. If you were to zero-pad first and then apply a window of the padded length, you'd be windowing a large section of zeros, which doesn't address the leakage at the boundaries of your actual data. Stick to windowing first.","You should always apply the windowing function first, then zero-pad the result. The purpose of a window is to taper the edges of your actual sampled data to avoid spectral leakage caused by the abrupt discontinuities at the start and end of the finite signal. By applying the window to the original signal, you ensure that the transition to zero is smooth. Once the signal is windowed, you can append zeros to reach your desired FFT length. This zero-padding doesn't add new frequency information or improve the actual resolution of your data; it simply interpolates the spectrum, giving you a smoother-looking plot and more precise peak locations in the frequency domain. If you were to zero-pad first and then apply a window of the padded length, you'd be windowing a large section of zeros, which doesn't address the leakage at the boundaries of your actual data. Stick to windowing first.","You should always apply the windowing function first, then zero-pad the result. The purpose of a window is to taper the edges of your actual sampled data to avoid spectral leakage caused by the abrupt discontinuities at the start and end of the finite signal. By applying the window to the original signal, you ensure that the transition to zero is smooth. Once the signal is windowed, you can append zeros to reach your desired FFT length. This zero-padding doesn't add new frequency information or improve the actual resolution of your data; it simply interpolates the spectrum, giving you a smoother-looking plot and more precise peak locations in the frequency domain. If you were to zero-pad first and then apply a window of the padded length, you'd be windowing a large section of zeros, which doesn't address the leakage at the boundaries of your actual data. Stick to windowing first.",you should always apply the windowing function first then zero pad the result the purpose of a window is to taper the edges of your actual sampled data to avoid spectral leakage caused by the abrupt discontinuities at the start and end of the finite signal by applying the window to the original signal you ensure that the transition to zero is smooth once the signal is windowed you can append zeros to reach your desired fft length this zero padding doesn't add new frequency information or improve the actual resolution of your data it simply interpolates the spectrum giving you a smoother looking plot and more precise peak locations in the frequency domain if you were to zero pad first and then apply a window of the padded length you'd be windowing a large section of zeros which doesn't address the leakage at the boundaries of your actual data stick to windowing first
technical_0372__gemma-4-31b,technical_0372,technical,"When energy is referred to as the square summable sequence, is that energy a representation of the power of the signal? How is the energy of frequency determined?

E.g. what if an audio signal has high energy on the higher frequencies and another has high energy on the lower, bass, frequencies, how is this determined?

What exactly is the power from the square summable series representing then and is it useful for audio?","In signal processing, energy is the sum of the squared magnitudes of a sequence. While often confused, energy is the total ""amount,"" whereas power is the average rate over time. A square summable sequence specifically denotes a signal with finite total energy.

To determine energy across frequencies, we use the Fourier Transform. According to Parseval's Theorem, the total energy in the time domain is equal to the total energy in the frequency domain. If an audio signal is ""bass-heavy,"" its Fourier coefficients will have larger magnitudes at lower frequencies.

This spectral energy distribution is essential for audio. It allows engineers to create equalizers, compressors, and analyzers that isolate specific bands. By calculating the power spectral density, we can identify where a signal's strength lies, which is critical for balancing a mix, removing unwanted noise, or designing crossovers for speakers to ensure the right frequencies reach the right drivers.","In signal processing, energy is the sum of the squared magnitudes of a sequence. While often confused, energy is the total ""amount,"" whereas power is the average rate over time. A square summable sequence specifically denotes a signal with finite total energy.

To determine energy across frequencies, we use the Fourier Transform. According to Parseval's Theorem, the total energy in the time domain is equal to the total energy in the frequency domain. If an audio signal is ""bass-heavy,"" its Fourier coefficients will have larger magnitudes at lower frequencies.

This spectral energy distribution is essential for audio. It allows engineers to create equalizers, compressors, and analyzers that isolate specific bands. By calculating the power spectral density, we can identify where a signal's strength lies, which is critical for balancing a mix, removing unwanted noise, or designing crossovers for speakers to ensure the right frequencies reach the right drivers.",gemma-4-31b,google,True,148,971,test,gemma-4-31b-q4_k_m,final-2026-09-20,You are answering questions the way a knowledgeable person would in an online discussion. Write in plain prose. Do not restate the question or add a preamble. Begin with the answer itself.,110,170,8192,default,,end_turn,ollama-local-gemma-4-31b,2026-09-28 08:23:18.532294+00:00,31.3,gemma4:31b,q4_k_m,16384,8192,True,"{""temperature"": ""1"", ""top_k"": ""64"", ""top_p"": ""0.95""}","In signal processing, energy is the sum of the squared magnitudes of a sequence. While often confused, energy is the total ""amount,"" whereas power is the average rate over time. A square summable sequence specifically denotes a signal with finite total energy.

To determine energy across frequencies, we use the Fourier Transform. According to Parseval's Theorem, the total energy in the time domain is equal to the total energy in the frequency domain. If an audio signal is ""bass-heavy,"" its Fourier coefficients will have larger magnitudes at lower frequencies.

This spectral energy distribution is essential for audio. It allows engineers to create equalizers, compressors, and analyzers that isolate specific bands. By calculating the power spectral density, we can identify where a signal's strength lies, which is critical for balancing a mix, removing unwanted noise, or designing crossovers for speakers to ensure the right frequencies reach the right drivers.","In signal processing, energy is the sum of the squared magnitudes of a sequence. While often confused, energy is the total ""amount,"" whereas power is the average rate over time. A square summable sequence specifically denotes a signal with finite total energy. To determine energy across frequencies, we use the Fourier Transform. According to Parseval's Theorem, the total energy in the time domain is equal to the total energy in the frequency domain. If an audio signal is ""bass-heavy,"" its Fourier coefficients will have larger magnitudes at lower frequencies. This spectral energy distribution is essential for audio. It allows engineers to create equalizers, compressors, and analyzers that isolate specific bands. By calculating the power spectral density, we can identify where a signal's strength lies, which is critical for balancing a mix, removing unwanted noise, or designing crossovers for speakers to ensure the right frequencies reach the right drivers.","In signal processing, energy is the sum of the squared magnitudes of a sequence. While often confused, energy is the total ""amount,"" whereas power is the average rate over time. A square summable sequence specifically denotes a signal with finite total energy. To determine energy across frequencies, we use the Fourier Transform. According to Parseval's Theorem, the total energy in the time domain is equal to the total energy in the frequency domain. If an audio signal is ""bass-heavy,"" its Fourier coefficients will have larger magnitudes at lower frequencies. This spectral energy distribution is essential for audio. It allows engineers to create equalizers, compressors, and analyzers that isolate specific bands. By calculating the power spectral density, we can identify where a signal's strength lies, which is critical for balancing a mix, removing unwanted noise, or designing crossovers for speakers to ensure the right frequencies reach the right drivers.",in signal processing energy is the sum of the squared magnitudes of a sequence while often confused energy is the total amount whereas power is the average rate over time a square summable sequence specifically denotes a signal with finite total energy to determine energy across frequencies we use the fourier transform according to parseval's theorem the total energy in the time domain is equal to the total energy in the frequency domain if an audio signal is bass heavy its fourier coefficients will have larger magnitudes at lower frequencies this spectral energy distribution is essential for audio it allows engineers to create equalizers compressors and analyzers that isolate specific bands by calculating the power spectral density we can identify where a signal's strength lies which is critical for balancing a mix removing unwanted noise or designing crossovers for speakers to ensure the right frequencies reach the right drivers
technical_0379__gemma-4-31b,technical_0379,technical,"What's the difference between these? Both are measurements of some form of signal power, but surely there's some difference between the power they are measuring?","The difference between dBm and dB is that one is an absolute power level while the other is a relative ratio.

dBm measures actual power relative to a fixed reference of one milliwatt (mW). When you see a value in dBm, you are looking at a specific amount of power; for instance, 0 dBm is exactly 1 mW, and 30 dBm is 1 watt. It tells you exactly how much energy is present in the signal at a given point.

dB, conversely, is not a measure of power on its own but represents the ratio between two values. It is used to describe gain or loss. If a component has a 3 dB gain, it has increased the signal power by a factor of two, regardless of the starting power. Essentially, dBm is like a specific temperature reading, whereas dB is like saying the temperature rose by five degrees.","The difference between dBm and dB is that one is an absolute power level while the other is a relative ratio.

dBm measures actual power relative to a fixed reference of one milliwatt (mW). When you see a value in dBm, you are looking at a specific amount of power; for instance, 0 dBm is exactly 1 mW, and 30 dBm is 1 watt. It tells you exactly how much energy is present in the signal at a given point.

dB, conversely, is not a measure of power on its own but represents the ratio between two values. It is used to describe gain or loss. If a component has a 3 dB gain, it has increased the signal power by a factor of two, regardless of the starting power. Essentially, dBm is like a specific temperature reading, whereas dB is like saying the temperature rose by five degrees.",gemma-4-31b,google,True,149,781,test,gemma-4-31b-q4_k_m,final-2026-09-20,You are answering questions the way a knowledgeable person would in an online discussion. Write in plain prose. Do not restate the question or add a preamble. Begin with the answer itself.,110,170,8192,default,,end_turn,ollama-local-gemma-4-31b,2026-09-28 08:25:14.752357+00:00,31.3,gemma4:31b,q4_k_m,16384,8192,True,"{""temperature"": ""1"", ""top_k"": ""64"", ""top_p"": ""0.95""}","The difference between dBm and dB is that one is an absolute power level while the other is a relative ratio.

dBm measures actual power relative to a fixed reference of one milliwatt (mW). When you see a value in dBm, you are looking at a specific amount of power; for instance, 0 dBm is exactly 1 mW, and 30 dBm is 1 watt. It tells you exactly how much energy is present in the signal at a given point.

dB, conversely, is not a measure of power on its own but represents the ratio between two values. It is used to describe gain or loss. If a component has a 3 dB gain, it has increased the signal power by a factor of two, regardless of the starting power. Essentially, dBm is like a specific temperature reading, whereas dB is like saying the temperature rose by five degrees.","The difference between dBm and dB is that one is an absolute power level while the other is a relative ratio. dBm measures actual power relative to a fixed reference of one milliwatt (mW). When you see a value in dBm, you are looking at a specific amount of power; for instance, 0 dBm is exactly 1 mW, and 30 dBm is 1 watt. It tells you exactly how much energy is present in the signal at a given point. dB, conversely, is not a measure of power on its own but represents the ratio between two values. It is used to describe gain or loss. If a component has a 3 dB gain, it has increased the signal power by a factor of two, regardless of the starting power. Essentially, dBm is like a specific temperature reading, whereas dB is like saying the temperature rose by five degrees.","The difference between dBm and dB is that one is an absolute power level while the other is a relative ratio. dBm measures actual power relative to a fixed reference of one milliwatt (mW). When you see a value in dBm, you are looking at a specific amount of power; for instance, 0 dBm is exactly 1 mW, and 30 dBm is 1 watt. It tells you exactly how much energy is present in the signal at a given point. dB, conversely, is not a measure of power on its own but represents the ratio between two values. It is used to describe gain or loss. If a component has a 3 dB gain, it has increased the signal power by a factor of two, regardless of the starting power. Essentially, dBm is like a specific temperature reading, whereas dB is like saying the temperature rose by five degrees.",the difference between dbm and db is that one is an absolute power level while the other is a relative ratio dbm measures actual power relative to a fixed reference of one milliwatt mw when you see a value in dbm you are looking at a specific amount of power for instance 0 dbm is exactly 1 mw and 30 dbm is 1 watt it tells you exactly how much energy is present in the signal at a given point db conversely is not a measure of power on its own but represents the ratio between two values it is used to describe gain or loss if a component has a 3 db gain it has increased the signal power by a factor of two regardless of the starting power essentially dbm is like a specific temperature reading whereas db is like saying the temperature rose by five degrees
technical_0390__gemma-4-31b,technical_0390,technical,"My understanding of Pulse Doppler Radar is the system measures Time Of Flight for the pulse.

My confusion is that during the down conversion process prior to ADC the lowpass filter causes some time delay in addition to the time of flight. In principle the delay should be known beforehand but I'm sure it's not exact and in general the delay is not completely constant even among the band of interest.

How is this delay dealt with?","In most radar systems, the group delay introduced by the lowpass filter is negligible compared to the time of flight for the distances being measured. You're typically dealing with nanoseconds of delay versus microseconds or milliseconds for the target. Furthermore, designers use linear-phase filters to ensure that the delay remains constant across the signal's bandwidth, which prevents pulse distortion.

If you are working with ultra-high precision, this delay isn't solved in real-time; it's handled through system calibration. During a calibration phase, the system measures the total internal loop delay—often using a known internal reference or a fixed target—and subtracts this constant offset from the final range calculation. Because the hardware components are stable, once you've calibrated the ""zero point"" of the system, any remaining variations across the bandwidth are generally below the noise floor or the resolution limit of the range bins.","In most radar systems, the group delay introduced by the lowpass filter is negligible compared to the time of flight for the distances being measured. You're typically dealing with nanoseconds of delay versus microseconds or milliseconds for the target. Furthermore, designers use linear-phase filters to ensure that the delay remains constant across the signal's bandwidth, which prevents pulse distortion.

If you are working with ultra-high precision, this delay isn't solved in real-time; it's handled through system calibration. During a calibration phase, the system measures the total internal loop delay—often using a known internal reference or a fixed target—and subtracts this constant offset from the final range calculation. Because the hardware components are stable, once you've calibrated the ""zero point"" of the system, any remaining variations across the bandwidth are generally below the noise floor or the resolution limit of the range bins.",gemma-4-31b,google,True,142,961,test,gemma-4-31b-q4_k_m,final-2026-09-20,You are answering questions the way a knowledgeable person would in an online discussion. Write in plain prose. Do not restate the question or add a preamble. Begin with the answer itself.,110,170,8192,default,,end_turn,ollama-local-gemma-4-31b,2026-09-28 08:25:43.459995+00:00,31.3,gemma4:31b,q4_k_m,16384,8192,True,"{""temperature"": ""1"", ""top_k"": ""64"", ""top_p"": ""0.95""}","In most radar systems, the group delay introduced by the lowpass filter is negligible compared to the time of flight for the distances being measured. You're typically dealing with nanoseconds of delay versus microseconds or milliseconds for the target. Furthermore, designers use linear-phase filters to ensure that the delay remains constant across the signal's bandwidth, which prevents pulse distortion.

If you are working with ultra-high precision, this delay isn't solved in real-time; it's handled through system calibration. During a calibration phase, the system measures the total internal loop delay - often using a known internal reference or a fixed target - and subtracts this constant offset from the final range calculation. Because the hardware components are stable, once you've calibrated the ""zero point"" of the system, any remaining variations across the bandwidth are generally below the noise floor or the resolution limit of the range bins.","In most radar systems, the group delay introduced by the lowpass filter is negligible compared to the time of flight for the distances being measured. You're typically dealing with nanoseconds of delay versus microseconds or milliseconds for the target. Furthermore, designers use linear-phase filters to ensure that the delay remains constant across the signal's bandwidth, which prevents pulse distortion. If you are working with ultra-high precision, this delay isn't solved in real-time; it's handled through system calibration. During a calibration phase, the system measures the total internal loop delay—often using a known internal reference or a fixed target—and subtracts this constant offset from the final range calculation. Because the hardware components are stable, once you've calibrated the ""zero point"" of the system, any remaining variations across the bandwidth are generally below the noise floor or the resolution limit of the range bins.","In most radar systems, the group delay introduced by the lowpass filter is negligible compared to the time of flight for the distances being measured. You're typically dealing with nanoseconds of delay versus microseconds or milliseconds for the target. Furthermore, designers use linear-phase filters to ensure that the delay remains constant across the signal's bandwidth, which prevents pulse distortion. If you are working with ultra-high precision, this delay isn't solved in real-time; it's handled through system calibration. During a calibration phase, the system measures the total internal loop delay - often using a known internal reference or a fixed target - and subtracts this constant offset from the final range calculation. Because the hardware components are stable, once you've calibrated the ""zero point"" of the system, any remaining variations across the bandwidth are generally below the noise floor or the resolution limit of the range bins.",in most radar systems the group delay introduced by the lowpass filter is negligible compared to the time of flight for the distances being measured you're typically dealing with nanoseconds of delay versus microseconds or milliseconds for the target furthermore designers use linear phase filters to ensure that the delay remains constant across the signal's bandwidth which prevents pulse distortion if you are working with ultra high precision this delay isn't solved in real time it's handled through system calibration during a calibration phase the system measures the total internal loop delay often using a known internal reference or a fixed target and subtracts this constant offset from the final range calculation because the hardware components are stable once you've calibrated the zero point of the system any remaining variations across the bandwidth are generally below the noise floor or the resolution limit of the range bins
technical_0395__gemma-4-31b,technical_0395,technical,"I want to construct a reference locked sine oscillator. The multibit sine wave is calculated using DDS. The multibit reference signal is typically not sinusoidal, can have offset and substantial noise, but is expected to contain one dominant frequency.

If this dominant frequency is nearly known, a standard PLL approach will work to keep track of the dominant frequency in the reference signal.

However, I now suppose this cannot work to acquire initial reference lock if the dominant frequency is far away from the oscillator frequency. In this case, the PLL gets stuck on a locally dominant frequency.

What is the common approach to resolve this ? Calculating an DFT seems like overkill, since it produces a lot of unnecessary information. A recursive 4 sample Zoom FFT looks a bit more efficient. But maybe there is a way that directly modifies the PLL filter to capture further off frequencies ?

Please let me know if I missed crucial info.","To handle wide frequency offsets, the standard approach is to implement a hybrid architecture combining a Frequency-Locked Loop (FLL) with your PLL. While a PLL is excellent for fine phase tracking, its capture range is naturally narrow. An FLL uses a frequency discriminator—such as a zero-crossing detector or a coarse frequency estimator—to provide a frequency error signal that is linear over a much broader range. This effectively pulls the oscillator toward the dominant frequency regardless of the initial phase ambiguity.

If you need more precision than a zero-crossing detector but want to avoid the overhead of a full DFT, the Goertzel algorithm is a great choice. It allows you to efficiently evaluate the power of a few specific candidate frequencies. Once the FLL or Goertzel search brings the oscillator within the PLL's pull-in range, you hand over control to the PLL for stable, low-jitter locking. This coarse-to-fine transition is the standard way to ensure wide-range acquisition.","To handle wide frequency offsets, the standard approach is to implement a hybrid architecture combining a Frequency-Locked Loop (FLL) with your PLL. While a PLL is excellent for fine phase tracking, its capture range is naturally narrow. An FLL uses a frequency discriminator—such as a zero-crossing detector or a coarse frequency estimator—to provide a frequency error signal that is linear over a much broader range. This effectively pulls the oscillator toward the dominant frequency regardless of the initial phase ambiguity.

If you need more precision than a zero-crossing detector but want to avoid the overhead of a full DFT, the Goertzel algorithm is a great choice. It allows you to efficiently evaluate the power of a few specific candidate frequencies. Once the FLL or Goertzel search brings the oscillator within the PLL's pull-in range, you hand over control to the PLL for stable, low-jitter locking. This coarse-to-fine transition is the standard way to ensure wide-range acquisition.",gemma-4-31b,google,True,156,1000,test,gemma-4-31b-q4_k_m,final-2026-09-20,You are answering questions the way a knowledgeable person would in an online discussion. Write in plain prose. Do not restate the question or add a preamble. Begin with the answer itself.,110,170,8192,default,,end_turn,ollama-local-gemma-4-31b,2026-09-28 08:26:26.912300+00:00,31.3,gemma4:31b,q4_k_m,16384,8192,True,"{""temperature"": ""1"", ""top_k"": ""64"", ""top_p"": ""0.95""}","To handle wide frequency offsets, the standard approach is to implement a hybrid architecture combining a Frequency-Locked Loop (FLL) with your PLL. While a PLL is excellent for fine phase tracking, its capture range is naturally narrow. An FLL uses a frequency discriminator - such as a zero-crossing detector or a coarse frequency estimator - to provide a frequency error signal that is linear over a much broader range. This effectively pulls the oscillator toward the dominant frequency regardless of the initial phase ambiguity.

If you need more precision than a zero-crossing detector but want to avoid the overhead of a full DFT, the Goertzel algorithm is a great choice. It allows you to efficiently evaluate the power of a few specific candidate frequencies. Once the FLL or Goertzel search brings the oscillator within the PLL's pull-in range, you hand over control to the PLL for stable, low-jitter locking. This coarse-to-fine transition is the standard way to ensure wide-range acquisition.","To handle wide frequency offsets, the standard approach is to implement a hybrid architecture combining a Frequency-Locked Loop (FLL) with your PLL. While a PLL is excellent for fine phase tracking, its capture range is naturally narrow. An FLL uses a frequency discriminator—such as a zero-crossing detector or a coarse frequency estimator—to provide a frequency error signal that is linear over a much broader range. This effectively pulls the oscillator toward the dominant frequency regardless of the initial phase ambiguity. If you need more precision than a zero-crossing detector but want to avoid the overhead of a full DFT, the Goertzel algorithm is a great choice. It allows you to efficiently evaluate the power of a few specific candidate frequencies. Once the FLL or Goertzel search brings the oscillator within the PLL's pull-in range, you hand over control to the PLL for stable, low-jitter locking. This coarse-to-fine transition is the standard way to ensure wide-range acquisition.","To handle wide frequency offsets, the standard approach is to implement a hybrid architecture combining a Frequency-Locked Loop (FLL) with your PLL. While a PLL is excellent for fine phase tracking, its capture range is naturally narrow. An FLL uses a frequency discriminator - such as a zero-crossing detector or a coarse frequency estimator - to provide a frequency error signal that is linear over a much broader range. This effectively pulls the oscillator toward the dominant frequency regardless of the initial phase ambiguity. If you need more precision than a zero-crossing detector but want to avoid the overhead of a full DFT, the Goertzel algorithm is a great choice. It allows you to efficiently evaluate the power of a few specific candidate frequencies. Once the FLL or Goertzel search brings the oscillator within the PLL's pull-in range, you hand over control to the PLL for stable, low-jitter locking. This coarse-to-fine transition is the standard way to ensure wide-range acquisition.",to handle wide frequency offsets the standard approach is to implement a hybrid architecture combining a frequency locked loop fll with your pll while a pll is excellent for fine phase tracking its capture range is naturally narrow an fll uses a frequency discriminator such as a zero crossing detector or a coarse frequency estimator to provide a frequency error signal that is linear over a much broader range this effectively pulls the oscillator toward the dominant frequency regardless of the initial phase ambiguity if you need more precision than a zero crossing detector but want to avoid the overhead of a full dft the goertzel algorithm is a great choice it allows you to efficiently evaluate the power of a few specific candidate frequencies once the fll or goertzel search brings the oscillator within the pll's pull in range you hand over control to the pll for stable low jitter locking this coarse to fine transition is the standard way to ensure wide range acquisition
