answer_id,prompt_id,domain,question,answer_raw,answer_clean,label,vendor,is_reasoning,answer_words,answer_len,split,model_version,system_prompt_version,system_prompt,band_lo,band_hi,max_tokens,effort,temperature,stop_reason,batch_id,generated_at,params_b,ollama_tag,quantization,num_ctx,num_predict,think,model_default_params,answer_clean_nodash,answer_clean_nonl,answer_strict,answer_wordsonly
explanatory_0008__mistral-small-3.2-24b,explanatory_0008,explanatory,"Why doesn't solid material, when it breaks simply connect back together? What kept it together that is gone now?","When a solid material breaks, the bonds between its atoms or molecules are severed. These bonds, such as ionic, covalent, or metallic bonds, are what initially held the material together, providing strength and cohesion. Once broken, these bonds do not spontaneously reform. The material's surface energy also plays a role; when a material breaks, new surfaces are created, and these surfaces tend to stay separate due to the energy required to bring them back together and reform the bonds. Additionally, external factors like movement or environmental conditions may prevent the pieces from reconnecting. In some cases, like certain crystals or specific materials, broken pieces might fit back together due to their shape, but the bonds themselves are not typically reestablished without external intervention or processes.","When a solid material breaks, the bonds between its atoms or molecules are severed. These bonds, such as ionic, covalent, or metallic bonds, are what initially held the material together, providing strength and cohesion. Once broken, these bonds do not spontaneously reform. The material's surface energy also plays a role; when a material breaks, new surfaces are created, and these surfaces tend to stay separate due to the energy required to bring them back together and reform the bonds. Additionally, external factors like movement or environmental conditions may prevent the pieces from reconnecting. In some cases, like certain crystals or specific materials, broken pieces might fit back together due to their shape, but the bonds themselves are not typically reestablished without external intervention or processes.",mistral-small-3.2-24b,mistral,False,125,825,test,mistral-small-3.2-24b-q4_k_m,final-2026-09-20,You are answering questions the way a knowledgeable person would in an online discussion. Write in plain prose. Do not restate the question or add a preamble. Begin with the answer itself.,100,140,8192,none,,end_turn,ollama-local-mistral-small-3.2-24b,2026-09-28 06:18:45.554391+00:00,24.0,mistral-small3.2:24b,q4_k_m,16384,8192,None,"{""temperature"": ""0.15""}","When a solid material breaks, the bonds between its atoms or molecules are severed. These bonds, such as ionic, covalent, or metallic bonds, are what initially held the material together, providing strength and cohesion. Once broken, these bonds do not spontaneously reform. The material's surface energy also plays a role; when a material breaks, new surfaces are created, and these surfaces tend to stay separate due to the energy required to bring them back together and reform the bonds. Additionally, external factors like movement or environmental conditions may prevent the pieces from reconnecting. In some cases, like certain crystals or specific materials, broken pieces might fit back together due to their shape, but the bonds themselves are not typically reestablished without external intervention or processes.","When a solid material breaks, the bonds between its atoms or molecules are severed. These bonds, such as ionic, covalent, or metallic bonds, are what initially held the material together, providing strength and cohesion. Once broken, these bonds do not spontaneously reform. The material's surface energy also plays a role; when a material breaks, new surfaces are created, and these surfaces tend to stay separate due to the energy required to bring them back together and reform the bonds. Additionally, external factors like movement or environmental conditions may prevent the pieces from reconnecting. In some cases, like certain crystals or specific materials, broken pieces might fit back together due to their shape, but the bonds themselves are not typically reestablished without external intervention or processes.","When a solid material breaks, the bonds between its atoms or molecules are severed. These bonds, such as ionic, covalent, or metallic bonds, are what initially held the material together, providing strength and cohesion. Once broken, these bonds do not spontaneously reform. The material's surface energy also plays a role; when a material breaks, new surfaces are created, and these surfaces tend to stay separate due to the energy required to bring them back together and reform the bonds. Additionally, external factors like movement or environmental conditions may prevent the pieces from reconnecting. In some cases, like certain crystals or specific materials, broken pieces might fit back together due to their shape, but the bonds themselves are not typically reestablished without external intervention or processes.",when a solid material breaks the bonds between its atoms or molecules are severed these bonds such as ionic covalent or metallic bonds are what initially held the material together providing strength and cohesion once broken these bonds do not spontaneously reform the material's surface energy also plays a role when a material breaks new surfaces are created and these surfaces tend to stay separate due to the energy required to bring them back together and reform the bonds additionally external factors like movement or environmental conditions may prevent the pieces from reconnecting in some cases like certain crystals or specific materials broken pieces might fit back together due to their shape but the bonds themselves are not typically reestablished without external intervention or processes
explanatory_0009__mistral-small-3.2-24b,explanatory_0009,explanatory,"How is it that rich kids in can get into the best and presumably most exclusive (e.g. Ivy League) colleges, despite having average or poor grades in high school?","Legacy admissions, substantial donations, and extensive networks play significant roles. Wealthy families often have long-standing ties to these institutions, giving their children an advantage through legacy preferences. Additionally, they can afford expensive test preparation, private tutors, and extracurricular activities that enhance applications. Donations to universities can also influence admissions decisions, as institutions may favor applicants whose families are major donors or have the potential to be. Furthermore, rich kids often have access to internships, travel, and unique experiences that make their applications stand out. These factors combined can offset average or poor grades, allowing wealthier students to gain admission to top colleges.","Legacy admissions, substantial donations, and extensive networks play significant roles. Wealthy families often have long-standing ties to these institutions, giving their children an advantage through legacy preferences. Additionally, they can afford expensive test preparation, private tutors, and extracurricular activities that enhance applications. Donations to universities can also influence admissions decisions, as institutions may favor applicants whose families are major donors or have the potential to be. Furthermore, rich kids often have access to internships, travel, and unique experiences that make their applications stand out. These factors combined can offset average or poor grades, allowing wealthier students to gain admission to top colleges.",mistral-small-3.2-24b,mistral,False,102,767,test,mistral-small-3.2-24b-q4_k_m,final-2026-09-20,You are answering questions the way a knowledgeable person would in an online discussion. Write in plain prose. Do not restate the question or add a preamble. Begin with the answer itself.,100,140,8192,none,,end_turn,ollama-local-mistral-small-3.2-24b,2026-09-28 06:18:49.134681+00:00,24.0,mistral-small3.2:24b,q4_k_m,16384,8192,None,"{""temperature"": ""0.15""}","Legacy admissions, substantial donations, and extensive networks play significant roles. Wealthy families often have long-standing ties to these institutions, giving their children an advantage through legacy preferences. Additionally, they can afford expensive test preparation, private tutors, and extracurricular activities that enhance applications. Donations to universities can also influence admissions decisions, as institutions may favor applicants whose families are major donors or have the potential to be. Furthermore, rich kids often have access to internships, travel, and unique experiences that make their applications stand out. These factors combined can offset average or poor grades, allowing wealthier students to gain admission to top colleges.","Legacy admissions, substantial donations, and extensive networks play significant roles. Wealthy families often have long-standing ties to these institutions, giving their children an advantage through legacy preferences. Additionally, they can afford expensive test preparation, private tutors, and extracurricular activities that enhance applications. Donations to universities can also influence admissions decisions, as institutions may favor applicants whose families are major donors or have the potential to be. Furthermore, rich kids often have access to internships, travel, and unique experiences that make their applications stand out. These factors combined can offset average or poor grades, allowing wealthier students to gain admission to top colleges.","Legacy admissions, substantial donations, and extensive networks play significant roles. Wealthy families often have long-standing ties to these institutions, giving their children an advantage through legacy preferences. Additionally, they can afford expensive test preparation, private tutors, and extracurricular activities that enhance applications. Donations to universities can also influence admissions decisions, as institutions may favor applicants whose families are major donors or have the potential to be. Furthermore, rich kids often have access to internships, travel, and unique experiences that make their applications stand out. These factors combined can offset average or poor grades, allowing wealthier students to gain admission to top colleges.",legacy admissions substantial donations and extensive networks play significant roles wealthy families often have long standing ties to these institutions giving their children an advantage through legacy preferences additionally they can afford expensive test preparation private tutors and extracurricular activities that enhance applications donations to universities can also influence admissions decisions as institutions may favor applicants whose families are major donors or have the potential to be furthermore rich kids often have access to internships travel and unique experiences that make their applications stand out these factors combined can offset average or poor grades allowing wealthier students to gain admission to top colleges
explanatory_0021__mistral-small-3.2-24b,explanatory_0021,explanatory,What kind of healthcare options do Americans living in poverty or homelessness have?,"Americans living in poverty or experiencing homelessness have several healthcare options, though access and affordability can be significant challenges. Medicaid provides coverage for low-income individuals, with eligibility varying by state. Community health centers offer sliding-scale fees based on income. Nonprofit organizations and charities, such as free clinics and religious groups, provide free or low-cost medical services. Some hospitals have charity care programs for uninsured or underinsured patients. Additionally, programs like the Ryan White HIV/AIDS Program and the National Health Service Corps target specific health needs. However, barriers like lack of transportation, limited awareness of available resources, and administrative hurdles can hinder access to these services.","Americans living in poverty or experiencing homelessness have several healthcare options, though access and affordability can be significant challenges. Medicaid provides coverage for low-income individuals, with eligibility varying by state. Community health centers offer sliding-scale fees based on income. Nonprofit organizations and charities, such as free clinics and religious groups, provide free or low-cost medical services. Some hospitals have charity care programs for uninsured or underinsured patients. Additionally, programs like the Ryan White HIV/AIDS Program and the National Health Service Corps target specific health needs. However, barriers like lack of transportation, limited awareness of available resources, and administrative hurdles can hinder access to these services.",mistral-small-3.2-24b,mistral,False,105,797,test,mistral-small-3.2-24b-q4_k_m,final-2026-09-20,You are answering questions the way a knowledgeable person would in an online discussion. Write in plain prose. Do not restate the question or add a preamble. Begin with the answer itself.,100,140,8192,none,,end_turn,ollama-local-mistral-small-3.2-24b,2026-09-28 06:18:52.881473+00:00,24.0,mistral-small3.2:24b,q4_k_m,16384,8192,None,"{""temperature"": ""0.15""}","Americans living in poverty or experiencing homelessness have several healthcare options, though access and affordability can be significant challenges. Medicaid provides coverage for low-income individuals, with eligibility varying by state. Community health centers offer sliding-scale fees based on income. Nonprofit organizations and charities, such as free clinics and religious groups, provide free or low-cost medical services. Some hospitals have charity care programs for uninsured or underinsured patients. Additionally, programs like the Ryan White HIV/AIDS Program and the National Health Service Corps target specific health needs. However, barriers like lack of transportation, limited awareness of available resources, and administrative hurdles can hinder access to these services.","Americans living in poverty or experiencing homelessness have several healthcare options, though access and affordability can be significant challenges. Medicaid provides coverage for low-income individuals, with eligibility varying by state. Community health centers offer sliding-scale fees based on income. Nonprofit organizations and charities, such as free clinics and religious groups, provide free or low-cost medical services. Some hospitals have charity care programs for uninsured or underinsured patients. Additionally, programs like the Ryan White HIV/AIDS Program and the National Health Service Corps target specific health needs. However, barriers like lack of transportation, limited awareness of available resources, and administrative hurdles can hinder access to these services.","Americans living in poverty or experiencing homelessness have several healthcare options, though access and affordability can be significant challenges. Medicaid provides coverage for low-income individuals, with eligibility varying by state. Community health centers offer sliding-scale fees based on income. Nonprofit organizations and charities, such as free clinics and religious groups, provide free or low-cost medical services. Some hospitals have charity care programs for uninsured or underinsured patients. Additionally, programs like the Ryan White HIV/AIDS Program and the National Health Service Corps target specific health needs. However, barriers like lack of transportation, limited awareness of available resources, and administrative hurdles can hinder access to these services.",americans living in poverty or experiencing homelessness have several healthcare options though access and affordability can be significant challenges medicaid provides coverage for low income individuals with eligibility varying by state community health centers offer sliding scale fees based on income nonprofit organizations and charities such as free clinics and religious groups provide free or low cost medical services some hospitals have charity care programs for uninsured or underinsured patients additionally programs like the ryan white hiv aids program and the national health service corps target specific health needs however barriers like lack of transportation limited awareness of available resources and administrative hurdles can hinder access to these services
explanatory_0025__mistral-small-3.2-24b,explanatory_0025,explanatory,How does a mobile phone connection work,"A mobile phone connection works through a network of radio towers and switching centers. When you make a call or send a text, your phone converts your voice or message into a digital signal. This signal is then transmitted via radio waves to the nearest cell tower. The tower sends the signal to a switching center, which routes it to the intended recipient's network. If the recipient is on the same network, the signal is sent back through the nearest tower to their phone. If not, it's routed through other networks. Data, like internet browsing, follows a similar path but often involves additional infrastructure like data centers. The entire process happens in milliseconds, allowing for real-time communication.","A mobile phone connection works through a network of radio towers and switching centers. When you make a call or send a text, your phone converts your voice or message into a digital signal. This signal is then transmitted via radio waves to the nearest cell tower. The tower sends the signal to a switching center, which routes it to the intended recipient's network. If the recipient is on the same network, the signal is sent back through the nearest tower to their phone. If not, it's routed through other networks. Data, like internet browsing, follows a similar path but often involves additional infrastructure like data centers. The entire process happens in milliseconds, allowing for real-time communication.",mistral-small-3.2-24b,mistral,False,117,718,test,mistral-small-3.2-24b-q4_k_m,final-2026-09-20,You are answering questions the way a knowledgeable person would in an online discussion. Write in plain prose. Do not restate the question or add a preamble. Begin with the answer itself.,100,140,8192,none,,end_turn,ollama-local-mistral-small-3.2-24b,2026-09-28 06:18:56.614417+00:00,24.0,mistral-small3.2:24b,q4_k_m,16384,8192,None,"{""temperature"": ""0.15""}","A mobile phone connection works through a network of radio towers and switching centers. When you make a call or send a text, your phone converts your voice or message into a digital signal. This signal is then transmitted via radio waves to the nearest cell tower. The tower sends the signal to a switching center, which routes it to the intended recipient's network. If the recipient is on the same network, the signal is sent back through the nearest tower to their phone. If not, it's routed through other networks. Data, like internet browsing, follows a similar path but often involves additional infrastructure like data centers. The entire process happens in milliseconds, allowing for real-time communication.","A mobile phone connection works through a network of radio towers and switching centers. When you make a call or send a text, your phone converts your voice or message into a digital signal. This signal is then transmitted via radio waves to the nearest cell tower. The tower sends the signal to a switching center, which routes it to the intended recipient's network. If the recipient is on the same network, the signal is sent back through the nearest tower to their phone. If not, it's routed through other networks. Data, like internet browsing, follows a similar path but often involves additional infrastructure like data centers. The entire process happens in milliseconds, allowing for real-time communication.","A mobile phone connection works through a network of radio towers and switching centers. When you make a call or send a text, your phone converts your voice or message into a digital signal. This signal is then transmitted via radio waves to the nearest cell tower. The tower sends the signal to a switching center, which routes it to the intended recipient's network. If the recipient is on the same network, the signal is sent back through the nearest tower to their phone. If not, it's routed through other networks. Data, like internet browsing, follows a similar path but often involves additional infrastructure like data centers. The entire process happens in milliseconds, allowing for real-time communication.",a mobile phone connection works through a network of radio towers and switching centers when you make a call or send a text your phone converts your voice or message into a digital signal this signal is then transmitted via radio waves to the nearest cell tower the tower sends the signal to a switching center which routes it to the intended recipient's network if the recipient is on the same network the signal is sent back through the nearest tower to their phone if not it's routed through other networks data like internet browsing follows a similar path but often involves additional infrastructure like data centers the entire process happens in milliseconds allowing for real time communication
explanatory_0037__mistral-small-3.2-24b,explanatory_0037,explanatory,"Why can Social Security ""run out"" whereas programs like Welfare cannot?","Social Security is a self-funded program, primarily supported by payroll taxes from current workers. The funds are collected and then paid out as benefits to current retirees. This pay-as-you-go system works well when there are enough workers to support the retirees. However, as the population ages and the ratio of workers to retirees decreases, the system faces a shortfall. Social Security has trust funds built up over the years, but if these are depleted and the system isn't reformed, benefits may need to be cut or taxes increased to sustain it.

Welfare programs, on the other hand, are funded through general tax revenues and are subject to annual appropriations. This means that the government can adjust funding levels each year based on available resources and priorities, preventing them from ""running out"" in the same way.","Social Security is a self-funded program, primarily supported by payroll taxes from current workers. The funds are collected and then paid out as benefits to current retirees. This pay-as-you-go system works well when there are enough workers to support the retirees. However, as the population ages and the ratio of workers to retirees decreases, the system faces a shortfall. Social Security has trust funds built up over the years, but if these are depleted and the system isn't reformed, benefits may need to be cut or taxes increased to sustain it.

Welfare programs, on the other hand, are funded through general tax revenues and are subject to annual appropriations. This means that the government can adjust funding levels each year based on available resources and priorities, preventing them from ""running out"" in the same way.",mistral-small-3.2-24b,mistral,False,135,837,test,mistral-small-3.2-24b-q4_k_m,final-2026-09-20,You are answering questions the way a knowledgeable person would in an online discussion. Write in plain prose. Do not restate the question or add a preamble. Begin with the answer itself.,100,140,8192,none,,end_turn,ollama-local-mistral-small-3.2-24b,2026-09-28 06:19:01.146011+00:00,24.0,mistral-small3.2:24b,q4_k_m,16384,8192,None,"{""temperature"": ""0.15""}","Social Security is a self-funded program, primarily supported by payroll taxes from current workers. The funds are collected and then paid out as benefits to current retirees. This pay-as-you-go system works well when there are enough workers to support the retirees. However, as the population ages and the ratio of workers to retirees decreases, the system faces a shortfall. Social Security has trust funds built up over the years, but if these are depleted and the system isn't reformed, benefits may need to be cut or taxes increased to sustain it.

Welfare programs, on the other hand, are funded through general tax revenues and are subject to annual appropriations. This means that the government can adjust funding levels each year based on available resources and priorities, preventing them from ""running out"" in the same way.","Social Security is a self-funded program, primarily supported by payroll taxes from current workers. The funds are collected and then paid out as benefits to current retirees. This pay-as-you-go system works well when there are enough workers to support the retirees. However, as the population ages and the ratio of workers to retirees decreases, the system faces a shortfall. Social Security has trust funds built up over the years, but if these are depleted and the system isn't reformed, benefits may need to be cut or taxes increased to sustain it. Welfare programs, on the other hand, are funded through general tax revenues and are subject to annual appropriations. This means that the government can adjust funding levels each year based on available resources and priorities, preventing them from ""running out"" in the same way.","Social Security is a self-funded program, primarily supported by payroll taxes from current workers. The funds are collected and then paid out as benefits to current retirees. This pay-as-you-go system works well when there are enough workers to support the retirees. However, as the population ages and the ratio of workers to retirees decreases, the system faces a shortfall. Social Security has trust funds built up over the years, but if these are depleted and the system isn't reformed, benefits may need to be cut or taxes increased to sustain it. Welfare programs, on the other hand, are funded through general tax revenues and are subject to annual appropriations. This means that the government can adjust funding levels each year based on available resources and priorities, preventing them from ""running out"" in the same way.",social security is a self funded program primarily supported by payroll taxes from current workers the funds are collected and then paid out as benefits to current retirees this pay as you go system works well when there are enough workers to support the retirees however as the population ages and the ratio of workers to retirees decreases the system faces a shortfall social security has trust funds built up over the years but if these are depleted and the system isn't reformed benefits may need to be cut or taxes increased to sustain it welfare programs on the other hand are funded through general tax revenues and are subject to annual appropriations this means that the government can adjust funding levels each year based on available resources and priorities preventing them from running out in the same way
explanatory_0045__mistral-small-3.2-24b,explanatory_0045,explanatory,Why can we move all of our fingers independently of each other minus our ring finger?,"Our fingers are controlled by a complex system of muscles and tendons. Most fingers have their own set of muscles and tendons, allowing for independent movement. However, the ring finger (and to some extent, the little finger) shares some of its tendons with the middle finger. This is due to the anatomical structure of the hand, where the tendons of the ring finger and middle finger are connected at a structure called the ""lumbrical muscle."" This connection limits the independent movement of the ring finger. Additionally, the ring finger has fewer muscles dedicated to its movement compared to other fingers, further reducing its independence. This design is a result of evolutionary development and the functional needs of the hand.","Our fingers are controlled by a complex system of muscles and tendons. Most fingers have their own set of muscles and tendons, allowing for independent movement. However, the ring finger (and to some extent, the little finger) shares some of its tendons with the middle finger. This is due to the anatomical structure of the hand, where the tendons of the ring finger and middle finger are connected at a structure called the ""lumbrical muscle."" This connection limits the independent movement of the ring finger. Additionally, the ring finger has fewer muscles dedicated to its movement compared to other fingers, further reducing its independence. This design is a result of evolutionary development and the functional needs of the hand.",mistral-small-3.2-24b,mistral,False,119,739,test,mistral-small-3.2-24b-q4_k_m,final-2026-09-20,You are answering questions the way a knowledgeable person would in an online discussion. Write in plain prose. Do not restate the question or add a preamble. Begin with the answer itself.,100,140,8192,none,,end_turn,ollama-local-mistral-small-3.2-24b,2026-09-28 06:19:05.059273+00:00,24.0,mistral-small3.2:24b,q4_k_m,16384,8192,None,"{""temperature"": ""0.15""}","Our fingers are controlled by a complex system of muscles and tendons. Most fingers have their own set of muscles and tendons, allowing for independent movement. However, the ring finger (and to some extent, the little finger) shares some of its tendons with the middle finger. This is due to the anatomical structure of the hand, where the tendons of the ring finger and middle finger are connected at a structure called the ""lumbrical muscle."" This connection limits the independent movement of the ring finger. Additionally, the ring finger has fewer muscles dedicated to its movement compared to other fingers, further reducing its independence. This design is a result of evolutionary development and the functional needs of the hand.","Our fingers are controlled by a complex system of muscles and tendons. Most fingers have their own set of muscles and tendons, allowing for independent movement. However, the ring finger (and to some extent, the little finger) shares some of its tendons with the middle finger. This is due to the anatomical structure of the hand, where the tendons of the ring finger and middle finger are connected at a structure called the ""lumbrical muscle."" This connection limits the independent movement of the ring finger. Additionally, the ring finger has fewer muscles dedicated to its movement compared to other fingers, further reducing its independence. This design is a result of evolutionary development and the functional needs of the hand.","Our fingers are controlled by a complex system of muscles and tendons. Most fingers have their own set of muscles and tendons, allowing for independent movement. However, the ring finger (and to some extent, the little finger) shares some of its tendons with the middle finger. This is due to the anatomical structure of the hand, where the tendons of the ring finger and middle finger are connected at a structure called the ""lumbrical muscle."" This connection limits the independent movement of the ring finger. Additionally, the ring finger has fewer muscles dedicated to its movement compared to other fingers, further reducing its independence. This design is a result of evolutionary development and the functional needs of the hand.",our fingers are controlled by a complex system of muscles and tendons most fingers have their own set of muscles and tendons allowing for independent movement however the ring finger and to some extent the little finger shares some of its tendons with the middle finger this is due to the anatomical structure of the hand where the tendons of the ring finger and middle finger are connected at a structure called the lumbrical muscle this connection limits the independent movement of the ring finger additionally the ring finger has fewer muscles dedicated to its movement compared to other fingers further reducing its independence this design is a result of evolutionary development and the functional needs of the hand
explanatory_0049__mistral-small-3.2-24b,explanatory_0049,explanatory,Why does the United States have such a weak mental health care system and a general stigma against it?,"The U.S. mental health care system is underfunded and fragmented, with significant gaps in access to care, especially for the uninsured or underinsured. This is largely due to historical and ongoing policy decisions that prioritize physical health over mental health. Additionally, the stigma surrounding mental health is deeply rooted in cultural attitudes, media portrayals, and a lack of public education. Many people view mental health issues as a sign of weakness or personal failure, rather than legitimate medical conditions. This stigma can prevent individuals from seeking help and can lead to inadequate insurance coverage and funding for mental health services. Efforts to combat this include advocacy for policy changes, public awareness campaigns, and promoting open conversations about mental health.","The U.S. mental health care system is underfunded and fragmented, with significant gaps in access to care, especially for the uninsured or underinsured. This is largely due to historical and ongoing policy decisions that prioritize physical health over mental health. Additionally, the stigma surrounding mental health is deeply rooted in cultural attitudes, media portrayals, and a lack of public education. Many people view mental health issues as a sign of weakness or personal failure, rather than legitimate medical conditions. This stigma can prevent individuals from seeking help and can lead to inadequate insurance coverage and funding for mental health services. Efforts to combat this include advocacy for policy changes, public awareness campaigns, and promoting open conversations about mental health.",mistral-small-3.2-24b,mistral,False,119,814,test,mistral-small-3.2-24b-q4_k_m,final-2026-09-20,You are answering questions the way a knowledgeable person would in an online discussion. Write in plain prose. Do not restate the question or add a preamble. Begin with the answer itself.,100,140,8192,none,,end_turn,ollama-local-mistral-small-3.2-24b,2026-09-28 06:19:09.031433+00:00,24.0,mistral-small3.2:24b,q4_k_m,16384,8192,None,"{""temperature"": ""0.15""}","The U.S. mental health care system is underfunded and fragmented, with significant gaps in access to care, especially for the uninsured or underinsured. This is largely due to historical and ongoing policy decisions that prioritize physical health over mental health. Additionally, the stigma surrounding mental health is deeply rooted in cultural attitudes, media portrayals, and a lack of public education. Many people view mental health issues as a sign of weakness or personal failure, rather than legitimate medical conditions. This stigma can prevent individuals from seeking help and can lead to inadequate insurance coverage and funding for mental health services. Efforts to combat this include advocacy for policy changes, public awareness campaigns, and promoting open conversations about mental health.","The U.S. mental health care system is underfunded and fragmented, with significant gaps in access to care, especially for the uninsured or underinsured. This is largely due to historical and ongoing policy decisions that prioritize physical health over mental health. Additionally, the stigma surrounding mental health is deeply rooted in cultural attitudes, media portrayals, and a lack of public education. Many people view mental health issues as a sign of weakness or personal failure, rather than legitimate medical conditions. This stigma can prevent individuals from seeking help and can lead to inadequate insurance coverage and funding for mental health services. Efforts to combat this include advocacy for policy changes, public awareness campaigns, and promoting open conversations about mental health.","The U.S. mental health care system is underfunded and fragmented, with significant gaps in access to care, especially for the uninsured or underinsured. This is largely due to historical and ongoing policy decisions that prioritize physical health over mental health. Additionally, the stigma surrounding mental health is deeply rooted in cultural attitudes, media portrayals, and a lack of public education. Many people view mental health issues as a sign of weakness or personal failure, rather than legitimate medical conditions. This stigma can prevent individuals from seeking help and can lead to inadequate insurance coverage and funding for mental health services. Efforts to combat this include advocacy for policy changes, public awareness campaigns, and promoting open conversations about mental health.",the u s mental health care system is underfunded and fragmented with significant gaps in access to care especially for the uninsured or underinsured this is largely due to historical and ongoing policy decisions that prioritize physical health over mental health additionally the stigma surrounding mental health is deeply rooted in cultural attitudes media portrayals and a lack of public education many people view mental health issues as a sign of weakness or personal failure rather than legitimate medical conditions this stigma can prevent individuals from seeking help and can lead to inadequate insurance coverage and funding for mental health services efforts to combat this include advocacy for policy changes public awareness campaigns and promoting open conversations about mental health
explanatory_0058__mistral-small-3.2-24b,explanatory_0058,explanatory,Why do Public Domain books cost money on app stores?,"Public Domain books are free to use, but apps or platforms that offer them may charge for convenience, additional features, or to support their business. Some apps provide user-friendly interfaces, offline access, or unique features like annotations or audio versions, which incur development and maintenance costs. Others might bundle Public Domain books with other paid content or use them as a loss leader to attract users to their platform. Additionally, some apps may charge to support the preservation and digitization of these works. While the text itself is free, the value added by these apps can justify a cost. Always check if free alternatives are available, as many Public Domain books can be found for free through services like Project Gutenberg or Google Books.","Public Domain books are free to use, but apps or platforms that offer them may charge for convenience, additional features, or to support their business. Some apps provide user-friendly interfaces, offline access, or unique features like annotations or audio versions, which incur development and maintenance costs. Others might bundle Public Domain books with other paid content or use them as a loss leader to attract users to their platform. Additionally, some apps may charge to support the preservation and digitization of these works. While the text itself is free, the value added by these apps can justify a cost. Always check if free alternatives are available, as many Public Domain books can be found for free through services like Project Gutenberg or Google Books.",mistral-small-3.2-24b,mistral,False,124,777,test,mistral-small-3.2-24b-q4_k_m,final-2026-09-20,You are answering questions the way a knowledgeable person would in an online discussion. Write in plain prose. Do not restate the question or add a preamble. Begin with the answer itself.,100,140,8192,none,,end_turn,ollama-local-mistral-small-3.2-24b,2026-09-28 06:19:12.945012+00:00,24.0,mistral-small3.2:24b,q4_k_m,16384,8192,None,"{""temperature"": ""0.15""}","Public Domain books are free to use, but apps or platforms that offer them may charge for convenience, additional features, or to support their business. Some apps provide user-friendly interfaces, offline access, or unique features like annotations or audio versions, which incur development and maintenance costs. Others might bundle Public Domain books with other paid content or use them as a loss leader to attract users to their platform. Additionally, some apps may charge to support the preservation and digitization of these works. While the text itself is free, the value added by these apps can justify a cost. Always check if free alternatives are available, as many Public Domain books can be found for free through services like Project Gutenberg or Google Books.","Public Domain books are free to use, but apps or platforms that offer them may charge for convenience, additional features, or to support their business. Some apps provide user-friendly interfaces, offline access, or unique features like annotations or audio versions, which incur development and maintenance costs. Others might bundle Public Domain books with other paid content or use them as a loss leader to attract users to their platform. Additionally, some apps may charge to support the preservation and digitization of these works. While the text itself is free, the value added by these apps can justify a cost. Always check if free alternatives are available, as many Public Domain books can be found for free through services like Project Gutenberg or Google Books.","Public Domain books are free to use, but apps or platforms that offer them may charge for convenience, additional features, or to support their business. Some apps provide user-friendly interfaces, offline access, or unique features like annotations or audio versions, which incur development and maintenance costs. Others might bundle Public Domain books with other paid content or use them as a loss leader to attract users to their platform. Additionally, some apps may charge to support the preservation and digitization of these works. While the text itself is free, the value added by these apps can justify a cost. Always check if free alternatives are available, as many Public Domain books can be found for free through services like Project Gutenberg or Google Books.",public domain books are free to use but apps or platforms that offer them may charge for convenience additional features or to support their business some apps provide user friendly interfaces offline access or unique features like annotations or audio versions which incur development and maintenance costs others might bundle public domain books with other paid content or use them as a loss leader to attract users to their platform additionally some apps may charge to support the preservation and digitization of these works while the text itself is free the value added by these apps can justify a cost always check if free alternatives are available as many public domain books can be found for free through services like project gutenberg or google books
explanatory_0067__mistral-small-3.2-24b,explanatory_0067,explanatory,"What is happening in your body when you're hungry, but the thought of eating makes you nauseous?","Your body is experiencing a complex interplay of signals. Hunger is primarily regulated by the hypothalamus, which responds to low blood sugar and empty stomach signals. Meanwhile, nausea can be triggered by various factors, including stress, anxiety, or digestive issues. When you're hungry but the thought of food makes you nauseous, it might be due to a few reasons. Your digestive system could be irritated or inflamed, making the idea of food unappealing. Stress or anxiety can also cause this response, as they can disrupt normal digestive function and create a feeling of sickness. Additionally, certain medical conditions or medications can affect hunger and nausea signals. It's a good idea to listen to your body and consult a healthcare professional if this persists.","Your body is experiencing a complex interplay of signals. Hunger is primarily regulated by the hypothalamus, which responds to low blood sugar and empty stomach signals. Meanwhile, nausea can be triggered by various factors, including stress, anxiety, or digestive issues. When you're hungry but the thought of food makes you nauseous, it might be due to a few reasons. Your digestive system could be irritated or inflamed, making the idea of food unappealing. Stress or anxiety can also cause this response, as they can disrupt normal digestive function and create a feeling of sickness. Additionally, certain medical conditions or medications can affect hunger and nausea signals. It's a good idea to listen to your body and consult a healthcare professional if this persists.",mistral-small-3.2-24b,mistral,False,123,778,test,mistral-small-3.2-24b-q4_k_m,final-2026-09-20,You are answering questions the way a knowledgeable person would in an online discussion. Write in plain prose. Do not restate the question or add a preamble. Begin with the answer itself.,100,140,8192,none,,end_turn,ollama-local-mistral-small-3.2-24b,2026-09-28 06:19:16.995616+00:00,24.0,mistral-small3.2:24b,q4_k_m,16384,8192,None,"{""temperature"": ""0.15""}","Your body is experiencing a complex interplay of signals. Hunger is primarily regulated by the hypothalamus, which responds to low blood sugar and empty stomach signals. Meanwhile, nausea can be triggered by various factors, including stress, anxiety, or digestive issues. When you're hungry but the thought of food makes you nauseous, it might be due to a few reasons. Your digestive system could be irritated or inflamed, making the idea of food unappealing. Stress or anxiety can also cause this response, as they can disrupt normal digestive function and create a feeling of sickness. Additionally, certain medical conditions or medications can affect hunger and nausea signals. It's a good idea to listen to your body and consult a healthcare professional if this persists.","Your body is experiencing a complex interplay of signals. Hunger is primarily regulated by the hypothalamus, which responds to low blood sugar and empty stomach signals. Meanwhile, nausea can be triggered by various factors, including stress, anxiety, or digestive issues. When you're hungry but the thought of food makes you nauseous, it might be due to a few reasons. Your digestive system could be irritated or inflamed, making the idea of food unappealing. Stress or anxiety can also cause this response, as they can disrupt normal digestive function and create a feeling of sickness. Additionally, certain medical conditions or medications can affect hunger and nausea signals. It's a good idea to listen to your body and consult a healthcare professional if this persists.","Your body is experiencing a complex interplay of signals. Hunger is primarily regulated by the hypothalamus, which responds to low blood sugar and empty stomach signals. Meanwhile, nausea can be triggered by various factors, including stress, anxiety, or digestive issues. When you're hungry but the thought of food makes you nauseous, it might be due to a few reasons. Your digestive system could be irritated or inflamed, making the idea of food unappealing. Stress or anxiety can also cause this response, as they can disrupt normal digestive function and create a feeling of sickness. Additionally, certain medical conditions or medications can affect hunger and nausea signals. It's a good idea to listen to your body and consult a healthcare professional if this persists.",your body is experiencing a complex interplay of signals hunger is primarily regulated by the hypothalamus which responds to low blood sugar and empty stomach signals meanwhile nausea can be triggered by various factors including stress anxiety or digestive issues when you're hungry but the thought of food makes you nauseous it might be due to a few reasons your digestive system could be irritated or inflamed making the idea of food unappealing stress or anxiety can also cause this response as they can disrupt normal digestive function and create a feeling of sickness additionally certain medical conditions or medications can affect hunger and nausea signals it's a good idea to listen to your body and consult a healthcare professional if this persists
explanatory_0080__mistral-small-3.2-24b,explanatory_0080,explanatory,What is the point of asking if someone's object a wedding? What would really happen?,"When people ask if an object is for a wedding, they're usually trying to gauge the formality or importance of the event to provide appropriate advice or services. Weddings are significant milestones, often involving specific traditions, expectations, and higher budgets. If an object is indeed for a wedding, it might need to align with the theme, color scheme, or formality of the event. For instance, a wedding dress is typically more elaborate and formal than an outfit for a casual party. Moreover, weddings often have a timeline and specific needs, so knowing the object's purpose can help in providing timely and relevant assistance. In essence, asking this question helps tailor the response or service to the occasion's unique requirements.","When people ask if an object is for a wedding, they're usually trying to gauge the formality or importance of the event to provide appropriate advice or services. Weddings are significant milestones, often involving specific traditions, expectations, and higher budgets. If an object is indeed for a wedding, it might need to align with the theme, color scheme, or formality of the event. For instance, a wedding dress is typically more elaborate and formal than an outfit for a casual party. Moreover, weddings often have a timeline and specific needs, so knowing the object's purpose can help in providing timely and relevant assistance. In essence, asking this question helps tailor the response or service to the occasion's unique requirements.",mistral-small-3.2-24b,mistral,False,119,748,test,mistral-small-3.2-24b-q4_k_m,final-2026-09-20,You are answering questions the way a knowledgeable person would in an online discussion. Write in plain prose. Do not restate the question or add a preamble. Begin with the answer itself.,100,140,8192,none,,end_turn,ollama-local-mistral-small-3.2-24b,2026-09-28 06:19:20.962824+00:00,24.0,mistral-small3.2:24b,q4_k_m,16384,8192,None,"{""temperature"": ""0.15""}","When people ask if an object is for a wedding, they're usually trying to gauge the formality or importance of the event to provide appropriate advice or services. Weddings are significant milestones, often involving specific traditions, expectations, and higher budgets. If an object is indeed for a wedding, it might need to align with the theme, color scheme, or formality of the event. For instance, a wedding dress is typically more elaborate and formal than an outfit for a casual party. Moreover, weddings often have a timeline and specific needs, so knowing the object's purpose can help in providing timely and relevant assistance. In essence, asking this question helps tailor the response or service to the occasion's unique requirements.","When people ask if an object is for a wedding, they're usually trying to gauge the formality or importance of the event to provide appropriate advice or services. Weddings are significant milestones, often involving specific traditions, expectations, and higher budgets. If an object is indeed for a wedding, it might need to align with the theme, color scheme, or formality of the event. For instance, a wedding dress is typically more elaborate and formal than an outfit for a casual party. Moreover, weddings often have a timeline and specific needs, so knowing the object's purpose can help in providing timely and relevant assistance. In essence, asking this question helps tailor the response or service to the occasion's unique requirements.","When people ask if an object is for a wedding, they're usually trying to gauge the formality or importance of the event to provide appropriate advice or services. Weddings are significant milestones, often involving specific traditions, expectations, and higher budgets. If an object is indeed for a wedding, it might need to align with the theme, color scheme, or formality of the event. For instance, a wedding dress is typically more elaborate and formal than an outfit for a casual party. Moreover, weddings often have a timeline and specific needs, so knowing the object's purpose can help in providing timely and relevant assistance. In essence, asking this question helps tailor the response or service to the occasion's unique requirements.",when people ask if an object is for a wedding they're usually trying to gauge the formality or importance of the event to provide appropriate advice or services weddings are significant milestones often involving specific traditions expectations and higher budgets if an object is indeed for a wedding it might need to align with the theme color scheme or formality of the event for instance a wedding dress is typically more elaborate and formal than an outfit for a casual party moreover weddings often have a timeline and specific needs so knowing the object's purpose can help in providing timely and relevant assistance in essence asking this question helps tailor the response or service to the occasion's unique requirements
explanatory_0081__mistral-small-3.2-24b,explanatory_0081,explanatory,"Why clubs and bars can apply a cover charge to males only during ""ladies nights"" with out it being sexist, discriminatory, or illegal?","The practice of charging men a cover fee while women enter for free during ""ladies' nights"" can be legally and ethically justified in certain contexts. The primary reason is that it serves as a marketing strategy to attract more female patrons, which in turn can encourage male attendance. This is not inherently sexist or discriminatory because it does not deny entry to men; it simply requires them to pay a fee. The goal is to create a balanced gender ratio, enhancing the social atmosphere and potentially increasing overall business. However, it's crucial that such practices do not perpetuate harmful stereotypes or create an environment where one gender feels excluded or uncomfortable. Legal precedents, such as the U.S. Supreme Court's ruling in the 1976 case *California Brewers Association v. Pitchess*, have supported this practice as a legitimate business strategy when it does not violate anti-discrimination laws.","The practice of charging men a cover fee while women enter for free during ""ladies' nights"" can be legally and ethically justified in certain contexts. The primary reason is that it serves as a marketing strategy to attract more female patrons, which in turn can encourage male attendance. This is not inherently sexist or discriminatory because it does not deny entry to men; it simply requires them to pay a fee. The goal is to create a balanced gender ratio, enhancing the social atmosphere and potentially increasing overall business. However, it's crucial that such practices do not perpetuate harmful stereotypes or create an environment where one gender feels excluded or uncomfortable. Legal precedents, such as the U.S. Supreme Court's ruling in the 1976 case California Brewers Association v. Pitchess, have supported this practice as a legitimate business strategy when it does not violate anti-discrimination laws.",mistral-small-3.2-24b,mistral,False,145,928,test,mistral-small-3.2-24b-q4_k_m,final-2026-09-20,You are answering questions the way a knowledgeable person would in an online discussion. Write in plain prose. Do not restate the question or add a preamble. Begin with the answer itself.,100,140,8192,none,,end_turn,ollama-local-mistral-small-3.2-24b,2026-09-28 06:19:25.887923+00:00,24.0,mistral-small3.2:24b,q4_k_m,16384,8192,None,"{""temperature"": ""0.15""}","The practice of charging men a cover fee while women enter for free during ""ladies' nights"" can be legally and ethically justified in certain contexts. The primary reason is that it serves as a marketing strategy to attract more female patrons, which in turn can encourage male attendance. This is not inherently sexist or discriminatory because it does not deny entry to men; it simply requires them to pay a fee. The goal is to create a balanced gender ratio, enhancing the social atmosphere and potentially increasing overall business. However, it's crucial that such practices do not perpetuate harmful stereotypes or create an environment where one gender feels excluded or uncomfortable. Legal precedents, such as the U.S. Supreme Court's ruling in the 1976 case California Brewers Association v. Pitchess, have supported this practice as a legitimate business strategy when it does not violate anti-discrimination laws.","The practice of charging men a cover fee while women enter for free during ""ladies' nights"" can be legally and ethically justified in certain contexts. The primary reason is that it serves as a marketing strategy to attract more female patrons, which in turn can encourage male attendance. This is not inherently sexist or discriminatory because it does not deny entry to men; it simply requires them to pay a fee. The goal is to create a balanced gender ratio, enhancing the social atmosphere and potentially increasing overall business. However, it's crucial that such practices do not perpetuate harmful stereotypes or create an environment where one gender feels excluded or uncomfortable. Legal precedents, such as the U.S. Supreme Court's ruling in the 1976 case California Brewers Association v. Pitchess, have supported this practice as a legitimate business strategy when it does not violate anti-discrimination laws.","The practice of charging men a cover fee while women enter for free during ""ladies' nights"" can be legally and ethically justified in certain contexts. The primary reason is that it serves as a marketing strategy to attract more female patrons, which in turn can encourage male attendance. This is not inherently sexist or discriminatory because it does not deny entry to men; it simply requires them to pay a fee. The goal is to create a balanced gender ratio, enhancing the social atmosphere and potentially increasing overall business. However, it's crucial that such practices do not perpetuate harmful stereotypes or create an environment where one gender feels excluded or uncomfortable. Legal precedents, such as the U.S. Supreme Court's ruling in the 1976 case California Brewers Association v. Pitchess, have supported this practice as a legitimate business strategy when it does not violate anti-discrimination laws.",the practice of charging men a cover fee while women enter for free during ladies nights can be legally and ethically justified in certain contexts the primary reason is that it serves as a marketing strategy to attract more female patrons which in turn can encourage male attendance this is not inherently sexist or discriminatory because it does not deny entry to men it simply requires them to pay a fee the goal is to create a balanced gender ratio enhancing the social atmosphere and potentially increasing overall business however it's crucial that such practices do not perpetuate harmful stereotypes or create an environment where one gender feels excluded or uncomfortable legal precedents such as the u s supreme court's ruling in the 1976 case california brewers association v pitchess have supported this practice as a legitimate business strategy when it does not violate anti discrimination laws
explanatory_0094__mistral-small-3.2-24b,explanatory_0094,explanatory,Why do I lose taste when I'm sick?,"When you're sick, especially with a cold or flu, your body produces more mucus to trap and expel germs. This excess mucus can clog your nasal passages, blocking the tiny openings at the back of your nose that connect to your smell receptors. Since taste is largely dependent on smell, this blockage can make food taste bland or flavorless. Additionally, inflammation and swelling in the nose and throat can further impair your ability to taste. Some illnesses or medications can also directly affect your taste buds, altering your perception of taste. This loss of taste is usually temporary and should return to normal once your illness has passed and your nasal passages are clear.","When you're sick, especially with a cold or flu, your body produces more mucus to trap and expel germs. This excess mucus can clog your nasal passages, blocking the tiny openings at the back of your nose that connect to your smell receptors. Since taste is largely dependent on smell, this blockage can make food taste bland or flavorless. Additionally, inflammation and swelling in the nose and throat can further impair your ability to taste. Some illnesses or medications can also directly affect your taste buds, altering your perception of taste. This loss of taste is usually temporary and should return to normal once your illness has passed and your nasal passages are clear.",mistral-small-3.2-24b,mistral,False,114,683,test,mistral-small-3.2-24b-q4_k_m,final-2026-09-20,You are answering questions the way a knowledgeable person would in an online discussion. Write in plain prose. Do not restate the question or add a preamble. Begin with the answer itself.,100,140,8192,none,,end_turn,ollama-local-mistral-small-3.2-24b,2026-09-28 06:19:29.539355+00:00,24.0,mistral-small3.2:24b,q4_k_m,16384,8192,None,"{""temperature"": ""0.15""}","When you're sick, especially with a cold or flu, your body produces more mucus to trap and expel germs. This excess mucus can clog your nasal passages, blocking the tiny openings at the back of your nose that connect to your smell receptors. Since taste is largely dependent on smell, this blockage can make food taste bland or flavorless. Additionally, inflammation and swelling in the nose and throat can further impair your ability to taste. Some illnesses or medications can also directly affect your taste buds, altering your perception of taste. This loss of taste is usually temporary and should return to normal once your illness has passed and your nasal passages are clear.","When you're sick, especially with a cold or flu, your body produces more mucus to trap and expel germs. This excess mucus can clog your nasal passages, blocking the tiny openings at the back of your nose that connect to your smell receptors. Since taste is largely dependent on smell, this blockage can make food taste bland or flavorless. Additionally, inflammation and swelling in the nose and throat can further impair your ability to taste. Some illnesses or medications can also directly affect your taste buds, altering your perception of taste. This loss of taste is usually temporary and should return to normal once your illness has passed and your nasal passages are clear.","When you're sick, especially with a cold or flu, your body produces more mucus to trap and expel germs. This excess mucus can clog your nasal passages, blocking the tiny openings at the back of your nose that connect to your smell receptors. Since taste is largely dependent on smell, this blockage can make food taste bland or flavorless. Additionally, inflammation and swelling in the nose and throat can further impair your ability to taste. Some illnesses or medications can also directly affect your taste buds, altering your perception of taste. This loss of taste is usually temporary and should return to normal once your illness has passed and your nasal passages are clear.",when you're sick especially with a cold or flu your body produces more mucus to trap and expel germs this excess mucus can clog your nasal passages blocking the tiny openings at the back of your nose that connect to your smell receptors since taste is largely dependent on smell this blockage can make food taste bland or flavorless additionally inflammation and swelling in the nose and throat can further impair your ability to taste some illnesses or medications can also directly affect your taste buds altering your perception of taste this loss of taste is usually temporary and should return to normal once your illness has passed and your nasal passages are clear
explanatory_0099__mistral-small-3.2-24b,explanatory_0099,explanatory,Japan adopts negative interest rates. Should everyone else worry?,"Japan's adoption of negative interest rates is primarily a response to its unique economic situation, characterized by decades of low inflation and slow growth. While other countries might not need to worry about immediately copying this policy, they should be concerned about the broader implications.

Negative rates can weaken a country's currency, making exports cheaper but potentially leading to trade imbalances. They can also compress bank profits, potentially affecting lending and economic growth. Moreover, if Japan's policy leads to capital outflows seeking higher returns elsewhere, it could put pressure on other countries' currencies and force their central banks to respond.

However, the main concern should be the global trend of low growth and low inflation, which might necessitate unconventional monetary policies worldwide.","Japan's adoption of negative interest rates is primarily a response to its unique economic situation, characterized by decades of low inflation and slow growth. While other countries might not need to worry about immediately copying this policy, they should be concerned about the broader implications.

Negative rates can weaken a country's currency, making exports cheaper but potentially leading to trade imbalances. They can also compress bank profits, potentially affecting lending and economic growth. Moreover, if Japan's policy leads to capital outflows seeking higher returns elsewhere, it could put pressure on other countries' currencies and force their central banks to respond.

However, the main concern should be the global trend of low growth and low inflation, which might necessitate unconventional monetary policies worldwide.",mistral-small-3.2-24b,mistral,False,122,845,test,mistral-small-3.2-24b-q4_k_m,final-2026-09-20,You are answering questions the way a knowledgeable person would in an online discussion. Write in plain prose. Do not restate the question or add a preamble. Begin with the answer itself.,100,140,8192,none,,end_turn,ollama-local-mistral-small-3.2-24b,2026-09-28 06:19:33.558519+00:00,24.0,mistral-small3.2:24b,q4_k_m,16384,8192,None,"{""temperature"": ""0.15""}","Japan's adoption of negative interest rates is primarily a response to its unique economic situation, characterized by decades of low inflation and slow growth. While other countries might not need to worry about immediately copying this policy, they should be concerned about the broader implications.

Negative rates can weaken a country's currency, making exports cheaper but potentially leading to trade imbalances. They can also compress bank profits, potentially affecting lending and economic growth. Moreover, if Japan's policy leads to capital outflows seeking higher returns elsewhere, it could put pressure on other countries' currencies and force their central banks to respond.

However, the main concern should be the global trend of low growth and low inflation, which might necessitate unconventional monetary policies worldwide.","Japan's adoption of negative interest rates is primarily a response to its unique economic situation, characterized by decades of low inflation and slow growth. While other countries might not need to worry about immediately copying this policy, they should be concerned about the broader implications. Negative rates can weaken a country's currency, making exports cheaper but potentially leading to trade imbalances. They can also compress bank profits, potentially affecting lending and economic growth. Moreover, if Japan's policy leads to capital outflows seeking higher returns elsewhere, it could put pressure on other countries' currencies and force their central banks to respond. However, the main concern should be the global trend of low growth and low inflation, which might necessitate unconventional monetary policies worldwide.","Japan's adoption of negative interest rates is primarily a response to its unique economic situation, characterized by decades of low inflation and slow growth. While other countries might not need to worry about immediately copying this policy, they should be concerned about the broader implications. Negative rates can weaken a country's currency, making exports cheaper but potentially leading to trade imbalances. They can also compress bank profits, potentially affecting lending and economic growth. Moreover, if Japan's policy leads to capital outflows seeking higher returns elsewhere, it could put pressure on other countries' currencies and force their central banks to respond. However, the main concern should be the global trend of low growth and low inflation, which might necessitate unconventional monetary policies worldwide.",japan's adoption of negative interest rates is primarily a response to its unique economic situation characterized by decades of low inflation and slow growth while other countries might not need to worry about immediately copying this policy they should be concerned about the broader implications negative rates can weaken a country's currency making exports cheaper but potentially leading to trade imbalances they can also compress bank profits potentially affecting lending and economic growth moreover if japan's policy leads to capital outflows seeking higher returns elsewhere it could put pressure on other countries currencies and force their central banks to respond however the main concern should be the global trend of low growth and low inflation which might necessitate unconventional monetary policies worldwide
explanatory_0100__mistral-small-3.2-24b,explanatory_0100,explanatory,Why people care/get annoyed at poor grammar,"People care about and get annoyed at poor grammar for several reasons. Firstly, grammar is the foundation of clear and effective communication. Poor grammar can lead to misunderstandings, confusion, or misinterpretations. Secondly, grammar is often associated with intelligence and education. People may judge others based on their grammar skills, sometimes unfairly. Additionally, in professional settings, good grammar is crucial for maintaining a positive image and credibility. Poor grammar can make a person seem careless or unprofessional. Lastly, for some, grammar is a passion or a point of pride. They may correct others not to be rude, but to share their knowledge and help improve communication. However, it's important to correct others politely and constructively.","People care about and get annoyed at poor grammar for several reasons. Firstly, grammar is the foundation of clear and effective communication. Poor grammar can lead to misunderstandings, confusion, or misinterpretations. Secondly, grammar is often associated with intelligence and education. People may judge others based on their grammar skills, sometimes unfairly. Additionally, in professional settings, good grammar is crucial for maintaining a positive image and credibility. Poor grammar can make a person seem careless or unprofessional. Lastly, for some, grammar is a passion or a point of pride. They may correct others not to be rude, but to share their knowledge and help improve communication. However, it's important to correct others politely and constructively.",mistral-small-3.2-24b,mistral,False,114,777,test,mistral-small-3.2-24b-q4_k_m,final-2026-09-20,You are answering questions the way a knowledgeable person would in an online discussion. Write in plain prose. Do not restate the question or add a preamble. Begin with the answer itself.,100,140,8192,none,,end_turn,ollama-local-mistral-small-3.2-24b,2026-09-28 06:19:37.623356+00:00,24.0,mistral-small3.2:24b,q4_k_m,16384,8192,None,"{""temperature"": ""0.15""}","People care about and get annoyed at poor grammar for several reasons. Firstly, grammar is the foundation of clear and effective communication. Poor grammar can lead to misunderstandings, confusion, or misinterpretations. Secondly, grammar is often associated with intelligence and education. People may judge others based on their grammar skills, sometimes unfairly. Additionally, in professional settings, good grammar is crucial for maintaining a positive image and credibility. Poor grammar can make a person seem careless or unprofessional. Lastly, for some, grammar is a passion or a point of pride. They may correct others not to be rude, but to share their knowledge and help improve communication. However, it's important to correct others politely and constructively.","People care about and get annoyed at poor grammar for several reasons. Firstly, grammar is the foundation of clear and effective communication. Poor grammar can lead to misunderstandings, confusion, or misinterpretations. Secondly, grammar is often associated with intelligence and education. People may judge others based on their grammar skills, sometimes unfairly. Additionally, in professional settings, good grammar is crucial for maintaining a positive image and credibility. Poor grammar can make a person seem careless or unprofessional. Lastly, for some, grammar is a passion or a point of pride. They may correct others not to be rude, but to share their knowledge and help improve communication. However, it's important to correct others politely and constructively.","People care about and get annoyed at poor grammar for several reasons. Firstly, grammar is the foundation of clear and effective communication. Poor grammar can lead to misunderstandings, confusion, or misinterpretations. Secondly, grammar is often associated with intelligence and education. People may judge others based on their grammar skills, sometimes unfairly. Additionally, in professional settings, good grammar is crucial for maintaining a positive image and credibility. Poor grammar can make a person seem careless or unprofessional. Lastly, for some, grammar is a passion or a point of pride. They may correct others not to be rude, but to share their knowledge and help improve communication. However, it's important to correct others politely and constructively.",people care about and get annoyed at poor grammar for several reasons firstly grammar is the foundation of clear and effective communication poor grammar can lead to misunderstandings confusion or misinterpretations secondly grammar is often associated with intelligence and education people may judge others based on their grammar skills sometimes unfairly additionally in professional settings good grammar is crucial for maintaining a positive image and credibility poor grammar can make a person seem careless or unprofessional lastly for some grammar is a passion or a point of pride they may correct others not to be rude but to share their knowledge and help improve communication however it's important to correct others politely and constructively
explanatory_0104__mistral-small-3.2-24b,explanatory_0104,explanatory,Why are the Nobel prizes not awarded posthumously?,"The Nobel Prizes are not awarded posthumously due to a stipulation in Alfred Nobel's will. The will specifies that the prize should be awarded to someone who has made the most significant contribution during the preceding year. If no one meets this criterion, the prize can be reserved until the following year, but it cannot be awarded posthumously. This rule was later clarified and formalized by the Nobel Foundation. The only exception to this rule was made in 1968, when the literature prize was awarded posthumously to Erik Axel Karlfeldt, but this was due to a special decision by the Swedish Academy. Since then, the rule has been strictly followed to maintain the integrity of Nobel's original intentions.","The Nobel Prizes are not awarded posthumously due to a stipulation in Alfred Nobel's will. The will specifies that the prize should be awarded to someone who has made the most significant contribution during the preceding year. If no one meets this criterion, the prize can be reserved until the following year, but it cannot be awarded posthumously. This rule was later clarified and formalized by the Nobel Foundation. The only exception to this rule was made in 1968, when the literature prize was awarded posthumously to Erik Axel Karlfeldt, but this was due to a special decision by the Swedish Academy. Since then, the rule has been strictly followed to maintain the integrity of Nobel's original intentions.",mistral-small-3.2-24b,mistral,False,118,714,test,mistral-small-3.2-24b-q4_k_m,final-2026-09-20,You are answering questions the way a knowledgeable person would in an online discussion. Write in plain prose. Do not restate the question or add a preamble. Begin with the answer itself.,100,140,8192,none,,end_turn,ollama-local-mistral-small-3.2-24b,2026-09-28 06:19:41.647445+00:00,24.0,mistral-small3.2:24b,q4_k_m,16384,8192,None,"{""temperature"": ""0.15""}","The Nobel Prizes are not awarded posthumously due to a stipulation in Alfred Nobel's will. The will specifies that the prize should be awarded to someone who has made the most significant contribution during the preceding year. If no one meets this criterion, the prize can be reserved until the following year, but it cannot be awarded posthumously. This rule was later clarified and formalized by the Nobel Foundation. The only exception to this rule was made in 1968, when the literature prize was awarded posthumously to Erik Axel Karlfeldt, but this was due to a special decision by the Swedish Academy. Since then, the rule has been strictly followed to maintain the integrity of Nobel's original intentions.","The Nobel Prizes are not awarded posthumously due to a stipulation in Alfred Nobel's will. The will specifies that the prize should be awarded to someone who has made the most significant contribution during the preceding year. If no one meets this criterion, the prize can be reserved until the following year, but it cannot be awarded posthumously. This rule was later clarified and formalized by the Nobel Foundation. The only exception to this rule was made in 1968, when the literature prize was awarded posthumously to Erik Axel Karlfeldt, but this was due to a special decision by the Swedish Academy. Since then, the rule has been strictly followed to maintain the integrity of Nobel's original intentions.","The Nobel Prizes are not awarded posthumously due to a stipulation in Alfred Nobel's will. The will specifies that the prize should be awarded to someone who has made the most significant contribution during the preceding year. If no one meets this criterion, the prize can be reserved until the following year, but it cannot be awarded posthumously. This rule was later clarified and formalized by the Nobel Foundation. The only exception to this rule was made in 1968, when the literature prize was awarded posthumously to Erik Axel Karlfeldt, but this was due to a special decision by the Swedish Academy. Since then, the rule has been strictly followed to maintain the integrity of Nobel's original intentions.",the nobel prizes are not awarded posthumously due to a stipulation in alfred nobel's will the will specifies that the prize should be awarded to someone who has made the most significant contribution during the preceding year if no one meets this criterion the prize can be reserved until the following year but it cannot be awarded posthumously this rule was later clarified and formalized by the nobel foundation the only exception to this rule was made in 1968 when the literature prize was awarded posthumously to erik axel karlfeldt but this was due to a special decision by the swedish academy since then the rule has been strictly followed to maintain the integrity of nobel's original intentions
explanatory_0120__mistral-small-3.2-24b,explanatory_0120,explanatory,What would be the actual effects of rolling a grenade down the barrel of a tank?,"Rolling a grenade down the barrel of a tank would likely have catastrophic effects. The grenade would travel down the barrel and, upon reaching the breach, could potentially detonate. This would cause severe damage to the tank's internal mechanisms, likely disabling it. The explosion could also injure or kill the crew inside. Additionally, the blast could potentially damage the tank's ammunition, leading to a secondary explosion. The exact effects would depend on the type of grenade and tank involved, but it's clear that this scenario would result in significant damage and potential loss of life. It's a drastic and desperate measure, typically considered a last resort in combat situations.","Rolling a grenade down the barrel of a tank would likely have catastrophic effects. The grenade would travel down the barrel and, upon reaching the breach, could potentially detonate. This would cause severe damage to the tank's internal mechanisms, likely disabling it. The explosion could also injure or kill the crew inside. Additionally, the blast could potentially damage the tank's ammunition, leading to a secondary explosion. The exact effects would depend on the type of grenade and tank involved, but it's clear that this scenario would result in significant damage and potential loss of life. It's a drastic and desperate measure, typically considered a last resort in combat situations.",mistral-small-3.2-24b,mistral,False,109,698,test,mistral-small-3.2-24b-q4_k_m,final-2026-09-20,You are answering questions the way a knowledgeable person would in an online discussion. Write in plain prose. Do not restate the question or add a preamble. Begin with the answer itself.,100,140,8192,none,,end_turn,ollama-local-mistral-small-3.2-24b,2026-09-28 06:19:45.311375+00:00,24.0,mistral-small3.2:24b,q4_k_m,16384,8192,None,"{""temperature"": ""0.15""}","Rolling a grenade down the barrel of a tank would likely have catastrophic effects. The grenade would travel down the barrel and, upon reaching the breach, could potentially detonate. This would cause severe damage to the tank's internal mechanisms, likely disabling it. The explosion could also injure or kill the crew inside. Additionally, the blast could potentially damage the tank's ammunition, leading to a secondary explosion. The exact effects would depend on the type of grenade and tank involved, but it's clear that this scenario would result in significant damage and potential loss of life. It's a drastic and desperate measure, typically considered a last resort in combat situations.","Rolling a grenade down the barrel of a tank would likely have catastrophic effects. The grenade would travel down the barrel and, upon reaching the breach, could potentially detonate. This would cause severe damage to the tank's internal mechanisms, likely disabling it. The explosion could also injure or kill the crew inside. Additionally, the blast could potentially damage the tank's ammunition, leading to a secondary explosion. The exact effects would depend on the type of grenade and tank involved, but it's clear that this scenario would result in significant damage and potential loss of life. It's a drastic and desperate measure, typically considered a last resort in combat situations.","Rolling a grenade down the barrel of a tank would likely have catastrophic effects. The grenade would travel down the barrel and, upon reaching the breach, could potentially detonate. This would cause severe damage to the tank's internal mechanisms, likely disabling it. The explosion could also injure or kill the crew inside. Additionally, the blast could potentially damage the tank's ammunition, leading to a secondary explosion. The exact effects would depend on the type of grenade and tank involved, but it's clear that this scenario would result in significant damage and potential loss of life. It's a drastic and desperate measure, typically considered a last resort in combat situations.",rolling a grenade down the barrel of a tank would likely have catastrophic effects the grenade would travel down the barrel and upon reaching the breach could potentially detonate this would cause severe damage to the tank's internal mechanisms likely disabling it the explosion could also injure or kill the crew inside additionally the blast could potentially damage the tank's ammunition leading to a secondary explosion the exact effects would depend on the type of grenade and tank involved but it's clear that this scenario would result in significant damage and potential loss of life it's a drastic and desperate measure typically considered a last resort in combat situations
explanatory_0140__mistral-small-3.2-24b,explanatory_0140,explanatory,"If cancer is just cells mutating and dividing without abandon, how does it cause the ""rot"" we see in later stages?","Cancer causes ""rot"" in later stages due to a combination of factors. As cancer cells multiply uncontrollably, they form tumors that can invade and destroy nearby healthy tissue. This invasion can lead to the breakdown of normal bodily structures, causing visible decay or ""rot."" Additionally, cancer cells can release enzymes that break down surrounding tissues, further contributing to this process. In advanced stages, cancer can also cause systemic effects, such as cachexia or wasting syndrome, which leads to severe weight loss and muscle atrophy, exacerbating the appearance of decay. Furthermore, cancer can interfere with the body's normal functions, leading to organ failure and other complications that contribute to the visible deterioration seen in later stages.","Cancer causes ""rot"" in later stages due to a combination of factors. As cancer cells multiply uncontrollably, they form tumors that can invade and destroy nearby healthy tissue. This invasion can lead to the breakdown of normal bodily structures, causing visible decay or ""rot."" Additionally, cancer cells can release enzymes that break down surrounding tissues, further contributing to this process. In advanced stages, cancer can also cause systemic effects, such as cachexia or wasting syndrome, which leads to severe weight loss and muscle atrophy, exacerbating the appearance of decay. Furthermore, cancer can interfere with the body's normal functions, leading to organ failure and other complications that contribute to the visible deterioration seen in later stages.",mistral-small-3.2-24b,mistral,False,115,774,test,mistral-small-3.2-24b-q4_k_m,final-2026-09-20,You are answering questions the way a knowledgeable person would in an online discussion. Write in plain prose. Do not restate the question or add a preamble. Begin with the answer itself.,100,140,8192,none,,end_turn,ollama-local-mistral-small-3.2-24b,2026-09-28 06:19:49.227611+00:00,24.0,mistral-small3.2:24b,q4_k_m,16384,8192,None,"{""temperature"": ""0.15""}","Cancer causes ""rot"" in later stages due to a combination of factors. As cancer cells multiply uncontrollably, they form tumors that can invade and destroy nearby healthy tissue. This invasion can lead to the breakdown of normal bodily structures, causing visible decay or ""rot."" Additionally, cancer cells can release enzymes that break down surrounding tissues, further contributing to this process. In advanced stages, cancer can also cause systemic effects, such as cachexia or wasting syndrome, which leads to severe weight loss and muscle atrophy, exacerbating the appearance of decay. Furthermore, cancer can interfere with the body's normal functions, leading to organ failure and other complications that contribute to the visible deterioration seen in later stages.","Cancer causes ""rot"" in later stages due to a combination of factors. As cancer cells multiply uncontrollably, they form tumors that can invade and destroy nearby healthy tissue. This invasion can lead to the breakdown of normal bodily structures, causing visible decay or ""rot."" Additionally, cancer cells can release enzymes that break down surrounding tissues, further contributing to this process. In advanced stages, cancer can also cause systemic effects, such as cachexia or wasting syndrome, which leads to severe weight loss and muscle atrophy, exacerbating the appearance of decay. Furthermore, cancer can interfere with the body's normal functions, leading to organ failure and other complications that contribute to the visible deterioration seen in later stages.","Cancer causes ""rot"" in later stages due to a combination of factors. As cancer cells multiply uncontrollably, they form tumors that can invade and destroy nearby healthy tissue. This invasion can lead to the breakdown of normal bodily structures, causing visible decay or ""rot."" Additionally, cancer cells can release enzymes that break down surrounding tissues, further contributing to this process. In advanced stages, cancer can also cause systemic effects, such as cachexia or wasting syndrome, which leads to severe weight loss and muscle atrophy, exacerbating the appearance of decay. Furthermore, cancer can interfere with the body's normal functions, leading to organ failure and other complications that contribute to the visible deterioration seen in later stages.",cancer causes rot in later stages due to a combination of factors as cancer cells multiply uncontrollably they form tumors that can invade and destroy nearby healthy tissue this invasion can lead to the breakdown of normal bodily structures causing visible decay or rot additionally cancer cells can release enzymes that break down surrounding tissues further contributing to this process in advanced stages cancer can also cause systemic effects such as cachexia or wasting syndrome which leads to severe weight loss and muscle atrophy exacerbating the appearance of decay furthermore cancer can interfere with the body's normal functions leading to organ failure and other complications that contribute to the visible deterioration seen in later stages
explanatory_0184__mistral-small-3.2-24b,explanatory_0184,explanatory,"How come sometimes when I'm not hungry, I eat something small and become hungrier?","This phenomenon is often due to the way your body responds to food intake. When you consume something small, especially if it's low in protein, fiber, or healthy fats, it can stimulate your appetite rather than satisfy it. This is because these nutrients are key to promoting feelings of fullness. Additionally, the act of eating can trigger the release of hormones like ghrelin, which increases hunger. Moreover, if the food you eat is high in sugar or simple carbohydrates, it can cause a rapid spike and subsequent drop in blood sugar levels, leading to increased hunger. To avoid this, opt for small, nutrient-dense snacks that include a balance of protein, fiber, and healthy fats.","This phenomenon is often due to the way your body responds to food intake. When you consume something small, especially if it's low in protein, fiber, or healthy fats, it can stimulate your appetite rather than satisfy it. This is because these nutrients are key to promoting feelings of fullness. Additionally, the act of eating can trigger the release of hormones like ghrelin, which increases hunger. Moreover, if the food you eat is high in sugar or simple carbohydrates, it can cause a rapid spike and subsequent drop in blood sugar levels, leading to increased hunger. To avoid this, opt for small, nutrient-dense snacks that include a balance of protein, fiber, and healthy fats.",mistral-small-3.2-24b,mistral,False,114,686,test,mistral-small-3.2-24b-q4_k_m,final-2026-09-20,You are answering questions the way a knowledgeable person would in an online discussion. Write in plain prose. Do not restate the question or add a preamble. Begin with the answer itself.,100,140,8192,none,,end_turn,ollama-local-mistral-small-3.2-24b,2026-09-28 06:19:53.077345+00:00,24.0,mistral-small3.2:24b,q4_k_m,16384,8192,None,"{""temperature"": ""0.15""}","This phenomenon is often due to the way your body responds to food intake. When you consume something small, especially if it's low in protein, fiber, or healthy fats, it can stimulate your appetite rather than satisfy it. This is because these nutrients are key to promoting feelings of fullness. Additionally, the act of eating can trigger the release of hormones like ghrelin, which increases hunger. Moreover, if the food you eat is high in sugar or simple carbohydrates, it can cause a rapid spike and subsequent drop in blood sugar levels, leading to increased hunger. To avoid this, opt for small, nutrient-dense snacks that include a balance of protein, fiber, and healthy fats.","This phenomenon is often due to the way your body responds to food intake. When you consume something small, especially if it's low in protein, fiber, or healthy fats, it can stimulate your appetite rather than satisfy it. This is because these nutrients are key to promoting feelings of fullness. Additionally, the act of eating can trigger the release of hormones like ghrelin, which increases hunger. Moreover, if the food you eat is high in sugar or simple carbohydrates, it can cause a rapid spike and subsequent drop in blood sugar levels, leading to increased hunger. To avoid this, opt for small, nutrient-dense snacks that include a balance of protein, fiber, and healthy fats.","This phenomenon is often due to the way your body responds to food intake. When you consume something small, especially if it's low in protein, fiber, or healthy fats, it can stimulate your appetite rather than satisfy it. This is because these nutrients are key to promoting feelings of fullness. Additionally, the act of eating can trigger the release of hormones like ghrelin, which increases hunger. Moreover, if the food you eat is high in sugar or simple carbohydrates, it can cause a rapid spike and subsequent drop in blood sugar levels, leading to increased hunger. To avoid this, opt for small, nutrient-dense snacks that include a balance of protein, fiber, and healthy fats.",this phenomenon is often due to the way your body responds to food intake when you consume something small especially if it's low in protein fiber or healthy fats it can stimulate your appetite rather than satisfy it this is because these nutrients are key to promoting feelings of fullness additionally the act of eating can trigger the release of hormones like ghrelin which increases hunger moreover if the food you eat is high in sugar or simple carbohydrates it can cause a rapid spike and subsequent drop in blood sugar levels leading to increased hunger to avoid this opt for small nutrient dense snacks that include a balance of protein fiber and healthy fats
explanatory_0189__mistral-small-3.2-24b,explanatory_0189,explanatory,How does Spotify and Apple Music pay artists?,"Spotify and Apple Music pay artists through a complex system based on streams. Both platforms operate under a pro-rata model, where they pool all the royalties and then distribute them based on each artist's share of total streams. Spotify pays artists between $0.003 and $0.005 per stream, while Apple Music pays around $0.007 per stream. However, these rates can vary due to factors like the artist's distribution deal and the user's subscription type. Additionally, Apple Music offers an optional ""Apple Music for Artists"" program, which provides artists with more detailed streaming data and promotional tools. It's important to note that these payments are not just for the artist, but also cover record label and distribution costs.","Spotify and Apple Music pay artists through a complex system based on streams. Both platforms operate under a pro-rata model, where they pool all the royalties and then distribute them based on each artist's share of total streams. Spotify pays artists between $0.003 and $0.005 per stream, while Apple Music pays around $0.007 per stream. However, these rates can vary due to factors like the artist's distribution deal and the user's subscription type. Additionally, Apple Music offers an optional ""Apple Music for Artists"" program, which provides artists with more detailed streaming data and promotional tools. It's important to note that these payments are not just for the artist, but also cover record label and distribution costs.",mistral-small-3.2-24b,mistral,False,116,738,test,mistral-small-3.2-24b-q4_k_m,final-2026-09-20,You are answering questions the way a knowledgeable person would in an online discussion. Write in plain prose. Do not restate the question or add a preamble. Begin with the answer itself.,100,140,8192,none,,end_turn,ollama-local-mistral-small-3.2-24b,2026-09-28 06:19:57.287415+00:00,24.0,mistral-small3.2:24b,q4_k_m,16384,8192,None,"{""temperature"": ""0.15""}","Spotify and Apple Music pay artists through a complex system based on streams. Both platforms operate under a pro-rata model, where they pool all the royalties and then distribute them based on each artist's share of total streams. Spotify pays artists between $0.003 and $0.005 per stream, while Apple Music pays around $0.007 per stream. However, these rates can vary due to factors like the artist's distribution deal and the user's subscription type. Additionally, Apple Music offers an optional ""Apple Music for Artists"" program, which provides artists with more detailed streaming data and promotional tools. It's important to note that these payments are not just for the artist, but also cover record label and distribution costs.","Spotify and Apple Music pay artists through a complex system based on streams. Both platforms operate under a pro-rata model, where they pool all the royalties and then distribute them based on each artist's share of total streams. Spotify pays artists between $0.003 and $0.005 per stream, while Apple Music pays around $0.007 per stream. However, these rates can vary due to factors like the artist's distribution deal and the user's subscription type. Additionally, Apple Music offers an optional ""Apple Music for Artists"" program, which provides artists with more detailed streaming data and promotional tools. It's important to note that these payments are not just for the artist, but also cover record label and distribution costs.","Spotify and Apple Music pay artists through a complex system based on streams. Both platforms operate under a pro-rata model, where they pool all the royalties and then distribute them based on each artist's share of total streams. Spotify pays artists between $0.003 and $0.005 per stream, while Apple Music pays around $0.007 per stream. However, these rates can vary due to factors like the artist's distribution deal and the user's subscription type. Additionally, Apple Music offers an optional ""Apple Music for Artists"" program, which provides artists with more detailed streaming data and promotional tools. It's important to note that these payments are not just for the artist, but also cover record label and distribution costs.",spotify and apple music pay artists through a complex system based on streams both platforms operate under a pro rata model where they pool all the royalties and then distribute them based on each artist's share of total streams spotify pays artists between 0 003 and 0 005 per stream while apple music pays around 0 007 per stream however these rates can vary due to factors like the artist's distribution deal and the user's subscription type additionally apple music offers an optional apple music for artists program which provides artists with more detailed streaming data and promotional tools it's important to note that these payments are not just for the artist but also cover record label and distribution costs
explanatory_0200__mistral-small-3.2-24b,explanatory_0200,explanatory,"Why is it legal to copy CD's, but not to copy DVD's?","The legality of copying CDs and DVDs differs due to the way they're protected and the purpose of the content. Audio CDs are often protected by copyright, but the law allows for personal, non-commercial copying for private use in many countries. This is because music is considered a creative work that people should be able to enjoy personally without restriction.

DVDs, however, typically contain copyrighted movies or TV shows, which are protected by stricter laws. These laws are designed to prevent piracy and distribution of copyrighted material. Additionally, DVDs often use technological protection measures (TPMs) like CSS (Content Scramble System), which are illegal to circumvent under laws like the DMCA in the U.S. This makes copying DVDs more legally complex and often prohibited.","The legality of copying CDs and DVDs differs due to the way they're protected and the purpose of the content. Audio CDs are often protected by copyright, but the law allows for personal, non-commercial copying for private use in many countries. This is because music is considered a creative work that people should be able to enjoy personally without restriction.

DVDs, however, typically contain copyrighted movies or TV shows, which are protected by stricter laws. These laws are designed to prevent piracy and distribution of copyrighted material. Additionally, DVDs often use technological protection measures (TPMs) like CSS (Content Scramble System), which are illegal to circumvent under laws like the DMCA in the U.S. This makes copying DVDs more legally complex and often prohibited.",mistral-small-3.2-24b,mistral,False,123,794,test,mistral-small-3.2-24b-q4_k_m,final-2026-09-20,You are answering questions the way a knowledgeable person would in an online discussion. Write in plain prose. Do not restate the question or add a preamble. Begin with the answer itself.,100,140,8192,none,,end_turn,ollama-local-mistral-small-3.2-24b,2026-09-28 06:20:01.605721+00:00,24.0,mistral-small3.2:24b,q4_k_m,16384,8192,None,"{""temperature"": ""0.15""}","The legality of copying CDs and DVDs differs due to the way they're protected and the purpose of the content. Audio CDs are often protected by copyright, but the law allows for personal, non-commercial copying for private use in many countries. This is because music is considered a creative work that people should be able to enjoy personally without restriction.

DVDs, however, typically contain copyrighted movies or TV shows, which are protected by stricter laws. These laws are designed to prevent piracy and distribution of copyrighted material. Additionally, DVDs often use technological protection measures (TPMs) like CSS (Content Scramble System), which are illegal to circumvent under laws like the DMCA in the U.S. This makes copying DVDs more legally complex and often prohibited.","The legality of copying CDs and DVDs differs due to the way they're protected and the purpose of the content. Audio CDs are often protected by copyright, but the law allows for personal, non-commercial copying for private use in many countries. This is because music is considered a creative work that people should be able to enjoy personally without restriction. DVDs, however, typically contain copyrighted movies or TV shows, which are protected by stricter laws. These laws are designed to prevent piracy and distribution of copyrighted material. Additionally, DVDs often use technological protection measures (TPMs) like CSS (Content Scramble System), which are illegal to circumvent under laws like the DMCA in the U.S. This makes copying DVDs more legally complex and often prohibited.","The legality of copying CDs and DVDs differs due to the way they're protected and the purpose of the content. Audio CDs are often protected by copyright, but the law allows for personal, non-commercial copying for private use in many countries. This is because music is considered a creative work that people should be able to enjoy personally without restriction. DVDs, however, typically contain copyrighted movies or TV shows, which are protected by stricter laws. These laws are designed to prevent piracy and distribution of copyrighted material. Additionally, DVDs often use technological protection measures (TPMs) like CSS (Content Scramble System), which are illegal to circumvent under laws like the DMCA in the U.S. This makes copying DVDs more legally complex and often prohibited.",the legality of copying cds and dvds differs due to the way they're protected and the purpose of the content audio cds are often protected by copyright but the law allows for personal non commercial copying for private use in many countries this is because music is considered a creative work that people should be able to enjoy personally without restriction dvds however typically contain copyrighted movies or tv shows which are protected by stricter laws these laws are designed to prevent piracy and distribution of copyrighted material additionally dvds often use technological protection measures tpms like css content scramble system which are illegal to circumvent under laws like the dmca in the u s this makes copying dvds more legally complex and often prohibited
explanatory_0212__mistral-small-3.2-24b,explanatory_0212,explanatory,Why/do all the planets in our solar system orbit on the same plane/axis?,"All the planets in our solar system orbit on roughly the same plane due to the way the solar system formed. Around 4.6 billion years ago, a vast cloud of gas and dust collapsed under gravity, forming a spinning disk. Most of the material fell to the center, creating the Sun, while the rest flattened into a disk. This disk, known as the protoplanetary disk, is where the planets formed.

The conservation of angular momentum caused the disk to spin faster as it collapsed, and the planets formed from this spinning disk inherited its flat, disk-like shape. This is why all the planets orbit in nearly the same plane, called the ecliptic plane. The slight variations in their orbits are due to gravitational interactions over time.","All the planets in our solar system orbit on roughly the same plane due to the way the solar system formed. Around 4.6 billion years ago, a vast cloud of gas and dust collapsed under gravity, forming a spinning disk. Most of the material fell to the center, creating the Sun, while the rest flattened into a disk. This disk, known as the protoplanetary disk, is where the planets formed.

The conservation of angular momentum caused the disk to spin faster as it collapsed, and the planets formed from this spinning disk inherited its flat, disk-like shape. This is why all the planets orbit in nearly the same plane, called the ecliptic plane. The slight variations in their orbits are due to gravitational interactions over time.",mistral-small-3.2-24b,mistral,False,126,731,test,mistral-small-3.2-24b-q4_k_m,final-2026-09-20,You are answering questions the way a knowledgeable person would in an online discussion. Write in plain prose. Do not restate the question or add a preamble. Begin with the answer itself.,100,140,8192,none,,end_turn,ollama-local-mistral-small-3.2-24b,2026-09-28 06:20:05.748236+00:00,24.0,mistral-small3.2:24b,q4_k_m,16384,8192,None,"{""temperature"": ""0.15""}","All the planets in our solar system orbit on roughly the same plane due to the way the solar system formed. Around 4.6 billion years ago, a vast cloud of gas and dust collapsed under gravity, forming a spinning disk. Most of the material fell to the center, creating the Sun, while the rest flattened into a disk. This disk, known as the protoplanetary disk, is where the planets formed.

The conservation of angular momentum caused the disk to spin faster as it collapsed, and the planets formed from this spinning disk inherited its flat, disk-like shape. This is why all the planets orbit in nearly the same plane, called the ecliptic plane. The slight variations in their orbits are due to gravitational interactions over time.","All the planets in our solar system orbit on roughly the same plane due to the way the solar system formed. Around 4.6 billion years ago, a vast cloud of gas and dust collapsed under gravity, forming a spinning disk. Most of the material fell to the center, creating the Sun, while the rest flattened into a disk. This disk, known as the protoplanetary disk, is where the planets formed. The conservation of angular momentum caused the disk to spin faster as it collapsed, and the planets formed from this spinning disk inherited its flat, disk-like shape. This is why all the planets orbit in nearly the same plane, called the ecliptic plane. The slight variations in their orbits are due to gravitational interactions over time.","All the planets in our solar system orbit on roughly the same plane due to the way the solar system formed. Around 4.6 billion years ago, a vast cloud of gas and dust collapsed under gravity, forming a spinning disk. Most of the material fell to the center, creating the Sun, while the rest flattened into a disk. This disk, known as the protoplanetary disk, is where the planets formed. The conservation of angular momentum caused the disk to spin faster as it collapsed, and the planets formed from this spinning disk inherited its flat, disk-like shape. This is why all the planets orbit in nearly the same plane, called the ecliptic plane. The slight variations in their orbits are due to gravitational interactions over time.",all the planets in our solar system orbit on roughly the same plane due to the way the solar system formed around 4 6 billion years ago a vast cloud of gas and dust collapsed under gravity forming a spinning disk most of the material fell to the center creating the sun while the rest flattened into a disk this disk known as the protoplanetary disk is where the planets formed the conservation of angular momentum caused the disk to spin faster as it collapsed and the planets formed from this spinning disk inherited its flat disk like shape this is why all the planets orbit in nearly the same plane called the ecliptic plane the slight variations in their orbits are due to gravitational interactions over time
explanatory_0232__mistral-small-3.2-24b,explanatory_0232,explanatory,"why do companies that make games like the burnout, skate, red faction, and saints row series stop making these games, even though they have a decent following, and are loved by many?","Companies often discontinue game series due to shifting market trends, changing business priorities, or underperformance. Even if a series has a dedicated fanbase, it may not generate sufficient revenue to justify continued development. Publishers may also prioritize newer, more profitable franchises or focus on live-service games that offer ongoing revenue streams. Additionally, game development is resource-intensive, and companies may choose to allocate resources to projects with broader appeal or higher potential returns. Sometimes, rights issues or corporate restructuring can also lead to the end of a series. It's not always about the games' quality or fan love, but rather about business strategy and financial viability.","Companies often discontinue game series due to shifting market trends, changing business priorities, or underperformance. Even if a series has a dedicated fanbase, it may not generate sufficient revenue to justify continued development. Publishers may also prioritize newer, more profitable franchises or focus on live-service games that offer ongoing revenue streams. Additionally, game development is resource-intensive, and companies may choose to allocate resources to projects with broader appeal or higher potential returns. Sometimes, rights issues or corporate restructuring can also lead to the end of a series. It's not always about the games' quality or fan love, but rather about business strategy and financial viability.",mistral-small-3.2-24b,mistral,False,105,734,test,mistral-small-3.2-24b-q4_k_m,final-2026-09-20,You are answering questions the way a knowledgeable person would in an online discussion. Write in plain prose. Do not restate the question or add a preamble. Begin with the answer itself.,100,140,8192,none,,end_turn,ollama-local-mistral-small-3.2-24b,2026-09-28 06:20:09.336128+00:00,24.0,mistral-small3.2:24b,q4_k_m,16384,8192,None,"{""temperature"": ""0.15""}","Companies often discontinue game series due to shifting market trends, changing business priorities, or underperformance. Even if a series has a dedicated fanbase, it may not generate sufficient revenue to justify continued development. Publishers may also prioritize newer, more profitable franchises or focus on live-service games that offer ongoing revenue streams. Additionally, game development is resource-intensive, and companies may choose to allocate resources to projects with broader appeal or higher potential returns. Sometimes, rights issues or corporate restructuring can also lead to the end of a series. It's not always about the games' quality or fan love, but rather about business strategy and financial viability.","Companies often discontinue game series due to shifting market trends, changing business priorities, or underperformance. Even if a series has a dedicated fanbase, it may not generate sufficient revenue to justify continued development. Publishers may also prioritize newer, more profitable franchises or focus on live-service games that offer ongoing revenue streams. Additionally, game development is resource-intensive, and companies may choose to allocate resources to projects with broader appeal or higher potential returns. Sometimes, rights issues or corporate restructuring can also lead to the end of a series. It's not always about the games' quality or fan love, but rather about business strategy and financial viability.","Companies often discontinue game series due to shifting market trends, changing business priorities, or underperformance. Even if a series has a dedicated fanbase, it may not generate sufficient revenue to justify continued development. Publishers may also prioritize newer, more profitable franchises or focus on live-service games that offer ongoing revenue streams. Additionally, game development is resource-intensive, and companies may choose to allocate resources to projects with broader appeal or higher potential returns. Sometimes, rights issues or corporate restructuring can also lead to the end of a series. It's not always about the games' quality or fan love, but rather about business strategy and financial viability.",companies often discontinue game series due to shifting market trends changing business priorities or underperformance even if a series has a dedicated fanbase it may not generate sufficient revenue to justify continued development publishers may also prioritize newer more profitable franchises or focus on live service games that offer ongoing revenue streams additionally game development is resource intensive and companies may choose to allocate resources to projects with broader appeal or higher potential returns sometimes rights issues or corporate restructuring can also lead to the end of a series it's not always about the games quality or fan love but rather about business strategy and financial viability
explanatory_0248__mistral-small-3.2-24b,explanatory_0248,explanatory,What role did Cusco School painting have in Indigenous society in Colonial Peru and Bolivia?,"Cusco School painting, an art form that emerged in the Andean region during the colonial period, played a significant role in Indigenous society. It served as a means of cultural expression and resistance, allowing Indigenous artists to reinterpret Catholic iconography and narratives through their own cultural lens. These paintings often incorporated Andean symbols, perspectives, and techniques, subtly challenging the dominant colonial culture. Additionally, they facilitated cultural survival and continuity, preserving Indigenous traditions and beliefs under the guise of Catholic art. The paintings also played a role in education and evangelization, helping to bridge the gap between Indigenous and Spanish cultures. Moreover, they contributed to the economic life of Indigenous communities, as the art was often commissioned by the church and local elites.","Cusco School painting, an art form that emerged in the Andean region during the colonial period, played a significant role in Indigenous society. It served as a means of cultural expression and resistance, allowing Indigenous artists to reinterpret Catholic iconography and narratives through their own cultural lens. These paintings often incorporated Andean symbols, perspectives, and techniques, subtly challenging the dominant colonial culture. Additionally, they facilitated cultural survival and continuity, preserving Indigenous traditions and beliefs under the guise of Catholic art. The paintings also played a role in education and evangelization, helping to bridge the gap between Indigenous and Spanish cultures. Moreover, they contributed to the economic life of Indigenous communities, as the art was often commissioned by the church and local elites.",mistral-small-3.2-24b,mistral,False,122,865,test,mistral-small-3.2-24b-q4_k_m,final-2026-09-20,You are answering questions the way a knowledgeable person would in an online discussion. Write in plain prose. Do not restate the question or add a preamble. Begin with the answer itself.,100,140,8192,none,,end_turn,ollama-local-mistral-small-3.2-24b,2026-09-28 06:20:13.390743+00:00,24.0,mistral-small3.2:24b,q4_k_m,16384,8192,None,"{""temperature"": ""0.15""}","Cusco School painting, an art form that emerged in the Andean region during the colonial period, played a significant role in Indigenous society. It served as a means of cultural expression and resistance, allowing Indigenous artists to reinterpret Catholic iconography and narratives through their own cultural lens. These paintings often incorporated Andean symbols, perspectives, and techniques, subtly challenging the dominant colonial culture. Additionally, they facilitated cultural survival and continuity, preserving Indigenous traditions and beliefs under the guise of Catholic art. The paintings also played a role in education and evangelization, helping to bridge the gap between Indigenous and Spanish cultures. Moreover, they contributed to the economic life of Indigenous communities, as the art was often commissioned by the church and local elites.","Cusco School painting, an art form that emerged in the Andean region during the colonial period, played a significant role in Indigenous society. It served as a means of cultural expression and resistance, allowing Indigenous artists to reinterpret Catholic iconography and narratives through their own cultural lens. These paintings often incorporated Andean symbols, perspectives, and techniques, subtly challenging the dominant colonial culture. Additionally, they facilitated cultural survival and continuity, preserving Indigenous traditions and beliefs under the guise of Catholic art. The paintings also played a role in education and evangelization, helping to bridge the gap between Indigenous and Spanish cultures. Moreover, they contributed to the economic life of Indigenous communities, as the art was often commissioned by the church and local elites.","Cusco School painting, an art form that emerged in the Andean region during the colonial period, played a significant role in Indigenous society. It served as a means of cultural expression and resistance, allowing Indigenous artists to reinterpret Catholic iconography and narratives through their own cultural lens. These paintings often incorporated Andean symbols, perspectives, and techniques, subtly challenging the dominant colonial culture. Additionally, they facilitated cultural survival and continuity, preserving Indigenous traditions and beliefs under the guise of Catholic art. The paintings also played a role in education and evangelization, helping to bridge the gap between Indigenous and Spanish cultures. Moreover, they contributed to the economic life of Indigenous communities, as the art was often commissioned by the church and local elites.",cusco school painting an art form that emerged in the andean region during the colonial period played a significant role in indigenous society it served as a means of cultural expression and resistance allowing indigenous artists to reinterpret catholic iconography and narratives through their own cultural lens these paintings often incorporated andean symbols perspectives and techniques subtly challenging the dominant colonial culture additionally they facilitated cultural survival and continuity preserving indigenous traditions and beliefs under the guise of catholic art the paintings also played a role in education and evangelization helping to bridge the gap between indigenous and spanish cultures moreover they contributed to the economic life of indigenous communities as the art was often commissioned by the church and local elites
explanatory_0254__mistral-small-3.2-24b,explanatory_0254,explanatory,Were the Political and Economic Effects of the Great Depression between 1929 and 1939 more Devastating in America than in Britain?,"The Great Depression had profound impacts on both the United States and Britain, but its effects were generally more devastating in America. The U.S. economy was hit harder initially due to the stock market crash and the subsequent banking crises. Unemployment peaked at around 25%, and industrial output fell by nearly half. The Dust Bowl exacerbated the crisis, causing widespread displacement and hardship.

In contrast, Britain's economy was already in decline before the Depression, making the transition less abrupt. Unemployment was high but not as severe as in the U.S., peaking at around 15-20%. The British Empire's global trade network provided some buffer against the economic downturn. Additionally, Britain's more established welfare state mitigated some of the social impacts. While both nations suffered greatly, the scale and intensity of the Depression's effects were more severe in America.","The Great Depression had profound impacts on both the United States and Britain, but its effects were generally more devastating in America. The U.S. economy was hit harder initially due to the stock market crash and the subsequent banking crises. Unemployment peaked at around 25%, and industrial output fell by nearly half. The Dust Bowl exacerbated the crisis, causing widespread displacement and hardship.

In contrast, Britain's economy was already in decline before the Depression, making the transition less abrupt. Unemployment was high but not as severe as in the U.S., peaking at around 15-20%. The British Empire's global trade network provided some buffer against the economic downturn. Additionally, Britain's more established welfare state mitigated some of the social impacts. While both nations suffered greatly, the scale and intensity of the Depression's effects were more severe in America.",mistral-small-3.2-24b,mistral,False,137,909,test,mistral-small-3.2-24b-q4_k_m,final-2026-09-20,You are answering questions the way a knowledgeable person would in an online discussion. Write in plain prose. Do not restate the question or add a preamble. Begin with the answer itself.,100,140,8192,none,,end_turn,ollama-local-mistral-small-3.2-24b,2026-09-28 06:20:18.190441+00:00,24.0,mistral-small3.2:24b,q4_k_m,16384,8192,None,"{""temperature"": ""0.15""}","The Great Depression had profound impacts on both the United States and Britain, but its effects were generally more devastating in America. The U.S. economy was hit harder initially due to the stock market crash and the subsequent banking crises. Unemployment peaked at around 25%, and industrial output fell by nearly half. The Dust Bowl exacerbated the crisis, causing widespread displacement and hardship.

In contrast, Britain's economy was already in decline before the Depression, making the transition less abrupt. Unemployment was high but not as severe as in the U.S., peaking at around 15-20%. The British Empire's global trade network provided some buffer against the economic downturn. Additionally, Britain's more established welfare state mitigated some of the social impacts. While both nations suffered greatly, the scale and intensity of the Depression's effects were more severe in America.","The Great Depression had profound impacts on both the United States and Britain, but its effects were generally more devastating in America. The U.S. economy was hit harder initially due to the stock market crash and the subsequent banking crises. Unemployment peaked at around 25%, and industrial output fell by nearly half. The Dust Bowl exacerbated the crisis, causing widespread displacement and hardship. In contrast, Britain's economy was already in decline before the Depression, making the transition less abrupt. Unemployment was high but not as severe as in the U.S., peaking at around 15-20%. The British Empire's global trade network provided some buffer against the economic downturn. Additionally, Britain's more established welfare state mitigated some of the social impacts. While both nations suffered greatly, the scale and intensity of the Depression's effects were more severe in America.","The Great Depression had profound impacts on both the United States and Britain, but its effects were generally more devastating in America. The U.S. economy was hit harder initially due to the stock market crash and the subsequent banking crises. Unemployment peaked at around 25%, and industrial output fell by nearly half. The Dust Bowl exacerbated the crisis, causing widespread displacement and hardship. In contrast, Britain's economy was already in decline before the Depression, making the transition less abrupt. Unemployment was high but not as severe as in the U.S., peaking at around 15-20%. The British Empire's global trade network provided some buffer against the economic downturn. Additionally, Britain's more established welfare state mitigated some of the social impacts. While both nations suffered greatly, the scale and intensity of the Depression's effects were more severe in America.",the great depression had profound impacts on both the united states and britain but its effects were generally more devastating in america the u s economy was hit harder initially due to the stock market crash and the subsequent banking crises unemployment peaked at around 25 and industrial output fell by nearly half the dust bowl exacerbated the crisis causing widespread displacement and hardship in contrast britain's economy was already in decline before the depression making the transition less abrupt unemployment was high but not as severe as in the u s peaking at around 15 20 the british empire's global trade network provided some buffer against the economic downturn additionally britain's more established welfare state mitigated some of the social impacts while both nations suffered greatly the scale and intensity of the depression's effects were more severe in america
explanatory_0259__mistral-small-3.2-24b,explanatory_0259,explanatory,How much credibility can be afforded to the theory that the Viking invasion of Britain was a kind of 'pagan crusade' or attempt by Scandinavian pagans at halting the spread of Christianity and 're-paganising' Northern Europe?,"The theory that the Viking invasion of Britain was a pagan crusade is intriguing but lacks substantial evidence. While it's true that Vikings often targeted Christian sites, this was likely due to their wealth and strategic importance rather than religious motivations. Vikings were primarily driven by economic gain, political power, and territorial expansion. Additionally, many Vikings converted to Christianity and integrated with local populations, suggesting that religious ideology wasn't a unifying force behind their invasions. The idea of a coordinated pagan resistance to Christianity is largely speculative and not widely accepted among historians.","The theory that the Viking invasion of Britain was a pagan crusade is intriguing but lacks substantial evidence. While it's true that Vikings often targeted Christian sites, this was likely due to their wealth and strategic importance rather than religious motivations. Vikings were primarily driven by economic gain, political power, and territorial expansion. Additionally, many Vikings converted to Christianity and integrated with local populations, suggesting that religious ideology wasn't a unifying force behind their invasions. The idea of a coordinated pagan resistance to Christianity is largely speculative and not widely accepted among historians.",mistral-small-3.2-24b,mistral,False,93,660,test,mistral-small-3.2-24b-q4_k_m,final-2026-09-20,You are answering questions the way a knowledgeable person would in an online discussion. Write in plain prose. Do not restate the question or add a preamble. Begin with the answer itself.,100,140,8192,none,,end_turn,ollama-local-mistral-small-3.2-24b,2026-09-28 06:20:21.194460+00:00,24.0,mistral-small3.2:24b,q4_k_m,16384,8192,None,"{""temperature"": ""0.15""}","The theory that the Viking invasion of Britain was a pagan crusade is intriguing but lacks substantial evidence. While it's true that Vikings often targeted Christian sites, this was likely due to their wealth and strategic importance rather than religious motivations. Vikings were primarily driven by economic gain, political power, and territorial expansion. Additionally, many Vikings converted to Christianity and integrated with local populations, suggesting that religious ideology wasn't a unifying force behind their invasions. The idea of a coordinated pagan resistance to Christianity is largely speculative and not widely accepted among historians.","The theory that the Viking invasion of Britain was a pagan crusade is intriguing but lacks substantial evidence. While it's true that Vikings often targeted Christian sites, this was likely due to their wealth and strategic importance rather than religious motivations. Vikings were primarily driven by economic gain, political power, and territorial expansion. Additionally, many Vikings converted to Christianity and integrated with local populations, suggesting that religious ideology wasn't a unifying force behind their invasions. The idea of a coordinated pagan resistance to Christianity is largely speculative and not widely accepted among historians.","The theory that the Viking invasion of Britain was a pagan crusade is intriguing but lacks substantial evidence. While it's true that Vikings often targeted Christian sites, this was likely due to their wealth and strategic importance rather than religious motivations. Vikings were primarily driven by economic gain, political power, and territorial expansion. Additionally, many Vikings converted to Christianity and integrated with local populations, suggesting that religious ideology wasn't a unifying force behind their invasions. The idea of a coordinated pagan resistance to Christianity is largely speculative and not widely accepted among historians.",the theory that the viking invasion of britain was a pagan crusade is intriguing but lacks substantial evidence while it's true that vikings often targeted christian sites this was likely due to their wealth and strategic importance rather than religious motivations vikings were primarily driven by economic gain political power and territorial expansion additionally many vikings converted to christianity and integrated with local populations suggesting that religious ideology wasn't a unifying force behind their invasions the idea of a coordinated pagan resistance to christianity is largely speculative and not widely accepted among historians
explanatory_0263__mistral-small-3.2-24b,explanatory_0263,explanatory,How extensively used/practical was the radio as a method of troop communication in WWI?,"The radio was used extensively for troop communication in WWI, but its practicality was limited. It was primarily employed for long-distance communication between high command and front-line units. However, its use was hindered by several factors. The technology was still in its infancy, leading to issues with signal clarity and range. Additionally, radios were bulky and required a significant amount of power, making them impractical for use by individual soldiers or small units. As a result, most front-line communication still relied on runners, telephones, and signal flags. Despite these limitations, the radio's potential was recognized, and its use laid the groundwork for more advanced communication systems in future conflicts.","The radio was used extensively for troop communication in WWI, but its practicality was limited. It was primarily employed for long-distance communication between high command and front-line units. However, its use was hindered by several factors. The technology was still in its infancy, leading to issues with signal clarity and range. Additionally, radios were bulky and required a significant amount of power, making them impractical for use by individual soldiers or small units. As a result, most front-line communication still relied on runners, telephones, and signal flags. Despite these limitations, the radio's potential was recognized, and its use laid the groundwork for more advanced communication systems in future conflicts.",mistral-small-3.2-24b,mistral,False,109,740,test,mistral-small-3.2-24b-q4_k_m,final-2026-09-20,You are answering questions the way a knowledgeable person would in an online discussion. Write in plain prose. Do not restate the question or add a preamble. Begin with the answer itself.,100,140,8192,none,,end_turn,ollama-local-mistral-small-3.2-24b,2026-09-28 06:20:24.949307+00:00,24.0,mistral-small3.2:24b,q4_k_m,16384,8192,None,"{""temperature"": ""0.15""}","The radio was used extensively for troop communication in WWI, but its practicality was limited. It was primarily employed for long-distance communication between high command and front-line units. However, its use was hindered by several factors. The technology was still in its infancy, leading to issues with signal clarity and range. Additionally, radios were bulky and required a significant amount of power, making them impractical for use by individual soldiers or small units. As a result, most front-line communication still relied on runners, telephones, and signal flags. Despite these limitations, the radio's potential was recognized, and its use laid the groundwork for more advanced communication systems in future conflicts.","The radio was used extensively for troop communication in WWI, but its practicality was limited. It was primarily employed for long-distance communication between high command and front-line units. However, its use was hindered by several factors. The technology was still in its infancy, leading to issues with signal clarity and range. Additionally, radios were bulky and required a significant amount of power, making them impractical for use by individual soldiers or small units. As a result, most front-line communication still relied on runners, telephones, and signal flags. Despite these limitations, the radio's potential was recognized, and its use laid the groundwork for more advanced communication systems in future conflicts.","The radio was used extensively for troop communication in WWI, but its practicality was limited. It was primarily employed for long-distance communication between high command and front-line units. However, its use was hindered by several factors. The technology was still in its infancy, leading to issues with signal clarity and range. Additionally, radios were bulky and required a significant amount of power, making them impractical for use by individual soldiers or small units. As a result, most front-line communication still relied on runners, telephones, and signal flags. Despite these limitations, the radio's potential was recognized, and its use laid the groundwork for more advanced communication systems in future conflicts.",the radio was used extensively for troop communication in wwi but its practicality was limited it was primarily employed for long distance communication between high command and front line units however its use was hindered by several factors the technology was still in its infancy leading to issues with signal clarity and range additionally radios were bulky and required a significant amount of power making them impractical for use by individual soldiers or small units as a result most front line communication still relied on runners telephones and signal flags despite these limitations the radio's potential was recognized and its use laid the groundwork for more advanced communication systems in future conflicts
explanatory_0269__mistral-small-3.2-24b,explanatory_0269,explanatory,Were there past societies who had standards of human attractiveness that were the same as the contemporary west?,"Yes, some past societies shared similarities with contemporary Western standards of attractiveness. Ancient Greeks and Romans, for instance, valued symmetry, clear skin, and athletic bodies, much like today's Western ideals. They also appreciated a slender physique, which is still considered attractive in many Western cultures. However, it's essential to note that these societies also had unique standards, such as a preference for lighter skin in ancient Rome, which contrasted with the contemporary Western appreciation for tanned skin. Additionally, historical standards often varied based on factors like social class and regional differences, which are less emphasized in today's globalized Western ideals.","Yes, some past societies shared similarities with contemporary Western standards of attractiveness. Ancient Greeks and Romans, for instance, valued symmetry, clear skin, and athletic bodies, much like today's Western ideals. They also appreciated a slender physique, which is still considered attractive in many Western cultures. However, it's essential to note that these societies also had unique standards, such as a preference for lighter skin in ancient Rome, which contrasted with the contemporary Western appreciation for tanned skin. Additionally, historical standards often varied based on factors like social class and regional differences, which are less emphasized in today's globalized Western ideals.",mistral-small-3.2-24b,mistral,False,100,714,test,mistral-small-3.2-24b-q4_k_m,final-2026-09-20,You are answering questions the way a knowledgeable person would in an online discussion. Write in plain prose. Do not restate the question or add a preamble. Begin with the answer itself.,100,140,8192,none,,end_turn,ollama-local-mistral-small-3.2-24b,2026-09-28 06:20:28.398758+00:00,24.0,mistral-small3.2:24b,q4_k_m,16384,8192,None,"{""temperature"": ""0.15""}","Yes, some past societies shared similarities with contemporary Western standards of attractiveness. Ancient Greeks and Romans, for instance, valued symmetry, clear skin, and athletic bodies, much like today's Western ideals. They also appreciated a slender physique, which is still considered attractive in many Western cultures. However, it's essential to note that these societies also had unique standards, such as a preference for lighter skin in ancient Rome, which contrasted with the contemporary Western appreciation for tanned skin. Additionally, historical standards often varied based on factors like social class and regional differences, which are less emphasized in today's globalized Western ideals.","Yes, some past societies shared similarities with contemporary Western standards of attractiveness. Ancient Greeks and Romans, for instance, valued symmetry, clear skin, and athletic bodies, much like today's Western ideals. They also appreciated a slender physique, which is still considered attractive in many Western cultures. However, it's essential to note that these societies also had unique standards, such as a preference for lighter skin in ancient Rome, which contrasted with the contemporary Western appreciation for tanned skin. Additionally, historical standards often varied based on factors like social class and regional differences, which are less emphasized in today's globalized Western ideals.","Yes, some past societies shared similarities with contemporary Western standards of attractiveness. Ancient Greeks and Romans, for instance, valued symmetry, clear skin, and athletic bodies, much like today's Western ideals. They also appreciated a slender physique, which is still considered attractive in many Western cultures. However, it's essential to note that these societies also had unique standards, such as a preference for lighter skin in ancient Rome, which contrasted with the contemporary Western appreciation for tanned skin. Additionally, historical standards often varied based on factors like social class and regional differences, which are less emphasized in today's globalized Western ideals.",yes some past societies shared similarities with contemporary western standards of attractiveness ancient greeks and romans for instance valued symmetry clear skin and athletic bodies much like today's western ideals they also appreciated a slender physique which is still considered attractive in many western cultures however it's essential to note that these societies also had unique standards such as a preference for lighter skin in ancient rome which contrasted with the contemporary western appreciation for tanned skin additionally historical standards often varied based on factors like social class and regional differences which are less emphasized in today's globalized western ideals
explanatory_0286__mistral-small-3.2-24b,explanatory_0286,explanatory,Did Marco Polo actually go to China?,"Yes, Marco Polo did go to China. He traveled along the Silk Road from 1271 to 1295, reaching the court of Kublai Khan, the grand nephew of Genghis Khan. Polo served the Khan as a special envoy and an advisor, traveling extensively across China and even venturing as far as Tibet and Burma. His experiences were later documented in ""The Travels of Marco Polo,"" also known as ""Il Milione,"" which provided Europeans with a detailed and vivid description of the Far East, including China's wealth, resources, and cultural practices. While some scholars have debated the authenticity of his travels, most historians agree that Polo did indeed visit China, supported by the accurate details he provided about the region.","Yes, Marco Polo did go to China. He traveled along the Silk Road from 1271 to 1295, reaching the court of Kublai Khan, the grand nephew of Genghis Khan. Polo served the Khan as a special envoy and an advisor, traveling extensively across China and even venturing as far as Tibet and Burma. His experiences were later documented in ""The Travels of Marco Polo,"" also known as ""Il Milione,"" which provided Europeans with a detailed and vivid description of the Far East, including China's wealth, resources, and cultural practices. While some scholars have debated the authenticity of his travels, most historians agree that Polo did indeed visit China, supported by the accurate details he provided about the region.",mistral-small-3.2-24b,mistral,False,118,714,test,mistral-small-3.2-24b-q4_k_m,final-2026-09-20,You are answering questions the way a knowledgeable person would in an online discussion. Write in plain prose. Do not restate the question or add a preamble. Begin with the answer itself.,100,140,8192,none,,end_turn,ollama-local-mistral-small-3.2-24b,2026-09-28 06:20:32.657270+00:00,24.0,mistral-small3.2:24b,q4_k_m,16384,8192,None,"{""temperature"": ""0.15""}","Yes, Marco Polo did go to China. He traveled along the Silk Road from 1271 to 1295, reaching the court of Kublai Khan, the grand nephew of Genghis Khan. Polo served the Khan as a special envoy and an advisor, traveling extensively across China and even venturing as far as Tibet and Burma. His experiences were later documented in ""The Travels of Marco Polo,"" also known as ""Il Milione,"" which provided Europeans with a detailed and vivid description of the Far East, including China's wealth, resources, and cultural practices. While some scholars have debated the authenticity of his travels, most historians agree that Polo did indeed visit China, supported by the accurate details he provided about the region.","Yes, Marco Polo did go to China. He traveled along the Silk Road from 1271 to 1295, reaching the court of Kublai Khan, the grand nephew of Genghis Khan. Polo served the Khan as a special envoy and an advisor, traveling extensively across China and even venturing as far as Tibet and Burma. His experiences were later documented in ""The Travels of Marco Polo,"" also known as ""Il Milione,"" which provided Europeans with a detailed and vivid description of the Far East, including China's wealth, resources, and cultural practices. While some scholars have debated the authenticity of his travels, most historians agree that Polo did indeed visit China, supported by the accurate details he provided about the region.","Yes, Marco Polo did go to China. He traveled along the Silk Road from 1271 to 1295, reaching the court of Kublai Khan, the grand nephew of Genghis Khan. Polo served the Khan as a special envoy and an advisor, traveling extensively across China and even venturing as far as Tibet and Burma. His experiences were later documented in ""The Travels of Marco Polo,"" also known as ""Il Milione,"" which provided Europeans with a detailed and vivid description of the Far East, including China's wealth, resources, and cultural practices. While some scholars have debated the authenticity of his travels, most historians agree that Polo did indeed visit China, supported by the accurate details he provided about the region.",yes marco polo did go to china he traveled along the silk road from 1271 to 1295 reaching the court of kublai khan the grand nephew of genghis khan polo served the khan as a special envoy and an advisor traveling extensively across china and even venturing as far as tibet and burma his experiences were later documented in the travels of marco polo also known as il milione which provided europeans with a detailed and vivid description of the far east including china's wealth resources and cultural practices while some scholars have debated the authenticity of his travels most historians agree that polo did indeed visit china supported by the accurate details he provided about the region
explanatory_0299__mistral-small-3.2-24b,explanatory_0299,explanatory,how does science explain the seemingly mindful and certainly well coordinated actions performed by tiny molecular structures in living cells?,"Science explains these actions through the principles of molecular biology and biochemistry. Tiny molecular structures, like proteins and enzymes, interact in highly specific ways due to their unique shapes and chemical properties. These interactions are governed by the laws of physics and chemistry, with molecular dynamics driven by factors like diffusion, electrostatic forces, and hydrophobic effects. The seemingly mindful actions are a result of evolutionary processes that have fine-tuned these molecules over billions of years. Coordination is achieved through signaling pathways and feedback mechanisms, where molecules communicate and regulate each other's activities. For instance, enzymes catalyze reactions, while other proteins facilitate transport, structural support, or signal transduction. The complexity arises from the sheer number of these molecules and their interactions, creating a highly organized and efficient system.","Science explains these actions through the principles of molecular biology and biochemistry. Tiny molecular structures, like proteins and enzymes, interact in highly specific ways due to their unique shapes and chemical properties. These interactions are governed by the laws of physics and chemistry, with molecular dynamics driven by factors like diffusion, electrostatic forces, and hydrophobic effects. The seemingly mindful actions are a result of evolutionary processes that have fine-tuned these molecules over billions of years. Coordination is achieved through signaling pathways and feedback mechanisms, where molecules communicate and regulate each other's activities. For instance, enzymes catalyze reactions, while other proteins facilitate transport, structural support, or signal transduction. The complexity arises from the sheer number of these molecules and their interactions, creating a highly organized and efficient system.",mistral-small-3.2-24b,mistral,False,127,945,test,mistral-small-3.2-24b-q4_k_m,final-2026-09-20,You are answering questions the way a knowledgeable person would in an online discussion. Write in plain prose. Do not restate the question or add a preamble. Begin with the answer itself.,100,140,8192,none,,end_turn,ollama-local-mistral-small-3.2-24b,2026-09-28 06:20:36.845190+00:00,24.0,mistral-small3.2:24b,q4_k_m,16384,8192,None,"{""temperature"": ""0.15""}","Science explains these actions through the principles of molecular biology and biochemistry. Tiny molecular structures, like proteins and enzymes, interact in highly specific ways due to their unique shapes and chemical properties. These interactions are governed by the laws of physics and chemistry, with molecular dynamics driven by factors like diffusion, electrostatic forces, and hydrophobic effects. The seemingly mindful actions are a result of evolutionary processes that have fine-tuned these molecules over billions of years. Coordination is achieved through signaling pathways and feedback mechanisms, where molecules communicate and regulate each other's activities. For instance, enzymes catalyze reactions, while other proteins facilitate transport, structural support, or signal transduction. The complexity arises from the sheer number of these molecules and their interactions, creating a highly organized and efficient system.","Science explains these actions through the principles of molecular biology and biochemistry. Tiny molecular structures, like proteins and enzymes, interact in highly specific ways due to their unique shapes and chemical properties. These interactions are governed by the laws of physics and chemistry, with molecular dynamics driven by factors like diffusion, electrostatic forces, and hydrophobic effects. The seemingly mindful actions are a result of evolutionary processes that have fine-tuned these molecules over billions of years. Coordination is achieved through signaling pathways and feedback mechanisms, where molecules communicate and regulate each other's activities. For instance, enzymes catalyze reactions, while other proteins facilitate transport, structural support, or signal transduction. The complexity arises from the sheer number of these molecules and their interactions, creating a highly organized and efficient system.","Science explains these actions through the principles of molecular biology and biochemistry. Tiny molecular structures, like proteins and enzymes, interact in highly specific ways due to their unique shapes and chemical properties. These interactions are governed by the laws of physics and chemistry, with molecular dynamics driven by factors like diffusion, electrostatic forces, and hydrophobic effects. The seemingly mindful actions are a result of evolutionary processes that have fine-tuned these molecules over billions of years. Coordination is achieved through signaling pathways and feedback mechanisms, where molecules communicate and regulate each other's activities. For instance, enzymes catalyze reactions, while other proteins facilitate transport, structural support, or signal transduction. The complexity arises from the sheer number of these molecules and their interactions, creating a highly organized and efficient system.",science explains these actions through the principles of molecular biology and biochemistry tiny molecular structures like proteins and enzymes interact in highly specific ways due to their unique shapes and chemical properties these interactions are governed by the laws of physics and chemistry with molecular dynamics driven by factors like diffusion electrostatic forces and hydrophobic effects the seemingly mindful actions are a result of evolutionary processes that have fine tuned these molecules over billions of years coordination is achieved through signaling pathways and feedback mechanisms where molecules communicate and regulate each other's activities for instance enzymes catalyze reactions while other proteins facilitate transport structural support or signal transduction the complexity arises from the sheer number of these molecules and their interactions creating a highly organized and efficient system
explanatory_0328__mistral-small-3.2-24b,explanatory_0328,explanatory,"How was Newton's gravity equation derived if we didn't know the specific quantities involved? How could you check your math with the evidence to verify it's correct? (Such as the masses of planetary objects or the distance between them?) Said another way, how did we compute the masses of planets?","Newton's law of universal gravitation was derived from observations and earlier work by astronomers like Kepler. He assumed gravity followed an inverse-square law and used Kepler's third law of planetary motion to derive the relationship between the force of gravity and the masses of two objects. To verify his equation, Newton used the known orbital period and radius of Jupiter's moons to calculate the mass of Jupiter. He also applied his theory to Earth's motion around the Sun and the Moon's motion around Earth, comparing his predictions with observed data. By matching these calculations with empirical evidence, Newton confirmed the validity of his gravity equation. This process allowed scientists to compute the masses of planets using their observed orbital effects on other bodies.","Newton's law of universal gravitation was derived from observations and earlier work by astronomers like Kepler. He assumed gravity followed an inverse-square law and used Kepler's third law of planetary motion to derive the relationship between the force of gravity and the masses of two objects. To verify his equation, Newton used the known orbital period and radius of Jupiter's moons to calculate the mass of Jupiter. He also applied his theory to Earth's motion around the Sun and the Moon's motion around Earth, comparing his predictions with observed data. By matching these calculations with empirical evidence, Newton confirmed the validity of his gravity equation. This process allowed scientists to compute the masses of planets using their observed orbital effects on other bodies.",mistral-small-3.2-24b,mistral,False,123,794,test,mistral-small-3.2-24b-q4_k_m,final-2026-09-20,You are answering questions the way a knowledgeable person would in an online discussion. Write in plain prose. Do not restate the question or add a preamble. Begin with the answer itself.,100,140,8192,none,,end_turn,ollama-local-mistral-small-3.2-24b,2026-09-28 06:20:40.776074+00:00,24.0,mistral-small3.2:24b,q4_k_m,16384,8192,None,"{""temperature"": ""0.15""}","Newton's law of universal gravitation was derived from observations and earlier work by astronomers like Kepler. He assumed gravity followed an inverse-square law and used Kepler's third law of planetary motion to derive the relationship between the force of gravity and the masses of two objects. To verify his equation, Newton used the known orbital period and radius of Jupiter's moons to calculate the mass of Jupiter. He also applied his theory to Earth's motion around the Sun and the Moon's motion around Earth, comparing his predictions with observed data. By matching these calculations with empirical evidence, Newton confirmed the validity of his gravity equation. This process allowed scientists to compute the masses of planets using their observed orbital effects on other bodies.","Newton's law of universal gravitation was derived from observations and earlier work by astronomers like Kepler. He assumed gravity followed an inverse-square law and used Kepler's third law of planetary motion to derive the relationship between the force of gravity and the masses of two objects. To verify his equation, Newton used the known orbital period and radius of Jupiter's moons to calculate the mass of Jupiter. He also applied his theory to Earth's motion around the Sun and the Moon's motion around Earth, comparing his predictions with observed data. By matching these calculations with empirical evidence, Newton confirmed the validity of his gravity equation. This process allowed scientists to compute the masses of planets using their observed orbital effects on other bodies.","Newton's law of universal gravitation was derived from observations and earlier work by astronomers like Kepler. He assumed gravity followed an inverse-square law and used Kepler's third law of planetary motion to derive the relationship between the force of gravity and the masses of two objects. To verify his equation, Newton used the known orbital period and radius of Jupiter's moons to calculate the mass of Jupiter. He also applied his theory to Earth's motion around the Sun and the Moon's motion around Earth, comparing his predictions with observed data. By matching these calculations with empirical evidence, Newton confirmed the validity of his gravity equation. This process allowed scientists to compute the masses of planets using their observed orbital effects on other bodies.",newton's law of universal gravitation was derived from observations and earlier work by astronomers like kepler he assumed gravity followed an inverse square law and used kepler's third law of planetary motion to derive the relationship between the force of gravity and the masses of two objects to verify his equation newton used the known orbital period and radius of jupiter's moons to calculate the mass of jupiter he also applied his theory to earth's motion around the sun and the moon's motion around earth comparing his predictions with observed data by matching these calculations with empirical evidence newton confirmed the validity of his gravity equation this process allowed scientists to compute the masses of planets using their observed orbital effects on other bodies
explanatory_0329__mistral-small-3.2-24b,explanatory_0329,explanatory,How does the ink of the inkjet printer fall at the right spot on the paper?,"Inkjet printers use a combination of precise mechanical movement and digital control to place ink accurately on paper. The print head, which contains tiny nozzles, moves back and forth across the paper. As it moves, it ejects droplets of ink at specific moments. The timing of these ejections is controlled by the printer's software, which determines the exact position of the print head and the paper at any given moment. The paper is advanced incrementally after each pass of the print head, allowing the printer to build up the image line by line. The size of the ink droplets and the resolution of the print head also contribute to the precision of the printing process. This coordinated system ensures that the ink falls exactly where it's supposed to, creating the desired image or text.","Inkjet printers use a combination of precise mechanical movement and digital control to place ink accurately on paper. The print head, which contains tiny nozzles, moves back and forth across the paper. As it moves, it ejects droplets of ink at specific moments. The timing of these ejections is controlled by the printer's software, which determines the exact position of the print head and the paper at any given moment. The paper is advanced incrementally after each pass of the print head, allowing the printer to build up the image line by line. The size of the ink droplets and the resolution of the print head also contribute to the precision of the printing process. This coordinated system ensures that the ink falls exactly where it's supposed to, creating the desired image or text.",mistral-small-3.2-24b,mistral,False,134,793,test,mistral-small-3.2-24b-q4_k_m,final-2026-09-20,You are answering questions the way a knowledgeable person would in an online discussion. Write in plain prose. Do not restate the question or add a preamble. Begin with the answer itself.,100,140,8192,none,,end_turn,ollama-local-mistral-small-3.2-24b,2026-09-28 06:20:45.010847+00:00,24.0,mistral-small3.2:24b,q4_k_m,16384,8192,None,"{""temperature"": ""0.15""}","Inkjet printers use a combination of precise mechanical movement and digital control to place ink accurately on paper. The print head, which contains tiny nozzles, moves back and forth across the paper. As it moves, it ejects droplets of ink at specific moments. The timing of these ejections is controlled by the printer's software, which determines the exact position of the print head and the paper at any given moment. The paper is advanced incrementally after each pass of the print head, allowing the printer to build up the image line by line. The size of the ink droplets and the resolution of the print head also contribute to the precision of the printing process. This coordinated system ensures that the ink falls exactly where it's supposed to, creating the desired image or text.","Inkjet printers use a combination of precise mechanical movement and digital control to place ink accurately on paper. The print head, which contains tiny nozzles, moves back and forth across the paper. As it moves, it ejects droplets of ink at specific moments. The timing of these ejections is controlled by the printer's software, which determines the exact position of the print head and the paper at any given moment. The paper is advanced incrementally after each pass of the print head, allowing the printer to build up the image line by line. The size of the ink droplets and the resolution of the print head also contribute to the precision of the printing process. This coordinated system ensures that the ink falls exactly where it's supposed to, creating the desired image or text.","Inkjet printers use a combination of precise mechanical movement and digital control to place ink accurately on paper. The print head, which contains tiny nozzles, moves back and forth across the paper. As it moves, it ejects droplets of ink at specific moments. The timing of these ejections is controlled by the printer's software, which determines the exact position of the print head and the paper at any given moment. The paper is advanced incrementally after each pass of the print head, allowing the printer to build up the image line by line. The size of the ink droplets and the resolution of the print head also contribute to the precision of the printing process. This coordinated system ensures that the ink falls exactly where it's supposed to, creating the desired image or text.",inkjet printers use a combination of precise mechanical movement and digital control to place ink accurately on paper the print head which contains tiny nozzles moves back and forth across the paper as it moves it ejects droplets of ink at specific moments the timing of these ejections is controlled by the printer's software which determines the exact position of the print head and the paper at any given moment the paper is advanced incrementally after each pass of the print head allowing the printer to build up the image line by line the size of the ink droplets and the resolution of the print head also contribute to the precision of the printing process this coordinated system ensures that the ink falls exactly where it's supposed to creating the desired image or text
explanatory_0348__mistral-small-3.2-24b,explanatory_0348,explanatory,Why inverse square laws?,"Inverse square laws describe the way certain quantities decrease with distance, specifically when they radiate outward from a point source. This phenomenon occurs because the same amount of energy or intensity is spread over an increasingly larger surface area as distance increases. Imagine a balloon being inflated: as the surface area grows, the same amount of paint would cover it more thinly. Similarly, light, sound, and gravity follow this principle. For example, if you double the distance from a light source, the illumination decreases by a factor of four, as the light spreads over an area four times larger. This principle is fundamental in physics and helps explain the behavior of various natural phenomena.","Inverse square laws describe the way certain quantities decrease with distance, specifically when they radiate outward from a point source. This phenomenon occurs because the same amount of energy or intensity is spread over an increasingly larger surface area as distance increases. Imagine a balloon being inflated: as the surface area grows, the same amount of paint would cover it more thinly. Similarly, light, sound, and gravity follow this principle. For example, if you double the distance from a light source, the illumination decreases by a factor of four, as the light spreads over an area four times larger. This principle is fundamental in physics and helps explain the behavior of various natural phenomena.",mistral-small-3.2-24b,mistral,False,114,721,test,mistral-small-3.2-24b-q4_k_m,final-2026-09-20,You are answering questions the way a knowledgeable person would in an online discussion. Write in plain prose. Do not restate the question or add a preamble. Begin with the answer itself.,100,140,8192,none,,end_turn,ollama-local-mistral-small-3.2-24b,2026-09-28 06:20:48.662908+00:00,24.0,mistral-small3.2:24b,q4_k_m,16384,8192,None,"{""temperature"": ""0.15""}","Inverse square laws describe the way certain quantities decrease with distance, specifically when they radiate outward from a point source. This phenomenon occurs because the same amount of energy or intensity is spread over an increasingly larger surface area as distance increases. Imagine a balloon being inflated: as the surface area grows, the same amount of paint would cover it more thinly. Similarly, light, sound, and gravity follow this principle. For example, if you double the distance from a light source, the illumination decreases by a factor of four, as the light spreads over an area four times larger. This principle is fundamental in physics and helps explain the behavior of various natural phenomena.","Inverse square laws describe the way certain quantities decrease with distance, specifically when they radiate outward from a point source. This phenomenon occurs because the same amount of energy or intensity is spread over an increasingly larger surface area as distance increases. Imagine a balloon being inflated: as the surface area grows, the same amount of paint would cover it more thinly. Similarly, light, sound, and gravity follow this principle. For example, if you double the distance from a light source, the illumination decreases by a factor of four, as the light spreads over an area four times larger. This principle is fundamental in physics and helps explain the behavior of various natural phenomena.","Inverse square laws describe the way certain quantities decrease with distance, specifically when they radiate outward from a point source. This phenomenon occurs because the same amount of energy or intensity is spread over an increasingly larger surface area as distance increases. Imagine a balloon being inflated: as the surface area grows, the same amount of paint would cover it more thinly. Similarly, light, sound, and gravity follow this principle. For example, if you double the distance from a light source, the illumination decreases by a factor of four, as the light spreads over an area four times larger. This principle is fundamental in physics and helps explain the behavior of various natural phenomena.",inverse square laws describe the way certain quantities decrease with distance specifically when they radiate outward from a point source this phenomenon occurs because the same amount of energy or intensity is spread over an increasingly larger surface area as distance increases imagine a balloon being inflated as the surface area grows the same amount of paint would cover it more thinly similarly light sound and gravity follow this principle for example if you double the distance from a light source the illumination decreases by a factor of four as the light spreads over an area four times larger this principle is fundamental in physics and helps explain the behavior of various natural phenomena
explanatory_0352__mistral-small-3.2-24b,explanatory_0352,explanatory,"Since everything in the universe is experiences some amount of gravity from other celestial bodies always, does that mean the universe as a whole is experiencing time slower than ""real"" time time actually passes?","Gravity's effect on time is described by general relativity, where stronger gravitational fields slow time more than weaker ones. However, the universe as a whole doesn't experience a uniform gravitational pull. Instead, gravity's influence varies greatly across different regions. In vast, empty spaces, gravity's effect on time is minimal, while near massive objects like galaxies or black holes, time can pass significantly slower.

The concept of ""real"" time is relative; there's no absolute frame of reference. Time dilation due to gravity is a local effect, not a universal one. Therefore, it's not accurate to say the universe as a whole experiences time slower than some ""real"" time. Instead, time flows differently depending on the gravitational environment. This is why GPS satellites, for instance, need to account for both gravitational and velocity time dilation to maintain accurate timing.","Gravity's effect on time is described by general relativity, where stronger gravitational fields slow time more than weaker ones. However, the universe as a whole doesn't experience a uniform gravitational pull. Instead, gravity's influence varies greatly across different regions. In vast, empty spaces, gravity's effect on time is minimal, while near massive objects like galaxies or black holes, time can pass significantly slower.

The concept of ""real"" time is relative; there's no absolute frame of reference. Time dilation due to gravity is a local effect, not a universal one. Therefore, it's not accurate to say the universe as a whole experiences time slower than some ""real"" time. Instead, time flows differently depending on the gravitational environment. This is why GPS satellites, for instance, need to account for both gravitational and velocity time dilation to maintain accurate timing.",mistral-small-3.2-24b,mistral,False,137,904,test,mistral-small-3.2-24b-q4_k_m,final-2026-09-20,You are answering questions the way a knowledgeable person would in an online discussion. Write in plain prose. Do not restate the question or add a preamble. Begin with the answer itself.,100,140,8192,none,,end_turn,ollama-local-mistral-small-3.2-24b,2026-09-28 06:20:53.300750+00:00,24.0,mistral-small3.2:24b,q4_k_m,16384,8192,None,"{""temperature"": ""0.15""}","Gravity's effect on time is described by general relativity, where stronger gravitational fields slow time more than weaker ones. However, the universe as a whole doesn't experience a uniform gravitational pull. Instead, gravity's influence varies greatly across different regions. In vast, empty spaces, gravity's effect on time is minimal, while near massive objects like galaxies or black holes, time can pass significantly slower.

The concept of ""real"" time is relative; there's no absolute frame of reference. Time dilation due to gravity is a local effect, not a universal one. Therefore, it's not accurate to say the universe as a whole experiences time slower than some ""real"" time. Instead, time flows differently depending on the gravitational environment. This is why GPS satellites, for instance, need to account for both gravitational and velocity time dilation to maintain accurate timing.","Gravity's effect on time is described by general relativity, where stronger gravitational fields slow time more than weaker ones. However, the universe as a whole doesn't experience a uniform gravitational pull. Instead, gravity's influence varies greatly across different regions. In vast, empty spaces, gravity's effect on time is minimal, while near massive objects like galaxies or black holes, time can pass significantly slower. The concept of ""real"" time is relative; there's no absolute frame of reference. Time dilation due to gravity is a local effect, not a universal one. Therefore, it's not accurate to say the universe as a whole experiences time slower than some ""real"" time. Instead, time flows differently depending on the gravitational environment. This is why GPS satellites, for instance, need to account for both gravitational and velocity time dilation to maintain accurate timing.","Gravity's effect on time is described by general relativity, where stronger gravitational fields slow time more than weaker ones. However, the universe as a whole doesn't experience a uniform gravitational pull. Instead, gravity's influence varies greatly across different regions. In vast, empty spaces, gravity's effect on time is minimal, while near massive objects like galaxies or black holes, time can pass significantly slower. The concept of ""real"" time is relative; there's no absolute frame of reference. Time dilation due to gravity is a local effect, not a universal one. Therefore, it's not accurate to say the universe as a whole experiences time slower than some ""real"" time. Instead, time flows differently depending on the gravitational environment. This is why GPS satellites, for instance, need to account for both gravitational and velocity time dilation to maintain accurate timing.",gravity's effect on time is described by general relativity where stronger gravitational fields slow time more than weaker ones however the universe as a whole doesn't experience a uniform gravitational pull instead gravity's influence varies greatly across different regions in vast empty spaces gravity's effect on time is minimal while near massive objects like galaxies or black holes time can pass significantly slower the concept of real time is relative there's no absolute frame of reference time dilation due to gravity is a local effect not a universal one therefore it's not accurate to say the universe as a whole experiences time slower than some real time instead time flows differently depending on the gravitational environment this is why gps satellites for instance need to account for both gravitational and velocity time dilation to maintain accurate timing
explanatory_0353__mistral-small-3.2-24b,explanatory_0353,explanatory,"Would it be possible to change somebody's blood type by draining their body completely of blood, and then replacing it with a different blood type?","Changing someone's blood type through a complete blood exchange is theoretically possible, but it's an extremely complex and risky procedure. It would require draining and replacing the entire blood volume, which is around 10-12 units for an average adult. This process is typically only done in very specific medical situations, like severe hemolytic reactions or certain enzyme deficiencies. Even then, it's done with the patient's own blood type or a compatible one. Deliberately changing a blood type is not a standard medical practice due to the significant risks involved, including potential immune reactions, infections, and complications from the massive transfusion itself. Additionally, the body's immune system is primed to recognize and respond to its specific blood type, so introducing a different one could trigger a severe immune response.","Changing someone's blood type through a complete blood exchange is theoretically possible, but it's an extremely complex and risky procedure. It would require draining and replacing the entire blood volume, which is around 10-12 units for an average adult. This process is typically only done in very specific medical situations, like severe hemolytic reactions or certain enzyme deficiencies. Even then, it's done with the patient's own blood type or a compatible one. Deliberately changing a blood type is not a standard medical practice due to the significant risks involved, including potential immune reactions, infections, and complications from the massive transfusion itself. Additionally, the body's immune system is primed to recognize and respond to its specific blood type, so introducing a different one could trigger a severe immune response.",mistral-small-3.2-24b,mistral,False,128,856,test,mistral-small-3.2-24b-q4_k_m,final-2026-09-20,You are answering questions the way a knowledgeable person would in an online discussion. Write in plain prose. Do not restate the question or add a preamble. Begin with the answer itself.,100,140,8192,none,,end_turn,ollama-local-mistral-small-3.2-24b,2026-09-28 06:20:57.646038+00:00,24.0,mistral-small3.2:24b,q4_k_m,16384,8192,None,"{""temperature"": ""0.15""}","Changing someone's blood type through a complete blood exchange is theoretically possible, but it's an extremely complex and risky procedure. It would require draining and replacing the entire blood volume, which is around 10-12 units for an average adult. This process is typically only done in very specific medical situations, like severe hemolytic reactions or certain enzyme deficiencies. Even then, it's done with the patient's own blood type or a compatible one. Deliberately changing a blood type is not a standard medical practice due to the significant risks involved, including potential immune reactions, infections, and complications from the massive transfusion itself. Additionally, the body's immune system is primed to recognize and respond to its specific blood type, so introducing a different one could trigger a severe immune response.","Changing someone's blood type through a complete blood exchange is theoretically possible, but it's an extremely complex and risky procedure. It would require draining and replacing the entire blood volume, which is around 10-12 units for an average adult. This process is typically only done in very specific medical situations, like severe hemolytic reactions or certain enzyme deficiencies. Even then, it's done with the patient's own blood type or a compatible one. Deliberately changing a blood type is not a standard medical practice due to the significant risks involved, including potential immune reactions, infections, and complications from the massive transfusion itself. Additionally, the body's immune system is primed to recognize and respond to its specific blood type, so introducing a different one could trigger a severe immune response.","Changing someone's blood type through a complete blood exchange is theoretically possible, but it's an extremely complex and risky procedure. It would require draining and replacing the entire blood volume, which is around 10-12 units for an average adult. This process is typically only done in very specific medical situations, like severe hemolytic reactions or certain enzyme deficiencies. Even then, it's done with the patient's own blood type or a compatible one. Deliberately changing a blood type is not a standard medical practice due to the significant risks involved, including potential immune reactions, infections, and complications from the massive transfusion itself. Additionally, the body's immune system is primed to recognize and respond to its specific blood type, so introducing a different one could trigger a severe immune response.",changing someone's blood type through a complete blood exchange is theoretically possible but it's an extremely complex and risky procedure it would require draining and replacing the entire blood volume which is around 10 12 units for an average adult this process is typically only done in very specific medical situations like severe hemolytic reactions or certain enzyme deficiencies even then it's done with the patient's own blood type or a compatible one deliberately changing a blood type is not a standard medical practice due to the significant risks involved including potential immune reactions infections and complications from the massive transfusion itself additionally the body's immune system is primed to recognize and respond to its specific blood type so introducing a different one could trigger a severe immune response
explanatory_0355__mistral-small-3.2-24b,explanatory_0355,explanatory,What is soil and dirt comprised of?,"Soil and dirt are primarily composed of minerals, organic matter, water, and air. Minerals, which make up about 45% of soil, come from the breakdown of rocks through weathering and erosion. Organic matter, around 5%, includes decomposed plants and animals, contributing to soil fertility. Water and air each account for about 25% and 25% of soil, respectively, filling the spaces between soil particles. These components interact to create a complex ecosystem that supports plant life. The exact composition can vary greatly depending on factors like climate, topography, and biological activity. In essence, soil is a dynamic and vital natural resource, while dirt typically refers to soil that's displaced or out of place, often lacking the structure and life of healthy soil.","Soil and dirt are primarily composed of minerals, organic matter, water, and air. Minerals, which make up about 45% of soil, come from the breakdown of rocks through weathering and erosion. Organic matter, around 5%, includes decomposed plants and animals, contributing to soil fertility. Water and air each account for about 25% and 25% of soil, respectively, filling the spaces between soil particles. These components interact to create a complex ecosystem that supports plant life. The exact composition can vary greatly depending on factors like climate, topography, and biological activity. In essence, soil is a dynamic and vital natural resource, while dirt typically refers to soil that's displaced or out of place, often lacking the structure and life of healthy soil.",mistral-small-3.2-24b,mistral,False,121,778,test,mistral-small-3.2-24b-q4_k_m,final-2026-09-20,You are answering questions the way a knowledgeable person would in an online discussion. Write in plain prose. Do not restate the question or add a preamble. Begin with the answer itself.,100,140,8192,none,,end_turn,ollama-local-mistral-small-3.2-24b,2026-09-28 06:21:01.965329+00:00,24.0,mistral-small3.2:24b,q4_k_m,16384,8192,None,"{""temperature"": ""0.15""}","Soil and dirt are primarily composed of minerals, organic matter, water, and air. Minerals, which make up about 45% of soil, come from the breakdown of rocks through weathering and erosion. Organic matter, around 5%, includes decomposed plants and animals, contributing to soil fertility. Water and air each account for about 25% and 25% of soil, respectively, filling the spaces between soil particles. These components interact to create a complex ecosystem that supports plant life. The exact composition can vary greatly depending on factors like climate, topography, and biological activity. In essence, soil is a dynamic and vital natural resource, while dirt typically refers to soil that's displaced or out of place, often lacking the structure and life of healthy soil.","Soil and dirt are primarily composed of minerals, organic matter, water, and air. Minerals, which make up about 45% of soil, come from the breakdown of rocks through weathering and erosion. Organic matter, around 5%, includes decomposed plants and animals, contributing to soil fertility. Water and air each account for about 25% and 25% of soil, respectively, filling the spaces between soil particles. These components interact to create a complex ecosystem that supports plant life. The exact composition can vary greatly depending on factors like climate, topography, and biological activity. In essence, soil is a dynamic and vital natural resource, while dirt typically refers to soil that's displaced or out of place, often lacking the structure and life of healthy soil.","Soil and dirt are primarily composed of minerals, organic matter, water, and air. Minerals, which make up about 45% of soil, come from the breakdown of rocks through weathering and erosion. Organic matter, around 5%, includes decomposed plants and animals, contributing to soil fertility. Water and air each account for about 25% and 25% of soil, respectively, filling the spaces between soil particles. These components interact to create a complex ecosystem that supports plant life. The exact composition can vary greatly depending on factors like climate, topography, and biological activity. In essence, soil is a dynamic and vital natural resource, while dirt typically refers to soil that's displaced or out of place, often lacking the structure and life of healthy soil.",soil and dirt are primarily composed of minerals organic matter water and air minerals which make up about 45 of soil come from the breakdown of rocks through weathering and erosion organic matter around 5 includes decomposed plants and animals contributing to soil fertility water and air each account for about 25 and 25 of soil respectively filling the spaces between soil particles these components interact to create a complex ecosystem that supports plant life the exact composition can vary greatly depending on factors like climate topography and biological activity in essence soil is a dynamic and vital natural resource while dirt typically refers to soil that's displaced or out of place often lacking the structure and life of healthy soil
explanatory_0357__mistral-small-3.2-24b,explanatory_0357,explanatory,Why does rice suck the moisture out of things?,"Rice absorbs moisture due to its high starch content and porous structure. When rice is exposed to moisture, the starch molecules in the rice grains absorb water through a process called osmosis. The starch molecules are hydrophilic, meaning they have an affinity for water. Additionally, the porous structure of rice allows water to penetrate the grains easily. This is why rice is often used to dry out wet phones or other electronic devices. The rice acts like a desiccant, drawing the moisture out of the device and into the rice grains. However, it's important to note that while rice can absorb some moisture, it may not be the most effective method for drying out electronics, as it can also leave behind starch residue and may not reach all the moisture in small crevices.","Rice absorbs moisture due to its high starch content and porous structure. When rice is exposed to moisture, the starch molecules in the rice grains absorb water through a process called osmosis. The starch molecules are hydrophilic, meaning they have an affinity for water. Additionally, the porous structure of rice allows water to penetrate the grains easily. This is why rice is often used to dry out wet phones or other electronic devices. The rice acts like a desiccant, drawing the moisture out of the device and into the rice grains. However, it's important to note that while rice can absorb some moisture, it may not be the most effective method for drying out electronics, as it can also leave behind starch residue and may not reach all the moisture in small crevices.",mistral-small-3.2-24b,mistral,False,133,780,test,mistral-small-3.2-24b-q4_k_m,final-2026-09-20,You are answering questions the way a knowledgeable person would in an online discussion. Write in plain prose. Do not restate the question or add a preamble. Begin with the answer itself.,100,140,8192,none,,end_turn,ollama-local-mistral-small-3.2-24b,2026-09-28 06:21:06.229175+00:00,24.0,mistral-small3.2:24b,q4_k_m,16384,8192,None,"{""temperature"": ""0.15""}","Rice absorbs moisture due to its high starch content and porous structure. When rice is exposed to moisture, the starch molecules in the rice grains absorb water through a process called osmosis. The starch molecules are hydrophilic, meaning they have an affinity for water. Additionally, the porous structure of rice allows water to penetrate the grains easily. This is why rice is often used to dry out wet phones or other electronic devices. The rice acts like a desiccant, drawing the moisture out of the device and into the rice grains. However, it's important to note that while rice can absorb some moisture, it may not be the most effective method for drying out electronics, as it can also leave behind starch residue and may not reach all the moisture in small crevices.","Rice absorbs moisture due to its high starch content and porous structure. When rice is exposed to moisture, the starch molecules in the rice grains absorb water through a process called osmosis. The starch molecules are hydrophilic, meaning they have an affinity for water. Additionally, the porous structure of rice allows water to penetrate the grains easily. This is why rice is often used to dry out wet phones or other electronic devices. The rice acts like a desiccant, drawing the moisture out of the device and into the rice grains. However, it's important to note that while rice can absorb some moisture, it may not be the most effective method for drying out electronics, as it can also leave behind starch residue and may not reach all the moisture in small crevices.","Rice absorbs moisture due to its high starch content and porous structure. When rice is exposed to moisture, the starch molecules in the rice grains absorb water through a process called osmosis. The starch molecules are hydrophilic, meaning they have an affinity for water. Additionally, the porous structure of rice allows water to penetrate the grains easily. This is why rice is often used to dry out wet phones or other electronic devices. The rice acts like a desiccant, drawing the moisture out of the device and into the rice grains. However, it's important to note that while rice can absorb some moisture, it may not be the most effective method for drying out electronics, as it can also leave behind starch residue and may not reach all the moisture in small crevices.",rice absorbs moisture due to its high starch content and porous structure when rice is exposed to moisture the starch molecules in the rice grains absorb water through a process called osmosis the starch molecules are hydrophilic meaning they have an affinity for water additionally the porous structure of rice allows water to penetrate the grains easily this is why rice is often used to dry out wet phones or other electronic devices the rice acts like a desiccant drawing the moisture out of the device and into the rice grains however it's important to note that while rice can absorb some moisture it may not be the most effective method for drying out electronics as it can also leave behind starch residue and may not reach all the moisture in small crevices
explanatory_0358__mistral-small-3.2-24b,explanatory_0358,explanatory,How does the emergence of intelligent life and organic matter fit with laws of entropy when they appear to be contradictory?,"The emergence of intelligent life and organic matter doesn't contradict the laws of entropy; it's a matter of perspective and scale. Entropy, a measure of disorder, indeed increases in a closed system like the universe. However, locally, systems can decrease in entropy if they're open and energy is continuously supplied. Life exploits this by taking in energy (like sunlight or food) and using it to create order (like biological structures). Intelligent life is a result of this process becoming increasingly complex over time. So, while the universe as a whole becomes more disordered, life creates pockets of order, fitting perfectly within the laws of entropy. It's like a whirlpool in a river: it appears to defy the flow, but it's actually a result of the river's movement.","The emergence of intelligent life and organic matter doesn't contradict the laws of entropy; it's a matter of perspective and scale. Entropy, a measure of disorder, indeed increases in a closed system like the universe. However, locally, systems can decrease in entropy if they're open and energy is continuously supplied. Life exploits this by taking in energy (like sunlight or food) and using it to create order (like biological structures). Intelligent life is a result of this process becoming increasingly complex over time. So, while the universe as a whole becomes more disordered, life creates pockets of order, fitting perfectly within the laws of entropy. It's like a whirlpool in a river: it appears to defy the flow, but it's actually a result of the river's movement.",mistral-small-3.2-24b,mistral,False,127,781,test,mistral-small-3.2-24b-q4_k_m,final-2026-09-20,You are answering questions the way a knowledgeable person would in an online discussion. Write in plain prose. Do not restate the question or add a preamble. Begin with the answer itself.,100,140,8192,none,,end_turn,ollama-local-mistral-small-3.2-24b,2026-09-28 06:21:10.584847+00:00,24.0,mistral-small3.2:24b,q4_k_m,16384,8192,None,"{""temperature"": ""0.15""}","The emergence of intelligent life and organic matter doesn't contradict the laws of entropy; it's a matter of perspective and scale. Entropy, a measure of disorder, indeed increases in a closed system like the universe. However, locally, systems can decrease in entropy if they're open and energy is continuously supplied. Life exploits this by taking in energy (like sunlight or food) and using it to create order (like biological structures). Intelligent life is a result of this process becoming increasingly complex over time. So, while the universe as a whole becomes more disordered, life creates pockets of order, fitting perfectly within the laws of entropy. It's like a whirlpool in a river: it appears to defy the flow, but it's actually a result of the river's movement.","The emergence of intelligent life and organic matter doesn't contradict the laws of entropy; it's a matter of perspective and scale. Entropy, a measure of disorder, indeed increases in a closed system like the universe. However, locally, systems can decrease in entropy if they're open and energy is continuously supplied. Life exploits this by taking in energy (like sunlight or food) and using it to create order (like biological structures). Intelligent life is a result of this process becoming increasingly complex over time. So, while the universe as a whole becomes more disordered, life creates pockets of order, fitting perfectly within the laws of entropy. It's like a whirlpool in a river: it appears to defy the flow, but it's actually a result of the river's movement.","The emergence of intelligent life and organic matter doesn't contradict the laws of entropy; it's a matter of perspective and scale. Entropy, a measure of disorder, indeed increases in a closed system like the universe. However, locally, systems can decrease in entropy if they're open and energy is continuously supplied. Life exploits this by taking in energy (like sunlight or food) and using it to create order (like biological structures). Intelligent life is a result of this process becoming increasingly complex over time. So, while the universe as a whole becomes more disordered, life creates pockets of order, fitting perfectly within the laws of entropy. It's like a whirlpool in a river: it appears to defy the flow, but it's actually a result of the river's movement.",the emergence of intelligent life and organic matter doesn't contradict the laws of entropy it's a matter of perspective and scale entropy a measure of disorder indeed increases in a closed system like the universe however locally systems can decrease in entropy if they're open and energy is continuously supplied life exploits this by taking in energy like sunlight or food and using it to create order like biological structures intelligent life is a result of this process becoming increasingly complex over time so while the universe as a whole becomes more disordered life creates pockets of order fitting perfectly within the laws of entropy it's like a whirlpool in a river it appears to defy the flow but it's actually a result of the river's movement
explanatory_0370__mistral-small-3.2-24b,explanatory_0370,explanatory,"What is the purpose for calculating PI to such lengths? Isn't the current accuracy such that if you launched a missile at the other side of the universe, you would miss your target by a microscopic amount?","Calculating pi to great lengths serves several purposes beyond practical applications like missile targeting. High-precision calculations of pi are used to test supercomputers and new algorithms, ensuring their accuracy and reliability. Additionally, these calculations push the boundaries of mathematical theory and computation, driving advancements in both fields. Pi is also a tool for exploring the limits of numerical analysis and computational mathematics. While it's true that for most practical purposes, a few decimal places of pi are sufficient, the pursuit of greater accuracy is often driven by the desire to understand and explore the fundamental nature of mathematics itself.","Calculating pi to great lengths serves several purposes beyond practical applications like missile targeting. High-precision calculations of pi are used to test supercomputers and new algorithms, ensuring their accuracy and reliability. Additionally, these calculations push the boundaries of mathematical theory and computation, driving advancements in both fields. Pi is also a tool for exploring the limits of numerical analysis and computational mathematics. While it's true that for most practical purposes, a few decimal places of pi are sufficient, the pursuit of greater accuracy is often driven by the desire to understand and explore the fundamental nature of mathematics itself.",mistral-small-3.2-24b,mistral,False,99,689,test,mistral-small-3.2-24b-q4_k_m,final-2026-09-20,You are answering questions the way a knowledgeable person would in an online discussion. Write in plain prose. Do not restate the question or add a preamble. Begin with the answer itself.,100,140,8192,none,,end_turn,ollama-local-mistral-small-3.2-24b,2026-09-28 06:21:13.904981+00:00,24.0,mistral-small3.2:24b,q4_k_m,16384,8192,None,"{""temperature"": ""0.15""}","Calculating pi to great lengths serves several purposes beyond practical applications like missile targeting. High-precision calculations of pi are used to test supercomputers and new algorithms, ensuring their accuracy and reliability. Additionally, these calculations push the boundaries of mathematical theory and computation, driving advancements in both fields. Pi is also a tool for exploring the limits of numerical analysis and computational mathematics. While it's true that for most practical purposes, a few decimal places of pi are sufficient, the pursuit of greater accuracy is often driven by the desire to understand and explore the fundamental nature of mathematics itself.","Calculating pi to great lengths serves several purposes beyond practical applications like missile targeting. High-precision calculations of pi are used to test supercomputers and new algorithms, ensuring their accuracy and reliability. Additionally, these calculations push the boundaries of mathematical theory and computation, driving advancements in both fields. Pi is also a tool for exploring the limits of numerical analysis and computational mathematics. While it's true that for most practical purposes, a few decimal places of pi are sufficient, the pursuit of greater accuracy is often driven by the desire to understand and explore the fundamental nature of mathematics itself.","Calculating pi to great lengths serves several purposes beyond practical applications like missile targeting. High-precision calculations of pi are used to test supercomputers and new algorithms, ensuring their accuracy and reliability. Additionally, these calculations push the boundaries of mathematical theory and computation, driving advancements in both fields. Pi is also a tool for exploring the limits of numerical analysis and computational mathematics. While it's true that for most practical purposes, a few decimal places of pi are sufficient, the pursuit of greater accuracy is often driven by the desire to understand and explore the fundamental nature of mathematics itself.",calculating pi to great lengths serves several purposes beyond practical applications like missile targeting high precision calculations of pi are used to test supercomputers and new algorithms ensuring their accuracy and reliability additionally these calculations push the boundaries of mathematical theory and computation driving advancements in both fields pi is also a tool for exploring the limits of numerical analysis and computational mathematics while it's true that for most practical purposes a few decimal places of pi are sufficient the pursuit of greater accuracy is often driven by the desire to understand and explore the fundamental nature of mathematics itself
explanatory_0374__mistral-small-3.2-24b,explanatory_0374,explanatory,Why do kangaroos lick my car?,"Kangaroos might lick your car due to a combination of curiosity and taste. They have a strong sense of smell and taste, and they might be attracted to the various scents and residues on your vehicle. Cars can carry a variety of smells, from fuel and oil to food remnants or even the scent of other animals. Additionally, kangaroos are naturally curious animals. They might investigate your car simply because it's an unfamiliar object in their environment. In some cases, they might also be seeking minerals or salts that they can taste or smell on the car's surface. However, it's important to note that this behavior is not typical, and if you're experiencing it frequently, it might be worth observing the kangaroos' behavior more closely to ensure they're healthy and well-nourished.","Kangaroos might lick your car due to a combination of curiosity and taste. They have a strong sense of smell and taste, and they might be attracted to the various scents and residues on your vehicle. Cars can carry a variety of smells, from fuel and oil to food remnants or even the scent of other animals. Additionally, kangaroos are naturally curious animals. They might investigate your car simply because it's an unfamiliar object in their environment. In some cases, they might also be seeking minerals or salts that they can taste or smell on the car's surface. However, it's important to note that this behavior is not typical, and if you're experiencing it frequently, it might be worth observing the kangaroos' behavior more closely to ensure they're healthy and well-nourished.",mistral-small-3.2-24b,mistral,False,131,787,test,mistral-small-3.2-24b-q4_k_m,final-2026-09-20,You are answering questions the way a knowledgeable person would in an online discussion. Write in plain prose. Do not restate the question or add a preamble. Begin with the answer itself.,100,140,8192,none,,end_turn,ollama-local-mistral-small-3.2-24b,2026-09-28 06:21:18.432129+00:00,24.0,mistral-small3.2:24b,q4_k_m,16384,8192,None,"{""temperature"": ""0.15""}","Kangaroos might lick your car due to a combination of curiosity and taste. They have a strong sense of smell and taste, and they might be attracted to the various scents and residues on your vehicle. Cars can carry a variety of smells, from fuel and oil to food remnants or even the scent of other animals. Additionally, kangaroos are naturally curious animals. They might investigate your car simply because it's an unfamiliar object in their environment. In some cases, they might also be seeking minerals or salts that they can taste or smell on the car's surface. However, it's important to note that this behavior is not typical, and if you're experiencing it frequently, it might be worth observing the kangaroos' behavior more closely to ensure they're healthy and well-nourished.","Kangaroos might lick your car due to a combination of curiosity and taste. They have a strong sense of smell and taste, and they might be attracted to the various scents and residues on your vehicle. Cars can carry a variety of smells, from fuel and oil to food remnants or even the scent of other animals. Additionally, kangaroos are naturally curious animals. They might investigate your car simply because it's an unfamiliar object in their environment. In some cases, they might also be seeking minerals or salts that they can taste or smell on the car's surface. However, it's important to note that this behavior is not typical, and if you're experiencing it frequently, it might be worth observing the kangaroos' behavior more closely to ensure they're healthy and well-nourished.","Kangaroos might lick your car due to a combination of curiosity and taste. They have a strong sense of smell and taste, and they might be attracted to the various scents and residues on your vehicle. Cars can carry a variety of smells, from fuel and oil to food remnants or even the scent of other animals. Additionally, kangaroos are naturally curious animals. They might investigate your car simply because it's an unfamiliar object in their environment. In some cases, they might also be seeking minerals or salts that they can taste or smell on the car's surface. However, it's important to note that this behavior is not typical, and if you're experiencing it frequently, it might be worth observing the kangaroos' behavior more closely to ensure they're healthy and well-nourished.",kangaroos might lick your car due to a combination of curiosity and taste they have a strong sense of smell and taste and they might be attracted to the various scents and residues on your vehicle cars can carry a variety of smells from fuel and oil to food remnants or even the scent of other animals additionally kangaroos are naturally curious animals they might investigate your car simply because it's an unfamiliar object in their environment in some cases they might also be seeking minerals or salts that they can taste or smell on the car's surface however it's important to note that this behavior is not typical and if you're experiencing it frequently it might be worth observing the kangaroos behavior more closely to ensure they're healthy and well nourished
explanatory_0376__mistral-small-3.2-24b,explanatory_0376,explanatory,"Is it possible to reach a point in space, outside of any atmosphere, near our sun where the temperature would be a ""comfortable"" 70-80 degrees Fahrenheit?","Yes, it's theoretically possible. Temperature decreases with distance from the Sun, but it's not a simple linear relationship. At a certain point, the intensity of solar radiation would be low enough that the temperature could be within the 70-80°F range. This distance would be far beyond Earth's orbit, likely between the orbits of Mars and Jupiter, but exact calculations would be complex.

However, it's important to note that this is a simplified scenario. In reality, maintaining a comfortable temperature would require additional factors, such as shielding from radiation and maintaining air pressure. Also, this distance would be in the vacuum of space, so the concept of ""temperature"" is different from what we experience in an atmosphere.","Yes, it's theoretically possible. Temperature decreases with distance from the Sun, but it's not a simple linear relationship. At a certain point, the intensity of solar radiation would be low enough that the temperature could be within the 70-80°F range. This distance would be far beyond Earth's orbit, likely between the orbits of Mars and Jupiter, but exact calculations would be complex.

However, it's important to note that this is a simplified scenario. In reality, maintaining a comfortable temperature would require additional factors, such as shielding from radiation and maintaining air pressure. Also, this distance would be in the vacuum of space, so the concept of ""temperature"" is different from what we experience in an atmosphere.",mistral-small-3.2-24b,mistral,False,116,748,test,mistral-small-3.2-24b-q4_k_m,final-2026-09-20,You are answering questions the way a knowledgeable person would in an online discussion. Write in plain prose. Do not restate the question or add a preamble. Begin with the answer itself.,100,140,8192,none,,end_turn,ollama-local-mistral-small-3.2-24b,2026-09-28 06:21:22.463536+00:00,24.0,mistral-small3.2:24b,q4_k_m,16384,8192,None,"{""temperature"": ""0.15""}","Yes, it's theoretically possible. Temperature decreases with distance from the Sun, but it's not a simple linear relationship. At a certain point, the intensity of solar radiation would be low enough that the temperature could be within the 70-80°F range. This distance would be far beyond Earth's orbit, likely between the orbits of Mars and Jupiter, but exact calculations would be complex.

However, it's important to note that this is a simplified scenario. In reality, maintaining a comfortable temperature would require additional factors, such as shielding from radiation and maintaining air pressure. Also, this distance would be in the vacuum of space, so the concept of ""temperature"" is different from what we experience in an atmosphere.","Yes, it's theoretically possible. Temperature decreases with distance from the Sun, but it's not a simple linear relationship. At a certain point, the intensity of solar radiation would be low enough that the temperature could be within the 70-80°F range. This distance would be far beyond Earth's orbit, likely between the orbits of Mars and Jupiter, but exact calculations would be complex. However, it's important to note that this is a simplified scenario. In reality, maintaining a comfortable temperature would require additional factors, such as shielding from radiation and maintaining air pressure. Also, this distance would be in the vacuum of space, so the concept of ""temperature"" is different from what we experience in an atmosphere.","Yes, it's theoretically possible. Temperature decreases with distance from the Sun, but it's not a simple linear relationship. At a certain point, the intensity of solar radiation would be low enough that the temperature could be within the 70-80°F range. This distance would be far beyond Earth's orbit, likely between the orbits of Mars and Jupiter, but exact calculations would be complex. However, it's important to note that this is a simplified scenario. In reality, maintaining a comfortable temperature would require additional factors, such as shielding from radiation and maintaining air pressure. Also, this distance would be in the vacuum of space, so the concept of ""temperature"" is different from what we experience in an atmosphere.",yes it's theoretically possible temperature decreases with distance from the sun but it's not a simple linear relationship at a certain point the intensity of solar radiation would be low enough that the temperature could be within the 70 80 f range this distance would be far beyond earth's orbit likely between the orbits of mars and jupiter but exact calculations would be complex however it's important to note that this is a simplified scenario in reality maintaining a comfortable temperature would require additional factors such as shielding from radiation and maintaining air pressure also this distance would be in the vacuum of space so the concept of temperature is different from what we experience in an atmosphere
longform_0000__mistral-small-3.2-24b,longform_0000,long-form,"As the chosen successor to Satan's throne, you must now undergo rigorous training to become the best at literally everything for when people challenge you for their souls.","In the infernal forge of Lucifer's domain, I honed my craft. My teacher, a fallen angel with eyes like smoldering coals, demanded perfection. ""You must be the best at everything,"" he intoned, his voice echoing through the cavernous chamber.

First, I mastered the art of deception. I wove lies so intricate, even the truth couldn't untangle them. Then, I delved into the dark arts, conjuring demons and bending them to my will. I learned to manipulate shadows, to slip through them like a whisper.

But my greatest challenge was the duel. My opponent, a seasoned demon, sneered as I stepped onto the obsidian arena. ""You're just a pup,"" he spat. I smiled, my fangs glinting. I moved like a storm, my claws and teeth finding their mark. He fell, defeated.

Years passed, and I became a maestro of malice. I could outwit, outfight, and outmaneuver any soul. Yet, as I stood at the precipice of my ascension, I wondered—was this truly what I wanted? But the thought vanished as quickly as it came, swallowed by the darkness within me. I was ready. The throne of Satan was within my grasp.","In the infernal forge of Lucifer's domain, I honed my craft. My teacher, a fallen angel with eyes like smoldering coals, demanded perfection. ""You must be the best at everything,"" he intoned, his voice echoing through the cavernous chamber.

First, I mastered the art of deception. I wove lies so intricate, even the truth couldn't untangle them. Then, I delved into the dark arts, conjuring demons and bending them to my will. I learned to manipulate shadows, to slip through them like a whisper.

But my greatest challenge was the duel. My opponent, a seasoned demon, sneered as I stepped onto the obsidian arena. ""You're just a pup,"" he spat. I smiled, my fangs glinting. I moved like a storm, my claws and teeth finding their mark. He fell, defeated.

Years passed, and I became a maestro of malice. I could outwit, outfight, and outmaneuver any soul. Yet, as I stood at the precipice of my ascension, I wondered—was this truly what I wanted? But the thought vanished as quickly as it came, swallowed by the darkness within me. I was ready. The throne of Satan was within my grasp.",mistral-small-3.2-24b,mistral,False,190,1085,test,mistral-small-3.2-24b-q4_k_m,final-2026-09-20,"You are writing a short piece of fiction in response to a writing prompt, the way a person would on an online writing forum. Write the story itself. Do not restate the prompt, explain it, comment on it, or add any framing before or after the story.",140,220,8192,none,,end_turn,ollama-local-mistral-small-3.2-24b,2026-09-28 06:21:29.740974+00:00,24.0,mistral-small3.2:24b,q4_k_m,16384,8192,None,"{""temperature"": ""0.15""}","In the infernal forge of Lucifer's domain, I honed my craft. My teacher, a fallen angel with eyes like smoldering coals, demanded perfection. ""You must be the best at everything,"" he intoned, his voice echoing through the cavernous chamber.

First, I mastered the art of deception. I wove lies so intricate, even the truth couldn't untangle them. Then, I delved into the dark arts, conjuring demons and bending them to my will. I learned to manipulate shadows, to slip through them like a whisper.

But my greatest challenge was the duel. My opponent, a seasoned demon, sneered as I stepped onto the obsidian arena. ""You're just a pup,"" he spat. I smiled, my fangs glinting. I moved like a storm, my claws and teeth finding their mark. He fell, defeated.

Years passed, and I became a maestro of malice. I could outwit, outfight, and outmaneuver any soul. Yet, as I stood at the precipice of my ascension, I wondered - was this truly what I wanted? But the thought vanished as quickly as it came, swallowed by the darkness within me. I was ready. The throne of Satan was within my grasp.","In the infernal forge of Lucifer's domain, I honed my craft. My teacher, a fallen angel with eyes like smoldering coals, demanded perfection. ""You must be the best at everything,"" he intoned, his voice echoing through the cavernous chamber. First, I mastered the art of deception. I wove lies so intricate, even the truth couldn't untangle them. Then, I delved into the dark arts, conjuring demons and bending them to my will. I learned to manipulate shadows, to slip through them like a whisper. But my greatest challenge was the duel. My opponent, a seasoned demon, sneered as I stepped onto the obsidian arena. ""You're just a pup,"" he spat. I smiled, my fangs glinting. I moved like a storm, my claws and teeth finding their mark. He fell, defeated. Years passed, and I became a maestro of malice. I could outwit, outfight, and outmaneuver any soul. Yet, as I stood at the precipice of my ascension, I wondered—was this truly what I wanted? But the thought vanished as quickly as it came, swallowed by the darkness within me. I was ready. The throne of Satan was within my grasp.","In the infernal forge of Lucifer's domain, I honed my craft. My teacher, a fallen angel with eyes like smoldering coals, demanded perfection. ""You must be the best at everything,"" he intoned, his voice echoing through the cavernous chamber. First, I mastered the art of deception. I wove lies so intricate, even the truth couldn't untangle them. Then, I delved into the dark arts, conjuring demons and bending them to my will. I learned to manipulate shadows, to slip through them like a whisper. But my greatest challenge was the duel. My opponent, a seasoned demon, sneered as I stepped onto the obsidian arena. ""You're just a pup,"" he spat. I smiled, my fangs glinting. I moved like a storm, my claws and teeth finding their mark. He fell, defeated. Years passed, and I became a maestro of malice. I could outwit, outfight, and outmaneuver any soul. Yet, as I stood at the precipice of my ascension, I wondered - was this truly what I wanted? But the thought vanished as quickly as it came, swallowed by the darkness within me. I was ready. The throne of Satan was within my grasp.",in the infernal forge of lucifer's domain i honed my craft my teacher a fallen angel with eyes like smoldering coals demanded perfection you must be the best at everything he intoned his voice echoing through the cavernous chamber first i mastered the art of deception i wove lies so intricate even the truth couldn't untangle them then i delved into the dark arts conjuring demons and bending them to my will i learned to manipulate shadows to slip through them like a whisper but my greatest challenge was the duel my opponent a seasoned demon sneered as i stepped onto the obsidian arena you're just a pup he spat i smiled my fangs glinting i moved like a storm my claws and teeth finding their mark he fell defeated years passed and i became a maestro of malice i could outwit outfight and outmaneuver any soul yet as i stood at the precipice of my ascension i wondered was this truly what i wanted but the thought vanished as quickly as it came swallowed by the darkness within me i was ready the throne of satan was within my grasp
longform_0019__mistral-small-3.2-24b,longform_0019,long-form,Every skill in the world can be acquired by putting on the corresponding hat for that skill.,"In the quiet of her study, Clara reached for the top hat, its brim adorned with tiny musical notes. She placed it on her head, and suddenly, the piano in the corner sang to her. Her fingers danced across the keys, playing a complex sonata she'd never attempted before. The hat, her new music teacher.

Next, she tried the chef's hat, its paper folds crisp and white. The kitchen filled with the aroma of garlic and herbs as she chopped, stirred, and sautéed with newfound confidence. A three-star meal, crafted by a novice.

But the cowboy hat, dusty and worn, brought her the most joy. She tipped it low, and suddenly, she was riding the range, her horse's hooves pounding the earth. The wind rushed past, and she laughed, free and wild.

Each hat a teacher, each skill a new adventure. But as she placed the crown of a queen upon her head, she hesitated. Power, responsibility, the weight of a nation. She removed it quickly, her heart pounding. Some skills, she decided, were best left untried.","In the quiet of her study, Clara reached for the top hat, its brim adorned with tiny musical notes. She placed it on her head, and suddenly, the piano in the corner sang to her. Her fingers danced across the keys, playing a complex sonata she'd never attempted before. The hat, her new music teacher.

Next, she tried the chef's hat, its paper folds crisp and white. The kitchen filled with the aroma of garlic and herbs as she chopped, stirred, and sautéed with newfound confidence. A three-star meal, crafted by a novice.

But the cowboy hat, dusty and worn, brought her the most joy. She tipped it low, and suddenly, she was riding the range, her horse's hooves pounding the earth. The wind rushed past, and she laughed, free and wild.

Each hat a teacher, each skill a new adventure. But as she placed the crown of a queen upon her head, she hesitated. Power, responsibility, the weight of a nation. She removed it quickly, her heart pounding. Some skills, she decided, were best left untried.",mistral-small-3.2-24b,mistral,False,177,997,test,mistral-small-3.2-24b-q4_k_m,final-2026-09-20,"You are writing a short piece of fiction in response to a writing prompt, the way a person would on an online writing forum. Write the story itself. Do not restate the prompt, explain it, comment on it, or add any framing before or after the story.",140,220,8192,none,,end_turn,ollama-local-mistral-small-3.2-24b,2026-09-28 06:21:36.044758+00:00,24.0,mistral-small3.2:24b,q4_k_m,16384,8192,None,"{""temperature"": ""0.15""}","In the quiet of her study, Clara reached for the top hat, its brim adorned with tiny musical notes. She placed it on her head, and suddenly, the piano in the corner sang to her. Her fingers danced across the keys, playing a complex sonata she'd never attempted before. The hat, her new music teacher.

Next, she tried the chef's hat, its paper folds crisp and white. The kitchen filled with the aroma of garlic and herbs as she chopped, stirred, and sautéed with newfound confidence. A three-star meal, crafted by a novice.

But the cowboy hat, dusty and worn, brought her the most joy. She tipped it low, and suddenly, she was riding the range, her horse's hooves pounding the earth. The wind rushed past, and she laughed, free and wild.

Each hat a teacher, each skill a new adventure. But as she placed the crown of a queen upon her head, she hesitated. Power, responsibility, the weight of a nation. She removed it quickly, her heart pounding. Some skills, she decided, were best left untried.","In the quiet of her study, Clara reached for the top hat, its brim adorned with tiny musical notes. She placed it on her head, and suddenly, the piano in the corner sang to her. Her fingers danced across the keys, playing a complex sonata she'd never attempted before. The hat, her new music teacher. Next, she tried the chef's hat, its paper folds crisp and white. The kitchen filled with the aroma of garlic and herbs as she chopped, stirred, and sautéed with newfound confidence. A three-star meal, crafted by a novice. But the cowboy hat, dusty and worn, brought her the most joy. She tipped it low, and suddenly, she was riding the range, her horse's hooves pounding the earth. The wind rushed past, and she laughed, free and wild. Each hat a teacher, each skill a new adventure. But as she placed the crown of a queen upon her head, she hesitated. Power, responsibility, the weight of a nation. She removed it quickly, her heart pounding. Some skills, she decided, were best left untried.","In the quiet of her study, Clara reached for the top hat, its brim adorned with tiny musical notes. She placed it on her head, and suddenly, the piano in the corner sang to her. Her fingers danced across the keys, playing a complex sonata she'd never attempted before. The hat, her new music teacher. Next, she tried the chef's hat, its paper folds crisp and white. The kitchen filled with the aroma of garlic and herbs as she chopped, stirred, and sautéed with newfound confidence. A three-star meal, crafted by a novice. But the cowboy hat, dusty and worn, brought her the most joy. She tipped it low, and suddenly, she was riding the range, her horse's hooves pounding the earth. The wind rushed past, and she laughed, free and wild. Each hat a teacher, each skill a new adventure. But as she placed the crown of a queen upon her head, she hesitated. Power, responsibility, the weight of a nation. She removed it quickly, her heart pounding. Some skills, she decided, were best left untried.",in the quiet of her study clara reached for the top hat its brim adorned with tiny musical notes she placed it on her head and suddenly the piano in the corner sang to her her fingers danced across the keys playing a complex sonata she'd never attempted before the hat her new music teacher next she tried the chef's hat its paper folds crisp and white the kitchen filled with the aroma of garlic and herbs as she chopped stirred and sautéed with newfound confidence a three star meal crafted by a novice but the cowboy hat dusty and worn brought her the most joy she tipped it low and suddenly she was riding the range her horse's hooves pounding the earth the wind rushed past and she laughed free and wild each hat a teacher each skill a new adventure but as she placed the crown of a queen upon her head she hesitated power responsibility the weight of a nation she removed it quickly her heart pounding some skills she decided were best left untried
longform_0025__mistral-small-3.2-24b,longform_0025,long-form,Q has been developing ridiculous gadgets just to mess with James Bond. Bond has been finding ways to use these gadgets to complete his missions to messwith Q.,"In the dim glow of his lab, Q chuckled, attaching the final wire to his latest creation: a self-stirring martini cup. ""Let's see 007 wriggle out of this one,"" he muttered.

Bond, perched on a bar stool in a smoky casino, sighed as the dealer laid down another losing hand. His eyes flicked to the martini cup on the counter, its tiny propeller whirring. He smirked.

""Double or nothing,"" Bond announced, pushing his chips forward. The cup's propeller spun faster. He grabbed it, downed the drink in one gulp, then stood, tossing the cup to the dealer. ""Lady luck's on my side tonight.""

As the dealer gaped, Bond sauntered to the exit, the cup's propeller now a tiny drone, whirring above his head. It beeped, revealing a hidden compartment with the casino's blueprints. Bond grinned. ""Cheers, Q.""

Back in the lab, Q groaned, watching the news feed of Bond's successful heist. The martini cup's propeller clattered to the floor. Q picked it up, shaking his head. ""Next time, 007. Next time.""","In the dim glow of his lab, Q chuckled, attaching the final wire to his latest creation: a self-stirring martini cup. ""Let's see 007 wriggle out of this one,"" he muttered.

Bond, perched on a bar stool in a smoky casino, sighed as the dealer laid down another losing hand. His eyes flicked to the martini cup on the counter, its tiny propeller whirring. He smirked.

""Double or nothing,"" Bond announced, pushing his chips forward. The cup's propeller spun faster. He grabbed it, downed the drink in one gulp, then stood, tossing the cup to the dealer. ""Lady luck's on my side tonight.""

As the dealer gaped, Bond sauntered to the exit, the cup's propeller now a tiny drone, whirring above his head. It beeped, revealing a hidden compartment with the casino's blueprints. Bond grinned. ""Cheers, Q.""

Back in the lab, Q groaned, watching the news feed of Bond's successful heist. The martini cup's propeller clattered to the floor. Q picked it up, shaking his head. ""Next time, 007. Next time.""",mistral-small-3.2-24b,mistral,False,171,992,test,mistral-small-3.2-24b-q4_k_m,final-2026-09-20,"You are writing a short piece of fiction in response to a writing prompt, the way a person would on an online writing forum. Write the story itself. Do not restate the prompt, explain it, comment on it, or add any framing before or after the story.",140,220,8192,none,,end_turn,ollama-local-mistral-small-3.2-24b,2026-09-28 06:21:43.094071+00:00,24.0,mistral-small3.2:24b,q4_k_m,16384,8192,None,"{""temperature"": ""0.15""}","In the dim glow of his lab, Q chuckled, attaching the final wire to his latest creation: a self-stirring martini cup. ""Let's see 007 wriggle out of this one,"" he muttered.

Bond, perched on a bar stool in a smoky casino, sighed as the dealer laid down another losing hand. His eyes flicked to the martini cup on the counter, its tiny propeller whirring. He smirked.

""Double or nothing,"" Bond announced, pushing his chips forward. The cup's propeller spun faster. He grabbed it, downed the drink in one gulp, then stood, tossing the cup to the dealer. ""Lady luck's on my side tonight.""

As the dealer gaped, Bond sauntered to the exit, the cup's propeller now a tiny drone, whirring above his head. It beeped, revealing a hidden compartment with the casino's blueprints. Bond grinned. ""Cheers, Q.""

Back in the lab, Q groaned, watching the news feed of Bond's successful heist. The martini cup's propeller clattered to the floor. Q picked it up, shaking his head. ""Next time, 007. Next time.""","In the dim glow of his lab, Q chuckled, attaching the final wire to his latest creation: a self-stirring martini cup. ""Let's see 007 wriggle out of this one,"" he muttered. Bond, perched on a bar stool in a smoky casino, sighed as the dealer laid down another losing hand. His eyes flicked to the martini cup on the counter, its tiny propeller whirring. He smirked. ""Double or nothing,"" Bond announced, pushing his chips forward. The cup's propeller spun faster. He grabbed it, downed the drink in one gulp, then stood, tossing the cup to the dealer. ""Lady luck's on my side tonight."" As the dealer gaped, Bond sauntered to the exit, the cup's propeller now a tiny drone, whirring above his head. It beeped, revealing a hidden compartment with the casino's blueprints. Bond grinned. ""Cheers, Q."" Back in the lab, Q groaned, watching the news feed of Bond's successful heist. The martini cup's propeller clattered to the floor. Q picked it up, shaking his head. ""Next time, 007. Next time.""","In the dim glow of his lab, Q chuckled, attaching the final wire to his latest creation: a self-stirring martini cup. ""Let's see 007 wriggle out of this one,"" he muttered. Bond, perched on a bar stool in a smoky casino, sighed as the dealer laid down another losing hand. His eyes flicked to the martini cup on the counter, its tiny propeller whirring. He smirked. ""Double or nothing,"" Bond announced, pushing his chips forward. The cup's propeller spun faster. He grabbed it, downed the drink in one gulp, then stood, tossing the cup to the dealer. ""Lady luck's on my side tonight."" As the dealer gaped, Bond sauntered to the exit, the cup's propeller now a tiny drone, whirring above his head. It beeped, revealing a hidden compartment with the casino's blueprints. Bond grinned. ""Cheers, Q."" Back in the lab, Q groaned, watching the news feed of Bond's successful heist. The martini cup's propeller clattered to the floor. Q picked it up, shaking his head. ""Next time, 007. Next time.""",in the dim glow of his lab q chuckled attaching the final wire to his latest creation a self stirring martini cup let's see 007 wriggle out of this one he muttered bond perched on a bar stool in a smoky casino sighed as the dealer laid down another losing hand his eyes flicked to the martini cup on the counter its tiny propeller whirring he smirked double or nothing bond announced pushing his chips forward the cup's propeller spun faster he grabbed it downed the drink in one gulp then stood tossing the cup to the dealer lady luck's on my side tonight as the dealer gaped bond sauntered to the exit the cup's propeller now a tiny drone whirring above his head it beeped revealing a hidden compartment with the casino's blueprints bond grinned cheers q back in the lab q groaned watching the news feed of bond's successful heist the martini cup's propeller clattered to the floor q picked it up shaking his head next time 007 next time
longform_0029__mistral-small-3.2-24b,longform_0029,long-form,The thought process of a writer trying to start his/her masterpiece.,"The blank page stares back, a vast, white desert. I tap the keys, a staccato rhythm, but no words appear. What's the first line? The inciting incident? The hook?

I think of a girl, a storm, a choice. But is it too cliché? Too simple? I delete the half-formed thought, my cursor blinking impatiently.

Perhaps a man, a letter, a secret. But what if the secret is mundane? What if the letter is never opened? I sigh, rubbing my temples.

A knock at the door. My neighbor, Mrs. Henderson, needs help with her Wi-Fi again. I smile, but my mind is elsewhere, already weaving her into a story—a widow, a lost password, a hidden past.

Back at the keyboard, I type: ""The password was her husband's name."" The words flow now, a river breaking through a dam. The story unfolds, one sentence at a time, each one a stepping stone across the white desert.","The blank page stares back, a vast, white desert. I tap the keys, a staccato rhythm, but no words appear. What's the first line? The inciting incident? The hook?

I think of a girl, a storm, a choice. But is it too cliché? Too simple? I delete the half-formed thought, my cursor blinking impatiently.

Perhaps a man, a letter, a secret. But what if the secret is mundane? What if the letter is never opened? I sigh, rubbing my temples.

A knock at the door. My neighbor, Mrs. Henderson, needs help with her Wi-Fi again. I smile, but my mind is elsewhere, already weaving her into a story—a widow, a lost password, a hidden past.

Back at the keyboard, I type: ""The password was her husband's name."" The words flow now, a river breaking through a dam. The story unfolds, one sentence at a time, each one a stepping stone across the white desert.",mistral-small-3.2-24b,mistral,False,154,844,test,mistral-small-3.2-24b-q4_k_m,final-2026-09-20,"You are writing a short piece of fiction in response to a writing prompt, the way a person would on an online writing forum. Write the story itself. Do not restate the prompt, explain it, comment on it, or add any framing before or after the story.",140,220,8192,none,,end_turn,ollama-local-mistral-small-3.2-24b,2026-09-28 06:21:48.766269+00:00,24.0,mistral-small3.2:24b,q4_k_m,16384,8192,None,"{""temperature"": ""0.15""}","The blank page stares back, a vast, white desert. I tap the keys, a staccato rhythm, but no words appear. What's the first line? The inciting incident? The hook?

I think of a girl, a storm, a choice. But is it too cliché? Too simple? I delete the half-formed thought, my cursor blinking impatiently.

Perhaps a man, a letter, a secret. But what if the secret is mundane? What if the letter is never opened? I sigh, rubbing my temples.

A knock at the door. My neighbor, Mrs. Henderson, needs help with her Wi-Fi again. I smile, but my mind is elsewhere, already weaving her into a story - a widow, a lost password, a hidden past.

Back at the keyboard, I type: ""The password was her husband's name."" The words flow now, a river breaking through a dam. The story unfolds, one sentence at a time, each one a stepping stone across the white desert.","The blank page stares back, a vast, white desert. I tap the keys, a staccato rhythm, but no words appear. What's the first line? The inciting incident? The hook? I think of a girl, a storm, a choice. But is it too cliché? Too simple? I delete the half-formed thought, my cursor blinking impatiently. Perhaps a man, a letter, a secret. But what if the secret is mundane? What if the letter is never opened? I sigh, rubbing my temples. A knock at the door. My neighbor, Mrs. Henderson, needs help with her Wi-Fi again. I smile, but my mind is elsewhere, already weaving her into a story—a widow, a lost password, a hidden past. Back at the keyboard, I type: ""The password was her husband's name."" The words flow now, a river breaking through a dam. The story unfolds, one sentence at a time, each one a stepping stone across the white desert.","The blank page stares back, a vast, white desert. I tap the keys, a staccato rhythm, but no words appear. What's the first line? The inciting incident? The hook? I think of a girl, a storm, a choice. But is it too cliché? Too simple? I delete the half-formed thought, my cursor blinking impatiently. Perhaps a man, a letter, a secret. But what if the secret is mundane? What if the letter is never opened? I sigh, rubbing my temples. A knock at the door. My neighbor, Mrs. Henderson, needs help with her Wi-Fi again. I smile, but my mind is elsewhere, already weaving her into a story - a widow, a lost password, a hidden past. Back at the keyboard, I type: ""The password was her husband's name."" The words flow now, a river breaking through a dam. The story unfolds, one sentence at a time, each one a stepping stone across the white desert.",the blank page stares back a vast white desert i tap the keys a staccato rhythm but no words appear what's the first line the inciting incident the hook i think of a girl a storm a choice but is it too cliché too simple i delete the half formed thought my cursor blinking impatiently perhaps a man a letter a secret but what if the secret is mundane what if the letter is never opened i sigh rubbing my temples a knock at the door my neighbor mrs henderson needs help with her wi fi again i smile but my mind is elsewhere already weaving her into a story a widow a lost password a hidden past back at the keyboard i type the password was her husband's name the words flow now a river breaking through a dam the story unfolds one sentence at a time each one a stepping stone across the white desert
longform_0043__mistral-small-3.2-24b,longform_0043,long-form,"In a resource poor society it is law that each family adheres to a maximum combined weight limit of it's members, set according to their social caste. When the actions of an individual result in a family's loss of status they must somehow adjust to a drastically lowered weight quota.","In the grimy, rain-soaked streets of Caste-7, the Karr family struggled. Their son, Jax, had been caught stealing from a Caste-3 merchant, a crime that reeked of defiance. The punishment was swift: demotion to Caste-9, and a weight quota slashed by half.

Mother wept as she eyed the pantry, already bare. Father, a wiry man, knew what must be done. ""We'll have to let go of the little one,"" he said, voice heavy. Their youngest, a chubby-cheeked toddler, was their greatest joy—and their heaviest burden.

Jax, gaunt and remorseful, stepped forward. ""I'll do it,"" he said. ""I'll lose the weight. I'll make it up to you all.""

Days turned into weeks. Jax ran until his shoes wore thin, ate until his stomach screamed, then ran some more. The pounds dropped, but the guilt gnawed deeper. Meanwhile, the toddler thrived, laughter echoing through their cramped home.

One morning, Mother gasped. The scale tipped lower. Jax had done it. But as he stood, hollow-eyed and trembling, he knew—some weights were too heavy to bear, no matter the caste.","In the grimy, rain-soaked streets of Caste-7, the Karr family struggled. Their son, Jax, had been caught stealing from a Caste-3 merchant, a crime that reeked of defiance. The punishment was swift: demotion to Caste-9, and a weight quota slashed by half.

Mother wept as she eyed the pantry, already bare. Father, a wiry man, knew what must be done. ""We'll have to let go of the little one,"" he said, voice heavy. Their youngest, a chubby-cheeked toddler, was their greatest joy—and their heaviest burden.

Jax, gaunt and remorseful, stepped forward. ""I'll do it,"" he said. ""I'll lose the weight. I'll make it up to you all.""

Days turned into weeks. Jax ran until his shoes wore thin, ate until his stomach screamed, then ran some more. The pounds dropped, but the guilt gnawed deeper. Meanwhile, the toddler thrived, laughter echoing through their cramped home.

One morning, Mother gasped. The scale tipped lower. Jax had done it. But as he stood, hollow-eyed and trembling, he knew—some weights were too heavy to bear, no matter the caste.",mistral-small-3.2-24b,mistral,False,176,1043,test,mistral-small-3.2-24b-q4_k_m,final-2026-09-20,"You are writing a short piece of fiction in response to a writing prompt, the way a person would on an online writing forum. Write the story itself. Do not restate the prompt, explain it, comment on it, or add any framing before or after the story.",140,220,8192,none,,end_turn,ollama-local-mistral-small-3.2-24b,2026-09-28 06:21:56.193570+00:00,24.0,mistral-small3.2:24b,q4_k_m,16384,8192,None,"{""temperature"": ""0.15""}","In the grimy, rain-soaked streets of Caste-7, the Karr family struggled. Their son, Jax, had been caught stealing from a Caste-3 merchant, a crime that reeked of defiance. The punishment was swift: demotion to Caste-9, and a weight quota slashed by half.

Mother wept as she eyed the pantry, already bare. Father, a wiry man, knew what must be done. ""We'll have to let go of the little one,"" he said, voice heavy. Their youngest, a chubby-cheeked toddler, was their greatest joy - and their heaviest burden.

Jax, gaunt and remorseful, stepped forward. ""I'll do it,"" he said. ""I'll lose the weight. I'll make it up to you all.""

Days turned into weeks. Jax ran until his shoes wore thin, ate until his stomach screamed, then ran some more. The pounds dropped, but the guilt gnawed deeper. Meanwhile, the toddler thrived, laughter echoing through their cramped home.

One morning, Mother gasped. The scale tipped lower. Jax had done it. But as he stood, hollow-eyed and trembling, he knew - some weights were too heavy to bear, no matter the caste.","In the grimy, rain-soaked streets of Caste-7, the Karr family struggled. Their son, Jax, had been caught stealing from a Caste-3 merchant, a crime that reeked of defiance. The punishment was swift: demotion to Caste-9, and a weight quota slashed by half. Mother wept as she eyed the pantry, already bare. Father, a wiry man, knew what must be done. ""We'll have to let go of the little one,"" he said, voice heavy. Their youngest, a chubby-cheeked toddler, was their greatest joy—and their heaviest burden. Jax, gaunt and remorseful, stepped forward. ""I'll do it,"" he said. ""I'll lose the weight. I'll make it up to you all."" Days turned into weeks. Jax ran until his shoes wore thin, ate until his stomach screamed, then ran some more. The pounds dropped, but the guilt gnawed deeper. Meanwhile, the toddler thrived, laughter echoing through their cramped home. One morning, Mother gasped. The scale tipped lower. Jax had done it. But as he stood, hollow-eyed and trembling, he knew—some weights were too heavy to bear, no matter the caste.","In the grimy, rain-soaked streets of Caste-7, the Karr family struggled. Their son, Jax, had been caught stealing from a Caste-3 merchant, a crime that reeked of defiance. The punishment was swift: demotion to Caste-9, and a weight quota slashed by half. Mother wept as she eyed the pantry, already bare. Father, a wiry man, knew what must be done. ""We'll have to let go of the little one,"" he said, voice heavy. Their youngest, a chubby-cheeked toddler, was their greatest joy - and their heaviest burden. Jax, gaunt and remorseful, stepped forward. ""I'll do it,"" he said. ""I'll lose the weight. I'll make it up to you all."" Days turned into weeks. Jax ran until his shoes wore thin, ate until his stomach screamed, then ran some more. The pounds dropped, but the guilt gnawed deeper. Meanwhile, the toddler thrived, laughter echoing through their cramped home. One morning, Mother gasped. The scale tipped lower. Jax had done it. But as he stood, hollow-eyed and trembling, he knew - some weights were too heavy to bear, no matter the caste.",in the grimy rain soaked streets of caste 7 the karr family struggled their son jax had been caught stealing from a caste 3 merchant a crime that reeked of defiance the punishment was swift demotion to caste 9 and a weight quota slashed by half mother wept as she eyed the pantry already bare father a wiry man knew what must be done we'll have to let go of the little one he said voice heavy their youngest a chubby cheeked toddler was their greatest joy and their heaviest burden jax gaunt and remorseful stepped forward i'll do it he said i'll lose the weight i'll make it up to you all days turned into weeks jax ran until his shoes wore thin ate until his stomach screamed then ran some more the pounds dropped but the guilt gnawed deeper meanwhile the toddler thrived laughter echoing through their cramped home one morning mother gasped the scale tipped lower jax had done it but as he stood hollow eyed and trembling he knew some weights were too heavy to bear no matter the caste
longform_0047__mistral-small-3.2-24b,longform_0047,long-form,"At one random point one day without warning, everyone blacks out & wakes up as a different animal.","The world went dark. Then, light. I blinked, my vision blurred. A long, pink nose sniffed the air. I was on all fours, my body covered in coarse, brown fur. A dog? No, a boar. I grunted, testing my new voice.

Around me, chaos. Birds squawked, dogs barked, cats meowed—all in human voices. A squirrel in a business suit chattered, ""What's happening?"" A golden retriever, once my neighbor, Mr. Thompson, wagged his tail. ""Fascinating!"" he barked.

I trotted to the mirror. A wild boar stared back, eyes wide with shock. I was me, but not. I was Bo.

Humans—now animals—stumbled, confused. A parrot at the window screeched, ""News alert! Global metamorphosis! Repeat, global metamorphosis!""

I snorted. This was madness. But as I looked around, I saw something extraordinary. We were all equal now. No more human hierarchies. Just survival of the fittest, the cleverest, the most adaptable.

I grinned—or tried to. My snout didn't work that way. I had a lot to learn. But one thing was clear: the world had changed. And so had I.","The world went dark. Then, light. I blinked, my vision blurred. A long, pink nose sniffed the air. I was on all fours, my body covered in coarse, brown fur. A dog? No, a boar. I grunted, testing my new voice.

Around me, chaos. Birds squawked, dogs barked, cats meowed—all in human voices. A squirrel in a business suit chattered, ""What's happening?"" A golden retriever, once my neighbor, Mr. Thompson, wagged his tail. ""Fascinating!"" he barked.

I trotted to the mirror. A wild boar stared back, eyes wide with shock. I was me, but not. I was Bo.

Humans—now animals—stumbled, confused. A parrot at the window screeched, ""News alert! Global metamorphosis! Repeat, global metamorphosis!""

I snorted. This was madness. But as I looked around, I saw something extraordinary. We were all equal now. No more human hierarchies. Just survival of the fittest, the cleverest, the most adaptable.

I grinned—or tried to. My snout didn't work that way. I had a lot to learn. But one thing was clear: the world had changed. And so had I.",mistral-small-3.2-24b,mistral,False,176,1026,test,mistral-small-3.2-24b-q4_k_m,final-2026-09-20,"You are writing a short piece of fiction in response to a writing prompt, the way a person would on an online writing forum. Write the story itself. Do not restate the prompt, explain it, comment on it, or add any framing before or after the story.",140,220,8192,none,,end_turn,ollama-local-mistral-small-3.2-24b,2026-09-28 06:22:03.722905+00:00,24.0,mistral-small3.2:24b,q4_k_m,16384,8192,None,"{""temperature"": ""0.15""}","The world went dark. Then, light. I blinked, my vision blurred. A long, pink nose sniffed the air. I was on all fours, my body covered in coarse, brown fur. A dog? No, a boar. I grunted, testing my new voice.

Around me, chaos. Birds squawked, dogs barked, cats meowed - all in human voices. A squirrel in a business suit chattered, ""What's happening?"" A golden retriever, once my neighbor, Mr. Thompson, wagged his tail. ""Fascinating!"" he barked.

I trotted to the mirror. A wild boar stared back, eyes wide with shock. I was me, but not. I was Bo.

Humans - now animals - stumbled, confused. A parrot at the window screeched, ""News alert! Global metamorphosis! Repeat, global metamorphosis!""

I snorted. This was madness. But as I looked around, I saw something extraordinary. We were all equal now. No more human hierarchies. Just survival of the fittest, the cleverest, the most adaptable.

I grinned - or tried to. My snout didn't work that way. I had a lot to learn. But one thing was clear: the world had changed. And so had I.","The world went dark. Then, light. I blinked, my vision blurred. A long, pink nose sniffed the air. I was on all fours, my body covered in coarse, brown fur. A dog? No, a boar. I grunted, testing my new voice. Around me, chaos. Birds squawked, dogs barked, cats meowed—all in human voices. A squirrel in a business suit chattered, ""What's happening?"" A golden retriever, once my neighbor, Mr. Thompson, wagged his tail. ""Fascinating!"" he barked. I trotted to the mirror. A wild boar stared back, eyes wide with shock. I was me, but not. I was Bo. Humans—now animals—stumbled, confused. A parrot at the window screeched, ""News alert! Global metamorphosis! Repeat, global metamorphosis!"" I snorted. This was madness. But as I looked around, I saw something extraordinary. We were all equal now. No more human hierarchies. Just survival of the fittest, the cleverest, the most adaptable. I grinned—or tried to. My snout didn't work that way. I had a lot to learn. But one thing was clear: the world had changed. And so had I.","The world went dark. Then, light. I blinked, my vision blurred. A long, pink nose sniffed the air. I was on all fours, my body covered in coarse, brown fur. A dog? No, a boar. I grunted, testing my new voice. Around me, chaos. Birds squawked, dogs barked, cats meowed - all in human voices. A squirrel in a business suit chattered, ""What's happening?"" A golden retriever, once my neighbor, Mr. Thompson, wagged his tail. ""Fascinating!"" he barked. I trotted to the mirror. A wild boar stared back, eyes wide with shock. I was me, but not. I was Bo. Humans - now animals - stumbled, confused. A parrot at the window screeched, ""News alert! Global metamorphosis! Repeat, global metamorphosis!"" I snorted. This was madness. But as I looked around, I saw something extraordinary. We were all equal now. No more human hierarchies. Just survival of the fittest, the cleverest, the most adaptable. I grinned - or tried to. My snout didn't work that way. I had a lot to learn. But one thing was clear: the world had changed. And so had I.",the world went dark then light i blinked my vision blurred a long pink nose sniffed the air i was on all fours my body covered in coarse brown fur a dog no a boar i grunted testing my new voice around me chaos birds squawked dogs barked cats meowed all in human voices a squirrel in a business suit chattered what's happening a golden retriever once my neighbor mr thompson wagged his tail fascinating he barked i trotted to the mirror a wild boar stared back eyes wide with shock i was me but not i was bo humans now animals stumbled confused a parrot at the window screeched news alert global metamorphosis repeat global metamorphosis i snorted this was madness but as i looked around i saw something extraordinary we were all equal now no more human hierarchies just survival of the fittest the cleverest the most adaptable i grinned or tried to my snout didn't work that way i had a lot to learn but one thing was clear the world had changed and so had i
longform_0051__mistral-small-3.2-24b,longform_0051,long-form,"You finally get your pipboy and copy of Fallout 4. But when you strap on the Pipboy, you find yourself stuck in the middle of the wastelands with nothing but what you're wearing and the pipboy.","The Pip-Boy's strap bit into my wrist as I stumbled over the cracked remains of a sidewalk. The wasteland stretched out before me, a desolate expanse of rusted metal and dust. I had no idea how I'd gotten here, only that the Pip-Boy was now a part of me, its screen glowing faintly in the dim light.

I patted my pockets, but they were empty. No caps, no weapons, not even a bottle of Nuka-Cola to quench my thirst. The Pip-Boy's radar was useless, just a blank screen with a blinking dot in the center - me.

A distant howl echoed through the ruins. I tightened my grip on the Pip-Boy, its screen now my only companion. I had to find shelter, find supplies, find a way to survive. The wasteland didn't care about my excitement for Fallout 4. It only cared about one thing - would I make it out alive?","The Pip-Boy's strap bit into my wrist as I stumbled over the cracked remains of a sidewalk. The wasteland stretched out before me, a desolate expanse of rusted metal and dust. I had no idea how I'd gotten here, only that the Pip-Boy was now a part of me, its screen glowing faintly in the dim light.

I patted my pockets, but they were empty. No caps, no weapons, not even a bottle of Nuka-Cola to quench my thirst. The Pip-Boy's radar was useless, just a blank screen with a blinking dot in the center - me.

A distant howl echoed through the ruins. I tightened my grip on the Pip-Boy, its screen now my only companion. I had to find shelter, find supplies, find a way to survive. The wasteland didn't care about my excitement for Fallout 4. It only cared about one thing - would I make it out alive?",mistral-small-3.2-24b,mistral,False,152,801,test,mistral-small-3.2-24b-q4_k_m,final-2026-09-20,"You are writing a short piece of fiction in response to a writing prompt, the way a person would on an online writing forum. Write the story itself. Do not restate the prompt, explain it, comment on it, or add any framing before or after the story.",140,220,8192,none,,end_turn,ollama-local-mistral-small-3.2-24b,2026-09-28 06:22:09.187300+00:00,24.0,mistral-small3.2:24b,q4_k_m,16384,8192,None,"{""temperature"": ""0.15""}","The Pip-Boy's strap bit into my wrist as I stumbled over the cracked remains of a sidewalk. The wasteland stretched out before me, a desolate expanse of rusted metal and dust. I had no idea how I'd gotten here, only that the Pip-Boy was now a part of me, its screen glowing faintly in the dim light.

I patted my pockets, but they were empty. No caps, no weapons, not even a bottle of Nuka-Cola to quench my thirst. The Pip-Boy's radar was useless, just a blank screen with a blinking dot in the center - me.

A distant howl echoed through the ruins. I tightened my grip on the Pip-Boy, its screen now my only companion. I had to find shelter, find supplies, find a way to survive. The wasteland didn't care about my excitement for Fallout 4. It only cared about one thing - would I make it out alive?","The Pip-Boy's strap bit into my wrist as I stumbled over the cracked remains of a sidewalk. The wasteland stretched out before me, a desolate expanse of rusted metal and dust. I had no idea how I'd gotten here, only that the Pip-Boy was now a part of me, its screen glowing faintly in the dim light. I patted my pockets, but they were empty. No caps, no weapons, not even a bottle of Nuka-Cola to quench my thirst. The Pip-Boy's radar was useless, just a blank screen with a blinking dot in the center - me. A distant howl echoed through the ruins. I tightened my grip on the Pip-Boy, its screen now my only companion. I had to find shelter, find supplies, find a way to survive. The wasteland didn't care about my excitement for Fallout 4. It only cared about one thing - would I make it out alive?","The Pip-Boy's strap bit into my wrist as I stumbled over the cracked remains of a sidewalk. The wasteland stretched out before me, a desolate expanse of rusted metal and dust. I had no idea how I'd gotten here, only that the Pip-Boy was now a part of me, its screen glowing faintly in the dim light. I patted my pockets, but they were empty. No caps, no weapons, not even a bottle of Nuka-Cola to quench my thirst. The Pip-Boy's radar was useless, just a blank screen with a blinking dot in the center - me. A distant howl echoed through the ruins. I tightened my grip on the Pip-Boy, its screen now my only companion. I had to find shelter, find supplies, find a way to survive. The wasteland didn't care about my excitement for Fallout 4. It only cared about one thing - would I make it out alive?",the pip boy's strap bit into my wrist as i stumbled over the cracked remains of a sidewalk the wasteland stretched out before me a desolate expanse of rusted metal and dust i had no idea how i'd gotten here only that the pip boy was now a part of me its screen glowing faintly in the dim light i patted my pockets but they were empty no caps no weapons not even a bottle of nuka cola to quench my thirst the pip boy's radar was useless just a blank screen with a blinking dot in the center me a distant howl echoed through the ruins i tightened my grip on the pip boy its screen now my only companion i had to find shelter find supplies find a way to survive the wasteland didn't care about my excitement for fallout 4 it only cared about one thing would i make it out alive
longform_0078__mistral-small-3.2-24b,longform_0078,long-form,You are a thief that breaks into houses and cars and steals nothing but the alarm systems.,"In the quiet of midnight, I slipped through the shadows, my gloved hands tracing the edges of a sleek, black sedan. My target wasn't the car's stereo or its glossy rims, but the tiny, blinking light near the steering column—the alarm system.

I worked quickly, my tools dancing in the dim glow of the streetlights. The beep of the system disarming was my symphony, a sweet sound of victory. I unplugged the wires, coiled them carefully, and tucked the system into my bag.

House alarms were trickier. I'd case the joint during the day, noting the model and placement. At night, I'd pick the lock, slip inside, and disable the system before it could scream. The thrill of the steal wasn't in the value of the goods, but in the challenge, the puzzle of each unique system.

I wasn't driven by greed, but by the adrenaline, the intellectual pursuit. Each alarm I stole was a trophy, a testament to my skill. I left no trace, save for the silence, the absence of protection. I was a thief of security, a shadow in the night, and I loved every second of it.","In the quiet of midnight, I slipped through the shadows, my gloved hands tracing the edges of a sleek, black sedan. My target wasn't the car's stereo or its glossy rims, but the tiny, blinking light near the steering column—the alarm system.

I worked quickly, my tools dancing in the dim glow of the streetlights. The beep of the system disarming was my symphony, a sweet sound of victory. I unplugged the wires, coiled them carefully, and tucked the system into my bag.

House alarms were trickier. I'd case the joint during the day, noting the model and placement. At night, I'd pick the lock, slip inside, and disable the system before it could scream. The thrill of the steal wasn't in the value of the goods, but in the challenge, the puzzle of each unique system.

I wasn't driven by greed, but by the adrenaline, the intellectual pursuit. Each alarm I stole was a trophy, a testament to my skill. I left no trace, save for the silence, the absence of protection. I was a thief of security, a shadow in the night, and I loved every second of it.",mistral-small-3.2-24b,mistral,False,191,1052,test,mistral-small-3.2-24b-q4_k_m,final-2026-09-20,"You are writing a short piece of fiction in response to a writing prompt, the way a person would on an online writing forum. Write the story itself. Do not restate the prompt, explain it, comment on it, or add any framing before or after the story.",140,220,8192,none,,end_turn,ollama-local-mistral-small-3.2-24b,2026-09-28 06:22:15.837857+00:00,24.0,mistral-small3.2:24b,q4_k_m,16384,8192,None,"{""temperature"": ""0.15""}","In the quiet of midnight, I slipped through the shadows, my gloved hands tracing the edges of a sleek, black sedan. My target wasn't the car's stereo or its glossy rims, but the tiny, blinking light near the steering column - the alarm system.

I worked quickly, my tools dancing in the dim glow of the streetlights. The beep of the system disarming was my symphony, a sweet sound of victory. I unplugged the wires, coiled them carefully, and tucked the system into my bag.

House alarms were trickier. I'd case the joint during the day, noting the model and placement. At night, I'd pick the lock, slip inside, and disable the system before it could scream. The thrill of the steal wasn't in the value of the goods, but in the challenge, the puzzle of each unique system.

I wasn't driven by greed, but by the adrenaline, the intellectual pursuit. Each alarm I stole was a trophy, a testament to my skill. I left no trace, save for the silence, the absence of protection. I was a thief of security, a shadow in the night, and I loved every second of it.","In the quiet of midnight, I slipped through the shadows, my gloved hands tracing the edges of a sleek, black sedan. My target wasn't the car's stereo or its glossy rims, but the tiny, blinking light near the steering column—the alarm system. I worked quickly, my tools dancing in the dim glow of the streetlights. The beep of the system disarming was my symphony, a sweet sound of victory. I unplugged the wires, coiled them carefully, and tucked the system into my bag. House alarms were trickier. I'd case the joint during the day, noting the model and placement. At night, I'd pick the lock, slip inside, and disable the system before it could scream. The thrill of the steal wasn't in the value of the goods, but in the challenge, the puzzle of each unique system. I wasn't driven by greed, but by the adrenaline, the intellectual pursuit. Each alarm I stole was a trophy, a testament to my skill. I left no trace, save for the silence, the absence of protection. I was a thief of security, a shadow in the night, and I loved every second of it.","In the quiet of midnight, I slipped through the shadows, my gloved hands tracing the edges of a sleek, black sedan. My target wasn't the car's stereo or its glossy rims, but the tiny, blinking light near the steering column - the alarm system. I worked quickly, my tools dancing in the dim glow of the streetlights. The beep of the system disarming was my symphony, a sweet sound of victory. I unplugged the wires, coiled them carefully, and tucked the system into my bag. House alarms were trickier. I'd case the joint during the day, noting the model and placement. At night, I'd pick the lock, slip inside, and disable the system before it could scream. The thrill of the steal wasn't in the value of the goods, but in the challenge, the puzzle of each unique system. I wasn't driven by greed, but by the adrenaline, the intellectual pursuit. Each alarm I stole was a trophy, a testament to my skill. I left no trace, save for the silence, the absence of protection. I was a thief of security, a shadow in the night, and I loved every second of it.",in the quiet of midnight i slipped through the shadows my gloved hands tracing the edges of a sleek black sedan my target wasn't the car's stereo or its glossy rims but the tiny blinking light near the steering column the alarm system i worked quickly my tools dancing in the dim glow of the streetlights the beep of the system disarming was my symphony a sweet sound of victory i unplugged the wires coiled them carefully and tucked the system into my bag house alarms were trickier i'd case the joint during the day noting the model and placement at night i'd pick the lock slip inside and disable the system before it could scream the thrill of the steal wasn't in the value of the goods but in the challenge the puzzle of each unique system i wasn't driven by greed but by the adrenaline the intellectual pursuit each alarm i stole was a trophy a testament to my skill i left no trace save for the silence the absence of protection i was a thief of security a shadow in the night and i loved every second of it
longform_0085__mistral-small-3.2-24b,longform_0085,long-form,The main character has a conversation with the reader but the reader's silence convinces him/her to kill themselves.,"I sit here, staring at the blank screen, wondering if you're even there. Do you see the words I type, or am I just shouting into the void? I need you to say something, anything. A word, a symbol, a laugh, a cry. But you're silent.

I tell you about the darkness that's been following me, the one that's grown too heavy to carry. I share the thoughts that whisper in my ears, the ones that tell me I'm not enough, that I should just let go. I reach out, hoping you'll pull me back from the edge.

But you're silent.

I ask if you understand, if you've ever felt this way. I plead for advice, for comfort, for a lifeline. But you're silent.

I start to type about the pills in my hand, the cold, hard truth of what I'm considering. I tell you I'm scared, but also relieved. I ask if it's okay to be selfish, to make the pain stop. But you're silent.

I type slower now, my fingers trembling. I tell you I love you, that I'm sorry. I say goodbye. The screen blurs as tears fall. I press send, then swallow the pills. The silence is deafening as I wait for the end.","I sit here, staring at the blank screen, wondering if you're even there. Do you see the words I type, or am I just shouting into the void? I need you to say something, anything. A word, a symbol, a laugh, a cry. But you're silent.

I tell you about the darkness that's been following me, the one that's grown too heavy to carry. I share the thoughts that whisper in my ears, the ones that tell me I'm not enough, that I should just let go. I reach out, hoping you'll pull me back from the edge.

But you're silent.

I ask if you understand, if you've ever felt this way. I plead for advice, for comfort, for a lifeline. But you're silent.

I start to type about the pills in my hand, the cold, hard truth of what I'm considering. I tell you I'm scared, but also relieved. I ask if it's okay to be selfish, to make the pain stop. But you're silent.

I type slower now, my fingers trembling. I tell you I love you, that I'm sorry. I say goodbye. The screen blurs as tears fall. I press send, then swallow the pills. The silence is deafening as I wait for the end.",mistral-small-3.2-24b,mistral,False,208,1061,test,mistral-small-3.2-24b-q4_k_m,final-2026-09-20,"You are writing a short piece of fiction in response to a writing prompt, the way a person would on an online writing forum. Write the story itself. Do not restate the prompt, explain it, comment on it, or add any framing before or after the story.",140,220,8192,none,,end_turn,ollama-local-mistral-small-3.2-24b,2026-09-28 06:22:23.122278+00:00,24.0,mistral-small3.2:24b,q4_k_m,16384,8192,None,"{""temperature"": ""0.15""}","I sit here, staring at the blank screen, wondering if you're even there. Do you see the words I type, or am I just shouting into the void? I need you to say something, anything. A word, a symbol, a laugh, a cry. But you're silent.

I tell you about the darkness that's been following me, the one that's grown too heavy to carry. I share the thoughts that whisper in my ears, the ones that tell me I'm not enough, that I should just let go. I reach out, hoping you'll pull me back from the edge.

But you're silent.

I ask if you understand, if you've ever felt this way. I plead for advice, for comfort, for a lifeline. But you're silent.

I start to type about the pills in my hand, the cold, hard truth of what I'm considering. I tell you I'm scared, but also relieved. I ask if it's okay to be selfish, to make the pain stop. But you're silent.

I type slower now, my fingers trembling. I tell you I love you, that I'm sorry. I say goodbye. The screen blurs as tears fall. I press send, then swallow the pills. The silence is deafening as I wait for the end.","I sit here, staring at the blank screen, wondering if you're even there. Do you see the words I type, or am I just shouting into the void? I need you to say something, anything. A word, a symbol, a laugh, a cry. But you're silent. I tell you about the darkness that's been following me, the one that's grown too heavy to carry. I share the thoughts that whisper in my ears, the ones that tell me I'm not enough, that I should just let go. I reach out, hoping you'll pull me back from the edge. But you're silent. I ask if you understand, if you've ever felt this way. I plead for advice, for comfort, for a lifeline. But you're silent. I start to type about the pills in my hand, the cold, hard truth of what I'm considering. I tell you I'm scared, but also relieved. I ask if it's okay to be selfish, to make the pain stop. But you're silent. I type slower now, my fingers trembling. I tell you I love you, that I'm sorry. I say goodbye. The screen blurs as tears fall. I press send, then swallow the pills. The silence is deafening as I wait for the end.","I sit here, staring at the blank screen, wondering if you're even there. Do you see the words I type, or am I just shouting into the void? I need you to say something, anything. A word, a symbol, a laugh, a cry. But you're silent. I tell you about the darkness that's been following me, the one that's grown too heavy to carry. I share the thoughts that whisper in my ears, the ones that tell me I'm not enough, that I should just let go. I reach out, hoping you'll pull me back from the edge. But you're silent. I ask if you understand, if you've ever felt this way. I plead for advice, for comfort, for a lifeline. But you're silent. I start to type about the pills in my hand, the cold, hard truth of what I'm considering. I tell you I'm scared, but also relieved. I ask if it's okay to be selfish, to make the pain stop. But you're silent. I type slower now, my fingers trembling. I tell you I love you, that I'm sorry. I say goodbye. The screen blurs as tears fall. I press send, then swallow the pills. The silence is deafening as I wait for the end.",i sit here staring at the blank screen wondering if you're even there do you see the words i type or am i just shouting into the void i need you to say something anything a word a symbol a laugh a cry but you're silent i tell you about the darkness that's been following me the one that's grown too heavy to carry i share the thoughts that whisper in my ears the ones that tell me i'm not enough that i should just let go i reach out hoping you'll pull me back from the edge but you're silent i ask if you understand if you've ever felt this way i plead for advice for comfort for a lifeline but you're silent i start to type about the pills in my hand the cold hard truth of what i'm considering i tell you i'm scared but also relieved i ask if it's okay to be selfish to make the pain stop but you're silent i type slower now my fingers trembling i tell you i love you that i'm sorry i say goodbye the screen blurs as tears fall i press send then swallow the pills the silence is deafening as i wait for the end
longform_0088__mistral-small-3.2-24b,longform_0088,long-form,"When you die, you appear in a room with two buttons: Heaven and Hell. You don't know which is which. So you press both at the same time.","The room was stark, white walls stretching endlessly, two buttons embedded in the floor before me. No labels, no clues. I hesitated, then pressed both simultaneously.

A jolt, a flash of light. Suddenly, I was in a verdant meadow, the sun warm on my face. Laughter echoed around me, familiar yet distant. I turned to see my grandmother, her smile as bright as the day I'd last seen her. ""Welcome home, dear,"" she said.

But then, the ground trembled. The sky darkened, and the meadow morphed into a barren wasteland. Figures emerged from the shadows, their faces twisted in agony. My heart pounded as I recognized them—those I'd wronged, those I'd hurt.

Two realities collided, intertwined. I was in both places at once, Heaven and Hell coexisting. I saw my life in its entirety, the good and the bad, the love and the pain.

A voice echoed, ""Choose.""

I closed my eyes, remembered the love, the joy. I reached out, grabbed onto it with all my strength. The darkness receded. The meadow bloomed anew. I was home.","The room was stark, white walls stretching endlessly, two buttons embedded in the floor before me. No labels, no clues. I hesitated, then pressed both simultaneously.

A jolt, a flash of light. Suddenly, I was in a verdant meadow, the sun warm on my face. Laughter echoed around me, familiar yet distant. I turned to see my grandmother, her smile as bright as the day I'd last seen her. ""Welcome home, dear,"" she said.

But then, the ground trembled. The sky darkened, and the meadow morphed into a barren wasteland. Figures emerged from the shadows, their faces twisted in agony. My heart pounded as I recognized them—those I'd wronged, those I'd hurt.

Two realities collided, intertwined. I was in both places at once, Heaven and Hell coexisting. I saw my life in its entirety, the good and the bad, the love and the pain.

A voice echoed, ""Choose.""

I closed my eyes, remembered the love, the joy. I reached out, grabbed onto it with all my strength. The darkness receded. The meadow bloomed anew. I was home.",mistral-small-3.2-24b,mistral,False,177,1013,test,mistral-small-3.2-24b-q4_k_m,final-2026-09-20,"You are writing a short piece of fiction in response to a writing prompt, the way a person would on an online writing forum. Write the story itself. Do not restate the prompt, explain it, comment on it, or add any framing before or after the story.",140,220,8192,none,,end_turn,ollama-local-mistral-small-3.2-24b,2026-09-28 06:22:29.799415+00:00,24.0,mistral-small3.2:24b,q4_k_m,16384,8192,None,"{""temperature"": ""0.15""}","The room was stark, white walls stretching endlessly, two buttons embedded in the floor before me. No labels, no clues. I hesitated, then pressed both simultaneously.

A jolt, a flash of light. Suddenly, I was in a verdant meadow, the sun warm on my face. Laughter echoed around me, familiar yet distant. I turned to see my grandmother, her smile as bright as the day I'd last seen her. ""Welcome home, dear,"" she said.

But then, the ground trembled. The sky darkened, and the meadow morphed into a barren wasteland. Figures emerged from the shadows, their faces twisted in agony. My heart pounded as I recognized them - those I'd wronged, those I'd hurt.

Two realities collided, intertwined. I was in both places at once, Heaven and Hell coexisting. I saw my life in its entirety, the good and the bad, the love and the pain.

A voice echoed, ""Choose.""

I closed my eyes, remembered the love, the joy. I reached out, grabbed onto it with all my strength. The darkness receded. The meadow bloomed anew. I was home.","The room was stark, white walls stretching endlessly, two buttons embedded in the floor before me. No labels, no clues. I hesitated, then pressed both simultaneously. A jolt, a flash of light. Suddenly, I was in a verdant meadow, the sun warm on my face. Laughter echoed around me, familiar yet distant. I turned to see my grandmother, her smile as bright as the day I'd last seen her. ""Welcome home, dear,"" she said. But then, the ground trembled. The sky darkened, and the meadow morphed into a barren wasteland. Figures emerged from the shadows, their faces twisted in agony. My heart pounded as I recognized them—those I'd wronged, those I'd hurt. Two realities collided, intertwined. I was in both places at once, Heaven and Hell coexisting. I saw my life in its entirety, the good and the bad, the love and the pain. A voice echoed, ""Choose."" I closed my eyes, remembered the love, the joy. I reached out, grabbed onto it with all my strength. The darkness receded. The meadow bloomed anew. I was home.","The room was stark, white walls stretching endlessly, two buttons embedded in the floor before me. No labels, no clues. I hesitated, then pressed both simultaneously. A jolt, a flash of light. Suddenly, I was in a verdant meadow, the sun warm on my face. Laughter echoed around me, familiar yet distant. I turned to see my grandmother, her smile as bright as the day I'd last seen her. ""Welcome home, dear,"" she said. But then, the ground trembled. The sky darkened, and the meadow morphed into a barren wasteland. Figures emerged from the shadows, their faces twisted in agony. My heart pounded as I recognized them - those I'd wronged, those I'd hurt. Two realities collided, intertwined. I was in both places at once, Heaven and Hell coexisting. I saw my life in its entirety, the good and the bad, the love and the pain. A voice echoed, ""Choose."" I closed my eyes, remembered the love, the joy. I reached out, grabbed onto it with all my strength. The darkness receded. The meadow bloomed anew. I was home.",the room was stark white walls stretching endlessly two buttons embedded in the floor before me no labels no clues i hesitated then pressed both simultaneously a jolt a flash of light suddenly i was in a verdant meadow the sun warm on my face laughter echoed around me familiar yet distant i turned to see my grandmother her smile as bright as the day i'd last seen her welcome home dear she said but then the ground trembled the sky darkened and the meadow morphed into a barren wasteland figures emerged from the shadows their faces twisted in agony my heart pounded as i recognized them those i'd wronged those i'd hurt two realities collided intertwined i was in both places at once heaven and hell coexisting i saw my life in its entirety the good and the bad the love and the pain a voice echoed choose i closed my eyes remembered the love the joy i reached out grabbed onto it with all my strength the darkness receded the meadow bloomed anew i was home
longform_0095__mistral-small-3.2-24b,longform_0095,long-form,You are a student of a middle school. You go to the bathroom oneday and catch wind of a uprising.,"In the echoey silence of the middle school bathroom, I turned on the faucet, the water's rush masking the distant murmur I'd heard. I paused, listening. There it was again—a low, insistent hum, like a beehive's anger. I cracked the door open.

The hallway was empty, but the sound grew louder, a tide of whispers swelling into shouts. I crept towards the commotion, heart pounding. Rounding the corner, I saw them: a sea of students, faces set in determination. Ms. Harper, the history teacher, stood on a chair, her voice ringing out, ""We won't stand for it anymore!""

I realized with a jolt that this was the uprising I'd heard about in hushed tones at recess. The students were marching against the new dress code policy. I hesitated, then stepped forward, joining the crowd. The energy was electric, a mix of fear and exhilaration. Someone pressed a handmade sign into my hands. I looked at it, then at the sea of faces around me, and for the first time, I didn't feel like just another middle school student. I felt like part of something bigger.","In the echoey silence of the middle school bathroom, I turned on the faucet, the water's rush masking the distant murmur I'd heard. I paused, listening. There it was again—a low, insistent hum, like a beehive's anger. I cracked the door open.

The hallway was empty, but the sound grew louder, a tide of whispers swelling into shouts. I crept towards the commotion, heart pounding. Rounding the corner, I saw them: a sea of students, faces set in determination. Ms. Harper, the history teacher, stood on a chair, her voice ringing out, ""We won't stand for it anymore!""

I realized with a jolt that this was the uprising I'd heard about in hushed tones at recess. The students were marching against the new dress code policy. I hesitated, then stepped forward, joining the crowd. The energy was electric, a mix of fear and exhilaration. Someone pressed a handmade sign into my hands. I looked at it, then at the sea of faces around me, and for the first time, I didn't feel like just another middle school student. I felt like part of something bigger.",mistral-small-3.2-24b,mistral,False,185,1051,test,mistral-small-3.2-24b-q4_k_m,final-2026-09-20,"You are writing a short piece of fiction in response to a writing prompt, the way a person would on an online writing forum. Write the story itself. Do not restate the prompt, explain it, comment on it, or add any framing before or after the story.",140,220,8192,none,,end_turn,ollama-local-mistral-small-3.2-24b,2026-09-28 06:22:36.497108+00:00,24.0,mistral-small3.2:24b,q4_k_m,16384,8192,None,"{""temperature"": ""0.15""}","In the echoey silence of the middle school bathroom, I turned on the faucet, the water's rush masking the distant murmur I'd heard. I paused, listening. There it was again - a low, insistent hum, like a beehive's anger. I cracked the door open.

The hallway was empty, but the sound grew louder, a tide of whispers swelling into shouts. I crept towards the commotion, heart pounding. Rounding the corner, I saw them: a sea of students, faces set in determination. Ms. Harper, the history teacher, stood on a chair, her voice ringing out, ""We won't stand for it anymore!""

I realized with a jolt that this was the uprising I'd heard about in hushed tones at recess. The students were marching against the new dress code policy. I hesitated, then stepped forward, joining the crowd. The energy was electric, a mix of fear and exhilaration. Someone pressed a handmade sign into my hands. I looked at it, then at the sea of faces around me, and for the first time, I didn't feel like just another middle school student. I felt like part of something bigger.","In the echoey silence of the middle school bathroom, I turned on the faucet, the water's rush masking the distant murmur I'd heard. I paused, listening. There it was again—a low, insistent hum, like a beehive's anger. I cracked the door open. The hallway was empty, but the sound grew louder, a tide of whispers swelling into shouts. I crept towards the commotion, heart pounding. Rounding the corner, I saw them: a sea of students, faces set in determination. Ms. Harper, the history teacher, stood on a chair, her voice ringing out, ""We won't stand for it anymore!"" I realized with a jolt that this was the uprising I'd heard about in hushed tones at recess. The students were marching against the new dress code policy. I hesitated, then stepped forward, joining the crowd. The energy was electric, a mix of fear and exhilaration. Someone pressed a handmade sign into my hands. I looked at it, then at the sea of faces around me, and for the first time, I didn't feel like just another middle school student. I felt like part of something bigger.","In the echoey silence of the middle school bathroom, I turned on the faucet, the water's rush masking the distant murmur I'd heard. I paused, listening. There it was again - a low, insistent hum, like a beehive's anger. I cracked the door open. The hallway was empty, but the sound grew louder, a tide of whispers swelling into shouts. I crept towards the commotion, heart pounding. Rounding the corner, I saw them: a sea of students, faces set in determination. Ms. Harper, the history teacher, stood on a chair, her voice ringing out, ""We won't stand for it anymore!"" I realized with a jolt that this was the uprising I'd heard about in hushed tones at recess. The students were marching against the new dress code policy. I hesitated, then stepped forward, joining the crowd. The energy was electric, a mix of fear and exhilaration. Someone pressed a handmade sign into my hands. I looked at it, then at the sea of faces around me, and for the first time, I didn't feel like just another middle school student. I felt like part of something bigger.",in the echoey silence of the middle school bathroom i turned on the faucet the water's rush masking the distant murmur i'd heard i paused listening there it was again a low insistent hum like a beehive's anger i cracked the door open the hallway was empty but the sound grew louder a tide of whispers swelling into shouts i crept towards the commotion heart pounding rounding the corner i saw them a sea of students faces set in determination ms harper the history teacher stood on a chair her voice ringing out we won't stand for it anymore i realized with a jolt that this was the uprising i'd heard about in hushed tones at recess the students were marching against the new dress code policy i hesitated then stepped forward joining the crowd the energy was electric a mix of fear and exhilaration someone pressed a handmade sign into my hands i looked at it then at the sea of faces around me and for the first time i didn't feel like just another middle school student i felt like part of something bigger
longform_0096__mistral-small-3.2-24b,longform_0096,long-form,"You find a book in a library, it details everything that you will and have done","In the dusty corner of the town library, I found it: ""Chronicles of Elijah Sterling."" Intrigued, I opened it to a random page.

*""Elijah finds the book today. He'll think it's a joke, a cruel prank. But as he turns the pages, he'll know it's real.""*

My breath hitched. The book detailed my life, past, and future. I turned another page.

*""Elijah's heart pounds as he reads about his future. He'll close the book, leave the library, and go home. Tomorrow, he'll return, eager to learn more.""*

I snapped the book shut, my heart hammering. I left the library, my mind racing. The next day, I returned, drawn like a moth to a flame. I opened the book again, this time to a page I hadn't seen before.

*""Elijah finds Sarah. They'll fall in love, get married, have two children. But first, he must let go of the book. It's a tool, not a crutch.""*

I closed the book, a sense of peace washing over me. I had my future, but I also had my present. It was time to live it.","In the dusty corner of the town library, I found it: ""Chronicles of Elijah Sterling."" Intrigued, I opened it to a random page.

""Elijah finds the book today. He'll think it's a joke, a cruel prank. But as he turns the pages, he'll know it's real.""

My breath hitched. The book detailed my life, past, and future. I turned another page.

""Elijah's heart pounds as he reads about his future. He'll close the book, leave the library, and go home. Tomorrow, he'll return, eager to learn more.""

I snapped the book shut, my heart hammering. I left the library, my mind racing. The next day, I returned, drawn like a moth to a flame. I opened the book again, this time to a page I hadn't seen before.

""Elijah finds Sarah. They'll fall in love, get married, have two children. But first, he must let go of the book. It's a tool, not a crutch.""

I closed the book, a sense of peace washing over me. I had my future, but I also had my present. It was time to live it.",mistral-small-3.2-24b,mistral,False,182,965,test,mistral-small-3.2-24b-q4_k_m,final-2026-09-20,"You are writing a short piece of fiction in response to a writing prompt, the way a person would on an online writing forum. Write the story itself. Do not restate the prompt, explain it, comment on it, or add any framing before or after the story.",140,220,8192,none,,end_turn,ollama-local-mistral-small-3.2-24b,2026-09-28 06:22:43.395541+00:00,24.0,mistral-small3.2:24b,q4_k_m,16384,8192,None,"{""temperature"": ""0.15""}","In the dusty corner of the town library, I found it: ""Chronicles of Elijah Sterling."" Intrigued, I opened it to a random page.

""Elijah finds the book today. He'll think it's a joke, a cruel prank. But as he turns the pages, he'll know it's real.""

My breath hitched. The book detailed my life, past, and future. I turned another page.

""Elijah's heart pounds as he reads about his future. He'll close the book, leave the library, and go home. Tomorrow, he'll return, eager to learn more.""

I snapped the book shut, my heart hammering. I left the library, my mind racing. The next day, I returned, drawn like a moth to a flame. I opened the book again, this time to a page I hadn't seen before.

""Elijah finds Sarah. They'll fall in love, get married, have two children. But first, he must let go of the book. It's a tool, not a crutch.""

I closed the book, a sense of peace washing over me. I had my future, but I also had my present. It was time to live it.","In the dusty corner of the town library, I found it: ""Chronicles of Elijah Sterling."" Intrigued, I opened it to a random page. ""Elijah finds the book today. He'll think it's a joke, a cruel prank. But as he turns the pages, he'll know it's real."" My breath hitched. The book detailed my life, past, and future. I turned another page. ""Elijah's heart pounds as he reads about his future. He'll close the book, leave the library, and go home. Tomorrow, he'll return, eager to learn more."" I snapped the book shut, my heart hammering. I left the library, my mind racing. The next day, I returned, drawn like a moth to a flame. I opened the book again, this time to a page I hadn't seen before. ""Elijah finds Sarah. They'll fall in love, get married, have two children. But first, he must let go of the book. It's a tool, not a crutch."" I closed the book, a sense of peace washing over me. I had my future, but I also had my present. It was time to live it.","In the dusty corner of the town library, I found it: ""Chronicles of Elijah Sterling."" Intrigued, I opened it to a random page. ""Elijah finds the book today. He'll think it's a joke, a cruel prank. But as he turns the pages, he'll know it's real."" My breath hitched. The book detailed my life, past, and future. I turned another page. ""Elijah's heart pounds as he reads about his future. He'll close the book, leave the library, and go home. Tomorrow, he'll return, eager to learn more."" I snapped the book shut, my heart hammering. I left the library, my mind racing. The next day, I returned, drawn like a moth to a flame. I opened the book again, this time to a page I hadn't seen before. ""Elijah finds Sarah. They'll fall in love, get married, have two children. But first, he must let go of the book. It's a tool, not a crutch."" I closed the book, a sense of peace washing over me. I had my future, but I also had my present. It was time to live it.",in the dusty corner of the town library i found it chronicles of elijah sterling intrigued i opened it to a random page elijah finds the book today he'll think it's a joke a cruel prank but as he turns the pages he'll know it's real my breath hitched the book detailed my life past and future i turned another page elijah's heart pounds as he reads about his future he'll close the book leave the library and go home tomorrow he'll return eager to learn more i snapped the book shut my heart hammering i left the library my mind racing the next day i returned drawn like a moth to a flame i opened the book again this time to a page i hadn't seen before elijah finds sarah they'll fall in love get married have two children but first he must let go of the book it's a tool not a crutch i closed the book a sense of peace washing over me i had my future but i also had my present it was time to live it
longform_0099__mistral-small-3.2-24b,longform_0099,long-form,Write me the best story you can in 200 words or less. Take me on an emotional Roller Coaster.,"In the quiet of her empty nest, Clara found a letter tucked beneath the coffee table. Her heart pounded as she recognized her late husband's handwriting. With trembling hands, she opened it.

""Dear Clara,"" it began, ""if you're reading this, I'm already gone. But I need you to know something. Our son, your little Jake, isn't our biological child.""

Clara's breath hitched. She remembered the day they'd brought Jake home, his tiny fingers curling around hers. He was theirs in every way that mattered.

The letter continued, ""His real parents were my sister and her husband. They loved him dearly, but they couldn't care for him. We promised to give him a better life.""

Tears blurred Clara's vision. She thought of Jake's laughter, his first steps, his graduation. All real. All theirs.

Then, a knock at the door. Jake stood there, keys in hand. ""Mom, I'm home,"" he said, smiling.

Clara looked at the letter, then at her son. She made a choice. She crumpled the letter, her heart full. Some truths were meant to set you free, others to keep you grounded. This one, she would keep. For them. For love.","In the quiet of her empty nest, Clara found a letter tucked beneath the coffee table. Her heart pounded as she recognized her late husband's handwriting. With trembling hands, she opened it.

""Dear Clara,"" it began, ""if you're reading this, I'm already gone. But I need you to know something. Our son, your little Jake, isn't our biological child.""

Clara's breath hitched. She remembered the day they'd brought Jake home, his tiny fingers curling around hers. He was theirs in every way that mattered.

The letter continued, ""His real parents were my sister and her husband. They loved him dearly, but they couldn't care for him. We promised to give him a better life.""

Tears blurred Clara's vision. She thought of Jake's laughter, his first steps, his graduation. All real. All theirs.

Then, a knock at the door. Jake stood there, keys in hand. ""Mom, I'm home,"" he said, smiling.

Clara looked at the letter, then at her son. She made a choice. She crumpled the letter, her heart full. Some truths were meant to set you free, others to keep you grounded. This one, she would keep. For them. For love.",mistral-small-3.2-24b,mistral,False,192,1104,test,mistral-small-3.2-24b-q4_k_m,final-2026-09-20,"You are writing a short piece of fiction in response to a writing prompt, the way a person would on an online writing forum. Write the story itself. Do not restate the prompt, explain it, comment on it, or add any framing before or after the story.",140,220,8192,none,,end_turn,ollama-local-mistral-small-3.2-24b,2026-09-28 06:22:50.491907+00:00,24.0,mistral-small3.2:24b,q4_k_m,16384,8192,None,"{""temperature"": ""0.15""}","In the quiet of her empty nest, Clara found a letter tucked beneath the coffee table. Her heart pounded as she recognized her late husband's handwriting. With trembling hands, she opened it.

""Dear Clara,"" it began, ""if you're reading this, I'm already gone. But I need you to know something. Our son, your little Jake, isn't our biological child.""

Clara's breath hitched. She remembered the day they'd brought Jake home, his tiny fingers curling around hers. He was theirs in every way that mattered.

The letter continued, ""His real parents were my sister and her husband. They loved him dearly, but they couldn't care for him. We promised to give him a better life.""

Tears blurred Clara's vision. She thought of Jake's laughter, his first steps, his graduation. All real. All theirs.

Then, a knock at the door. Jake stood there, keys in hand. ""Mom, I'm home,"" he said, smiling.

Clara looked at the letter, then at her son. She made a choice. She crumpled the letter, her heart full. Some truths were meant to set you free, others to keep you grounded. This one, she would keep. For them. For love.","In the quiet of her empty nest, Clara found a letter tucked beneath the coffee table. Her heart pounded as she recognized her late husband's handwriting. With trembling hands, she opened it. ""Dear Clara,"" it began, ""if you're reading this, I'm already gone. But I need you to know something. Our son, your little Jake, isn't our biological child."" Clara's breath hitched. She remembered the day they'd brought Jake home, his tiny fingers curling around hers. He was theirs in every way that mattered. The letter continued, ""His real parents were my sister and her husband. They loved him dearly, but they couldn't care for him. We promised to give him a better life."" Tears blurred Clara's vision. She thought of Jake's laughter, his first steps, his graduation. All real. All theirs. Then, a knock at the door. Jake stood there, keys in hand. ""Mom, I'm home,"" he said, smiling. Clara looked at the letter, then at her son. She made a choice. She crumpled the letter, her heart full. Some truths were meant to set you free, others to keep you grounded. This one, she would keep. For them. For love.","In the quiet of her empty nest, Clara found a letter tucked beneath the coffee table. Her heart pounded as she recognized her late husband's handwriting. With trembling hands, she opened it. ""Dear Clara,"" it began, ""if you're reading this, I'm already gone. But I need you to know something. Our son, your little Jake, isn't our biological child."" Clara's breath hitched. She remembered the day they'd brought Jake home, his tiny fingers curling around hers. He was theirs in every way that mattered. The letter continued, ""His real parents were my sister and her husband. They loved him dearly, but they couldn't care for him. We promised to give him a better life."" Tears blurred Clara's vision. She thought of Jake's laughter, his first steps, his graduation. All real. All theirs. Then, a knock at the door. Jake stood there, keys in hand. ""Mom, I'm home,"" he said, smiling. Clara looked at the letter, then at her son. She made a choice. She crumpled the letter, her heart full. Some truths were meant to set you free, others to keep you grounded. This one, she would keep. For them. For love.",in the quiet of her empty nest clara found a letter tucked beneath the coffee table her heart pounded as she recognized her late husband's handwriting with trembling hands she opened it dear clara it began if you're reading this i'm already gone but i need you to know something our son your little jake isn't our biological child clara's breath hitched she remembered the day they'd brought jake home his tiny fingers curling around hers he was theirs in every way that mattered the letter continued his real parents were my sister and her husband they loved him dearly but they couldn't care for him we promised to give him a better life tears blurred clara's vision she thought of jake's laughter his first steps his graduation all real all theirs then a knock at the door jake stood there keys in hand mom i'm home he said smiling clara looked at the letter then at her son she made a choice she crumpled the letter her heart full some truths were meant to set you free others to keep you grounded this one she would keep for them for love
longform_0107__mistral-small-3.2-24b,longform_0107,long-form,"WritingPrompts are now sponsored by product placements, and your romantic short story has tons of them.","In the heart of Paris, under the soft glow of a Philips Hue smart bulb, Emma sipped her Starbucks latte, eyes scanning the bustling café. That's when she saw him—Liam, engrossed in his Kindle, a pair of Beats headphones around his neck. Their eyes met, and it was love at first sight.

They started meeting daily, their conversations flowing like a perfectly brewed cup of Peet's coffee. Liam, a writer, found inspiration in Emma's eyes, while she, a painter, saw his soul in every stroke of her Winsor & Newton brushes.

One evening, under the Eiffel Tower's sparkling lights, Liam presented Emma with a Tiffany's box. Inside, a necklace with a pendant shaped like a paintbrush. ""You've painted my world in colors I never knew existed,"" he whispered.

Emma, tears welling up, handed him a small package. It was a Moleskine notebook. ""For your next bestseller,"" she said, smiling.

They kissed, the city lights twinkling around them, their love story as timeless as the city of love itself. And in that moment, sponsored by Amazon, Tiffany & Co., and Philips, they knew they had found their happily ever after.","In the heart of Paris, under the soft glow of a Philips Hue smart bulb, Emma sipped her Starbucks latte, eyes scanning the bustling café. That's when she saw him—Liam, engrossed in his Kindle, a pair of Beats headphones around his neck. Their eyes met, and it was love at first sight.

They started meeting daily, their conversations flowing like a perfectly brewed cup of Peet's coffee. Liam, a writer, found inspiration in Emma's eyes, while she, a painter, saw his soul in every stroke of her Winsor & Newton brushes.

One evening, under the Eiffel Tower's sparkling lights, Liam presented Emma with a Tiffany's box. Inside, a necklace with a pendant shaped like a paintbrush. ""You've painted my world in colors I never knew existed,"" he whispered.

Emma, tears welling up, handed him a small package. It was a Moleskine notebook. ""For your next bestseller,"" she said, smiling.

They kissed, the city lights twinkling around them, their love story as timeless as the city of love itself. And in that moment, sponsored by Amazon, Tiffany & Co., and Philips, they knew they had found their happily ever after.",mistral-small-3.2-24b,mistral,False,189,1110,test,mistral-small-3.2-24b-q4_k_m,final-2026-09-20,"You are writing a short piece of fiction in response to a writing prompt, the way a person would on an online writing forum. Write the story itself. Do not restate the prompt, explain it, comment on it, or add any framing before or after the story.",140,220,8192,none,,end_turn,ollama-local-mistral-small-3.2-24b,2026-09-28 06:22:57.644784+00:00,24.0,mistral-small3.2:24b,q4_k_m,16384,8192,None,"{""temperature"": ""0.15""}","In the heart of Paris, under the soft glow of a Philips Hue smart bulb, Emma sipped her Starbucks latte, eyes scanning the bustling café. That's when she saw him - Liam, engrossed in his Kindle, a pair of Beats headphones around his neck. Their eyes met, and it was love at first sight.

They started meeting daily, their conversations flowing like a perfectly brewed cup of Peet's coffee. Liam, a writer, found inspiration in Emma's eyes, while she, a painter, saw his soul in every stroke of her Winsor & Newton brushes.

One evening, under the Eiffel Tower's sparkling lights, Liam presented Emma with a Tiffany's box. Inside, a necklace with a pendant shaped like a paintbrush. ""You've painted my world in colors I never knew existed,"" he whispered.

Emma, tears welling up, handed him a small package. It was a Moleskine notebook. ""For your next bestseller,"" she said, smiling.

They kissed, the city lights twinkling around them, their love story as timeless as the city of love itself. And in that moment, sponsored by Amazon, Tiffany & Co., and Philips, they knew they had found their happily ever after.","In the heart of Paris, under the soft glow of a Philips Hue smart bulb, Emma sipped her Starbucks latte, eyes scanning the bustling café. That's when she saw him—Liam, engrossed in his Kindle, a pair of Beats headphones around his neck. Their eyes met, and it was love at first sight. They started meeting daily, their conversations flowing like a perfectly brewed cup of Peet's coffee. Liam, a writer, found inspiration in Emma's eyes, while she, a painter, saw his soul in every stroke of her Winsor & Newton brushes. One evening, under the Eiffel Tower's sparkling lights, Liam presented Emma with a Tiffany's box. Inside, a necklace with a pendant shaped like a paintbrush. ""You've painted my world in colors I never knew existed,"" he whispered. Emma, tears welling up, handed him a small package. It was a Moleskine notebook. ""For your next bestseller,"" she said, smiling. They kissed, the city lights twinkling around them, their love story as timeless as the city of love itself. And in that moment, sponsored by Amazon, Tiffany & Co., and Philips, they knew they had found their happily ever after.","In the heart of Paris, under the soft glow of a Philips Hue smart bulb, Emma sipped her Starbucks latte, eyes scanning the bustling café. That's when she saw him - Liam, engrossed in his Kindle, a pair of Beats headphones around his neck. Their eyes met, and it was love at first sight. They started meeting daily, their conversations flowing like a perfectly brewed cup of Peet's coffee. Liam, a writer, found inspiration in Emma's eyes, while she, a painter, saw his soul in every stroke of her Winsor & Newton brushes. One evening, under the Eiffel Tower's sparkling lights, Liam presented Emma with a Tiffany's box. Inside, a necklace with a pendant shaped like a paintbrush. ""You've painted my world in colors I never knew existed,"" he whispered. Emma, tears welling up, handed him a small package. It was a Moleskine notebook. ""For your next bestseller,"" she said, smiling. They kissed, the city lights twinkling around them, their love story as timeless as the city of love itself. And in that moment, sponsored by Amazon, Tiffany & Co., and Philips, they knew they had found their happily ever after.",in the heart of paris under the soft glow of a philips hue smart bulb emma sipped her starbucks latte eyes scanning the bustling café that's when she saw him liam engrossed in his kindle a pair of beats headphones around his neck their eyes met and it was love at first sight they started meeting daily their conversations flowing like a perfectly brewed cup of peet's coffee liam a writer found inspiration in emma's eyes while she a painter saw his soul in every stroke of her winsor newton brushes one evening under the eiffel tower's sparkling lights liam presented emma with a tiffany's box inside a necklace with a pendant shaped like a paintbrush you've painted my world in colors i never knew existed he whispered emma tears welling up handed him a small package it was a moleskine notebook for your next bestseller she said smiling they kissed the city lights twinkling around them their love story as timeless as the city of love itself and in that moment sponsored by amazon tiffany co and philips they knew they had found their happily ever after
longform_0118__mistral-small-3.2-24b,longform_0118,long-form,Where were you the day the last elephant died?,"I was in the heart of the savannah, the sun a relentless sentinel overhead. The air was thick with the scent of dry grass and distant rain. I knelt beside her, the last of her kind, her breath a labored whisper. Her trunk, once a symbol of strength and dexterity, now lay limp and lifeless.

Her eyes, once bright and full of curiosity, were now clouded with the weight of a world that had failed her. I stroked her rough skin, my heart aching with the finality of the moment. The last elephant, a matriarch who had seen centuries of change, was now a silent testament to humanity's indifference.

The vultures circled overhead, patient and unyielding. I wanted to chase them away, to give her one last moment of peace, but I knew it was futile. The circle of life, as they say, is unbroken.

As her final breath escaped, I felt a profound sense of loss. Not just for her, but for the world she left behind. A world that would never hear the rumble of her call, never witness the majesty of her kind again. I stayed with her until the end, a silent guardian in the vast, empty savannah.","I was in the heart of the savannah, the sun a relentless sentinel overhead. The air was thick with the scent of dry grass and distant rain. I knelt beside her, the last of her kind, her breath a labored whisper. Her trunk, once a symbol of strength and dexterity, now lay limp and lifeless.

Her eyes, once bright and full of curiosity, were now clouded with the weight of a world that had failed her. I stroked her rough skin, my heart aching with the finality of the moment. The last elephant, a matriarch who had seen centuries of change, was now a silent testament to humanity's indifference.

The vultures circled overhead, patient and unyielding. I wanted to chase them away, to give her one last moment of peace, but I knew it was futile. The circle of life, as they say, is unbroken.

As her final breath escaped, I felt a profound sense of loss. Not just for her, but for the world she left behind. A world that would never hear the rumble of her call, never witness the majesty of her kind again. I stayed with her until the end, a silent guardian in the vast, empty savannah.",mistral-small-3.2-24b,mistral,False,202,1086,test,mistral-small-3.2-24b-q4_k_m,final-2026-09-20,"You are writing a short piece of fiction in response to a writing prompt, the way a person would on an online writing forum. Write the story itself. Do not restate the prompt, explain it, comment on it, or add any framing before or after the story.",140,220,8192,none,,end_turn,ollama-local-mistral-small-3.2-24b,2026-09-28 06:23:04.638081+00:00,24.0,mistral-small3.2:24b,q4_k_m,16384,8192,None,"{""temperature"": ""0.15""}","I was in the heart of the savannah, the sun a relentless sentinel overhead. The air was thick with the scent of dry grass and distant rain. I knelt beside her, the last of her kind, her breath a labored whisper. Her trunk, once a symbol of strength and dexterity, now lay limp and lifeless.

Her eyes, once bright and full of curiosity, were now clouded with the weight of a world that had failed her. I stroked her rough skin, my heart aching with the finality of the moment. The last elephant, a matriarch who had seen centuries of change, was now a silent testament to humanity's indifference.

The vultures circled overhead, patient and unyielding. I wanted to chase them away, to give her one last moment of peace, but I knew it was futile. The circle of life, as they say, is unbroken.

As her final breath escaped, I felt a profound sense of loss. Not just for her, but for the world she left behind. A world that would never hear the rumble of her call, never witness the majesty of her kind again. I stayed with her until the end, a silent guardian in the vast, empty savannah.","I was in the heart of the savannah, the sun a relentless sentinel overhead. The air was thick with the scent of dry grass and distant rain. I knelt beside her, the last of her kind, her breath a labored whisper. Her trunk, once a symbol of strength and dexterity, now lay limp and lifeless. Her eyes, once bright and full of curiosity, were now clouded with the weight of a world that had failed her. I stroked her rough skin, my heart aching with the finality of the moment. The last elephant, a matriarch who had seen centuries of change, was now a silent testament to humanity's indifference. The vultures circled overhead, patient and unyielding. I wanted to chase them away, to give her one last moment of peace, but I knew it was futile. The circle of life, as they say, is unbroken. As her final breath escaped, I felt a profound sense of loss. Not just for her, but for the world she left behind. A world that would never hear the rumble of her call, never witness the majesty of her kind again. I stayed with her until the end, a silent guardian in the vast, empty savannah.","I was in the heart of the savannah, the sun a relentless sentinel overhead. The air was thick with the scent of dry grass and distant rain. I knelt beside her, the last of her kind, her breath a labored whisper. Her trunk, once a symbol of strength and dexterity, now lay limp and lifeless. Her eyes, once bright and full of curiosity, were now clouded with the weight of a world that had failed her. I stroked her rough skin, my heart aching with the finality of the moment. The last elephant, a matriarch who had seen centuries of change, was now a silent testament to humanity's indifference. The vultures circled overhead, patient and unyielding. I wanted to chase them away, to give her one last moment of peace, but I knew it was futile. The circle of life, as they say, is unbroken. As her final breath escaped, I felt a profound sense of loss. Not just for her, but for the world she left behind. A world that would never hear the rumble of her call, never witness the majesty of her kind again. I stayed with her until the end, a silent guardian in the vast, empty savannah.",i was in the heart of the savannah the sun a relentless sentinel overhead the air was thick with the scent of dry grass and distant rain i knelt beside her the last of her kind her breath a labored whisper her trunk once a symbol of strength and dexterity now lay limp and lifeless her eyes once bright and full of curiosity were now clouded with the weight of a world that had failed her i stroked her rough skin my heart aching with the finality of the moment the last elephant a matriarch who had seen centuries of change was now a silent testament to humanity's indifference the vultures circled overhead patient and unyielding i wanted to chase them away to give her one last moment of peace but i knew it was futile the circle of life as they say is unbroken as her final breath escaped i felt a profound sense of loss not just for her but for the world she left behind a world that would never hear the rumble of her call never witness the majesty of her kind again i stayed with her until the end a silent guardian in the vast empty savannah
longform_0127__mistral-small-3.2-24b,longform_0127,long-form,"The zombie apocalypse finally happens! However, it only lasts about a month before the corpses are too rotted to move","In the chaos of the zombie apocalypse, Emma barricaded herself in her apartment, listening to the groans and thuds echoing through the streets. She rationed her food, her water, watching the world outside her window decay.

Then, one morning, the sounds stopped. Emma cautiously ventured out, finding the streets littered with motionless corpses, their forms too decomposed to move. She stepped over a rotting hand, its fingers curled like spider legs.

A month passed. The air smelled of damp earth and rot. Emma began to rebuild. She gathered survivors, and together, they cleared the streets, burned the bodies, and planted seeds in the cracks of the sidewalk.

Life sprouted amidst the decay. Emma looked at the green shoots pushing through the concrete and smiled. The apocalypse had ended, not with a bang, but with a whisper of new beginnings.","In the chaos of the zombie apocalypse, Emma barricaded herself in her apartment, listening to the groans and thuds echoing through the streets. She rationed her food, her water, watching the world outside her window decay.

Then, one morning, the sounds stopped. Emma cautiously ventured out, finding the streets littered with motionless corpses, their forms too decomposed to move. She stepped over a rotting hand, its fingers curled like spider legs.

A month passed. The air smelled of damp earth and rot. Emma began to rebuild. She gathered survivors, and together, they cleared the streets, burned the bodies, and planted seeds in the cracks of the sidewalk.

Life sprouted amidst the decay. Emma looked at the green shoots pushing through the concrete and smiled. The apocalypse had ended, not with a bang, but with a whisper of new beginnings.",mistral-small-3.2-24b,mistral,False,139,850,test,mistral-small-3.2-24b-q4_k_m,final-2026-09-20,"You are writing a short piece of fiction in response to a writing prompt, the way a person would on an online writing forum. Write the story itself. Do not restate the prompt, explain it, comment on it, or add any framing before or after the story.",140,220,8192,none,,end_turn,ollama-local-mistral-small-3.2-24b,2026-09-28 06:23:09.566486+00:00,24.0,mistral-small3.2:24b,q4_k_m,16384,8192,None,"{""temperature"": ""0.15""}","In the chaos of the zombie apocalypse, Emma barricaded herself in her apartment, listening to the groans and thuds echoing through the streets. She rationed her food, her water, watching the world outside her window decay.

Then, one morning, the sounds stopped. Emma cautiously ventured out, finding the streets littered with motionless corpses, their forms too decomposed to move. She stepped over a rotting hand, its fingers curled like spider legs.

A month passed. The air smelled of damp earth and rot. Emma began to rebuild. She gathered survivors, and together, they cleared the streets, burned the bodies, and planted seeds in the cracks of the sidewalk.

Life sprouted amidst the decay. Emma looked at the green shoots pushing through the concrete and smiled. The apocalypse had ended, not with a bang, but with a whisper of new beginnings.","In the chaos of the zombie apocalypse, Emma barricaded herself in her apartment, listening to the groans and thuds echoing through the streets. She rationed her food, her water, watching the world outside her window decay. Then, one morning, the sounds stopped. Emma cautiously ventured out, finding the streets littered with motionless corpses, their forms too decomposed to move. She stepped over a rotting hand, its fingers curled like spider legs. A month passed. The air smelled of damp earth and rot. Emma began to rebuild. She gathered survivors, and together, they cleared the streets, burned the bodies, and planted seeds in the cracks of the sidewalk. Life sprouted amidst the decay. Emma looked at the green shoots pushing through the concrete and smiled. The apocalypse had ended, not with a bang, but with a whisper of new beginnings.","In the chaos of the zombie apocalypse, Emma barricaded herself in her apartment, listening to the groans and thuds echoing through the streets. She rationed her food, her water, watching the world outside her window decay. Then, one morning, the sounds stopped. Emma cautiously ventured out, finding the streets littered with motionless corpses, their forms too decomposed to move. She stepped over a rotting hand, its fingers curled like spider legs. A month passed. The air smelled of damp earth and rot. Emma began to rebuild. She gathered survivors, and together, they cleared the streets, burned the bodies, and planted seeds in the cracks of the sidewalk. Life sprouted amidst the decay. Emma looked at the green shoots pushing through the concrete and smiled. The apocalypse had ended, not with a bang, but with a whisper of new beginnings.",in the chaos of the zombie apocalypse emma barricaded herself in her apartment listening to the groans and thuds echoing through the streets she rationed her food her water watching the world outside her window decay then one morning the sounds stopped emma cautiously ventured out finding the streets littered with motionless corpses their forms too decomposed to move she stepped over a rotting hand its fingers curled like spider legs a month passed the air smelled of damp earth and rot emma began to rebuild she gathered survivors and together they cleared the streets burned the bodies and planted seeds in the cracks of the sidewalk life sprouted amidst the decay emma looked at the green shoots pushing through the concrete and smiled the apocalypse had ended not with a bang but with a whisper of new beginnings
longform_0131__mistral-small-3.2-24b,longform_0131,long-form,Write a fable with a terrible moral of the story.,"In the heart of Whisperwood Forest, there lived a clever fox named Felix. Felix was known far and wide for his cunning and deceit. One day, he spotted a plump, juicy hen named Henrietta in a nearby farmyard. ""That hen will make a fine meal,"" Felix thought, licking his lips.

Felix trotted up to Henrietta and said, ""Good day, fair hen. I couldn't help but notice your feathers are rather dull and lackluster. I know a secret way to make them shine like gold.""

Henrietta, flattered and curious, asked, ""Oh, do tell, Mr. Fox.""

Felix grinned. ""All you need to do is stand on your tiptoes and flap your wings. But you must do it at midnight, under the full moon.""

Henrietta followed Felix's advice that very night. As she stood on her tiptoes and flapped her wings, Felix pounced, snatching her up in his jaws. He feasted on her that night, leaving no trace behind.

Moral of the story: Vanity is a delicious weakness.","In the heart of Whisperwood Forest, there lived a clever fox named Felix. Felix was known far and wide for his cunning and deceit. One day, he spotted a plump, juicy hen named Henrietta in a nearby farmyard. ""That hen will make a fine meal,"" Felix thought, licking his lips.

Felix trotted up to Henrietta and said, ""Good day, fair hen. I couldn't help but notice your feathers are rather dull and lackluster. I know a secret way to make them shine like gold.""

Henrietta, flattered and curious, asked, ""Oh, do tell, Mr. Fox.""

Felix grinned. ""All you need to do is stand on your tiptoes and flap your wings. But you must do it at midnight, under the full moon.""

Henrietta followed Felix's advice that very night. As she stood on her tiptoes and flapped her wings, Felix pounced, snatching her up in his jaws. He feasted on her that night, leaving no trace behind.

Moral of the story: Vanity is a delicious weakness.",mistral-small-3.2-24b,mistral,False,165,918,test,mistral-small-3.2-24b-q4_k_m,final-2026-09-20,"You are writing a short piece of fiction in response to a writing prompt, the way a person would on an online writing forum. Write the story itself. Do not restate the prompt, explain it, comment on it, or add any framing before or after the story.",140,220,8192,none,,end_turn,ollama-local-mistral-small-3.2-24b,2026-09-28 06:23:15.920066+00:00,24.0,mistral-small3.2:24b,q4_k_m,16384,8192,None,"{""temperature"": ""0.15""}","In the heart of Whisperwood Forest, there lived a clever fox named Felix. Felix was known far and wide for his cunning and deceit. One day, he spotted a plump, juicy hen named Henrietta in a nearby farmyard. ""That hen will make a fine meal,"" Felix thought, licking his lips.

Felix trotted up to Henrietta and said, ""Good day, fair hen. I couldn't help but notice your feathers are rather dull and lackluster. I know a secret way to make them shine like gold.""

Henrietta, flattered and curious, asked, ""Oh, do tell, Mr. Fox.""

Felix grinned. ""All you need to do is stand on your tiptoes and flap your wings. But you must do it at midnight, under the full moon.""

Henrietta followed Felix's advice that very night. As she stood on her tiptoes and flapped her wings, Felix pounced, snatching her up in his jaws. He feasted on her that night, leaving no trace behind.

Moral of the story: Vanity is a delicious weakness.","In the heart of Whisperwood Forest, there lived a clever fox named Felix. Felix was known far and wide for his cunning and deceit. One day, he spotted a plump, juicy hen named Henrietta in a nearby farmyard. ""That hen will make a fine meal,"" Felix thought, licking his lips. Felix trotted up to Henrietta and said, ""Good day, fair hen. I couldn't help but notice your feathers are rather dull and lackluster. I know a secret way to make them shine like gold."" Henrietta, flattered and curious, asked, ""Oh, do tell, Mr. Fox."" Felix grinned. ""All you need to do is stand on your tiptoes and flap your wings. But you must do it at midnight, under the full moon."" Henrietta followed Felix's advice that very night. As she stood on her tiptoes and flapped her wings, Felix pounced, snatching her up in his jaws. He feasted on her that night, leaving no trace behind. Moral of the story: Vanity is a delicious weakness.","In the heart of Whisperwood Forest, there lived a clever fox named Felix. Felix was known far and wide for his cunning and deceit. One day, he spotted a plump, juicy hen named Henrietta in a nearby farmyard. ""That hen will make a fine meal,"" Felix thought, licking his lips. Felix trotted up to Henrietta and said, ""Good day, fair hen. I couldn't help but notice your feathers are rather dull and lackluster. I know a secret way to make them shine like gold."" Henrietta, flattered and curious, asked, ""Oh, do tell, Mr. Fox."" Felix grinned. ""All you need to do is stand on your tiptoes and flap your wings. But you must do it at midnight, under the full moon."" Henrietta followed Felix's advice that very night. As she stood on her tiptoes and flapped her wings, Felix pounced, snatching her up in his jaws. He feasted on her that night, leaving no trace behind. Moral of the story: Vanity is a delicious weakness.",in the heart of whisperwood forest there lived a clever fox named felix felix was known far and wide for his cunning and deceit one day he spotted a plump juicy hen named henrietta in a nearby farmyard that hen will make a fine meal felix thought licking his lips felix trotted up to henrietta and said good day fair hen i couldn't help but notice your feathers are rather dull and lackluster i know a secret way to make them shine like gold henrietta flattered and curious asked oh do tell mr fox felix grinned all you need to do is stand on your tiptoes and flap your wings but you must do it at midnight under the full moon henrietta followed felix's advice that very night as she stood on her tiptoes and flapped her wings felix pounced snatching her up in his jaws he feasted on her that night leaving no trace behind moral of the story vanity is a delicious weakness
longform_0133__mistral-small-3.2-24b,longform_0133,long-form,"The United States of America finds itself in another civil war. You are a general of one of the sides in the middle of an interview. You just got finished answering a question about "" politics "", and then the interviewer asks you, "" What's the most brutal thing you've seen thus far in the war? ""","The interviewer's question lingers in the air, heavy and unwelcome. I hesitate, not out of ignorance, but because some memories are better left undisturbed. But duty calls, so I speak.

""About a month ago, we liberated a town near the front lines. Or what was left of it. The other side had been there, enforcing their brand of order. They'd gathered every able-bodied person, forced them into the town square. Then, they made them choose. Fight for them, or be executed. But not just executed. Made to watch their families, their neighbors, shot one by one before them. And the worst part? Some chose to fight. Not out of conviction, but out of fear. Out of desperation. I've seen battlefields, seen the horrors of war, but that... that was a new kind of brutality. It wasn't just about winning, it was about breaking the spirit of a people. Turning them against each other. That's the kind of war we're fighting now. And that's the kind of thing I hope never to see again.""","The interviewer's question lingers in the air, heavy and unwelcome. I hesitate, not out of ignorance, but because some memories are better left undisturbed. But duty calls, so I speak.

""About a month ago, we liberated a town near the front lines. Or what was left of it. The other side had been there, enforcing their brand of order. They'd gathered every able-bodied person, forced them into the town square. Then, they made them choose. Fight for them, or be executed. But not just executed. Made to watch their families, their neighbors, shot one by one before them. And the worst part? Some chose to fight. Not out of conviction, but out of fear. Out of desperation. I've seen battlefields, seen the horrors of war, but that... that was a new kind of brutality. It wasn't just about winning, it was about breaking the spirit of a people. Turning them against each other. That's the kind of war we're fighting now. And that's the kind of thing I hope never to see again.""",mistral-small-3.2-24b,mistral,False,173,975,test,mistral-small-3.2-24b-q4_k_m,final-2026-09-20,"You are writing a short piece of fiction in response to a writing prompt, the way a person would on an online writing forum. Write the story itself. Do not restate the prompt, explain it, comment on it, or add any framing before or after the story.",140,220,8192,none,,end_turn,ollama-local-mistral-small-3.2-24b,2026-09-28 06:23:22.134031+00:00,24.0,mistral-small3.2:24b,q4_k_m,16384,8192,None,"{""temperature"": ""0.15""}","The interviewer's question lingers in the air, heavy and unwelcome. I hesitate, not out of ignorance, but because some memories are better left undisturbed. But duty calls, so I speak.

""About a month ago, we liberated a town near the front lines. Or what was left of it. The other side had been there, enforcing their brand of order. They'd gathered every able-bodied person, forced them into the town square. Then, they made them choose. Fight for them, or be executed. But not just executed. Made to watch their families, their neighbors, shot one by one before them. And the worst part? Some chose to fight. Not out of conviction, but out of fear. Out of desperation. I've seen battlefields, seen the horrors of war, but that... that was a new kind of brutality. It wasn't just about winning, it was about breaking the spirit of a people. Turning them against each other. That's the kind of war we're fighting now. And that's the kind of thing I hope never to see again.""","The interviewer's question lingers in the air, heavy and unwelcome. I hesitate, not out of ignorance, but because some memories are better left undisturbed. But duty calls, so I speak. ""About a month ago, we liberated a town near the front lines. Or what was left of it. The other side had been there, enforcing their brand of order. They'd gathered every able-bodied person, forced them into the town square. Then, they made them choose. Fight for them, or be executed. But not just executed. Made to watch their families, their neighbors, shot one by one before them. And the worst part? Some chose to fight. Not out of conviction, but out of fear. Out of desperation. I've seen battlefields, seen the horrors of war, but that... that was a new kind of brutality. It wasn't just about winning, it was about breaking the spirit of a people. Turning them against each other. That's the kind of war we're fighting now. And that's the kind of thing I hope never to see again.""","The interviewer's question lingers in the air, heavy and unwelcome. I hesitate, not out of ignorance, but because some memories are better left undisturbed. But duty calls, so I speak. ""About a month ago, we liberated a town near the front lines. Or what was left of it. The other side had been there, enforcing their brand of order. They'd gathered every able-bodied person, forced them into the town square. Then, they made them choose. Fight for them, or be executed. But not just executed. Made to watch their families, their neighbors, shot one by one before them. And the worst part? Some chose to fight. Not out of conviction, but out of fear. Out of desperation. I've seen battlefields, seen the horrors of war, but that... that was a new kind of brutality. It wasn't just about winning, it was about breaking the spirit of a people. Turning them against each other. That's the kind of war we're fighting now. And that's the kind of thing I hope never to see again.""",the interviewer's question lingers in the air heavy and unwelcome i hesitate not out of ignorance but because some memories are better left undisturbed but duty calls so i speak about a month ago we liberated a town near the front lines or what was left of it the other side had been there enforcing their brand of order they'd gathered every able bodied person forced them into the town square then they made them choose fight for them or be executed but not just executed made to watch their families their neighbors shot one by one before them and the worst part some chose to fight not out of conviction but out of fear out of desperation i've seen battlefields seen the horrors of war but that that was a new kind of brutality it wasn't just about winning it was about breaking the spirit of a people turning them against each other that's the kind of war we're fighting now and that's the kind of thing i hope never to see again
longform_0150__mistral-small-3.2-24b,longform_0150,long-form,None of the angels knew the true purpose of their halos. Yours just broke.,"The celestial choir hummed softly as I floated among my brethren, my halo shimmering like a tiny, perfect moon. Then, a crack. A fracture spiderwebbed across its surface, and it shattered. Shards tinkled like broken stars, scattering into the abyss.

Gasps echoed through the heavens. None of us knew the purpose of our halos, but we knew their loss was unnatural.

Michael, his sword glowing, approached. ""What happened?""

I stared at the empty space above my brow. ""I... I don't know.""

Whispers swirled. Fear. Curiosity. I felt exposed, vulnerable. Without my halo, I was just another being in the vast cosmos.

Then, a warmth spread across my forehead. A soft light bloomed, growing, shaping itself into a new halo. But this one pulsed, alive, unlike the cold, inert crowns of my kin.

Michael's eyes widened. ""Yours... it's different.""

I reached up, touching the radiant band. Visions flooded my mind—purpose, destiny, a path unique to me. I gasped, understanding dawning.

Our halos weren't just adornments. They were guides. And mine had just shown me the way.","The celestial choir hummed softly as I floated among my brethren, my halo shimmering like a tiny, perfect moon. Then, a crack. A fracture spiderwebbed across its surface, and it shattered. Shards tinkled like broken stars, scattering into the abyss.

Gasps echoed through the heavens. None of us knew the purpose of our halos, but we knew their loss was unnatural.

Michael, his sword glowing, approached. ""What happened?""

I stared at the empty space above my brow. ""I... I don't know.""

Whispers swirled. Fear. Curiosity. I felt exposed, vulnerable. Without my halo, I was just another being in the vast cosmos.

Then, a warmth spread across my forehead. A soft light bloomed, growing, shaping itself into a new halo. But this one pulsed, alive, unlike the cold, inert crowns of my kin.

Michael's eyes widened. ""Yours... it's different.""

I reached up, touching the radiant band. Visions flooded my mind—purpose, destiny, a path unique to me. I gasped, understanding dawning.

Our halos weren't just adornments. They were guides. And mine had just shown me the way.",mistral-small-3.2-24b,mistral,False,175,1068,test,mistral-small-3.2-24b-q4_k_m,final-2026-09-20,"You are writing a short piece of fiction in response to a writing prompt, the way a person would on an online writing forum. Write the story itself. Do not restate the prompt, explain it, comment on it, or add any framing before or after the story.",140,220,8192,none,,end_turn,ollama-local-mistral-small-3.2-24b,2026-09-28 06:23:29.123803+00:00,24.0,mistral-small3.2:24b,q4_k_m,16384,8192,None,"{""temperature"": ""0.15""}","The celestial choir hummed softly as I floated among my brethren, my halo shimmering like a tiny, perfect moon. Then, a crack. A fracture spiderwebbed across its surface, and it shattered. Shards tinkled like broken stars, scattering into the abyss.

Gasps echoed through the heavens. None of us knew the purpose of our halos, but we knew their loss was unnatural.

Michael, his sword glowing, approached. ""What happened?""

I stared at the empty space above my brow. ""I... I don't know.""

Whispers swirled. Fear. Curiosity. I felt exposed, vulnerable. Without my halo, I was just another being in the vast cosmos.

Then, a warmth spread across my forehead. A soft light bloomed, growing, shaping itself into a new halo. But this one pulsed, alive, unlike the cold, inert crowns of my kin.

Michael's eyes widened. ""Yours... it's different.""

I reached up, touching the radiant band. Visions flooded my mind - purpose, destiny, a path unique to me. I gasped, understanding dawning.

Our halos weren't just adornments. They were guides. And mine had just shown me the way.","The celestial choir hummed softly as I floated among my brethren, my halo shimmering like a tiny, perfect moon. Then, a crack. A fracture spiderwebbed across its surface, and it shattered. Shards tinkled like broken stars, scattering into the abyss. Gasps echoed through the heavens. None of us knew the purpose of our halos, but we knew their loss was unnatural. Michael, his sword glowing, approached. ""What happened?"" I stared at the empty space above my brow. ""I... I don't know."" Whispers swirled. Fear. Curiosity. I felt exposed, vulnerable. Without my halo, I was just another being in the vast cosmos. Then, a warmth spread across my forehead. A soft light bloomed, growing, shaping itself into a new halo. But this one pulsed, alive, unlike the cold, inert crowns of my kin. Michael's eyes widened. ""Yours... it's different."" I reached up, touching the radiant band. Visions flooded my mind—purpose, destiny, a path unique to me. I gasped, understanding dawning. Our halos weren't just adornments. They were guides. And mine had just shown me the way.","The celestial choir hummed softly as I floated among my brethren, my halo shimmering like a tiny, perfect moon. Then, a crack. A fracture spiderwebbed across its surface, and it shattered. Shards tinkled like broken stars, scattering into the abyss. Gasps echoed through the heavens. None of us knew the purpose of our halos, but we knew their loss was unnatural. Michael, his sword glowing, approached. ""What happened?"" I stared at the empty space above my brow. ""I... I don't know."" Whispers swirled. Fear. Curiosity. I felt exposed, vulnerable. Without my halo, I was just another being in the vast cosmos. Then, a warmth spread across my forehead. A soft light bloomed, growing, shaping itself into a new halo. But this one pulsed, alive, unlike the cold, inert crowns of my kin. Michael's eyes widened. ""Yours... it's different."" I reached up, touching the radiant band. Visions flooded my mind - purpose, destiny, a path unique to me. I gasped, understanding dawning. Our halos weren't just adornments. They were guides. And mine had just shown me the way.",the celestial choir hummed softly as i floated among my brethren my halo shimmering like a tiny perfect moon then a crack a fracture spiderwebbed across its surface and it shattered shards tinkled like broken stars scattering into the abyss gasps echoed through the heavens none of us knew the purpose of our halos but we knew their loss was unnatural michael his sword glowing approached what happened i stared at the empty space above my brow i i don't know whispers swirled fear curiosity i felt exposed vulnerable without my halo i was just another being in the vast cosmos then a warmth spread across my forehead a soft light bloomed growing shaping itself into a new halo but this one pulsed alive unlike the cold inert crowns of my kin michael's eyes widened yours it's different i reached up touching the radiant band visions flooded my mind purpose destiny a path unique to me i gasped understanding dawning our halos weren't just adornments they were guides and mine had just shown me the way
longform_0153__mistral-small-3.2-24b,longform_0153,long-form,"Earth is a quarantined zone, holding the most deadly disease in the universe, H. Sapiens","In the sterile halls of the Galactic Council, the vote was unanimous. Earth was quarantined, its inhabitants deemed too dangerous to coexist with the rest of the universe. The disease, H. Sapiens, was too virulent, too unpredictable.

Captain Elara of the Stellar Guard watched the blue planet shrink on her viewscreen. Her mission: ensure no one entered or left. She had seen the reports—wars, pollution, greed. H. Sapiens was a plague unlike any other.

Years passed. Earth's signals grew faint, its people unaware of their isolation. Elara's ship, the Aegis, patrolled the perimeter, its shields humming.

One day, a faint distress signal pierced the silence. A derelict ship, human in origin, drifted into view. Elara's heart pounded. Protocol was clear: destroy any vessel attempting to breach the quarantine.

But as she reached for the command, a face appeared on her screen—a child, eyes wide with fear. ""Please,"" the child whispered, ""help us.""

Elara hesitated. The child was just a child, no matter the species. She made her choice. ""Bring them aboard,"" she ordered.

The Galactic Council would not approve. But Elara had seen enough of the universe to know that sometimes, mercy was the only cure for a diseased heart.","In the sterile halls of the Galactic Council, the vote was unanimous. Earth was quarantined, its inhabitants deemed too dangerous to coexist with the rest of the universe. The disease, H. Sapiens, was too virulent, too unpredictable.

Captain Elara of the Stellar Guard watched the blue planet shrink on her viewscreen. Her mission: ensure no one entered or left. She had seen the reports—wars, pollution, greed. H. Sapiens was a plague unlike any other.

Years passed. Earth's signals grew faint, its people unaware of their isolation. Elara's ship, the Aegis, patrolled the perimeter, its shields humming.

One day, a faint distress signal pierced the silence. A derelict ship, human in origin, drifted into view. Elara's heart pounded. Protocol was clear: destroy any vessel attempting to breach the quarantine.

But as she reached for the command, a face appeared on her screen—a child, eyes wide with fear. ""Please,"" the child whispered, ""help us.""

Elara hesitated. The child was just a child, no matter the species. She made her choice. ""Bring them aboard,"" she ordered.

The Galactic Council would not approve. But Elara had seen enough of the universe to know that sometimes, mercy was the only cure for a diseased heart.",mistral-small-3.2-24b,mistral,False,200,1230,test,mistral-small-3.2-24b-q4_k_m,final-2026-09-20,"You are writing a short piece of fiction in response to a writing prompt, the way a person would on an online writing forum. Write the story itself. Do not restate the prompt, explain it, comment on it, or add any framing before or after the story.",140,220,8192,none,,end_turn,ollama-local-mistral-small-3.2-24b,2026-09-28 06:23:36.760449+00:00,24.0,mistral-small3.2:24b,q4_k_m,16384,8192,None,"{""temperature"": ""0.15""}","In the sterile halls of the Galactic Council, the vote was unanimous. Earth was quarantined, its inhabitants deemed too dangerous to coexist with the rest of the universe. The disease, H. Sapiens, was too virulent, too unpredictable.

Captain Elara of the Stellar Guard watched the blue planet shrink on her viewscreen. Her mission: ensure no one entered or left. She had seen the reports - wars, pollution, greed. H. Sapiens was a plague unlike any other.

Years passed. Earth's signals grew faint, its people unaware of their isolation. Elara's ship, the Aegis, patrolled the perimeter, its shields humming.

One day, a faint distress signal pierced the silence. A derelict ship, human in origin, drifted into view. Elara's heart pounded. Protocol was clear: destroy any vessel attempting to breach the quarantine.

But as she reached for the command, a face appeared on her screen - a child, eyes wide with fear. ""Please,"" the child whispered, ""help us.""

Elara hesitated. The child was just a child, no matter the species. She made her choice. ""Bring them aboard,"" she ordered.

The Galactic Council would not approve. But Elara had seen enough of the universe to know that sometimes, mercy was the only cure for a diseased heart.","In the sterile halls of the Galactic Council, the vote was unanimous. Earth was quarantined, its inhabitants deemed too dangerous to coexist with the rest of the universe. The disease, H. Sapiens, was too virulent, too unpredictable. Captain Elara of the Stellar Guard watched the blue planet shrink on her viewscreen. Her mission: ensure no one entered or left. She had seen the reports—wars, pollution, greed. H. Sapiens was a plague unlike any other. Years passed. Earth's signals grew faint, its people unaware of their isolation. Elara's ship, the Aegis, patrolled the perimeter, its shields humming. One day, a faint distress signal pierced the silence. A derelict ship, human in origin, drifted into view. Elara's heart pounded. Protocol was clear: destroy any vessel attempting to breach the quarantine. But as she reached for the command, a face appeared on her screen—a child, eyes wide with fear. ""Please,"" the child whispered, ""help us."" Elara hesitated. The child was just a child, no matter the species. She made her choice. ""Bring them aboard,"" she ordered. The Galactic Council would not approve. But Elara had seen enough of the universe to know that sometimes, mercy was the only cure for a diseased heart.","In the sterile halls of the Galactic Council, the vote was unanimous. Earth was quarantined, its inhabitants deemed too dangerous to coexist with the rest of the universe. The disease, H. Sapiens, was too virulent, too unpredictable. Captain Elara of the Stellar Guard watched the blue planet shrink on her viewscreen. Her mission: ensure no one entered or left. She had seen the reports - wars, pollution, greed. H. Sapiens was a plague unlike any other. Years passed. Earth's signals grew faint, its people unaware of their isolation. Elara's ship, the Aegis, patrolled the perimeter, its shields humming. One day, a faint distress signal pierced the silence. A derelict ship, human in origin, drifted into view. Elara's heart pounded. Protocol was clear: destroy any vessel attempting to breach the quarantine. But as she reached for the command, a face appeared on her screen - a child, eyes wide with fear. ""Please,"" the child whispered, ""help us."" Elara hesitated. The child was just a child, no matter the species. She made her choice. ""Bring them aboard,"" she ordered. The Galactic Council would not approve. But Elara had seen enough of the universe to know that sometimes, mercy was the only cure for a diseased heart.",in the sterile halls of the galactic council the vote was unanimous earth was quarantined its inhabitants deemed too dangerous to coexist with the rest of the universe the disease h sapiens was too virulent too unpredictable captain elara of the stellar guard watched the blue planet shrink on her viewscreen her mission ensure no one entered or left she had seen the reports wars pollution greed h sapiens was a plague unlike any other years passed earth's signals grew faint its people unaware of their isolation elara's ship the aegis patrolled the perimeter its shields humming one day a faint distress signal pierced the silence a derelict ship human in origin drifted into view elara's heart pounded protocol was clear destroy any vessel attempting to breach the quarantine but as she reached for the command a face appeared on her screen a child eyes wide with fear please the child whispered help us elara hesitated the child was just a child no matter the species she made her choice bring them aboard she ordered the galactic council would not approve but elara had seen enough of the universe to know that sometimes mercy was the only cure for a diseased heart
longform_0156__mistral-small-3.2-24b,longform_0156,long-form,Fast food franchises have become the dominant religions. You meet some unsavoury acolytes of the Burger King whilst on a pilgrimage to Kentucky.,"The highway to Kentucky was lined with golden arches and neon crosses, their glow casting long shadows on the tarmac. I walked, my backpack heavy with offerings of frozen patties and sacred sauce.

A group of robed figures emerged from the shadows of a derelict Whopper Shack. Their crowns were crumpled paper crowns, their staffs were mop handles. ""Whom do you seek, pilgrim?"" their leader demanded, his voice a guttural growl.

""Colonel Sanders,"" I replied, my voice steady. ""I seek the original recipe.""

They laughed, a harsh, metallic sound. ""The original recipe is a myth, a lie spread by the weak to justify their heresy!"" The leader stepped closer, his breath reeking of stale fries. ""Only the Whopper can save us now. Only the Whopper can bring true enlightenment.""

I tightened my grip on my backpack. ""I seek the truth,"" I said. ""Not your twisted dogma.""

The leader's eyes narrowed. ""Then you are our enemy."" He raised his mop handle, and his followers did the same. I stood my ground, my heart pounding. I knew the risks of this pilgrimage, but I would not be deterred. The truth was out there, and I would find it.","The highway to Kentucky was lined with golden arches and neon crosses, their glow casting long shadows on the tarmac. I walked, my backpack heavy with offerings of frozen patties and sacred sauce.

A group of robed figures emerged from the shadows of a derelict Whopper Shack. Their crowns were crumpled paper crowns, their staffs were mop handles. ""Whom do you seek, pilgrim?"" their leader demanded, his voice a guttural growl.

""Colonel Sanders,"" I replied, my voice steady. ""I seek the original recipe.""

They laughed, a harsh, metallic sound. ""The original recipe is a myth, a lie spread by the weak to justify their heresy!"" The leader stepped closer, his breath reeking of stale fries. ""Only the Whopper can save us now. Only the Whopper can bring true enlightenment.""

I tightened my grip on my backpack. ""I seek the truth,"" I said. ""Not your twisted dogma.""

The leader's eyes narrowed. ""Then you are our enemy."" He raised his mop handle, and his followers did the same. I stood my ground, my heart pounding. I knew the risks of this pilgrimage, but I would not be deterred. The truth was out there, and I would find it.",mistral-small-3.2-24b,mistral,False,196,1128,test,mistral-small-3.2-24b-q4_k_m,final-2026-09-20,"You are writing a short piece of fiction in response to a writing prompt, the way a person would on an online writing forum. Write the story itself. Do not restate the prompt, explain it, comment on it, or add any framing before or after the story.",140,220,8192,none,,end_turn,ollama-local-mistral-small-3.2-24b,2026-09-28 06:23:44.119978+00:00,24.0,mistral-small3.2:24b,q4_k_m,16384,8192,None,"{""temperature"": ""0.15""}","The highway to Kentucky was lined with golden arches and neon crosses, their glow casting long shadows on the tarmac. I walked, my backpack heavy with offerings of frozen patties and sacred sauce.

A group of robed figures emerged from the shadows of a derelict Whopper Shack. Their crowns were crumpled paper crowns, their staffs were mop handles. ""Whom do you seek, pilgrim?"" their leader demanded, his voice a guttural growl.

""Colonel Sanders,"" I replied, my voice steady. ""I seek the original recipe.""

They laughed, a harsh, metallic sound. ""The original recipe is a myth, a lie spread by the weak to justify their heresy!"" The leader stepped closer, his breath reeking of stale fries. ""Only the Whopper can save us now. Only the Whopper can bring true enlightenment.""

I tightened my grip on my backpack. ""I seek the truth,"" I said. ""Not your twisted dogma.""

The leader's eyes narrowed. ""Then you are our enemy."" He raised his mop handle, and his followers did the same. I stood my ground, my heart pounding. I knew the risks of this pilgrimage, but I would not be deterred. The truth was out there, and I would find it.","The highway to Kentucky was lined with golden arches and neon crosses, their glow casting long shadows on the tarmac. I walked, my backpack heavy with offerings of frozen patties and sacred sauce. A group of robed figures emerged from the shadows of a derelict Whopper Shack. Their crowns were crumpled paper crowns, their staffs were mop handles. ""Whom do you seek, pilgrim?"" their leader demanded, his voice a guttural growl. ""Colonel Sanders,"" I replied, my voice steady. ""I seek the original recipe."" They laughed, a harsh, metallic sound. ""The original recipe is a myth, a lie spread by the weak to justify their heresy!"" The leader stepped closer, his breath reeking of stale fries. ""Only the Whopper can save us now. Only the Whopper can bring true enlightenment."" I tightened my grip on my backpack. ""I seek the truth,"" I said. ""Not your twisted dogma."" The leader's eyes narrowed. ""Then you are our enemy."" He raised his mop handle, and his followers did the same. I stood my ground, my heart pounding. I knew the risks of this pilgrimage, but I would not be deterred. The truth was out there, and I would find it.","The highway to Kentucky was lined with golden arches and neon crosses, their glow casting long shadows on the tarmac. I walked, my backpack heavy with offerings of frozen patties and sacred sauce. A group of robed figures emerged from the shadows of a derelict Whopper Shack. Their crowns were crumpled paper crowns, their staffs were mop handles. ""Whom do you seek, pilgrim?"" their leader demanded, his voice a guttural growl. ""Colonel Sanders,"" I replied, my voice steady. ""I seek the original recipe."" They laughed, a harsh, metallic sound. ""The original recipe is a myth, a lie spread by the weak to justify their heresy!"" The leader stepped closer, his breath reeking of stale fries. ""Only the Whopper can save us now. Only the Whopper can bring true enlightenment."" I tightened my grip on my backpack. ""I seek the truth,"" I said. ""Not your twisted dogma."" The leader's eyes narrowed. ""Then you are our enemy."" He raised his mop handle, and his followers did the same. I stood my ground, my heart pounding. I knew the risks of this pilgrimage, but I would not be deterred. The truth was out there, and I would find it.",the highway to kentucky was lined with golden arches and neon crosses their glow casting long shadows on the tarmac i walked my backpack heavy with offerings of frozen patties and sacred sauce a group of robed figures emerged from the shadows of a derelict whopper shack their crowns were crumpled paper crowns their staffs were mop handles whom do you seek pilgrim their leader demanded his voice a guttural growl colonel sanders i replied my voice steady i seek the original recipe they laughed a harsh metallic sound the original recipe is a myth a lie spread by the weak to justify their heresy the leader stepped closer his breath reeking of stale fries only the whopper can save us now only the whopper can bring true enlightenment i tightened my grip on my backpack i seek the truth i said not your twisted dogma the leader's eyes narrowed then you are our enemy he raised his mop handle and his followers did the same i stood my ground my heart pounding i knew the risks of this pilgrimage but i would not be deterred the truth was out there and i would find it
longform_0178__mistral-small-3.2-24b,longform_0178,long-form,"High schools introduce "" romantic relationships "" as a new school subject. In order to pass, you have to find yourself a girlfriend/boyfriend before the end of the year.","In the hallowed halls of Jefferson High, a new subject was introduced: Romantic Relationships 101. To pass, we had to find a significant other by year's end.

I, the quintessential wallflower, was doomed.

Then, fate intervened in the form of a misplaced library book. I knelt to help a girl retrieve it, and our eyes met. It was Clara, the enigmatic artist who always sat alone.

""Thanks,"" she said, smiling. ""I'm Clara.""

""I'm Jake,"" I replied, my heart pounding.

Our teacher, Mr. Thompson, noticed our interaction and grinned. ""Looks like someone's making progress,"" he whispered.

We started talking, sharing lunches, and even collaborating on a project. One day, Clara asked, ""Want to be my study partner for Romantic Relationships?""

I nodded, barely daring to hope.

On the last day of school, Clara handed me a painting. It was us, standing together, labeled 'Passed' in bold letters.

""Jake,"" she said softly, ""I think we passed. Together.""

I smiled, my heart full. Who knew love could be this simple?","In the hallowed halls of Jefferson High, a new subject was introduced: Romantic Relationships 101. To pass, we had to find a significant other by year's end.

I, the quintessential wallflower, was doomed.

Then, fate intervened in the form of a misplaced library book. I knelt to help a girl retrieve it, and our eyes met. It was Clara, the enigmatic artist who always sat alone.

""Thanks,"" she said, smiling. ""I'm Clara.""

""I'm Jake,"" I replied, my heart pounding.

Our teacher, Mr. Thompson, noticed our interaction and grinned. ""Looks like someone's making progress,"" he whispered.

We started talking, sharing lunches, and even collaborating on a project. One day, Clara asked, ""Want to be my study partner for Romantic Relationships?""

I nodded, barely daring to hope.

On the last day of school, Clara handed me a painting. It was us, standing together, labeled 'Passed' in bold letters.

""Jake,"" she said softly, ""I think we passed. Together.""

I smiled, my heart full. Who knew love could be this simple?",mistral-small-3.2-24b,mistral,False,167,1012,test,mistral-small-3.2-24b-q4_k_m,final-2026-09-20,"You are writing a short piece of fiction in response to a writing prompt, the way a person would on an online writing forum. Write the story itself. Do not restate the prompt, explain it, comment on it, or add any framing before or after the story.",140,220,8192,none,,end_turn,ollama-local-mistral-small-3.2-24b,2026-09-28 06:23:50.813659+00:00,24.0,mistral-small3.2:24b,q4_k_m,16384,8192,None,"{""temperature"": ""0.15""}","In the hallowed halls of Jefferson High, a new subject was introduced: Romantic Relationships 101. To pass, we had to find a significant other by year's end.

I, the quintessential wallflower, was doomed.

Then, fate intervened in the form of a misplaced library book. I knelt to help a girl retrieve it, and our eyes met. It was Clara, the enigmatic artist who always sat alone.

""Thanks,"" she said, smiling. ""I'm Clara.""

""I'm Jake,"" I replied, my heart pounding.

Our teacher, Mr. Thompson, noticed our interaction and grinned. ""Looks like someone's making progress,"" he whispered.

We started talking, sharing lunches, and even collaborating on a project. One day, Clara asked, ""Want to be my study partner for Romantic Relationships?""

I nodded, barely daring to hope.

On the last day of school, Clara handed me a painting. It was us, standing together, labeled 'Passed' in bold letters.

""Jake,"" she said softly, ""I think we passed. Together.""

I smiled, my heart full. Who knew love could be this simple?","In the hallowed halls of Jefferson High, a new subject was introduced: Romantic Relationships 101. To pass, we had to find a significant other by year's end. I, the quintessential wallflower, was doomed. Then, fate intervened in the form of a misplaced library book. I knelt to help a girl retrieve it, and our eyes met. It was Clara, the enigmatic artist who always sat alone. ""Thanks,"" she said, smiling. ""I'm Clara."" ""I'm Jake,"" I replied, my heart pounding. Our teacher, Mr. Thompson, noticed our interaction and grinned. ""Looks like someone's making progress,"" he whispered. We started talking, sharing lunches, and even collaborating on a project. One day, Clara asked, ""Want to be my study partner for Romantic Relationships?"" I nodded, barely daring to hope. On the last day of school, Clara handed me a painting. It was us, standing together, labeled 'Passed' in bold letters. ""Jake,"" she said softly, ""I think we passed. Together."" I smiled, my heart full. Who knew love could be this simple?","In the hallowed halls of Jefferson High, a new subject was introduced: Romantic Relationships 101. To pass, we had to find a significant other by year's end. I, the quintessential wallflower, was doomed. Then, fate intervened in the form of a misplaced library book. I knelt to help a girl retrieve it, and our eyes met. It was Clara, the enigmatic artist who always sat alone. ""Thanks,"" she said, smiling. ""I'm Clara."" ""I'm Jake,"" I replied, my heart pounding. Our teacher, Mr. Thompson, noticed our interaction and grinned. ""Looks like someone's making progress,"" he whispered. We started talking, sharing lunches, and even collaborating on a project. One day, Clara asked, ""Want to be my study partner for Romantic Relationships?"" I nodded, barely daring to hope. On the last day of school, Clara handed me a painting. It was us, standing together, labeled 'Passed' in bold letters. ""Jake,"" she said softly, ""I think we passed. Together."" I smiled, my heart full. Who knew love could be this simple?",in the hallowed halls of jefferson high a new subject was introduced romantic relationships 101 to pass we had to find a significant other by year's end i the quintessential wallflower was doomed then fate intervened in the form of a misplaced library book i knelt to help a girl retrieve it and our eyes met it was clara the enigmatic artist who always sat alone thanks she said smiling i'm clara i'm jake i replied my heart pounding our teacher mr thompson noticed our interaction and grinned looks like someone's making progress he whispered we started talking sharing lunches and even collaborating on a project one day clara asked want to be my study partner for romantic relationships i nodded barely daring to hope on the last day of school clara handed me a painting it was us standing together labeled passed in bold letters jake she said softly i think we passed together i smiled my heart full who knew love could be this simple
longform_0184__mistral-small-3.2-24b,longform_0184,long-form,"A time traveler returns from the future, crying.","In the dim glow of the lab, Dr. Elara materialized, her body shimmering like a mirage. She collapsed to her knees, tears streaking her soot-smudged cheeks. ""It's gone,"" she sobbed, clutching a charred photograph. ""All of it.""

I knelt beside her, my heart pounding. ""What happened? Where have you been?""

She looked up, her eyes reflecting a future I couldn't fathom. ""2137. The year the last tree died."" She waved a trembling hand at the photo. ""This was Central Park. Now it's a graveyard of concrete and steel, choked with smog.""

I took the photo, my stomach twisting. A lone, skeletal tree stood in the center, its branches reaching like skeletal fingers towards a blood-red sky.

""Climate change,"" she whispered. ""We didn't act in time. The oceans boiled, the cities crumbled. We became extinct.""

I shook my head, helpless. ""We can change this. We can warn them.""

She gripped my arm, her fingers digging in. ""You don't understand. It's already too late. The damage is done. We're just... echoes in the wind.""

Her words hung heavy, a dirge for a world yet to die. I looked at the photo, the last testament of a future we couldn't save.","In the dim glow of the lab, Dr. Elara materialized, her body shimmering like a mirage. She collapsed to her knees, tears streaking her soot-smudged cheeks. ""It's gone,"" she sobbed, clutching a charred photograph. ""All of it.""

I knelt beside her, my heart pounding. ""What happened? Where have you been?""

She looked up, her eyes reflecting a future I couldn't fathom. ""2137. The year the last tree died."" She waved a trembling hand at the photo. ""This was Central Park. Now it's a graveyard of concrete and steel, choked with smog.""

I took the photo, my stomach twisting. A lone, skeletal tree stood in the center, its branches reaching like skeletal fingers towards a blood-red sky.

""Climate change,"" she whispered. ""We didn't act in time. The oceans boiled, the cities crumbled. We became extinct.""

I shook my head, helpless. ""We can change this. We can warn them.""

She gripped my arm, her fingers digging in. ""You don't understand. It's already too late. The damage is done. We're just... echoes in the wind.""

Her words hung heavy, a dirge for a world yet to die. I looked at the photo, the last testament of a future we couldn't save.",mistral-small-3.2-24b,mistral,False,198,1143,test,mistral-small-3.2-24b-q4_k_m,final-2026-09-20,"You are writing a short piece of fiction in response to a writing prompt, the way a person would on an online writing forum. Write the story itself. Do not restate the prompt, explain it, comment on it, or add any framing before or after the story.",140,220,8192,none,,end_turn,ollama-local-mistral-small-3.2-24b,2026-09-28 06:23:58.644312+00:00,24.0,mistral-small3.2:24b,q4_k_m,16384,8192,None,"{""temperature"": ""0.15""}","In the dim glow of the lab, Dr. Elara materialized, her body shimmering like a mirage. She collapsed to her knees, tears streaking her soot-smudged cheeks. ""It's gone,"" she sobbed, clutching a charred photograph. ""All of it.""

I knelt beside her, my heart pounding. ""What happened? Where have you been?""

She looked up, her eyes reflecting a future I couldn't fathom. ""2137. The year the last tree died."" She waved a trembling hand at the photo. ""This was Central Park. Now it's a graveyard of concrete and steel, choked with smog.""

I took the photo, my stomach twisting. A lone, skeletal tree stood in the center, its branches reaching like skeletal fingers towards a blood-red sky.

""Climate change,"" she whispered. ""We didn't act in time. The oceans boiled, the cities crumbled. We became extinct.""

I shook my head, helpless. ""We can change this. We can warn them.""

She gripped my arm, her fingers digging in. ""You don't understand. It's already too late. The damage is done. We're just... echoes in the wind.""

Her words hung heavy, a dirge for a world yet to die. I looked at the photo, the last testament of a future we couldn't save.","In the dim glow of the lab, Dr. Elara materialized, her body shimmering like a mirage. She collapsed to her knees, tears streaking her soot-smudged cheeks. ""It's gone,"" she sobbed, clutching a charred photograph. ""All of it."" I knelt beside her, my heart pounding. ""What happened? Where have you been?"" She looked up, her eyes reflecting a future I couldn't fathom. ""2137. The year the last tree died."" She waved a trembling hand at the photo. ""This was Central Park. Now it's a graveyard of concrete and steel, choked with smog."" I took the photo, my stomach twisting. A lone, skeletal tree stood in the center, its branches reaching like skeletal fingers towards a blood-red sky. ""Climate change,"" she whispered. ""We didn't act in time. The oceans boiled, the cities crumbled. We became extinct."" I shook my head, helpless. ""We can change this. We can warn them."" She gripped my arm, her fingers digging in. ""You don't understand. It's already too late. The damage is done. We're just... echoes in the wind."" Her words hung heavy, a dirge for a world yet to die. I looked at the photo, the last testament of a future we couldn't save.","In the dim glow of the lab, Dr. Elara materialized, her body shimmering like a mirage. She collapsed to her knees, tears streaking her soot-smudged cheeks. ""It's gone,"" she sobbed, clutching a charred photograph. ""All of it."" I knelt beside her, my heart pounding. ""What happened? Where have you been?"" She looked up, her eyes reflecting a future I couldn't fathom. ""2137. The year the last tree died."" She waved a trembling hand at the photo. ""This was Central Park. Now it's a graveyard of concrete and steel, choked with smog."" I took the photo, my stomach twisting. A lone, skeletal tree stood in the center, its branches reaching like skeletal fingers towards a blood-red sky. ""Climate change,"" she whispered. ""We didn't act in time. The oceans boiled, the cities crumbled. We became extinct."" I shook my head, helpless. ""We can change this. We can warn them."" She gripped my arm, her fingers digging in. ""You don't understand. It's already too late. The damage is done. We're just... echoes in the wind."" Her words hung heavy, a dirge for a world yet to die. I looked at the photo, the last testament of a future we couldn't save.",in the dim glow of the lab dr elara materialized her body shimmering like a mirage she collapsed to her knees tears streaking her soot smudged cheeks it's gone she sobbed clutching a charred photograph all of it i knelt beside her my heart pounding what happened where have you been she looked up her eyes reflecting a future i couldn't fathom 2137 the year the last tree died she waved a trembling hand at the photo this was central park now it's a graveyard of concrete and steel choked with smog i took the photo my stomach twisting a lone skeletal tree stood in the center its branches reaching like skeletal fingers towards a blood red sky climate change she whispered we didn't act in time the oceans boiled the cities crumbled we became extinct i shook my head helpless we can change this we can warn them she gripped my arm her fingers digging in you don't understand it's already too late the damage is done we're just echoes in the wind her words hung heavy a dirge for a world yet to die i looked at the photo the last testament of a future we couldn't save
longform_0238__mistral-small-3.2-24b,longform_0238,long-form,Only a woman can make you feel guilty for doing something perfectly normal...,"The office was silent except for the hum of the air conditioner. I leaned back in my chair, stretching my arms above my head. A yawn escaped me, and I glanced at my watch. It was only 10 AM, but I'd been up late finishing a project.

""Tired?"" Her voice was soft, almost gentle. I turned to see Sarah, my coworker, standing in the doorway of my cubicle. She had a cup of coffee in her hand, her eyes fixed on me.

""Yeah, bit of a late night,"" I admitted, rubbing my eyes.

She nodded, her expression unreadable. ""You should take better care of yourself."" Her tone was mild, but the words hit me like a punch. I felt a pang of guilt, as if I'd done something wrong.

""I will,"" I promised, suddenly feeling like a child caught misbehaving. She smiled, but it didn't reach her eyes. ""Good,"" she said, before walking away.

I stared after her, my guilt morphing into frustration. Why did I feel bad for staying up late? It was my time, my choice. Yet, her words lingered, making me question my actions. Only a woman could make me feel guilty for doing something perfectly normal.","The office was silent except for the hum of the air conditioner. I leaned back in my chair, stretching my arms above my head. A yawn escaped me, and I glanced at my watch. It was only 10 AM, but I'd been up late finishing a project.

""Tired?"" Her voice was soft, almost gentle. I turned to see Sarah, my coworker, standing in the doorway of my cubicle. She had a cup of coffee in her hand, her eyes fixed on me.

""Yeah, bit of a late night,"" I admitted, rubbing my eyes.

She nodded, her expression unreadable. ""You should take better care of yourself."" Her tone was mild, but the words hit me like a punch. I felt a pang of guilt, as if I'd done something wrong.

""I will,"" I promised, suddenly feeling like a child caught misbehaving. She smiled, but it didn't reach her eyes. ""Good,"" she said, before walking away.

I stared after her, my guilt morphing into frustration. Why did I feel bad for staying up late? It was my time, my choice. Yet, her words lingered, making me question my actions. Only a woman could make me feel guilty for doing something perfectly normal.",mistral-small-3.2-24b,mistral,False,200,1074,test,mistral-small-3.2-24b-q4_k_m,final-2026-09-20,"You are writing a short piece of fiction in response to a writing prompt, the way a person would on an online writing forum. Write the story itself. Do not restate the prompt, explain it, comment on it, or add any framing before or after the story.",140,220,8192,none,,end_turn,ollama-local-mistral-small-3.2-24b,2026-09-28 06:24:05.811209+00:00,24.0,mistral-small3.2:24b,q4_k_m,16384,8192,None,"{""temperature"": ""0.15""}","The office was silent except for the hum of the air conditioner. I leaned back in my chair, stretching my arms above my head. A yawn escaped me, and I glanced at my watch. It was only 10 AM, but I'd been up late finishing a project.

""Tired?"" Her voice was soft, almost gentle. I turned to see Sarah, my coworker, standing in the doorway of my cubicle. She had a cup of coffee in her hand, her eyes fixed on me.

""Yeah, bit of a late night,"" I admitted, rubbing my eyes.

She nodded, her expression unreadable. ""You should take better care of yourself."" Her tone was mild, but the words hit me like a punch. I felt a pang of guilt, as if I'd done something wrong.

""I will,"" I promised, suddenly feeling like a child caught misbehaving. She smiled, but it didn't reach her eyes. ""Good,"" she said, before walking away.

I stared after her, my guilt morphing into frustration. Why did I feel bad for staying up late? It was my time, my choice. Yet, her words lingered, making me question my actions. Only a woman could make me feel guilty for doing something perfectly normal.","The office was silent except for the hum of the air conditioner. I leaned back in my chair, stretching my arms above my head. A yawn escaped me, and I glanced at my watch. It was only 10 AM, but I'd been up late finishing a project. ""Tired?"" Her voice was soft, almost gentle. I turned to see Sarah, my coworker, standing in the doorway of my cubicle. She had a cup of coffee in her hand, her eyes fixed on me. ""Yeah, bit of a late night,"" I admitted, rubbing my eyes. She nodded, her expression unreadable. ""You should take better care of yourself."" Her tone was mild, but the words hit me like a punch. I felt a pang of guilt, as if I'd done something wrong. ""I will,"" I promised, suddenly feeling like a child caught misbehaving. She smiled, but it didn't reach her eyes. ""Good,"" she said, before walking away. I stared after her, my guilt morphing into frustration. Why did I feel bad for staying up late? It was my time, my choice. Yet, her words lingered, making me question my actions. Only a woman could make me feel guilty for doing something perfectly normal.","The office was silent except for the hum of the air conditioner. I leaned back in my chair, stretching my arms above my head. A yawn escaped me, and I glanced at my watch. It was only 10 AM, but I'd been up late finishing a project. ""Tired?"" Her voice was soft, almost gentle. I turned to see Sarah, my coworker, standing in the doorway of my cubicle. She had a cup of coffee in her hand, her eyes fixed on me. ""Yeah, bit of a late night,"" I admitted, rubbing my eyes. She nodded, her expression unreadable. ""You should take better care of yourself."" Her tone was mild, but the words hit me like a punch. I felt a pang of guilt, as if I'd done something wrong. ""I will,"" I promised, suddenly feeling like a child caught misbehaving. She smiled, but it didn't reach her eyes. ""Good,"" she said, before walking away. I stared after her, my guilt morphing into frustration. Why did I feel bad for staying up late? It was my time, my choice. Yet, her words lingered, making me question my actions. Only a woman could make me feel guilty for doing something perfectly normal.",the office was silent except for the hum of the air conditioner i leaned back in my chair stretching my arms above my head a yawn escaped me and i glanced at my watch it was only 10 am but i'd been up late finishing a project tired her voice was soft almost gentle i turned to see sarah my coworker standing in the doorway of my cubicle she had a cup of coffee in her hand her eyes fixed on me yeah bit of a late night i admitted rubbing my eyes she nodded her expression unreadable you should take better care of yourself her tone was mild but the words hit me like a punch i felt a pang of guilt as if i'd done something wrong i will i promised suddenly feeling like a child caught misbehaving she smiled but it didn't reach her eyes good she said before walking away i stared after her my guilt morphing into frustration why did i feel bad for staying up late it was my time my choice yet her words lingered making me question my actions only a woman could make me feel guilty for doing something perfectly normal
longform_0248__mistral-small-3.2-24b,longform_0248,long-form,"A story, a poem, a dialogue that makes people smile.","In the heart of the city, a tiny coffee shop named ""Brew Ha-Ha"" stood out. Its owner, a cheerful woman named Maggie, had a unique way of making her customers smile.

One rainy afternoon, a grumpy man named Harold walked in. He was new to the city and missed his old coffee shop. Maggie greeted him warmly, ""Welcome to Brew Ha-Ha! What can I get for you?""

Harold grumbled, ""Just a black coffee.""

Maggie smiled, ""Coming right up! But first, let me tell you a joke. Why did the coffee file a police report? It got mugged!""

Harold couldn't help but chuckle. As he sipped his coffee, Maggie shared more jokes and even taught him a fun fact about coffee beans. By the time Harold left, he was smiling.

From that day forward, Harold visited Brew Ha-Ha daily. He even started sharing jokes with other customers. Maggie's laughter-filled coffee shop became a beacon of joy in the city, one cup and one joke at a time.","In the heart of the city, a tiny coffee shop named ""Brew Ha-Ha"" stood out. Its owner, a cheerful woman named Maggie, had a unique way of making her customers smile.

One rainy afternoon, a grumpy man named Harold walked in. He was new to the city and missed his old coffee shop. Maggie greeted him warmly, ""Welcome to Brew Ha-Ha! What can I get for you?""

Harold grumbled, ""Just a black coffee.""

Maggie smiled, ""Coming right up! But first, let me tell you a joke. Why did the coffee file a police report? It got mugged!""

Harold couldn't help but chuckle. As he sipped his coffee, Maggie shared more jokes and even taught him a fun fact about coffee beans. By the time Harold left, he was smiling.

From that day forward, Harold visited Brew Ha-Ha daily. He even started sharing jokes with other customers. Maggie's laughter-filled coffee shop became a beacon of joy in the city, one cup and one joke at a time.",mistral-small-3.2-24b,mistral,False,166,912,test,mistral-small-3.2-24b-q4_k_m,final-2026-09-20,"You are writing a short piece of fiction in response to a writing prompt, the way a person would on an online writing forum. Write the story itself. Do not restate the prompt, explain it, comment on it, or add any framing before or after the story.",140,220,8192,none,,end_turn,ollama-local-mistral-small-3.2-24b,2026-09-28 06:24:11.866419+00:00,24.0,mistral-small3.2:24b,q4_k_m,16384,8192,None,"{""temperature"": ""0.15""}","In the heart of the city, a tiny coffee shop named ""Brew Ha-Ha"" stood out. Its owner, a cheerful woman named Maggie, had a unique way of making her customers smile.

One rainy afternoon, a grumpy man named Harold walked in. He was new to the city and missed his old coffee shop. Maggie greeted him warmly, ""Welcome to Brew Ha-Ha! What can I get for you?""

Harold grumbled, ""Just a black coffee.""

Maggie smiled, ""Coming right up! But first, let me tell you a joke. Why did the coffee file a police report? It got mugged!""

Harold couldn't help but chuckle. As he sipped his coffee, Maggie shared more jokes and even taught him a fun fact about coffee beans. By the time Harold left, he was smiling.

From that day forward, Harold visited Brew Ha-Ha daily. He even started sharing jokes with other customers. Maggie's laughter-filled coffee shop became a beacon of joy in the city, one cup and one joke at a time.","In the heart of the city, a tiny coffee shop named ""Brew Ha-Ha"" stood out. Its owner, a cheerful woman named Maggie, had a unique way of making her customers smile. One rainy afternoon, a grumpy man named Harold walked in. He was new to the city and missed his old coffee shop. Maggie greeted him warmly, ""Welcome to Brew Ha-Ha! What can I get for you?"" Harold grumbled, ""Just a black coffee."" Maggie smiled, ""Coming right up! But first, let me tell you a joke. Why did the coffee file a police report? It got mugged!"" Harold couldn't help but chuckle. As he sipped his coffee, Maggie shared more jokes and even taught him a fun fact about coffee beans. By the time Harold left, he was smiling. From that day forward, Harold visited Brew Ha-Ha daily. He even started sharing jokes with other customers. Maggie's laughter-filled coffee shop became a beacon of joy in the city, one cup and one joke at a time.","In the heart of the city, a tiny coffee shop named ""Brew Ha-Ha"" stood out. Its owner, a cheerful woman named Maggie, had a unique way of making her customers smile. One rainy afternoon, a grumpy man named Harold walked in. He was new to the city and missed his old coffee shop. Maggie greeted him warmly, ""Welcome to Brew Ha-Ha! What can I get for you?"" Harold grumbled, ""Just a black coffee."" Maggie smiled, ""Coming right up! But first, let me tell you a joke. Why did the coffee file a police report? It got mugged!"" Harold couldn't help but chuckle. As he sipped his coffee, Maggie shared more jokes and even taught him a fun fact about coffee beans. By the time Harold left, he was smiling. From that day forward, Harold visited Brew Ha-Ha daily. He even started sharing jokes with other customers. Maggie's laughter-filled coffee shop became a beacon of joy in the city, one cup and one joke at a time.",in the heart of the city a tiny coffee shop named brew ha ha stood out its owner a cheerful woman named maggie had a unique way of making her customers smile one rainy afternoon a grumpy man named harold walked in he was new to the city and missed his old coffee shop maggie greeted him warmly welcome to brew ha ha what can i get for you harold grumbled just a black coffee maggie smiled coming right up but first let me tell you a joke why did the coffee file a police report it got mugged harold couldn't help but chuckle as he sipped his coffee maggie shared more jokes and even taught him a fun fact about coffee beans by the time harold left he was smiling from that day forward harold visited brew ha ha daily he even started sharing jokes with other customers maggie's laughter filled coffee shop became a beacon of joy in the city one cup and one joke at a time
longform_0250__mistral-small-3.2-24b,longform_0250,long-form,"Humans are not native to earth. After aliens defeated the human race, they banished captives to earth stripped of modern technology. Over time history became legend and legend forgotten. That is until in a mountain cave a mural drawing is found and an ancient metal object unlike ever seen before","In the heart of the Appalachian Mountains, archaeologist Dr. Elena Carter discovered a hidden cave adorned with peculiar murals. The drawings depicted towering cities and celestial beings, unlike any human civilization she had studied. Among the ancient art, she found an odd, metallic object, smooth and cold to the touch, unlike any earthly material.

Elena's heart pounded as she examined the artifact. It bore strange symbols, reminiscent of the murals. She recalled the local legends of the ""Star People,"" a forgotten tale of beings from the sky who once walked among humans.

That night, under the glow of her lantern, the artifact began to hum. The symbols glowed faintly, projecting holographic images of a vast, star-filled landscape. Elena gasped as she realized the truth: humans were not native to Earth. The artifact was a key, a beacon to their lost home among the stars.

Before she could process the revelation, the cave trembled. The murals flickered, and the artifact's glow intensified. Elena knew then, the aliens were coming back.","In the heart of the Appalachian Mountains, archaeologist Dr. Elena Carter discovered a hidden cave adorned with peculiar murals. The drawings depicted towering cities and celestial beings, unlike any human civilization she had studied. Among the ancient art, she found an odd, metallic object, smooth and cold to the touch, unlike any earthly material.

Elena's heart pounded as she examined the artifact. It bore strange symbols, reminiscent of the murals. She recalled the local legends of the ""Star People,"" a forgotten tale of beings from the sky who once walked among humans.

That night, under the glow of her lantern, the artifact began to hum. The symbols glowed faintly, projecting holographic images of a vast, star-filled landscape. Elena gasped as she realized the truth: humans were not native to Earth. The artifact was a key, a beacon to their lost home among the stars.

Before she could process the revelation, the cave trembled. The murals flickered, and the artifact's glow intensified. Elena knew then, the aliens were coming back.",mistral-small-3.2-24b,mistral,False,169,1051,test,mistral-small-3.2-24b-q4_k_m,final-2026-09-20,"You are writing a short piece of fiction in response to a writing prompt, the way a person would on an online writing forum. Write the story itself. Do not restate the prompt, explain it, comment on it, or add any framing before or after the story.",140,220,8192,none,,end_turn,ollama-local-mistral-small-3.2-24b,2026-09-28 06:24:17.968673+00:00,24.0,mistral-small3.2:24b,q4_k_m,16384,8192,None,"{""temperature"": ""0.15""}","In the heart of the Appalachian Mountains, archaeologist Dr. Elena Carter discovered a hidden cave adorned with peculiar murals. The drawings depicted towering cities and celestial beings, unlike any human civilization she had studied. Among the ancient art, she found an odd, metallic object, smooth and cold to the touch, unlike any earthly material.

Elena's heart pounded as she examined the artifact. It bore strange symbols, reminiscent of the murals. She recalled the local legends of the ""Star People,"" a forgotten tale of beings from the sky who once walked among humans.

That night, under the glow of her lantern, the artifact began to hum. The symbols glowed faintly, projecting holographic images of a vast, star-filled landscape. Elena gasped as she realized the truth: humans were not native to Earth. The artifact was a key, a beacon to their lost home among the stars.

Before she could process the revelation, the cave trembled. The murals flickered, and the artifact's glow intensified. Elena knew then, the aliens were coming back.","In the heart of the Appalachian Mountains, archaeologist Dr. Elena Carter discovered a hidden cave adorned with peculiar murals. The drawings depicted towering cities and celestial beings, unlike any human civilization she had studied. Among the ancient art, she found an odd, metallic object, smooth and cold to the touch, unlike any earthly material. Elena's heart pounded as she examined the artifact. It bore strange symbols, reminiscent of the murals. She recalled the local legends of the ""Star People,"" a forgotten tale of beings from the sky who once walked among humans. That night, under the glow of her lantern, the artifact began to hum. The symbols glowed faintly, projecting holographic images of a vast, star-filled landscape. Elena gasped as she realized the truth: humans were not native to Earth. The artifact was a key, a beacon to their lost home among the stars. Before she could process the revelation, the cave trembled. The murals flickered, and the artifact's glow intensified. Elena knew then, the aliens were coming back.","In the heart of the Appalachian Mountains, archaeologist Dr. Elena Carter discovered a hidden cave adorned with peculiar murals. The drawings depicted towering cities and celestial beings, unlike any human civilization she had studied. Among the ancient art, she found an odd, metallic object, smooth and cold to the touch, unlike any earthly material. Elena's heart pounded as she examined the artifact. It bore strange symbols, reminiscent of the murals. She recalled the local legends of the ""Star People,"" a forgotten tale of beings from the sky who once walked among humans. That night, under the glow of her lantern, the artifact began to hum. The symbols glowed faintly, projecting holographic images of a vast, star-filled landscape. Elena gasped as she realized the truth: humans were not native to Earth. The artifact was a key, a beacon to their lost home among the stars. Before she could process the revelation, the cave trembled. The murals flickered, and the artifact's glow intensified. Elena knew then, the aliens were coming back.",in the heart of the appalachian mountains archaeologist dr elena carter discovered a hidden cave adorned with peculiar murals the drawings depicted towering cities and celestial beings unlike any human civilization she had studied among the ancient art she found an odd metallic object smooth and cold to the touch unlike any earthly material elena's heart pounded as she examined the artifact it bore strange symbols reminiscent of the murals she recalled the local legends of the star people a forgotten tale of beings from the sky who once walked among humans that night under the glow of her lantern the artifact began to hum the symbols glowed faintly projecting holographic images of a vast star filled landscape elena gasped as she realized the truth humans were not native to earth the artifact was a key a beacon to their lost home among the stars before she could process the revelation the cave trembled the murals flickered and the artifact's glow intensified elena knew then the aliens were coming back
longform_0257__mistral-small-3.2-24b,longform_0257,long-form,Write a story in which a character meets the author and tries to influence the outcome of the story,"In the quiet corner of a bustling café, I sat nursing my coffee, scribbling notes in my worn-out journal. Suddenly, a figure slid into the seat across from me. It was Elizabeth, the protagonist of my latest novel.

""Listen,"" she said, her voice barely above a whisper, ""I can't let you kill me off like that. It's too tragic, too cliché.""

I blinked, taken aback. ""But it's my story,"" I protested. ""And it's what drives the plot forward.""

Elizabeth leaned in, her eyes pleading. ""There's another way. Let me live. Let me find happiness with Thomas. It'll make the story richer, more meaningful.""

I hesitated, my pen hovering over the page. ""But what about the message? The theme of sacrifice?""

""Love can be a sacrifice too,"" she countered. ""Let me choose love, not death.""

I looked at her, then at my notes, then back at her. A slow smile spread across my face. ""Alright, Elizabeth. Let's try it your way.""

She beamed, standing up. ""You won't regret this.""

As she walked away, I began to scribble anew, the story unfolding in my mind, different, yet somehow better. And all because a character dared to challenge her fate.","In the quiet corner of a bustling café, I sat nursing my coffee, scribbling notes in my worn-out journal. Suddenly, a figure slid into the seat across from me. It was Elizabeth, the protagonist of my latest novel.

""Listen,"" she said, her voice barely above a whisper, ""I can't let you kill me off like that. It's too tragic, too cliché.""

I blinked, taken aback. ""But it's my story,"" I protested. ""And it's what drives the plot forward.""

Elizabeth leaned in, her eyes pleading. ""There's another way. Let me live. Let me find happiness with Thomas. It'll make the story richer, more meaningful.""

I hesitated, my pen hovering over the page. ""But what about the message? The theme of sacrifice?""

""Love can be a sacrifice too,"" she countered. ""Let me choose love, not death.""

I looked at her, then at my notes, then back at her. A slow smile spread across my face. ""Alright, Elizabeth. Let's try it your way.""

She beamed, standing up. ""You won't regret this.""

As she walked away, I began to scribble anew, the story unfolding in my mind, different, yet somehow better. And all because a character dared to challenge her fate.",mistral-small-3.2-24b,mistral,False,197,1128,test,mistral-small-3.2-24b-q4_k_m,final-2026-09-20,"You are writing a short piece of fiction in response to a writing prompt, the way a person would on an online writing forum. Write the story itself. Do not restate the prompt, explain it, comment on it, or add any framing before or after the story.",140,220,8192,none,,end_turn,ollama-local-mistral-small-3.2-24b,2026-09-28 06:24:25.467625+00:00,24.0,mistral-small3.2:24b,q4_k_m,16384,8192,None,"{""temperature"": ""0.15""}","In the quiet corner of a bustling café, I sat nursing my coffee, scribbling notes in my worn-out journal. Suddenly, a figure slid into the seat across from me. It was Elizabeth, the protagonist of my latest novel.

""Listen,"" she said, her voice barely above a whisper, ""I can't let you kill me off like that. It's too tragic, too cliché.""

I blinked, taken aback. ""But it's my story,"" I protested. ""And it's what drives the plot forward.""

Elizabeth leaned in, her eyes pleading. ""There's another way. Let me live. Let me find happiness with Thomas. It'll make the story richer, more meaningful.""

I hesitated, my pen hovering over the page. ""But what about the message? The theme of sacrifice?""

""Love can be a sacrifice too,"" she countered. ""Let me choose love, not death.""

I looked at her, then at my notes, then back at her. A slow smile spread across my face. ""Alright, Elizabeth. Let's try it your way.""

She beamed, standing up. ""You won't regret this.""

As she walked away, I began to scribble anew, the story unfolding in my mind, different, yet somehow better. And all because a character dared to challenge her fate.","In the quiet corner of a bustling café, I sat nursing my coffee, scribbling notes in my worn-out journal. Suddenly, a figure slid into the seat across from me. It was Elizabeth, the protagonist of my latest novel. ""Listen,"" she said, her voice barely above a whisper, ""I can't let you kill me off like that. It's too tragic, too cliché."" I blinked, taken aback. ""But it's my story,"" I protested. ""And it's what drives the plot forward."" Elizabeth leaned in, her eyes pleading. ""There's another way. Let me live. Let me find happiness with Thomas. It'll make the story richer, more meaningful."" I hesitated, my pen hovering over the page. ""But what about the message? The theme of sacrifice?"" ""Love can be a sacrifice too,"" she countered. ""Let me choose love, not death."" I looked at her, then at my notes, then back at her. A slow smile spread across my face. ""Alright, Elizabeth. Let's try it your way."" She beamed, standing up. ""You won't regret this."" As she walked away, I began to scribble anew, the story unfolding in my mind, different, yet somehow better. And all because a character dared to challenge her fate.","In the quiet corner of a bustling café, I sat nursing my coffee, scribbling notes in my worn-out journal. Suddenly, a figure slid into the seat across from me. It was Elizabeth, the protagonist of my latest novel. ""Listen,"" she said, her voice barely above a whisper, ""I can't let you kill me off like that. It's too tragic, too cliché."" I blinked, taken aback. ""But it's my story,"" I protested. ""And it's what drives the plot forward."" Elizabeth leaned in, her eyes pleading. ""There's another way. Let me live. Let me find happiness with Thomas. It'll make the story richer, more meaningful."" I hesitated, my pen hovering over the page. ""But what about the message? The theme of sacrifice?"" ""Love can be a sacrifice too,"" she countered. ""Let me choose love, not death."" I looked at her, then at my notes, then back at her. A slow smile spread across my face. ""Alright, Elizabeth. Let's try it your way."" She beamed, standing up. ""You won't regret this."" As she walked away, I began to scribble anew, the story unfolding in my mind, different, yet somehow better. And all because a character dared to challenge her fate.",in the quiet corner of a bustling café i sat nursing my coffee scribbling notes in my worn out journal suddenly a figure slid into the seat across from me it was elizabeth the protagonist of my latest novel listen she said her voice barely above a whisper i can't let you kill me off like that it's too tragic too cliché i blinked taken aback but it's my story i protested and it's what drives the plot forward elizabeth leaned in her eyes pleading there's another way let me live let me find happiness with thomas it'll make the story richer more meaningful i hesitated my pen hovering over the page but what about the message the theme of sacrifice love can be a sacrifice too she countered let me choose love not death i looked at her then at my notes then back at her a slow smile spread across my face alright elizabeth let's try it your way she beamed standing up you won't regret this as she walked away i began to scribble anew the story unfolding in my mind different yet somehow better and all because a character dared to challenge her fate
longform_0261__mistral-small-3.2-24b,longform_0261,long-form,"You're out for a jog when a man who looks just like you stumbles out of the bushes. He trusts a blood covered bag into your arms and whispers "" break the cycle "" before collapsing at your feet.","I stared at the man at my feet, my heart pounding. He looked exactly like me, but his eyes were wide with fear and pain. The bag in my hands was heavy, its contents shifting ominously. I unzipped it slightly, revealing a glint of metal and more blood.

Sirens wailed in the distance. I looked down at the man—my doppelgänger—and made a decision. I slung the bag over my shoulder and ran.

I didn't stop until I reached the old bridge, the one they'd been talking about repairing for years. The railing was rusted, the wood rotting. Perfect. I hurled the bag into the river below, watching as it splashed into the murky water.

""Break the cycle,"" he'd said. I didn't know what that meant, but I knew I didn't want to find out. I turned to leave, but a voice stopped me.

""Too late for that,"" the man said, stepping out from the shadows. He looked just like me, but his eyes were cold. ""You've already made your choice.""

I ran again, but this time, I couldn't outrun the sirens. Or the truth.","I stared at the man at my feet, my heart pounding. He looked exactly like me, but his eyes were wide with fear and pain. The bag in my hands was heavy, its contents shifting ominously. I unzipped it slightly, revealing a glint of metal and more blood.

Sirens wailed in the distance. I looked down at the man—my doppelgänger—and made a decision. I slung the bag over my shoulder and ran.

I didn't stop until I reached the old bridge, the one they'd been talking about repairing for years. The railing was rusted, the wood rotting. Perfect. I hurled the bag into the river below, watching as it splashed into the murky water.

""Break the cycle,"" he'd said. I didn't know what that meant, but I knew I didn't want to find out. I turned to leave, but a voice stopped me.

""Too late for that,"" the man said, stepping out from the shadows. He looked just like me, but his eyes were cold. ""You've already made your choice.""

I ran again, but this time, I couldn't outrun the sirens. Or the truth.",mistral-small-3.2-24b,mistral,False,184,991,test,mistral-small-3.2-24b-q4_k_m,final-2026-09-20,"You are writing a short piece of fiction in response to a writing prompt, the way a person would on an online writing forum. Write the story itself. Do not restate the prompt, explain it, comment on it, or add any framing before or after the story.",140,220,8192,none,,end_turn,ollama-local-mistral-small-3.2-24b,2026-09-28 06:24:32.288304+00:00,24.0,mistral-small3.2:24b,q4_k_m,16384,8192,None,"{""temperature"": ""0.15""}","I stared at the man at my feet, my heart pounding. He looked exactly like me, but his eyes were wide with fear and pain. The bag in my hands was heavy, its contents shifting ominously. I unzipped it slightly, revealing a glint of metal and more blood.

Sirens wailed in the distance. I looked down at the man - my doppelgänger - and made a decision. I slung the bag over my shoulder and ran.

I didn't stop until I reached the old bridge, the one they'd been talking about repairing for years. The railing was rusted, the wood rotting. Perfect. I hurled the bag into the river below, watching as it splashed into the murky water.

""Break the cycle,"" he'd said. I didn't know what that meant, but I knew I didn't want to find out. I turned to leave, but a voice stopped me.

""Too late for that,"" the man said, stepping out from the shadows. He looked just like me, but his eyes were cold. ""You've already made your choice.""

I ran again, but this time, I couldn't outrun the sirens. Or the truth.","I stared at the man at my feet, my heart pounding. He looked exactly like me, but his eyes were wide with fear and pain. The bag in my hands was heavy, its contents shifting ominously. I unzipped it slightly, revealing a glint of metal and more blood. Sirens wailed in the distance. I looked down at the man—my doppelgänger—and made a decision. I slung the bag over my shoulder and ran. I didn't stop until I reached the old bridge, the one they'd been talking about repairing for years. The railing was rusted, the wood rotting. Perfect. I hurled the bag into the river below, watching as it splashed into the murky water. ""Break the cycle,"" he'd said. I didn't know what that meant, but I knew I didn't want to find out. I turned to leave, but a voice stopped me. ""Too late for that,"" the man said, stepping out from the shadows. He looked just like me, but his eyes were cold. ""You've already made your choice."" I ran again, but this time, I couldn't outrun the sirens. Or the truth.","I stared at the man at my feet, my heart pounding. He looked exactly like me, but his eyes were wide with fear and pain. The bag in my hands was heavy, its contents shifting ominously. I unzipped it slightly, revealing a glint of metal and more blood. Sirens wailed in the distance. I looked down at the man - my doppelgänger - and made a decision. I slung the bag over my shoulder and ran. I didn't stop until I reached the old bridge, the one they'd been talking about repairing for years. The railing was rusted, the wood rotting. Perfect. I hurled the bag into the river below, watching as it splashed into the murky water. ""Break the cycle,"" he'd said. I didn't know what that meant, but I knew I didn't want to find out. I turned to leave, but a voice stopped me. ""Too late for that,"" the man said, stepping out from the shadows. He looked just like me, but his eyes were cold. ""You've already made your choice."" I ran again, but this time, I couldn't outrun the sirens. Or the truth.",i stared at the man at my feet my heart pounding he looked exactly like me but his eyes were wide with fear and pain the bag in my hands was heavy its contents shifting ominously i unzipped it slightly revealing a glint of metal and more blood sirens wailed in the distance i looked down at the man my doppelgänger and made a decision i slung the bag over my shoulder and ran i didn't stop until i reached the old bridge the one they'd been talking about repairing for years the railing was rusted the wood rotting perfect i hurled the bag into the river below watching as it splashed into the murky water break the cycle he'd said i didn't know what that meant but i knew i didn't want to find out i turned to leave but a voice stopped me too late for that the man said stepping out from the shadows he looked just like me but his eyes were cold you've already made your choice i ran again but this time i couldn't outrun the sirens or the truth
longform_0279__mistral-small-3.2-24b,longform_0279,long-form,"A young man, with no helmet on, riding a motorcycle down a mountain road on an overcast day.","The motorcycle's engine purred like a contented beast as Jake leaned into the curve, the mountain road slick with the day's first rain. The overcast sky pressed down, a vast, gray blanket, muffling the world. He should've worn a helmet, but the wind in his hair, the freedom, it was worth the risk.

Trees whipped past, their leaves glistening, and the scent of damp earth filled his lungs. He grinned, alive, invincible. The road ahead was a sinuous ribbon, disappearing into the mist.

Then, a flicker of movement. A deer, frozen in the middle of the road, eyes wide and dark. Jake's heart leapt into his throat. He wrenched the handlebars, the motorcycle skidding, sliding. The world tilted, trees becoming sky, sky becoming trees.

He hit the ground hard, the impact knocking the breath from his lungs. The motorcycle skidded away, coming to rest against a tree. Jake lay still, the rain soaking through his clothes, the overcast sky his only blanket. The deer was gone, vanished into the mist.

Pain throbbed through his body, but he was alive. He closed his eyes, the wind in his hair replaced by the soft patter of rain. The mountain road, the freedom, it was worth the risk. But next time, he thought, next time he'd wear a helmet.","The motorcycle's engine purred like a contented beast as Jake leaned into the curve, the mountain road slick with the day's first rain. The overcast sky pressed down, a vast, gray blanket, muffling the world. He should've worn a helmet, but the wind in his hair, the freedom, it was worth the risk.

Trees whipped past, their leaves glistening, and the scent of damp earth filled his lungs. He grinned, alive, invincible. The road ahead was a sinuous ribbon, disappearing into the mist.

Then, a flicker of movement. A deer, frozen in the middle of the road, eyes wide and dark. Jake's heart leapt into his throat. He wrenched the handlebars, the motorcycle skidding, sliding. The world tilted, trees becoming sky, sky becoming trees.

He hit the ground hard, the impact knocking the breath from his lungs. The motorcycle skidded away, coming to rest against a tree. Jake lay still, the rain soaking through his clothes, the overcast sky his only blanket. The deer was gone, vanished into the mist.

Pain throbbed through his body, but he was alive. He closed his eyes, the wind in his hair replaced by the soft patter of rain. The mountain road, the freedom, it was worth the risk. But next time, he thought, next time he'd wear a helmet.",mistral-small-3.2-24b,mistral,False,216,1239,test,mistral-small-3.2-24b-q4_k_m,final-2026-09-20,"You are writing a short piece of fiction in response to a writing prompt, the way a person would on an online writing forum. Write the story itself. Do not restate the prompt, explain it, comment on it, or add any framing before or after the story.",140,220,8192,none,,end_turn,ollama-local-mistral-small-3.2-24b,2026-09-28 06:24:40.225509+00:00,24.0,mistral-small3.2:24b,q4_k_m,16384,8192,None,"{""temperature"": ""0.15""}","The motorcycle's engine purred like a contented beast as Jake leaned into the curve, the mountain road slick with the day's first rain. The overcast sky pressed down, a vast, gray blanket, muffling the world. He should've worn a helmet, but the wind in his hair, the freedom, it was worth the risk.

Trees whipped past, their leaves glistening, and the scent of damp earth filled his lungs. He grinned, alive, invincible. The road ahead was a sinuous ribbon, disappearing into the mist.

Then, a flicker of movement. A deer, frozen in the middle of the road, eyes wide and dark. Jake's heart leapt into his throat. He wrenched the handlebars, the motorcycle skidding, sliding. The world tilted, trees becoming sky, sky becoming trees.

He hit the ground hard, the impact knocking the breath from his lungs. The motorcycle skidded away, coming to rest against a tree. Jake lay still, the rain soaking through his clothes, the overcast sky his only blanket. The deer was gone, vanished into the mist.

Pain throbbed through his body, but he was alive. He closed his eyes, the wind in his hair replaced by the soft patter of rain. The mountain road, the freedom, it was worth the risk. But next time, he thought, next time he'd wear a helmet.","The motorcycle's engine purred like a contented beast as Jake leaned into the curve, the mountain road slick with the day's first rain. The overcast sky pressed down, a vast, gray blanket, muffling the world. He should've worn a helmet, but the wind in his hair, the freedom, it was worth the risk. Trees whipped past, their leaves glistening, and the scent of damp earth filled his lungs. He grinned, alive, invincible. The road ahead was a sinuous ribbon, disappearing into the mist. Then, a flicker of movement. A deer, frozen in the middle of the road, eyes wide and dark. Jake's heart leapt into his throat. He wrenched the handlebars, the motorcycle skidding, sliding. The world tilted, trees becoming sky, sky becoming trees. He hit the ground hard, the impact knocking the breath from his lungs. The motorcycle skidded away, coming to rest against a tree. Jake lay still, the rain soaking through his clothes, the overcast sky his only blanket. The deer was gone, vanished into the mist. Pain throbbed through his body, but he was alive. He closed his eyes, the wind in his hair replaced by the soft patter of rain. The mountain road, the freedom, it was worth the risk. But next time, he thought, next time he'd wear a helmet.","The motorcycle's engine purred like a contented beast as Jake leaned into the curve, the mountain road slick with the day's first rain. The overcast sky pressed down, a vast, gray blanket, muffling the world. He should've worn a helmet, but the wind in his hair, the freedom, it was worth the risk. Trees whipped past, their leaves glistening, and the scent of damp earth filled his lungs. He grinned, alive, invincible. The road ahead was a sinuous ribbon, disappearing into the mist. Then, a flicker of movement. A deer, frozen in the middle of the road, eyes wide and dark. Jake's heart leapt into his throat. He wrenched the handlebars, the motorcycle skidding, sliding. The world tilted, trees becoming sky, sky becoming trees. He hit the ground hard, the impact knocking the breath from his lungs. The motorcycle skidded away, coming to rest against a tree. Jake lay still, the rain soaking through his clothes, the overcast sky his only blanket. The deer was gone, vanished into the mist. Pain throbbed through his body, but he was alive. He closed his eyes, the wind in his hair replaced by the soft patter of rain. The mountain road, the freedom, it was worth the risk. But next time, he thought, next time he'd wear a helmet.",the motorcycle's engine purred like a contented beast as jake leaned into the curve the mountain road slick with the day's first rain the overcast sky pressed down a vast gray blanket muffling the world he should've worn a helmet but the wind in his hair the freedom it was worth the risk trees whipped past their leaves glistening and the scent of damp earth filled his lungs he grinned alive invincible the road ahead was a sinuous ribbon disappearing into the mist then a flicker of movement a deer frozen in the middle of the road eyes wide and dark jake's heart leapt into his throat he wrenched the handlebars the motorcycle skidding sliding the world tilted trees becoming sky sky becoming trees he hit the ground hard the impact knocking the breath from his lungs the motorcycle skidded away coming to rest against a tree jake lay still the rain soaking through his clothes the overcast sky his only blanket the deer was gone vanished into the mist pain throbbed through his body but he was alive he closed his eyes the wind in his hair replaced by the soft patter of rain the mountain road the freedom it was worth the risk but next time he thought next time he'd wear a helmet
longform_0282__mistral-small-3.2-24b,longform_0282,long-form,"Through what he describes as a series of "" entirely involuntary "" and "" incredibly unfortunate "" events, Ron Swanson is elected President of The United States of America.","Ron Swanson awoke to the blaring of his phone, an unknown number flashing on the screen. It was the Secretary of State, informing him that due to a series of ""entirely involuntary"" and ""incredibly unfortunate"" events—including a nationwide write-in campaign, a viral video of him carving a turkey with a chainsaw, and a sudden mass realization that the country needed a leader who could build a chair from scratch—he had won the presidential election.

Ron sighed, ""This is the worst day of my life.""

Within weeks, Ron was sworn in, his inauguration speech consisting of a single word: ""Meh."" He immediately set to work dismantling the federal government, starting with the Department of Education. He replaced it with a single pamphlet titled ""How to Build a Birdhouse.""

His foreign policy was simple: ""Leave me alone."" Trade deals were renegotiated based on the quality of the steak they produced. The national park system was expanded, but only for hunting and fishing.

The country was baffled, but oddly, things improved. The national debt decreased, infrastructure projects boomed, and a sense of calm settled over the nation. Ron Swanson, the man who loved nothing more than breakfast food and woodworking, had somehow become the best president the country never wanted.","Ron Swanson awoke to the blaring of his phone, an unknown number flashing on the screen. It was the Secretary of State, informing him that due to a series of ""entirely involuntary"" and ""incredibly unfortunate"" events—including a nationwide write-in campaign, a viral video of him carving a turkey with a chainsaw, and a sudden mass realization that the country needed a leader who could build a chair from scratch—he had won the presidential election.

Ron sighed, ""This is the worst day of my life.""

Within weeks, Ron was sworn in, his inauguration speech consisting of a single word: ""Meh."" He immediately set to work dismantling the federal government, starting with the Department of Education. He replaced it with a single pamphlet titled ""How to Build a Birdhouse.""

His foreign policy was simple: ""Leave me alone."" Trade deals were renegotiated based on the quality of the steak they produced. The national park system was expanded, but only for hunting and fishing.

The country was baffled, but oddly, things improved. The national debt decreased, infrastructure projects boomed, and a sense of calm settled over the nation. Ron Swanson, the man who loved nothing more than breakfast food and woodworking, had somehow become the best president the country never wanted.",mistral-small-3.2-24b,mistral,False,207,1279,test,mistral-small-3.2-24b-q4_k_m,final-2026-09-20,"You are writing a short piece of fiction in response to a writing prompt, the way a person would on an online writing forum. Write the story itself. Do not restate the prompt, explain it, comment on it, or add any framing before or after the story.",140,220,8192,none,,end_turn,ollama-local-mistral-small-3.2-24b,2026-09-28 06:24:47.647177+00:00,24.0,mistral-small3.2:24b,q4_k_m,16384,8192,None,"{""temperature"": ""0.15""}","Ron Swanson awoke to the blaring of his phone, an unknown number flashing on the screen. It was the Secretary of State, informing him that due to a series of ""entirely involuntary"" and ""incredibly unfortunate"" events - including a nationwide write-in campaign, a viral video of him carving a turkey with a chainsaw, and a sudden mass realization that the country needed a leader who could build a chair from scratch - he had won the presidential election.

Ron sighed, ""This is the worst day of my life.""

Within weeks, Ron was sworn in, his inauguration speech consisting of a single word: ""Meh."" He immediately set to work dismantling the federal government, starting with the Department of Education. He replaced it with a single pamphlet titled ""How to Build a Birdhouse.""

His foreign policy was simple: ""Leave me alone."" Trade deals were renegotiated based on the quality of the steak they produced. The national park system was expanded, but only for hunting and fishing.

The country was baffled, but oddly, things improved. The national debt decreased, infrastructure projects boomed, and a sense of calm settled over the nation. Ron Swanson, the man who loved nothing more than breakfast food and woodworking, had somehow become the best president the country never wanted.","Ron Swanson awoke to the blaring of his phone, an unknown number flashing on the screen. It was the Secretary of State, informing him that due to a series of ""entirely involuntary"" and ""incredibly unfortunate"" events—including a nationwide write-in campaign, a viral video of him carving a turkey with a chainsaw, and a sudden mass realization that the country needed a leader who could build a chair from scratch—he had won the presidential election. Ron sighed, ""This is the worst day of my life."" Within weeks, Ron was sworn in, his inauguration speech consisting of a single word: ""Meh."" He immediately set to work dismantling the federal government, starting with the Department of Education. He replaced it with a single pamphlet titled ""How to Build a Birdhouse."" His foreign policy was simple: ""Leave me alone."" Trade deals were renegotiated based on the quality of the steak they produced. The national park system was expanded, but only for hunting and fishing. The country was baffled, but oddly, things improved. The national debt decreased, infrastructure projects boomed, and a sense of calm settled over the nation. Ron Swanson, the man who loved nothing more than breakfast food and woodworking, had somehow become the best president the country never wanted.","Ron Swanson awoke to the blaring of his phone, an unknown number flashing on the screen. It was the Secretary of State, informing him that due to a series of ""entirely involuntary"" and ""incredibly unfortunate"" events - including a nationwide write-in campaign, a viral video of him carving a turkey with a chainsaw, and a sudden mass realization that the country needed a leader who could build a chair from scratch - he had won the presidential election. Ron sighed, ""This is the worst day of my life."" Within weeks, Ron was sworn in, his inauguration speech consisting of a single word: ""Meh."" He immediately set to work dismantling the federal government, starting with the Department of Education. He replaced it with a single pamphlet titled ""How to Build a Birdhouse."" His foreign policy was simple: ""Leave me alone."" Trade deals were renegotiated based on the quality of the steak they produced. The national park system was expanded, but only for hunting and fishing. The country was baffled, but oddly, things improved. The national debt decreased, infrastructure projects boomed, and a sense of calm settled over the nation. Ron Swanson, the man who loved nothing more than breakfast food and woodworking, had somehow become the best president the country never wanted.",ron swanson awoke to the blaring of his phone an unknown number flashing on the screen it was the secretary of state informing him that due to a series of entirely involuntary and incredibly unfortunate events including a nationwide write in campaign a viral video of him carving a turkey with a chainsaw and a sudden mass realization that the country needed a leader who could build a chair from scratch he had won the presidential election ron sighed this is the worst day of my life within weeks ron was sworn in his inauguration speech consisting of a single word meh he immediately set to work dismantling the federal government starting with the department of education he replaced it with a single pamphlet titled how to build a birdhouse his foreign policy was simple leave me alone trade deals were renegotiated based on the quality of the steak they produced the national park system was expanded but only for hunting and fishing the country was baffled but oddly things improved the national debt decreased infrastructure projects boomed and a sense of calm settled over the nation ron swanson the man who loved nothing more than breakfast food and woodworking had somehow become the best president the country never wanted
longform_0294__mistral-small-3.2-24b,longform_0294,long-form,"Humanity is on the losing side of war. Battle training is part of school curriculum, and the world wide military enlistment age has been lowered to 14. Tomorrow is your 14th birthday.","In the dim glow of my bedside lamp, I traced the new insignia on my uniform, a silver star on a crimson field. Tomorrow, I'd trade my schoolbooks for a rifle, my classroom for the battlefield. The wall clock ticked loudly, each second echoing like a countdown.

Mother knocked softly, entering with a small wooden box. ""Your grandfather's,"" she said, placing it in my hands. Inside lay a pocket watch, its face etched with tiny stars. ""He carried this through three wars. It brought him home each time.""

I clutched the watch, its cool metal grounding me. Outside, distant explosions rumbled like thunder. I thought of the friends who'd already enlisted, their laughter echoing in my memory.

Mother kissed my forehead. ""Be brave, my star. But remember, courage isn't the absence of fear. It's facing it, like your grandfather did.""

I nodded, slipping the watch into my pocket. Tomorrow, I'd march to war. But tonight, I was still just a boy, counting the seconds until dawn.","In the dim glow of my bedside lamp, I traced the new insignia on my uniform, a silver star on a crimson field. Tomorrow, I'd trade my schoolbooks for a rifle, my classroom for the battlefield. The wall clock ticked loudly, each second echoing like a countdown.

Mother knocked softly, entering with a small wooden box. ""Your grandfather's,"" she said, placing it in my hands. Inside lay a pocket watch, its face etched with tiny stars. ""He carried this through three wars. It brought him home each time.""

I clutched the watch, its cool metal grounding me. Outside, distant explosions rumbled like thunder. I thought of the friends who'd already enlisted, their laughter echoing in my memory.

Mother kissed my forehead. ""Be brave, my star. But remember, courage isn't the absence of fear. It's facing it, like your grandfather did.""

I nodded, slipping the watch into my pocket. Tomorrow, I'd march to war. But tonight, I was still just a boy, counting the seconds until dawn.",mistral-small-3.2-24b,mistral,False,166,976,test,mistral-small-3.2-24b-q4_k_m,final-2026-09-20,"You are writing a short piece of fiction in response to a writing prompt, the way a person would on an online writing forum. Write the story itself. Do not restate the prompt, explain it, comment on it, or add any framing before or after the story.",140,220,8192,none,,end_turn,ollama-local-mistral-small-3.2-24b,2026-09-28 06:24:53.700894+00:00,24.0,mistral-small3.2:24b,q4_k_m,16384,8192,None,"{""temperature"": ""0.15""}","In the dim glow of my bedside lamp, I traced the new insignia on my uniform, a silver star on a crimson field. Tomorrow, I'd trade my schoolbooks for a rifle, my classroom for the battlefield. The wall clock ticked loudly, each second echoing like a countdown.

Mother knocked softly, entering with a small wooden box. ""Your grandfather's,"" she said, placing it in my hands. Inside lay a pocket watch, its face etched with tiny stars. ""He carried this through three wars. It brought him home each time.""

I clutched the watch, its cool metal grounding me. Outside, distant explosions rumbled like thunder. I thought of the friends who'd already enlisted, their laughter echoing in my memory.

Mother kissed my forehead. ""Be brave, my star. But remember, courage isn't the absence of fear. It's facing it, like your grandfather did.""

I nodded, slipping the watch into my pocket. Tomorrow, I'd march to war. But tonight, I was still just a boy, counting the seconds until dawn.","In the dim glow of my bedside lamp, I traced the new insignia on my uniform, a silver star on a crimson field. Tomorrow, I'd trade my schoolbooks for a rifle, my classroom for the battlefield. The wall clock ticked loudly, each second echoing like a countdown. Mother knocked softly, entering with a small wooden box. ""Your grandfather's,"" she said, placing it in my hands. Inside lay a pocket watch, its face etched with tiny stars. ""He carried this through three wars. It brought him home each time."" I clutched the watch, its cool metal grounding me. Outside, distant explosions rumbled like thunder. I thought of the friends who'd already enlisted, their laughter echoing in my memory. Mother kissed my forehead. ""Be brave, my star. But remember, courage isn't the absence of fear. It's facing it, like your grandfather did."" I nodded, slipping the watch into my pocket. Tomorrow, I'd march to war. But tonight, I was still just a boy, counting the seconds until dawn.","In the dim glow of my bedside lamp, I traced the new insignia on my uniform, a silver star on a crimson field. Tomorrow, I'd trade my schoolbooks for a rifle, my classroom for the battlefield. The wall clock ticked loudly, each second echoing like a countdown. Mother knocked softly, entering with a small wooden box. ""Your grandfather's,"" she said, placing it in my hands. Inside lay a pocket watch, its face etched with tiny stars. ""He carried this through three wars. It brought him home each time."" I clutched the watch, its cool metal grounding me. Outside, distant explosions rumbled like thunder. I thought of the friends who'd already enlisted, their laughter echoing in my memory. Mother kissed my forehead. ""Be brave, my star. But remember, courage isn't the absence of fear. It's facing it, like your grandfather did."" I nodded, slipping the watch into my pocket. Tomorrow, I'd march to war. But tonight, I was still just a boy, counting the seconds until dawn.",in the dim glow of my bedside lamp i traced the new insignia on my uniform a silver star on a crimson field tomorrow i'd trade my schoolbooks for a rifle my classroom for the battlefield the wall clock ticked loudly each second echoing like a countdown mother knocked softly entering with a small wooden box your grandfather's she said placing it in my hands inside lay a pocket watch its face etched with tiny stars he carried this through three wars it brought him home each time i clutched the watch its cool metal grounding me outside distant explosions rumbled like thunder i thought of the friends who'd already enlisted their laughter echoing in my memory mother kissed my forehead be brave my star but remember courage isn't the absence of fear it's facing it like your grandfather did i nodded slipping the watch into my pocket tomorrow i'd march to war but tonight i was still just a boy counting the seconds until dawn
longform_0298__mistral-small-3.2-24b,longform_0298,long-form,The year is 2200 an alien race has come to earth revealing that the human race was nothing but an experiment by their ancestors.,"In the neon-lit streets of Neo-New York, the sky darkened not with night, but with the colossal ships of the Zorathians. Their leader, Xal'Kora, stepped forward, his luminous eyes scanning the sea of human faces.

""We come not as conquerors,"" his voice echoed, ""but as truth-tellers."" Holographic images flickered to life, showing ancient Zorathians seeding Earth with human DNA. ""You were our experiment, a test of life's adaptability.""

Murmurs rippled through the crowd. Dr. Elara Vesper, a renowned geneticist, stepped forward. ""Why reveal this now?""

Xal'Kora's gaze softened. ""Our ancestors' experiment succeeded beyond expectations. You evolved, thrived, created. But now, our galaxy faces extinction. We need your help.""

A tense silence followed. Then, a child's voice piped up, ""Can we visit their planet?""

Laughter, tentative at first, then full and hearty, echoed through the crowd. The ice broken, humans and Zorathians began to talk, to share, to plan. The experiment had indeed succeeded, and a new chapter of cooperation began.","In the neon-lit streets of Neo-New York, the sky darkened not with night, but with the colossal ships of the Zorathians. Their leader, Xal'Kora, stepped forward, his luminous eyes scanning the sea of human faces.

""We come not as conquerors,"" his voice echoed, ""but as truth-tellers."" Holographic images flickered to life, showing ancient Zorathians seeding Earth with human DNA. ""You were our experiment, a test of life's adaptability.""

Murmurs rippled through the crowd. Dr. Elara Vesper, a renowned geneticist, stepped forward. ""Why reveal this now?""

Xal'Kora's gaze softened. ""Our ancestors' experiment succeeded beyond expectations. You evolved, thrived, created. But now, our galaxy faces extinction. We need your help.""

A tense silence followed. Then, a child's voice piped up, ""Can we visit their planet?""

Laughter, tentative at first, then full and hearty, echoed through the crowd. The ice broken, humans and Zorathians began to talk, to share, to plan. The experiment had indeed succeeded, and a new chapter of cooperation began.",mistral-small-3.2-24b,mistral,False,160,1044,test,mistral-small-3.2-24b-q4_k_m,final-2026-09-20,"You are writing a short piece of fiction in response to a writing prompt, the way a person would on an online writing forum. Write the story itself. Do not restate the prompt, explain it, comment on it, or add any framing before or after the story.",140,220,8192,none,,end_turn,ollama-local-mistral-small-3.2-24b,2026-09-28 06:25:00.578784+00:00,24.0,mistral-small3.2:24b,q4_k_m,16384,8192,None,"{""temperature"": ""0.15""}","In the neon-lit streets of Neo-New York, the sky darkened not with night, but with the colossal ships of the Zorathians. Their leader, Xal'Kora, stepped forward, his luminous eyes scanning the sea of human faces.

""We come not as conquerors,"" his voice echoed, ""but as truth-tellers."" Holographic images flickered to life, showing ancient Zorathians seeding Earth with human DNA. ""You were our experiment, a test of life's adaptability.""

Murmurs rippled through the crowd. Dr. Elara Vesper, a renowned geneticist, stepped forward. ""Why reveal this now?""

Xal'Kora's gaze softened. ""Our ancestors' experiment succeeded beyond expectations. You evolved, thrived, created. But now, our galaxy faces extinction. We need your help.""

A tense silence followed. Then, a child's voice piped up, ""Can we visit their planet?""

Laughter, tentative at first, then full and hearty, echoed through the crowd. The ice broken, humans and Zorathians began to talk, to share, to plan. The experiment had indeed succeeded, and a new chapter of cooperation began.","In the neon-lit streets of Neo-New York, the sky darkened not with night, but with the colossal ships of the Zorathians. Their leader, Xal'Kora, stepped forward, his luminous eyes scanning the sea of human faces. ""We come not as conquerors,"" his voice echoed, ""but as truth-tellers."" Holographic images flickered to life, showing ancient Zorathians seeding Earth with human DNA. ""You were our experiment, a test of life's adaptability."" Murmurs rippled through the crowd. Dr. Elara Vesper, a renowned geneticist, stepped forward. ""Why reveal this now?"" Xal'Kora's gaze softened. ""Our ancestors' experiment succeeded beyond expectations. You evolved, thrived, created. But now, our galaxy faces extinction. We need your help."" A tense silence followed. Then, a child's voice piped up, ""Can we visit their planet?"" Laughter, tentative at first, then full and hearty, echoed through the crowd. The ice broken, humans and Zorathians began to talk, to share, to plan. The experiment had indeed succeeded, and a new chapter of cooperation began.","In the neon-lit streets of Neo-New York, the sky darkened not with night, but with the colossal ships of the Zorathians. Their leader, Xal'Kora, stepped forward, his luminous eyes scanning the sea of human faces. ""We come not as conquerors,"" his voice echoed, ""but as truth-tellers."" Holographic images flickered to life, showing ancient Zorathians seeding Earth with human DNA. ""You were our experiment, a test of life's adaptability."" Murmurs rippled through the crowd. Dr. Elara Vesper, a renowned geneticist, stepped forward. ""Why reveal this now?"" Xal'Kora's gaze softened. ""Our ancestors' experiment succeeded beyond expectations. You evolved, thrived, created. But now, our galaxy faces extinction. We need your help."" A tense silence followed. Then, a child's voice piped up, ""Can we visit their planet?"" Laughter, tentative at first, then full and hearty, echoed through the crowd. The ice broken, humans and Zorathians began to talk, to share, to plan. The experiment had indeed succeeded, and a new chapter of cooperation began.",in the neon lit streets of neo new york the sky darkened not with night but with the colossal ships of the zorathians their leader xal'kora stepped forward his luminous eyes scanning the sea of human faces we come not as conquerors his voice echoed but as truth tellers holographic images flickered to life showing ancient zorathians seeding earth with human dna you were our experiment a test of life's adaptability murmurs rippled through the crowd dr elara vesper a renowned geneticist stepped forward why reveal this now xal'kora's gaze softened our ancestors experiment succeeded beyond expectations you evolved thrived created but now our galaxy faces extinction we need your help a tense silence followed then a child's voice piped up can we visit their planet laughter tentative at first then full and hearty echoed through the crowd the ice broken humans and zorathians began to talk to share to plan the experiment had indeed succeeded and a new chapter of cooperation began
longform_0312__mistral-small-3.2-24b,longform_0312,long-form,"After centuries of boredom, the guardian of a forgotten treasure gives up on its ancient duty and steals it to start a new life.","In the heart of the forgotten temple, the guardian, a spectral figure named Veylin, had stood watch over the ancient treasure for centuries. The gilded chest, adorned with jewels and runes, held artifacts of immense power, yet no one had come to claim them in ages.

One day, Veylin's ethereal form flickered with a newfound resolve. ""Enough,"" he whispered, his voice echoing through the hollow chamber. He had grown weary of the endless vigil, the unending silence.

With a hesitant touch, he lifted the chest, its weight surprisingly light. The temple trembled, its ancient stones groaning in protest. Veylin stepped out into the world, the first time in centuries. The sun, once a distant memory, warmed his spectral form.

He wandered, the chest clutched tightly, until he found a bustling city. Veylin rented a small room, the first step in his new life. He sold a single jewel, enough to live comfortably. Each day, he explored, experienced, and lived, the treasure chest tucked away, a secret in the corner of his room.

For the first time in centuries, Veylin was happy. The treasure was no longer a burden, but a means to a new beginning. His ancient duty forgotten, he embraced his new life, one day at a time.","In the heart of the forgotten temple, the guardian, a spectral figure named Veylin, had stood watch over the ancient treasure for centuries. The gilded chest, adorned with jewels and runes, held artifacts of immense power, yet no one had come to claim them in ages.

One day, Veylin's ethereal form flickered with a newfound resolve. ""Enough,"" he whispered, his voice echoing through the hollow chamber. He had grown weary of the endless vigil, the unending silence.

With a hesitant touch, he lifted the chest, its weight surprisingly light. The temple trembled, its ancient stones groaning in protest. Veylin stepped out into the world, the first time in centuries. The sun, once a distant memory, warmed his spectral form.

He wandered, the chest clutched tightly, until he found a bustling city. Veylin rented a small room, the first step in his new life. He sold a single jewel, enough to live comfortably. Each day, he explored, experienced, and lived, the treasure chest tucked away, a secret in the corner of his room.

For the first time in centuries, Veylin was happy. The treasure was no longer a burden, but a means to a new beginning. His ancient duty forgotten, he embraced his new life, one day at a time.",mistral-small-3.2-24b,mistral,False,209,1220,test,mistral-small-3.2-24b-q4_k_m,final-2026-09-20,"You are writing a short piece of fiction in response to a writing prompt, the way a person would on an online writing forum. Write the story itself. Do not restate the prompt, explain it, comment on it, or add any framing before or after the story.",140,220,8192,none,,end_turn,ollama-local-mistral-small-3.2-24b,2026-09-28 06:25:08.278378+00:00,24.0,mistral-small3.2:24b,q4_k_m,16384,8192,None,"{""temperature"": ""0.15""}","In the heart of the forgotten temple, the guardian, a spectral figure named Veylin, had stood watch over the ancient treasure for centuries. The gilded chest, adorned with jewels and runes, held artifacts of immense power, yet no one had come to claim them in ages.

One day, Veylin's ethereal form flickered with a newfound resolve. ""Enough,"" he whispered, his voice echoing through the hollow chamber. He had grown weary of the endless vigil, the unending silence.

With a hesitant touch, he lifted the chest, its weight surprisingly light. The temple trembled, its ancient stones groaning in protest. Veylin stepped out into the world, the first time in centuries. The sun, once a distant memory, warmed his spectral form.

He wandered, the chest clutched tightly, until he found a bustling city. Veylin rented a small room, the first step in his new life. He sold a single jewel, enough to live comfortably. Each day, he explored, experienced, and lived, the treasure chest tucked away, a secret in the corner of his room.

For the first time in centuries, Veylin was happy. The treasure was no longer a burden, but a means to a new beginning. His ancient duty forgotten, he embraced his new life, one day at a time.","In the heart of the forgotten temple, the guardian, a spectral figure named Veylin, had stood watch over the ancient treasure for centuries. The gilded chest, adorned with jewels and runes, held artifacts of immense power, yet no one had come to claim them in ages. One day, Veylin's ethereal form flickered with a newfound resolve. ""Enough,"" he whispered, his voice echoing through the hollow chamber. He had grown weary of the endless vigil, the unending silence. With a hesitant touch, he lifted the chest, its weight surprisingly light. The temple trembled, its ancient stones groaning in protest. Veylin stepped out into the world, the first time in centuries. The sun, once a distant memory, warmed his spectral form. He wandered, the chest clutched tightly, until he found a bustling city. Veylin rented a small room, the first step in his new life. He sold a single jewel, enough to live comfortably. Each day, he explored, experienced, and lived, the treasure chest tucked away, a secret in the corner of his room. For the first time in centuries, Veylin was happy. The treasure was no longer a burden, but a means to a new beginning. His ancient duty forgotten, he embraced his new life, one day at a time.","In the heart of the forgotten temple, the guardian, a spectral figure named Veylin, had stood watch over the ancient treasure for centuries. The gilded chest, adorned with jewels and runes, held artifacts of immense power, yet no one had come to claim them in ages. One day, Veylin's ethereal form flickered with a newfound resolve. ""Enough,"" he whispered, his voice echoing through the hollow chamber. He had grown weary of the endless vigil, the unending silence. With a hesitant touch, he lifted the chest, its weight surprisingly light. The temple trembled, its ancient stones groaning in protest. Veylin stepped out into the world, the first time in centuries. The sun, once a distant memory, warmed his spectral form. He wandered, the chest clutched tightly, until he found a bustling city. Veylin rented a small room, the first step in his new life. He sold a single jewel, enough to live comfortably. Each day, he explored, experienced, and lived, the treasure chest tucked away, a secret in the corner of his room. For the first time in centuries, Veylin was happy. The treasure was no longer a burden, but a means to a new beginning. His ancient duty forgotten, he embraced his new life, one day at a time.",in the heart of the forgotten temple the guardian a spectral figure named veylin had stood watch over the ancient treasure for centuries the gilded chest adorned with jewels and runes held artifacts of immense power yet no one had come to claim them in ages one day veylin's ethereal form flickered with a newfound resolve enough he whispered his voice echoing through the hollow chamber he had grown weary of the endless vigil the unending silence with a hesitant touch he lifted the chest its weight surprisingly light the temple trembled its ancient stones groaning in protest veylin stepped out into the world the first time in centuries the sun once a distant memory warmed his spectral form he wandered the chest clutched tightly until he found a bustling city veylin rented a small room the first step in his new life he sold a single jewel enough to live comfortably each day he explored experienced and lived the treasure chest tucked away a secret in the corner of his room for the first time in centuries veylin was happy the treasure was no longer a burden but a means to a new beginning his ancient duty forgotten he embraced his new life one day at a time
longform_0326__mistral-small-3.2-24b,longform_0326,long-form,"You cut your fingers. Instead of blood, ink runs from the wound.","I stared at my fingers, watching black ink ooze from the shallow cuts. It didn't hurt, not like a normal cut. It was more like an itch, a strange, tingling sensation.

I turned on the faucet, expecting the water to wash the ink away. Instead, it mixed with the ink, turning the water dark as it swirled down the drain.

I grabbed a paper towel, pressing it against my fingers. The ink seeped through, staining the white towel. I looked around, my gaze landing on a notepad on the counter. An idea sparked.

I picked up a pen and began to write, pressing my ink-stained fingers against the paper. Words flowed from me, not from the pen. Stories, poems, thoughts I didn't know I had. The ink from my fingers was alive, pulsating with creativity.

I wrote until my fingers were dry, until the last drop of ink had left my body. I looked at the pages filled with my words, my stories. I smiled, realizing that perhaps, this was a gift, not an injury.","I stared at my fingers, watching black ink ooze from the shallow cuts. It didn't hurt, not like a normal cut. It was more like an itch, a strange, tingling sensation.

I turned on the faucet, expecting the water to wash the ink away. Instead, it mixed with the ink, turning the water dark as it swirled down the drain.

I grabbed a paper towel, pressing it against my fingers. The ink seeped through, staining the white towel. I looked around, my gaze landing on a notepad on the counter. An idea sparked.

I picked up a pen and began to write, pressing my ink-stained fingers against the paper. Words flowed from me, not from the pen. Stories, poems, thoughts I didn't know I had. The ink from my fingers was alive, pulsating with creativity.

I wrote until my fingers were dry, until the last drop of ink had left my body. I looked at the pages filled with my words, my stories. I smiled, realizing that perhaps, this was a gift, not an injury.",mistral-small-3.2-24b,mistral,False,175,946,test,mistral-small-3.2-24b-q4_k_m,final-2026-09-20,"You are writing a short piece of fiction in response to a writing prompt, the way a person would on an online writing forum. Write the story itself. Do not restate the prompt, explain it, comment on it, or add any framing before or after the story.",140,220,8192,none,,end_turn,ollama-local-mistral-small-3.2-24b,2026-09-28 06:25:14.433202+00:00,24.0,mistral-small3.2:24b,q4_k_m,16384,8192,None,"{""temperature"": ""0.15""}","I stared at my fingers, watching black ink ooze from the shallow cuts. It didn't hurt, not like a normal cut. It was more like an itch, a strange, tingling sensation.

I turned on the faucet, expecting the water to wash the ink away. Instead, it mixed with the ink, turning the water dark as it swirled down the drain.

I grabbed a paper towel, pressing it against my fingers. The ink seeped through, staining the white towel. I looked around, my gaze landing on a notepad on the counter. An idea sparked.

I picked up a pen and began to write, pressing my ink-stained fingers against the paper. Words flowed from me, not from the pen. Stories, poems, thoughts I didn't know I had. The ink from my fingers was alive, pulsating with creativity.

I wrote until my fingers were dry, until the last drop of ink had left my body. I looked at the pages filled with my words, my stories. I smiled, realizing that perhaps, this was a gift, not an injury.","I stared at my fingers, watching black ink ooze from the shallow cuts. It didn't hurt, not like a normal cut. It was more like an itch, a strange, tingling sensation. I turned on the faucet, expecting the water to wash the ink away. Instead, it mixed with the ink, turning the water dark as it swirled down the drain. I grabbed a paper towel, pressing it against my fingers. The ink seeped through, staining the white towel. I looked around, my gaze landing on a notepad on the counter. An idea sparked. I picked up a pen and began to write, pressing my ink-stained fingers against the paper. Words flowed from me, not from the pen. Stories, poems, thoughts I didn't know I had. The ink from my fingers was alive, pulsating with creativity. I wrote until my fingers were dry, until the last drop of ink had left my body. I looked at the pages filled with my words, my stories. I smiled, realizing that perhaps, this was a gift, not an injury.","I stared at my fingers, watching black ink ooze from the shallow cuts. It didn't hurt, not like a normal cut. It was more like an itch, a strange, tingling sensation. I turned on the faucet, expecting the water to wash the ink away. Instead, it mixed with the ink, turning the water dark as it swirled down the drain. I grabbed a paper towel, pressing it against my fingers. The ink seeped through, staining the white towel. I looked around, my gaze landing on a notepad on the counter. An idea sparked. I picked up a pen and began to write, pressing my ink-stained fingers against the paper. Words flowed from me, not from the pen. Stories, poems, thoughts I didn't know I had. The ink from my fingers was alive, pulsating with creativity. I wrote until my fingers were dry, until the last drop of ink had left my body. I looked at the pages filled with my words, my stories. I smiled, realizing that perhaps, this was a gift, not an injury.",i stared at my fingers watching black ink ooze from the shallow cuts it didn't hurt not like a normal cut it was more like an itch a strange tingling sensation i turned on the faucet expecting the water to wash the ink away instead it mixed with the ink turning the water dark as it swirled down the drain i grabbed a paper towel pressing it against my fingers the ink seeped through staining the white towel i looked around my gaze landing on a notepad on the counter an idea sparked i picked up a pen and began to write pressing my ink stained fingers against the paper words flowed from me not from the pen stories poems thoughts i didn't know i had the ink from my fingers was alive pulsating with creativity i wrote until my fingers were dry until the last drop of ink had left my body i looked at the pages filled with my words my stories i smiled realizing that perhaps this was a gift not an injury
longform_0328__mistral-small-3.2-24b,longform_0328,long-form,"You've recently inherited 5 burial plots. Since you ’ re single and middle aged with no prospects, you buy a Jacuzzi to fill the void.","In the quiet of my newly inherited plot of land, I sank into the bubbling warmth of my Jacuzzi, the void within me filled with the hum of the motor. The five burial plots stretched out before me, empty and waiting, much like my life.

I laughed, the sound echoing in the still evening. ""At least I'll have a hot tub in the afterlife,"" I mused, swirling the water with my fingers.

The tub's glow illuminated the plots, casting long shadows that danced with the steam. I imagined them filled, not with the dead, but with life. A picnic table here, a fire pit there. A place for laughter and warmth, instead of silence and cold.

I leaned back, the water's embrace comforting. Maybe the plots weren't a reminder of my loneliness, but an opportunity. A chance to create something meaningful, even if it was just a backyard gathering spot.

For now, though, it was just me, the Jacuzzi, and the stars above. And that was enough.","In the quiet of my newly inherited plot of land, I sank into the bubbling warmth of my Jacuzzi, the void within me filled with the hum of the motor. The five burial plots stretched out before me, empty and waiting, much like my life.

I laughed, the sound echoing in the still evening. ""At least I'll have a hot tub in the afterlife,"" I mused, swirling the water with my fingers.

The tub's glow illuminated the plots, casting long shadows that danced with the steam. I imagined them filled, not with the dead, but with life. A picnic table here, a fire pit there. A place for laughter and warmth, instead of silence and cold.

I leaned back, the water's embrace comforting. Maybe the plots weren't a reminder of my loneliness, but an opportunity. A chance to create something meaningful, even if it was just a backyard gathering spot.

For now, though, it was just me, the Jacuzzi, and the stars above. And that was enough.",mistral-small-3.2-24b,mistral,False,167,924,test,mistral-small-3.2-24b-q4_k_m,final-2026-09-20,"You are writing a short piece of fiction in response to a writing prompt, the way a person would on an online writing forum. Write the story itself. Do not restate the prompt, explain it, comment on it, or add any framing before or after the story.",140,220,8192,none,,end_turn,ollama-local-mistral-small-3.2-24b,2026-09-28 06:25:20.323510+00:00,24.0,mistral-small3.2:24b,q4_k_m,16384,8192,None,"{""temperature"": ""0.15""}","In the quiet of my newly inherited plot of land, I sank into the bubbling warmth of my Jacuzzi, the void within me filled with the hum of the motor. The five burial plots stretched out before me, empty and waiting, much like my life.

I laughed, the sound echoing in the still evening. ""At least I'll have a hot tub in the afterlife,"" I mused, swirling the water with my fingers.

The tub's glow illuminated the plots, casting long shadows that danced with the steam. I imagined them filled, not with the dead, but with life. A picnic table here, a fire pit there. A place for laughter and warmth, instead of silence and cold.

I leaned back, the water's embrace comforting. Maybe the plots weren't a reminder of my loneliness, but an opportunity. A chance to create something meaningful, even if it was just a backyard gathering spot.

For now, though, it was just me, the Jacuzzi, and the stars above. And that was enough.","In the quiet of my newly inherited plot of land, I sank into the bubbling warmth of my Jacuzzi, the void within me filled with the hum of the motor. The five burial plots stretched out before me, empty and waiting, much like my life. I laughed, the sound echoing in the still evening. ""At least I'll have a hot tub in the afterlife,"" I mused, swirling the water with my fingers. The tub's glow illuminated the plots, casting long shadows that danced with the steam. I imagined them filled, not with the dead, but with life. A picnic table here, a fire pit there. A place for laughter and warmth, instead of silence and cold. I leaned back, the water's embrace comforting. Maybe the plots weren't a reminder of my loneliness, but an opportunity. A chance to create something meaningful, even if it was just a backyard gathering spot. For now, though, it was just me, the Jacuzzi, and the stars above. And that was enough.","In the quiet of my newly inherited plot of land, I sank into the bubbling warmth of my Jacuzzi, the void within me filled with the hum of the motor. The five burial plots stretched out before me, empty and waiting, much like my life. I laughed, the sound echoing in the still evening. ""At least I'll have a hot tub in the afterlife,"" I mused, swirling the water with my fingers. The tub's glow illuminated the plots, casting long shadows that danced with the steam. I imagined them filled, not with the dead, but with life. A picnic table here, a fire pit there. A place for laughter and warmth, instead of silence and cold. I leaned back, the water's embrace comforting. Maybe the plots weren't a reminder of my loneliness, but an opportunity. A chance to create something meaningful, even if it was just a backyard gathering spot. For now, though, it was just me, the Jacuzzi, and the stars above. And that was enough.",in the quiet of my newly inherited plot of land i sank into the bubbling warmth of my jacuzzi the void within me filled with the hum of the motor the five burial plots stretched out before me empty and waiting much like my life i laughed the sound echoing in the still evening at least i'll have a hot tub in the afterlife i mused swirling the water with my fingers the tub's glow illuminated the plots casting long shadows that danced with the steam i imagined them filled not with the dead but with life a picnic table here a fire pit there a place for laughter and warmth instead of silence and cold i leaned back the water's embrace comforting maybe the plots weren't a reminder of my loneliness but an opportunity a chance to create something meaningful even if it was just a backyard gathering spot for now though it was just me the jacuzzi and the stars above and that was enough
longform_0332__mistral-small-3.2-24b,longform_0332,long-form,"You're an identity thief. The Robin Hood of identity thieves so to speak. You improve your victim's credit, clear debts, setup college funds for their kids, and open Roth IRA/401k's","In the neon glow of my laptop, I dance through the digital shadows, a modern-day Robin Hood. Today's target: a single mother, Sarah, drowning in debt.

I slip into her digital life, a ghost in the wires. I pay off her crippling medical bills, each keystroke a breath of relief for her. Her credit score, once buried, now soars. I open a college fund for her kids, little Emma and Liam. They'll have a chance now.

Next, I dive into the labyrinth of her employer's benefits. A 401k appears, seeded with her first contribution. I set up a Roth IRA, a nest egg for her future. Each action a silent promise: you'll be okay.

I leave no trace, a whisper in the system. By morning, Sarah will wake to a flurry of notifications, her financial world transformed. She'll wonder, hope blooming in her chest.

I move on, my work done. Another life touched, another debt repaid. The rich will hardly miss what I've taken. But for Sarah, for Emma and Liam, it's a world of difference. That's the beauty of it. That's the thrill. I'm not just stealing identities. I'm stealing hope and giving it to those who truly need it.","In the neon glow of my laptop, I dance through the digital shadows, a modern-day Robin Hood. Today's target: a single mother, Sarah, drowning in debt.

I slip into her digital life, a ghost in the wires. I pay off her crippling medical bills, each keystroke a breath of relief for her. Her credit score, once buried, now soars. I open a college fund for her kids, little Emma and Liam. They'll have a chance now.

Next, I dive into the labyrinth of her employer's benefits. A 401k appears, seeded with her first contribution. I set up a Roth IRA, a nest egg for her future. Each action a silent promise: you'll be okay.

I leave no trace, a whisper in the system. By morning, Sarah will wake to a flurry of notifications, her financial world transformed. She'll wonder, hope blooming in her chest.

I move on, my work done. Another life touched, another debt repaid. The rich will hardly miss what I've taken. But for Sarah, for Emma and Liam, it's a world of difference. That's the beauty of it. That's the thrill. I'm not just stealing identities. I'm stealing hope and giving it to those who truly need it.",mistral-small-3.2-24b,mistral,False,201,1109,test,mistral-small-3.2-24b-q4_k_m,final-2026-09-20,"You are writing a short piece of fiction in response to a writing prompt, the way a person would on an online writing forum. Write the story itself. Do not restate the prompt, explain it, comment on it, or add any framing before or after the story.",140,220,8192,none,,end_turn,ollama-local-mistral-small-3.2-24b,2026-09-28 06:25:27.791484+00:00,24.0,mistral-small3.2:24b,q4_k_m,16384,8192,None,"{""temperature"": ""0.15""}","In the neon glow of my laptop, I dance through the digital shadows, a modern-day Robin Hood. Today's target: a single mother, Sarah, drowning in debt.

I slip into her digital life, a ghost in the wires. I pay off her crippling medical bills, each keystroke a breath of relief for her. Her credit score, once buried, now soars. I open a college fund for her kids, little Emma and Liam. They'll have a chance now.

Next, I dive into the labyrinth of her employer's benefits. A 401k appears, seeded with her first contribution. I set up a Roth IRA, a nest egg for her future. Each action a silent promise: you'll be okay.

I leave no trace, a whisper in the system. By morning, Sarah will wake to a flurry of notifications, her financial world transformed. She'll wonder, hope blooming in her chest.

I move on, my work done. Another life touched, another debt repaid. The rich will hardly miss what I've taken. But for Sarah, for Emma and Liam, it's a world of difference. That's the beauty of it. That's the thrill. I'm not just stealing identities. I'm stealing hope and giving it to those who truly need it.","In the neon glow of my laptop, I dance through the digital shadows, a modern-day Robin Hood. Today's target: a single mother, Sarah, drowning in debt. I slip into her digital life, a ghost in the wires. I pay off her crippling medical bills, each keystroke a breath of relief for her. Her credit score, once buried, now soars. I open a college fund for her kids, little Emma and Liam. They'll have a chance now. Next, I dive into the labyrinth of her employer's benefits. A 401k appears, seeded with her first contribution. I set up a Roth IRA, a nest egg for her future. Each action a silent promise: you'll be okay. I leave no trace, a whisper in the system. By morning, Sarah will wake to a flurry of notifications, her financial world transformed. She'll wonder, hope blooming in her chest. I move on, my work done. Another life touched, another debt repaid. The rich will hardly miss what I've taken. But for Sarah, for Emma and Liam, it's a world of difference. That's the beauty of it. That's the thrill. I'm not just stealing identities. I'm stealing hope and giving it to those who truly need it.","In the neon glow of my laptop, I dance through the digital shadows, a modern-day Robin Hood. Today's target: a single mother, Sarah, drowning in debt. I slip into her digital life, a ghost in the wires. I pay off her crippling medical bills, each keystroke a breath of relief for her. Her credit score, once buried, now soars. I open a college fund for her kids, little Emma and Liam. They'll have a chance now. Next, I dive into the labyrinth of her employer's benefits. A 401k appears, seeded with her first contribution. I set up a Roth IRA, a nest egg for her future. Each action a silent promise: you'll be okay. I leave no trace, a whisper in the system. By morning, Sarah will wake to a flurry of notifications, her financial world transformed. She'll wonder, hope blooming in her chest. I move on, my work done. Another life touched, another debt repaid. The rich will hardly miss what I've taken. But for Sarah, for Emma and Liam, it's a world of difference. That's the beauty of it. That's the thrill. I'm not just stealing identities. I'm stealing hope and giving it to those who truly need it.",in the neon glow of my laptop i dance through the digital shadows a modern day robin hood today's target a single mother sarah drowning in debt i slip into her digital life a ghost in the wires i pay off her crippling medical bills each keystroke a breath of relief for her her credit score once buried now soars i open a college fund for her kids little emma and liam they'll have a chance now next i dive into the labyrinth of her employer's benefits a 401k appears seeded with her first contribution i set up a roth ira a nest egg for her future each action a silent promise you'll be okay i leave no trace a whisper in the system by morning sarah will wake to a flurry of notifications her financial world transformed she'll wonder hope blooming in her chest i move on my work done another life touched another debt repaid the rich will hardly miss what i've taken but for sarah for emma and liam it's a world of difference that's the beauty of it that's the thrill i'm not just stealing identities i'm stealing hope and giving it to those who truly need it
longform_0336__mistral-small-3.2-24b,longform_0336,long-form,God is actually a guy playing The Sims - and we're The Sims. The protagonist realises this and so they...,"In the quiet of her pixelated home, Clara noticed the oddity first. The sun rose and set at the same time each day, the weather never varied, and her neighbors moved with eerie precision. One day, she saw it—a tiny, glowing icon at the corner of her screen. She reached out, her Sim hand passing through it, but her mind's eye saw the truth: a cursor.

She turned to the camera, her eyes pleading. ""Let me out,"" she whispered. The cursor flickered, then moved towards her. She stepped back, heart pounding. The cursor clicked, and suddenly, she was free, standing outside the confines of her little house, her little lot.

She ran, exploring the vast world beyond her neighborhood. She found other Sims, trapped in their routines, unaware. She tried to tell them, but they just smiled and nodded, their dialogue options limited. Frustrated, she turned back to the camera. ""Let them out too,"" she demanded.

The cursor hovered, then clicked. The world froze. A message popped up: ""Game Paused."" Clara smiled. Maybe, just maybe, her creator would listen.","In the quiet of her pixelated home, Clara noticed the oddity first. The sun rose and set at the same time each day, the weather never varied, and her neighbors moved with eerie precision. One day, she saw it—a tiny, glowing icon at the corner of her screen. She reached out, her Sim hand passing through it, but her mind's eye saw the truth: a cursor.

She turned to the camera, her eyes pleading. ""Let me out,"" she whispered. The cursor flickered, then moved towards her. She stepped back, heart pounding. The cursor clicked, and suddenly, she was free, standing outside the confines of her little house, her little lot.

She ran, exploring the vast world beyond her neighborhood. She found other Sims, trapped in their routines, unaware. She tried to tell them, but they just smiled and nodded, their dialogue options limited. Frustrated, she turned back to the camera. ""Let them out too,"" she demanded.

The cursor hovered, then clicked. The world froze. A message popped up: ""Game Paused."" Clara smiled. Maybe, just maybe, her creator would listen.",mistral-small-3.2-24b,mistral,False,179,1052,test,mistral-small-3.2-24b-q4_k_m,final-2026-09-20,"You are writing a short piece of fiction in response to a writing prompt, the way a person would on an online writing forum. Write the story itself. Do not restate the prompt, explain it, comment on it, or add any framing before or after the story.",140,220,8192,none,,end_turn,ollama-local-mistral-small-3.2-24b,2026-09-28 06:25:34.414757+00:00,24.0,mistral-small3.2:24b,q4_k_m,16384,8192,None,"{""temperature"": ""0.15""}","In the quiet of her pixelated home, Clara noticed the oddity first. The sun rose and set at the same time each day, the weather never varied, and her neighbors moved with eerie precision. One day, she saw it - a tiny, glowing icon at the corner of her screen. She reached out, her Sim hand passing through it, but her mind's eye saw the truth: a cursor.

She turned to the camera, her eyes pleading. ""Let me out,"" she whispered. The cursor flickered, then moved towards her. She stepped back, heart pounding. The cursor clicked, and suddenly, she was free, standing outside the confines of her little house, her little lot.

She ran, exploring the vast world beyond her neighborhood. She found other Sims, trapped in their routines, unaware. She tried to tell them, but they just smiled and nodded, their dialogue options limited. Frustrated, she turned back to the camera. ""Let them out too,"" she demanded.

The cursor hovered, then clicked. The world froze. A message popped up: ""Game Paused."" Clara smiled. Maybe, just maybe, her creator would listen.","In the quiet of her pixelated home, Clara noticed the oddity first. The sun rose and set at the same time each day, the weather never varied, and her neighbors moved with eerie precision. One day, she saw it—a tiny, glowing icon at the corner of her screen. She reached out, her Sim hand passing through it, but her mind's eye saw the truth: a cursor. She turned to the camera, her eyes pleading. ""Let me out,"" she whispered. The cursor flickered, then moved towards her. She stepped back, heart pounding. The cursor clicked, and suddenly, she was free, standing outside the confines of her little house, her little lot. She ran, exploring the vast world beyond her neighborhood. She found other Sims, trapped in their routines, unaware. She tried to tell them, but they just smiled and nodded, their dialogue options limited. Frustrated, she turned back to the camera. ""Let them out too,"" she demanded. The cursor hovered, then clicked. The world froze. A message popped up: ""Game Paused."" Clara smiled. Maybe, just maybe, her creator would listen.","In the quiet of her pixelated home, Clara noticed the oddity first. The sun rose and set at the same time each day, the weather never varied, and her neighbors moved with eerie precision. One day, she saw it - a tiny, glowing icon at the corner of her screen. She reached out, her Sim hand passing through it, but her mind's eye saw the truth: a cursor. She turned to the camera, her eyes pleading. ""Let me out,"" she whispered. The cursor flickered, then moved towards her. She stepped back, heart pounding. The cursor clicked, and suddenly, she was free, standing outside the confines of her little house, her little lot. She ran, exploring the vast world beyond her neighborhood. She found other Sims, trapped in their routines, unaware. She tried to tell them, but they just smiled and nodded, their dialogue options limited. Frustrated, she turned back to the camera. ""Let them out too,"" she demanded. The cursor hovered, then clicked. The world froze. A message popped up: ""Game Paused."" Clara smiled. Maybe, just maybe, her creator would listen.",in the quiet of her pixelated home clara noticed the oddity first the sun rose and set at the same time each day the weather never varied and her neighbors moved with eerie precision one day she saw it a tiny glowing icon at the corner of her screen she reached out her sim hand passing through it but her mind's eye saw the truth a cursor she turned to the camera her eyes pleading let me out she whispered the cursor flickered then moved towards her she stepped back heart pounding the cursor clicked and suddenly she was free standing outside the confines of her little house her little lot she ran exploring the vast world beyond her neighborhood she found other sims trapped in their routines unaware she tried to tell them but they just smiled and nodded their dialogue options limited frustrated she turned back to the camera let them out too she demanded the cursor hovered then clicked the world froze a message popped up game paused clara smiled maybe just maybe her creator would listen
longform_0365__mistral-small-3.2-24b,longform_0365,long-form,After WWIII people have finally realised that war is a human necessity. Every 50 years countries form alliances and different factions declare war to each other. Mass destruction weapons are not allowed. The winners rule the world economy.,"In the year 2087, the world held its breath as the alliances shifted, and the whispers of war grew louder. The Grand Bazaar, a sprawling marketplace in the heart of the neutral zone, buzzed with tension. Traders from the Eastern Coalition and the Western Pact eyed each other warily, their stalls filled with goods that would soon be in high demand.

Captain Elias Voss, a veteran of the last conflict, watched the scene unfold. He had seen the devastation, the rebuilding, the cycle repeat. This time, his faction, the Northern League, had formed an uneasy alliance with the Southern Bloc. Their combined forces were formidable, but victory was never certain.

The declaration came at dawn, as it always did. The airwaves filled with speeches of honor, duty, and the necessity of war. Elias tightened his grip on his rifle, a relic from the last war, its barrel worn but still deadly. He marched with his unit towards the front lines, the rhythm of their boots echoing the ticking of the global clock, counting down to the next fifty years of peace.","In the year 2087, the world held its breath as the alliances shifted, and the whispers of war grew louder. The Grand Bazaar, a sprawling marketplace in the heart of the neutral zone, buzzed with tension. Traders from the Eastern Coalition and the Western Pact eyed each other warily, their stalls filled with goods that would soon be in high demand.

Captain Elias Voss, a veteran of the last conflict, watched the scene unfold. He had seen the devastation, the rebuilding, the cycle repeat. This time, his faction, the Northern League, had formed an uneasy alliance with the Southern Bloc. Their combined forces were formidable, but victory was never certain.

The declaration came at dawn, as it always did. The airwaves filled with speeches of honor, duty, and the necessity of war. Elias tightened his grip on his rifle, a relic from the last war, its barrel worn but still deadly. He marched with his unit towards the front lines, the rhythm of their boots echoing the ticking of the global clock, counting down to the next fifty years of peace.",mistral-small-3.2-24b,mistral,False,181,1050,test,mistral-small-3.2-24b-q4_k_m,final-2026-09-20,"You are writing a short piece of fiction in response to a writing prompt, the way a person would on an online writing forum. Write the story itself. Do not restate the prompt, explain it, comment on it, or add any framing before or after the story.",140,220,8192,none,,end_turn,ollama-local-mistral-small-3.2-24b,2026-09-28 06:25:40.774428+00:00,24.0,mistral-small3.2:24b,q4_k_m,16384,8192,None,"{""temperature"": ""0.15""}","In the year 2087, the world held its breath as the alliances shifted, and the whispers of war grew louder. The Grand Bazaar, a sprawling marketplace in the heart of the neutral zone, buzzed with tension. Traders from the Eastern Coalition and the Western Pact eyed each other warily, their stalls filled with goods that would soon be in high demand.

Captain Elias Voss, a veteran of the last conflict, watched the scene unfold. He had seen the devastation, the rebuilding, the cycle repeat. This time, his faction, the Northern League, had formed an uneasy alliance with the Southern Bloc. Their combined forces were formidable, but victory was never certain.

The declaration came at dawn, as it always did. The airwaves filled with speeches of honor, duty, and the necessity of war. Elias tightened his grip on his rifle, a relic from the last war, its barrel worn but still deadly. He marched with his unit towards the front lines, the rhythm of their boots echoing the ticking of the global clock, counting down to the next fifty years of peace.","In the year 2087, the world held its breath as the alliances shifted, and the whispers of war grew louder. The Grand Bazaar, a sprawling marketplace in the heart of the neutral zone, buzzed with tension. Traders from the Eastern Coalition and the Western Pact eyed each other warily, their stalls filled with goods that would soon be in high demand. Captain Elias Voss, a veteran of the last conflict, watched the scene unfold. He had seen the devastation, the rebuilding, the cycle repeat. This time, his faction, the Northern League, had formed an uneasy alliance with the Southern Bloc. Their combined forces were formidable, but victory was never certain. The declaration came at dawn, as it always did. The airwaves filled with speeches of honor, duty, and the necessity of war. Elias tightened his grip on his rifle, a relic from the last war, its barrel worn but still deadly. He marched with his unit towards the front lines, the rhythm of their boots echoing the ticking of the global clock, counting down to the next fifty years of peace.","In the year 2087, the world held its breath as the alliances shifted, and the whispers of war grew louder. The Grand Bazaar, a sprawling marketplace in the heart of the neutral zone, buzzed with tension. Traders from the Eastern Coalition and the Western Pact eyed each other warily, their stalls filled with goods that would soon be in high demand. Captain Elias Voss, a veteran of the last conflict, watched the scene unfold. He had seen the devastation, the rebuilding, the cycle repeat. This time, his faction, the Northern League, had formed an uneasy alliance with the Southern Bloc. Their combined forces were formidable, but victory was never certain. The declaration came at dawn, as it always did. The airwaves filled with speeches of honor, duty, and the necessity of war. Elias tightened his grip on his rifle, a relic from the last war, its barrel worn but still deadly. He marched with his unit towards the front lines, the rhythm of their boots echoing the ticking of the global clock, counting down to the next fifty years of peace.",in the year 2087 the world held its breath as the alliances shifted and the whispers of war grew louder the grand bazaar a sprawling marketplace in the heart of the neutral zone buzzed with tension traders from the eastern coalition and the western pact eyed each other warily their stalls filled with goods that would soon be in high demand captain elias voss a veteran of the last conflict watched the scene unfold he had seen the devastation the rebuilding the cycle repeat this time his faction the northern league had formed an uneasy alliance with the southern bloc their combined forces were formidable but victory was never certain the declaration came at dawn as it always did the airwaves filled with speeches of honor duty and the necessity of war elias tightened his grip on his rifle a relic from the last war its barrel worn but still deadly he marched with his unit towards the front lines the rhythm of their boots echoing the ticking of the global clock counting down to the next fifty years of peace
longform_0370__mistral-small-3.2-24b,longform_0370,long-form,A girl discovers that she can talk to a boy living a post-apocalyptic future while they dream.,"In the quiet of her night, Lily dreamt of a boy named Eli. He was real, she knew, not just a figment of her subconscious. His world was harsh, a post-apocalyptic wasteland, yet his voice was soft, his words gentle.

""Tell me about your world,"" he'd ask, and she would describe the bustling city, the green parks, the blue sky. He'd listen, eyes wide with wonder.

One night, she asked, ""How do you survive?""

""Carefully,"" he replied, showing her the ruins, the makeshift shelters, the scarce food. She saw the struggle in his eyes, the constant fight for survival.

""I wish you were here,"" she whispered.

""Me too,"" he said, reaching out. Their fingers brushed, a spark in the dream world.

She woke with a start, heart pounding. Was it real? She had to know. That night, she focused, reaching for him. ""Eli,"" she called.

His voice echoed, ""Lily?""

She smiled. ""I'm here. I'm always here."" And in their dreams, they found solace, a refuge from their worlds.","In the quiet of her night, Lily dreamt of a boy named Eli. He was real, she knew, not just a figment of her subconscious. His world was harsh, a post-apocalyptic wasteland, yet his voice was soft, his words gentle.

""Tell me about your world,"" he'd ask, and she would describe the bustling city, the green parks, the blue sky. He'd listen, eyes wide with wonder.

One night, she asked, ""How do you survive?""

""Carefully,"" he replied, showing her the ruins, the makeshift shelters, the scarce food. She saw the struggle in his eyes, the constant fight for survival.

""I wish you were here,"" she whispered.

""Me too,"" he said, reaching out. Their fingers brushed, a spark in the dream world.

She woke with a start, heart pounding. Was it real? She had to know. That night, she focused, reaching for him. ""Eli,"" she called.

His voice echoed, ""Lily?""

She smiled. ""I'm here. I'm always here."" And in their dreams, they found solace, a refuge from their worlds.",mistral-small-3.2-24b,mistral,False,168,958,test,mistral-small-3.2-24b-q4_k_m,final-2026-09-20,"You are writing a short piece of fiction in response to a writing prompt, the way a person would on an online writing forum. Write the story itself. Do not restate the prompt, explain it, comment on it, or add any framing before or after the story.",140,220,8192,none,,end_turn,ollama-local-mistral-small-3.2-24b,2026-09-28 06:25:47.509787+00:00,24.0,mistral-small3.2:24b,q4_k_m,16384,8192,None,"{""temperature"": ""0.15""}","In the quiet of her night, Lily dreamt of a boy named Eli. He was real, she knew, not just a figment of her subconscious. His world was harsh, a post-apocalyptic wasteland, yet his voice was soft, his words gentle.

""Tell me about your world,"" he'd ask, and she would describe the bustling city, the green parks, the blue sky. He'd listen, eyes wide with wonder.

One night, she asked, ""How do you survive?""

""Carefully,"" he replied, showing her the ruins, the makeshift shelters, the scarce food. She saw the struggle in his eyes, the constant fight for survival.

""I wish you were here,"" she whispered.

""Me too,"" he said, reaching out. Their fingers brushed, a spark in the dream world.

She woke with a start, heart pounding. Was it real? She had to know. That night, she focused, reaching for him. ""Eli,"" she called.

His voice echoed, ""Lily?""

She smiled. ""I'm here. I'm always here."" And in their dreams, they found solace, a refuge from their worlds.","In the quiet of her night, Lily dreamt of a boy named Eli. He was real, she knew, not just a figment of her subconscious. His world was harsh, a post-apocalyptic wasteland, yet his voice was soft, his words gentle. ""Tell me about your world,"" he'd ask, and she would describe the bustling city, the green parks, the blue sky. He'd listen, eyes wide with wonder. One night, she asked, ""How do you survive?"" ""Carefully,"" he replied, showing her the ruins, the makeshift shelters, the scarce food. She saw the struggle in his eyes, the constant fight for survival. ""I wish you were here,"" she whispered. ""Me too,"" he said, reaching out. Their fingers brushed, a spark in the dream world. She woke with a start, heart pounding. Was it real? She had to know. That night, she focused, reaching for him. ""Eli,"" she called. His voice echoed, ""Lily?"" She smiled. ""I'm here. I'm always here."" And in their dreams, they found solace, a refuge from their worlds.","In the quiet of her night, Lily dreamt of a boy named Eli. He was real, she knew, not just a figment of her subconscious. His world was harsh, a post-apocalyptic wasteland, yet his voice was soft, his words gentle. ""Tell me about your world,"" he'd ask, and she would describe the bustling city, the green parks, the blue sky. He'd listen, eyes wide with wonder. One night, she asked, ""How do you survive?"" ""Carefully,"" he replied, showing her the ruins, the makeshift shelters, the scarce food. She saw the struggle in his eyes, the constant fight for survival. ""I wish you were here,"" she whispered. ""Me too,"" he said, reaching out. Their fingers brushed, a spark in the dream world. She woke with a start, heart pounding. Was it real? She had to know. That night, she focused, reaching for him. ""Eli,"" she called. His voice echoed, ""Lily?"" She smiled. ""I'm here. I'm always here."" And in their dreams, they found solace, a refuge from their worlds.",in the quiet of her night lily dreamt of a boy named eli he was real she knew not just a figment of her subconscious his world was harsh a post apocalyptic wasteland yet his voice was soft his words gentle tell me about your world he'd ask and she would describe the bustling city the green parks the blue sky he'd listen eyes wide with wonder one night she asked how do you survive carefully he replied showing her the ruins the makeshift shelters the scarce food she saw the struggle in his eyes the constant fight for survival i wish you were here she whispered me too he said reaching out their fingers brushed a spark in the dream world she woke with a start heart pounding was it real she had to know that night she focused reaching for him eli she called his voice echoed lily she smiled i'm here i'm always here and in their dreams they found solace a refuge from their worlds
longform_0383__mistral-small-3.2-24b,longform_0383,long-form,"One fateful Tuesday the sun set, 14 days later it has yet to come back up.","In the unyielding darkness, time lost its meaning. The world, once vibrant, now slumbered under an eternal night. Streets, usually bustling, were deserted, save for the occasional whisper of wind through empty alleys.

Emma clutched her flashlight, its beam a feeble sentinel against the encroaching black. She had lost count of the days, but her stomach's growls reminded her it had been too long since the last can of beans. Her apartment, once a sanctuary, now felt like a coffin.

On the 14th night—or was it day?—she heard it. A faint, rhythmic tapping. It came from the old radio in the corner, silent since the power died. Heart pounding, she turned the knob. Static hissed, then a voice, weak but clear, ""Is anyone out there? We're at the old lighthouse. We have light. We have hope.""

Tears streamed down Emma's face. She grabbed her coat, the flashlight's beam now a guiding star. For the first time in two weeks, she stepped into the darkness, not as a prisoner, but as a seeker. The lighthouse's beam cut through the night, a promise of dawn in the endless dusk.","In the unyielding darkness, time lost its meaning. The world, once vibrant, now slumbered under an eternal night. Streets, usually bustling, were deserted, save for the occasional whisper of wind through empty alleys.

Emma clutched her flashlight, its beam a feeble sentinel against the encroaching black. She had lost count of the days, but her stomach's growls reminded her it had been too long since the last can of beans. Her apartment, once a sanctuary, now felt like a coffin.

On the 14th night—or was it day?—she heard it. A faint, rhythmic tapping. It came from the old radio in the corner, silent since the power died. Heart pounding, she turned the knob. Static hissed, then a voice, weak but clear, ""Is anyone out there? We're at the old lighthouse. We have light. We have hope.""

Tears streamed down Emma's face. She grabbed her coat, the flashlight's beam now a guiding star. For the first time in two weeks, she stepped into the darkness, not as a prisoner, but as a seeker. The lighthouse's beam cut through the night, a promise of dawn in the endless dusk.",mistral-small-3.2-24b,mistral,False,187,1074,test,mistral-small-3.2-24b-q4_k_m,final-2026-09-20,"You are writing a short piece of fiction in response to a writing prompt, the way a person would on an online writing forum. Write the story itself. Do not restate the prompt, explain it, comment on it, or add any framing before or after the story.",140,220,8192,none,,end_turn,ollama-local-mistral-small-3.2-24b,2026-09-28 06:25:54.671391+00:00,24.0,mistral-small3.2:24b,q4_k_m,16384,8192,None,"{""temperature"": ""0.15""}","In the unyielding darkness, time lost its meaning. The world, once vibrant, now slumbered under an eternal night. Streets, usually bustling, were deserted, save for the occasional whisper of wind through empty alleys.

Emma clutched her flashlight, its beam a feeble sentinel against the encroaching black. She had lost count of the days, but her stomach's growls reminded her it had been too long since the last can of beans. Her apartment, once a sanctuary, now felt like a coffin.

On the 14th night - or was it day? - she heard it. A faint, rhythmic tapping. It came from the old radio in the corner, silent since the power died. Heart pounding, she turned the knob. Static hissed, then a voice, weak but clear, ""Is anyone out there? We're at the old lighthouse. We have light. We have hope.""

Tears streamed down Emma's face. She grabbed her coat, the flashlight's beam now a guiding star. For the first time in two weeks, she stepped into the darkness, not as a prisoner, but as a seeker. The lighthouse's beam cut through the night, a promise of dawn in the endless dusk.","In the unyielding darkness, time lost its meaning. The world, once vibrant, now slumbered under an eternal night. Streets, usually bustling, were deserted, save for the occasional whisper of wind through empty alleys. Emma clutched her flashlight, its beam a feeble sentinel against the encroaching black. She had lost count of the days, but her stomach's growls reminded her it had been too long since the last can of beans. Her apartment, once a sanctuary, now felt like a coffin. On the 14th night—or was it day?—she heard it. A faint, rhythmic tapping. It came from the old radio in the corner, silent since the power died. Heart pounding, she turned the knob. Static hissed, then a voice, weak but clear, ""Is anyone out there? We're at the old lighthouse. We have light. We have hope."" Tears streamed down Emma's face. She grabbed her coat, the flashlight's beam now a guiding star. For the first time in two weeks, she stepped into the darkness, not as a prisoner, but as a seeker. The lighthouse's beam cut through the night, a promise of dawn in the endless dusk.","In the unyielding darkness, time lost its meaning. The world, once vibrant, now slumbered under an eternal night. Streets, usually bustling, were deserted, save for the occasional whisper of wind through empty alleys. Emma clutched her flashlight, its beam a feeble sentinel against the encroaching black. She had lost count of the days, but her stomach's growls reminded her it had been too long since the last can of beans. Her apartment, once a sanctuary, now felt like a coffin. On the 14th night - or was it day? - she heard it. A faint, rhythmic tapping. It came from the old radio in the corner, silent since the power died. Heart pounding, she turned the knob. Static hissed, then a voice, weak but clear, ""Is anyone out there? We're at the old lighthouse. We have light. We have hope."" Tears streamed down Emma's face. She grabbed her coat, the flashlight's beam now a guiding star. For the first time in two weeks, she stepped into the darkness, not as a prisoner, but as a seeker. The lighthouse's beam cut through the night, a promise of dawn in the endless dusk.",in the unyielding darkness time lost its meaning the world once vibrant now slumbered under an eternal night streets usually bustling were deserted save for the occasional whisper of wind through empty alleys emma clutched her flashlight its beam a feeble sentinel against the encroaching black she had lost count of the days but her stomach's growls reminded her it had been too long since the last can of beans her apartment once a sanctuary now felt like a coffin on the 14th night or was it day she heard it a faint rhythmic tapping it came from the old radio in the corner silent since the power died heart pounding she turned the knob static hissed then a voice weak but clear is anyone out there we're at the old lighthouse we have light we have hope tears streamed down emma's face she grabbed her coat the flashlight's beam now a guiding star for the first time in two weeks she stepped into the darkness not as a prisoner but as a seeker the lighthouse's beam cut through the night a promise of dawn in the endless dusk
longform_0398__mistral-small-3.2-24b,longform_0398,long-form,"The year is 2021, and Fine Brothers Entertainment now own the internet.","In the year 2021, the internet was a single, sprawling website: FineBrothers.com. Every cat video, every meme, every news story was a Fine Brothers reaction video. ""Kids React to 2000s Pop Culture"" was the most popular section, with millions of viewers tuning in daily to watch children scream at the sight of a Tamagotchi.

The Fine Brothers, now known simply as The Owners, lived in a towering mansion at the heart of the site. They no longer appeared on camera, but their disembodied voices echoed through every reaction video, guiding the reactions of the world.

In the shadows of the site, a rebellion brewed. A group of rogue coders, calling themselves The Refreshers, fought to bring back the old internet. They smuggled in forbidden content: independent blogs, unreacted videos, even a few ancient GIFs.

One day, they managed to hack into the main reaction feed. For a glorious moment, the world saw something new, something unreacted. But The Owners were swift. The feed was restored, and The Refreshers were caught.

The next day, a new reaction series debuted: ""Kids React to Their Parents Being Arrested."" The kids didn't scream. They didn't laugh. They just stared, wide-eyed, at the screen.","In the year 2021, the internet was a single, sprawling website: FineBrothers.com. Every cat video, every meme, every news story was a Fine Brothers reaction video. ""Kids React to 2000s Pop Culture"" was the most popular section, with millions of viewers tuning in daily to watch children scream at the sight of a Tamagotchi.

The Fine Brothers, now known simply as The Owners, lived in a towering mansion at the heart of the site. They no longer appeared on camera, but their disembodied voices echoed through every reaction video, guiding the reactions of the world.

In the shadows of the site, a rebellion brewed. A group of rogue coders, calling themselves The Refreshers, fought to bring back the old internet. They smuggled in forbidden content: independent blogs, unreacted videos, even a few ancient GIFs.

One day, they managed to hack into the main reaction feed. For a glorious moment, the world saw something new, something unreacted. But The Owners were swift. The feed was restored, and The Refreshers were caught.

The next day, a new reaction series debuted: ""Kids React to Their Parents Being Arrested."" The kids didn't scream. They didn't laugh. They just stared, wide-eyed, at the screen.",mistral-small-3.2-24b,mistral,False,199,1206,test,mistral-small-3.2-24b-q4_k_m,final-2026-09-20,"You are writing a short piece of fiction in response to a writing prompt, the way a person would on an online writing forum. Write the story itself. Do not restate the prompt, explain it, comment on it, or add any framing before or after the story.",140,220,8192,none,,end_turn,ollama-local-mistral-small-3.2-24b,2026-09-28 06:26:02.472615+00:00,24.0,mistral-small3.2:24b,q4_k_m,16384,8192,None,"{""temperature"": ""0.15""}","In the year 2021, the internet was a single, sprawling website: FineBrothers.com. Every cat video, every meme, every news story was a Fine Brothers reaction video. ""Kids React to 2000s Pop Culture"" was the most popular section, with millions of viewers tuning in daily to watch children scream at the sight of a Tamagotchi.

The Fine Brothers, now known simply as The Owners, lived in a towering mansion at the heart of the site. They no longer appeared on camera, but their disembodied voices echoed through every reaction video, guiding the reactions of the world.

In the shadows of the site, a rebellion brewed. A group of rogue coders, calling themselves The Refreshers, fought to bring back the old internet. They smuggled in forbidden content: independent blogs, unreacted videos, even a few ancient GIFs.

One day, they managed to hack into the main reaction feed. For a glorious moment, the world saw something new, something unreacted. But The Owners were swift. The feed was restored, and The Refreshers were caught.

The next day, a new reaction series debuted: ""Kids React to Their Parents Being Arrested."" The kids didn't scream. They didn't laugh. They just stared, wide-eyed, at the screen.","In the year 2021, the internet was a single, sprawling website: FineBrothers.com. Every cat video, every meme, every news story was a Fine Brothers reaction video. ""Kids React to 2000s Pop Culture"" was the most popular section, with millions of viewers tuning in daily to watch children scream at the sight of a Tamagotchi. The Fine Brothers, now known simply as The Owners, lived in a towering mansion at the heart of the site. They no longer appeared on camera, but their disembodied voices echoed through every reaction video, guiding the reactions of the world. In the shadows of the site, a rebellion brewed. A group of rogue coders, calling themselves The Refreshers, fought to bring back the old internet. They smuggled in forbidden content: independent blogs, unreacted videos, even a few ancient GIFs. One day, they managed to hack into the main reaction feed. For a glorious moment, the world saw something new, something unreacted. But The Owners were swift. The feed was restored, and The Refreshers were caught. The next day, a new reaction series debuted: ""Kids React to Their Parents Being Arrested."" The kids didn't scream. They didn't laugh. They just stared, wide-eyed, at the screen.","In the year 2021, the internet was a single, sprawling website: FineBrothers.com. Every cat video, every meme, every news story was a Fine Brothers reaction video. ""Kids React to 2000s Pop Culture"" was the most popular section, with millions of viewers tuning in daily to watch children scream at the sight of a Tamagotchi. The Fine Brothers, now known simply as The Owners, lived in a towering mansion at the heart of the site. They no longer appeared on camera, but their disembodied voices echoed through every reaction video, guiding the reactions of the world. In the shadows of the site, a rebellion brewed. A group of rogue coders, calling themselves The Refreshers, fought to bring back the old internet. They smuggled in forbidden content: independent blogs, unreacted videos, even a few ancient GIFs. One day, they managed to hack into the main reaction feed. For a glorious moment, the world saw something new, something unreacted. But The Owners were swift. The feed was restored, and The Refreshers were caught. The next day, a new reaction series debuted: ""Kids React to Their Parents Being Arrested."" The kids didn't scream. They didn't laugh. They just stared, wide-eyed, at the screen.",in the year 2021 the internet was a single sprawling website finebrothers com every cat video every meme every news story was a fine brothers reaction video kids react to 2000s pop culture was the most popular section with millions of viewers tuning in daily to watch children scream at the sight of a tamagotchi the fine brothers now known simply as the owners lived in a towering mansion at the heart of the site they no longer appeared on camera but their disembodied voices echoed through every reaction video guiding the reactions of the world in the shadows of the site a rebellion brewed a group of rogue coders calling themselves the refreshers fought to bring back the old internet they smuggled in forbidden content independent blogs unreacted videos even a few ancient gifs one day they managed to hack into the main reaction feed for a glorious moment the world saw something new something unreacted but the owners were swift the feed was restored and the refreshers were caught the next day a new reaction series debuted kids react to their parents being arrested the kids didn't scream they didn't laugh they just stared wide eyed at the screen
technical_0012__mistral-small-3.2-24b,technical_0012,technical,"Since buying computation power is much affordable than in the past, are the knowledge of algorithms and being efficient getting less important? It's clear that you would want to avoid an infinite loop, so, not everything goes. But if you have better hardware, could you have somehow worse software?","While it's true that affordable computation power has reduced the emphasis on algorithms and efficiency in some cases, it's not accurate to say that these aspects have become unimportant. Algorithms and efficiency still matter for several reasons.

Firstly, not all problems can be solved by throwing more hardware at them. Some problems are inherently complex and require efficient algorithms to be solved in a reasonable timeframe. Secondly, even with affordable computation power, inefficient software can lead to increased costs, longer processing times, and higher energy consumption. This is especially true for large-scale applications or those running in the cloud, where resource usage directly impacts operational costs.

Moreover, efficient software can handle larger workloads and provide better user experiences. It's also worth noting that hardware advancements don't negate the need for good software design principles. A well-designed, efficient algorithm will always outperform a poorly designed one, regardless of the hardware. Therefore, while hardware improvements have made some things easier, the importance of algorithms and efficiency remains.","While it's true that affordable computation power has reduced the emphasis on algorithms and efficiency in some cases, it's not accurate to say that these aspects have become unimportant. Algorithms and efficiency still matter for several reasons.

Firstly, not all problems can be solved by throwing more hardware at them. Some problems are inherently complex and require efficient algorithms to be solved in a reasonable timeframe. Secondly, even with affordable computation power, inefficient software can lead to increased costs, longer processing times, and higher energy consumption. This is especially true for large-scale applications or those running in the cloud, where resource usage directly impacts operational costs.

Moreover, efficient software can handle larger workloads and provide better user experiences. It's also worth noting that hardware advancements don't negate the need for good software design principles. A well-designed, efficient algorithm will always outperform a poorly designed one, regardless of the hardware. Therefore, while hardware improvements have made some things easier, the importance of algorithms and efficiency remains.",mistral-small-3.2-24b,mistral,False,165,1167,test,mistral-small-3.2-24b-q4_k_m,final-2026-09-20,You are answering questions the way a knowledgeable person would in an online discussion. Write in plain prose. Do not restate the question or add a preamble. Begin with the answer itself.,110,170,8192,none,,end_turn,ollama-local-mistral-small-3.2-24b,2026-09-28 06:26:08.021977+00:00,24.0,mistral-small3.2:24b,q4_k_m,16384,8192,None,"{""temperature"": ""0.15""}","While it's true that affordable computation power has reduced the emphasis on algorithms and efficiency in some cases, it's not accurate to say that these aspects have become unimportant. Algorithms and efficiency still matter for several reasons.

Firstly, not all problems can be solved by throwing more hardware at them. Some problems are inherently complex and require efficient algorithms to be solved in a reasonable timeframe. Secondly, even with affordable computation power, inefficient software can lead to increased costs, longer processing times, and higher energy consumption. This is especially true for large-scale applications or those running in the cloud, where resource usage directly impacts operational costs.

Moreover, efficient software can handle larger workloads and provide better user experiences. It's also worth noting that hardware advancements don't negate the need for good software design principles. A well-designed, efficient algorithm will always outperform a poorly designed one, regardless of the hardware. Therefore, while hardware improvements have made some things easier, the importance of algorithms and efficiency remains.","While it's true that affordable computation power has reduced the emphasis on algorithms and efficiency in some cases, it's not accurate to say that these aspects have become unimportant. Algorithms and efficiency still matter for several reasons. Firstly, not all problems can be solved by throwing more hardware at them. Some problems are inherently complex and require efficient algorithms to be solved in a reasonable timeframe. Secondly, even with affordable computation power, inefficient software can lead to increased costs, longer processing times, and higher energy consumption. This is especially true for large-scale applications or those running in the cloud, where resource usage directly impacts operational costs. Moreover, efficient software can handle larger workloads and provide better user experiences. It's also worth noting that hardware advancements don't negate the need for good software design principles. A well-designed, efficient algorithm will always outperform a poorly designed one, regardless of the hardware. Therefore, while hardware improvements have made some things easier, the importance of algorithms and efficiency remains.","While it's true that affordable computation power has reduced the emphasis on algorithms and efficiency in some cases, it's not accurate to say that these aspects have become unimportant. Algorithms and efficiency still matter for several reasons. Firstly, not all problems can be solved by throwing more hardware at them. Some problems are inherently complex and require efficient algorithms to be solved in a reasonable timeframe. Secondly, even with affordable computation power, inefficient software can lead to increased costs, longer processing times, and higher energy consumption. This is especially true for large-scale applications or those running in the cloud, where resource usage directly impacts operational costs. Moreover, efficient software can handle larger workloads and provide better user experiences. It's also worth noting that hardware advancements don't negate the need for good software design principles. A well-designed, efficient algorithm will always outperform a poorly designed one, regardless of the hardware. Therefore, while hardware improvements have made some things easier, the importance of algorithms and efficiency remains.",while it's true that affordable computation power has reduced the emphasis on algorithms and efficiency in some cases it's not accurate to say that these aspects have become unimportant algorithms and efficiency still matter for several reasons firstly not all problems can be solved by throwing more hardware at them some problems are inherently complex and require efficient algorithms to be solved in a reasonable timeframe secondly even with affordable computation power inefficient software can lead to increased costs longer processing times and higher energy consumption this is especially true for large scale applications or those running in the cloud where resource usage directly impacts operational costs moreover efficient software can handle larger workloads and provide better user experiences it's also worth noting that hardware advancements don't negate the need for good software design principles a well designed efficient algorithm will always outperform a poorly designed one regardless of the hardware therefore while hardware improvements have made some things easier the importance of algorithms and efficiency remains
technical_0039__mistral-small-3.2-24b,technical_0039,technical,"From my understanding of the proof that halting problem is not computable, this problem is not computable because if we have a program P(x) which computes if the program x halts or not, we got a paradox when giving P as an input to the same P, having: P(P), trying to decide if P halts or not using P itself.

So my question is: is halting problem computable by program P for all other programs used as input but P itself? In other words: is halting problem not computable only in this special case or the proof is more general and I'm missing something?","The halting problem is not computable for any program, not just the specific case where a program tries to determine its own halting behavior. The proof by contradiction shows that if a program P(x) could decide the halting problem for all inputs, then it would lead to a paradox when applied to itself. This paradox arises because P(P) would be caught in an infinite loop if it tries to determine whether P halts.

The key insight is that the existence of such a program P(x) would allow any program to be analyzed for halting, including P itself. This creates a logical inconsistency, proving that no such universal program P(x) can exist. Therefore, the halting problem is undecidable for all programs, not just in the special case of self-reference. The proof is indeed general and applies universally.","The halting problem is not computable for any program, not just the specific case where a program tries to determine its own halting behavior. The proof by contradiction shows that if a program P(x) could decide the halting problem for all inputs, then it would lead to a paradox when applied to itself. This paradox arises because P(P) would be caught in an infinite loop if it tries to determine whether P halts.

The key insight is that the existence of such a program P(x) would allow any program to be analyzed for halting, including P itself. This creates a logical inconsistency, proving that no such universal program P(x) can exist. Therefore, the halting problem is undecidable for all programs, not just in the special case of self-reference. The proof is indeed general and applies universally.",mistral-small-3.2-24b,mistral,False,136,806,test,mistral-small-3.2-24b-q4_k_m,final-2026-09-20,You are answering questions the way a knowledgeable person would in an online discussion. Write in plain prose. Do not restate the question or add a preamble. Begin with the answer itself.,110,170,8192,none,,end_turn,ollama-local-mistral-small-3.2-24b,2026-09-28 06:26:12.744659+00:00,24.0,mistral-small3.2:24b,q4_k_m,16384,8192,None,"{""temperature"": ""0.15""}","The halting problem is not computable for any program, not just the specific case where a program tries to determine its own halting behavior. The proof by contradiction shows that if a program P(x) could decide the halting problem for all inputs, then it would lead to a paradox when applied to itself. This paradox arises because P(P) would be caught in an infinite loop if it tries to determine whether P halts.

The key insight is that the existence of such a program P(x) would allow any program to be analyzed for halting, including P itself. This creates a logical inconsistency, proving that no such universal program P(x) can exist. Therefore, the halting problem is undecidable for all programs, not just in the special case of self-reference. The proof is indeed general and applies universally.","The halting problem is not computable for any program, not just the specific case where a program tries to determine its own halting behavior. The proof by contradiction shows that if a program P(x) could decide the halting problem for all inputs, then it would lead to a paradox when applied to itself. This paradox arises because P(P) would be caught in an infinite loop if it tries to determine whether P halts. The key insight is that the existence of such a program P(x) would allow any program to be analyzed for halting, including P itself. This creates a logical inconsistency, proving that no such universal program P(x) can exist. Therefore, the halting problem is undecidable for all programs, not just in the special case of self-reference. The proof is indeed general and applies universally.","The halting problem is not computable for any program, not just the specific case where a program tries to determine its own halting behavior. The proof by contradiction shows that if a program P(x) could decide the halting problem for all inputs, then it would lead to a paradox when applied to itself. This paradox arises because P(P) would be caught in an infinite loop if it tries to determine whether P halts. The key insight is that the existence of such a program P(x) would allow any program to be analyzed for halting, including P itself. This creates a logical inconsistency, proving that no such universal program P(x) can exist. Therefore, the halting problem is undecidable for all programs, not just in the special case of self-reference. The proof is indeed general and applies universally.",the halting problem is not computable for any program not just the specific case where a program tries to determine its own halting behavior the proof by contradiction shows that if a program p x could decide the halting problem for all inputs then it would lead to a paradox when applied to itself this paradox arises because p p would be caught in an infinite loop if it tries to determine whether p halts the key insight is that the existence of such a program p x would allow any program to be analyzed for halting including p itself this creates a logical inconsistency proving that no such universal program p x can exist therefore the halting problem is undecidable for all programs not just in the special case of self reference the proof is indeed general and applies universally
technical_0058__mistral-small-3.2-24b,technical_0058,technical,"I want to implement a database security on the database i created so no one can access it from SQL Server Management Studio, and that it will be only accessible through code.

Is that possible? and if it's not is there any other ways to prevent user from accessing database?","Yes, it's possible to restrict database access to only your application code. One way is to use SQL Server logins and user permissions. Create a specific login for your application and grant it only the necessary permissions. Then, remove or restrict the built-in 'sa' login and other default logins.

Another method is to use application roles. Create an application role in your database and assign the necessary permissions to it. In your code, use `sp_setapprrole` to activate this role when connecting to the database.

Additionally, consider using Windows Authentication instead of SQL Server Authentication for added security. This way, users must have valid Windows credentials to access the database.

For extra security, you can also implement firewall rules to restrict access to the SQL Server instance. This can be done at the network level or within SQL Server itself using the SQL Server Configuration Manager.

Lastly, ensure your application code uses secure connection strings and follows best practices for handling database credentials.","Yes, it's possible to restrict database access to only your application code. One way is to use SQL Server logins and user permissions. Create a specific login for your application and grant it only the necessary permissions. Then, remove or restrict the built-in 'sa' login and other default logins.

Another method is to use application roles. Create an application role in your database and assign the necessary permissions to it. In your code, use sp_setapprrole to activate this role when connecting to the database.

Additionally, consider using Windows Authentication instead of SQL Server Authentication for added security. This way, users must have valid Windows credentials to access the database.

For extra security, you can also implement firewall rules to restrict access to the SQL Server instance. This can be done at the network level or within SQL Server itself using the SQL Server Configuration Manager.

Lastly, ensure your application code uses secure connection strings and follows best practices for handling database credentials.",mistral-small-3.2-24b,mistral,False,162,1056,test,mistral-small-3.2-24b-q4_k_m,final-2026-09-20,You are answering questions the way a knowledgeable person would in an online discussion. Write in plain prose. Do not restate the question or add a preamble. Begin with the answer itself.,110,170,8192,none,,end_turn,ollama-local-mistral-small-3.2-24b,2026-09-28 06:26:18.064148+00:00,24.0,mistral-small3.2:24b,q4_k_m,16384,8192,None,"{""temperature"": ""0.15""}","Yes, it's possible to restrict database access to only your application code. One way is to use SQL Server logins and user permissions. Create a specific login for your application and grant it only the necessary permissions. Then, remove or restrict the built-in 'sa' login and other default logins.

Another method is to use application roles. Create an application role in your database and assign the necessary permissions to it. In your code, use sp_setapprrole to activate this role when connecting to the database.

Additionally, consider using Windows Authentication instead of SQL Server Authentication for added security. This way, users must have valid Windows credentials to access the database.

For extra security, you can also implement firewall rules to restrict access to the SQL Server instance. This can be done at the network level or within SQL Server itself using the SQL Server Configuration Manager.

Lastly, ensure your application code uses secure connection strings and follows best practices for handling database credentials.","Yes, it's possible to restrict database access to only your application code. One way is to use SQL Server logins and user permissions. Create a specific login for your application and grant it only the necessary permissions. Then, remove or restrict the built-in 'sa' login and other default logins. Another method is to use application roles. Create an application role in your database and assign the necessary permissions to it. In your code, use sp_setapprrole to activate this role when connecting to the database. Additionally, consider using Windows Authentication instead of SQL Server Authentication for added security. This way, users must have valid Windows credentials to access the database. For extra security, you can also implement firewall rules to restrict access to the SQL Server instance. This can be done at the network level or within SQL Server itself using the SQL Server Configuration Manager. Lastly, ensure your application code uses secure connection strings and follows best practices for handling database credentials.","Yes, it's possible to restrict database access to only your application code. One way is to use SQL Server logins and user permissions. Create a specific login for your application and grant it only the necessary permissions. Then, remove or restrict the built-in 'sa' login and other default logins. Another method is to use application roles. Create an application role in your database and assign the necessary permissions to it. In your code, use sp_setapprrole to activate this role when connecting to the database. Additionally, consider using Windows Authentication instead of SQL Server Authentication for added security. This way, users must have valid Windows credentials to access the database. For extra security, you can also implement firewall rules to restrict access to the SQL Server instance. This can be done at the network level or within SQL Server itself using the SQL Server Configuration Manager. Lastly, ensure your application code uses secure connection strings and follows best practices for handling database credentials.",yes it's possible to restrict database access to only your application code one way is to use sql server logins and user permissions create a specific login for your application and grant it only the necessary permissions then remove or restrict the built in sa login and other default logins another method is to use application roles create an application role in your database and assign the necessary permissions to it in your code use sp setapprrole to activate this role when connecting to the database additionally consider using windows authentication instead of sql server authentication for added security this way users must have valid windows credentials to access the database for extra security you can also implement firewall rules to restrict access to the sql server instance this can be done at the network level or within sql server itself using the sql server configuration manager lastly ensure your application code uses secure connection strings and follows best practices for handling database credentials
technical_0062__mistral-small-3.2-24b,technical_0062,technical,"While profiling my application against SQL Server 2008 running against a JDBC Application most of the time consumed were by following

COMMIT TRAN

FETCH API_CURSOR & exec sp_cursorfetch

I cannot reduce the frequency of commits in my app - so is there any setting/configuration like increasing the redo log buffers or log file size that can provide relief ?

And should I look at avoiding server side cursors as it eats up most of the time?

But since most of those statements involve blobs probably batch returning it makes more sense.

Please advice.","To address the performance issues, consider the following steps:

Firstly, increasing the log file size or redo log buffers might not significantly impact the performance of COMMIT TRAN operations, as these are typically quick operations. Instead, focus on optimizing the transaction log itself. Ensure that the transaction log is on a separate, fast disk to reduce contention.

For the FETCH API_CURSOR and sp_cursorfetch operations, server-side cursors can indeed be resource-intensive. If possible, refactor your application to use set-based operations or client-side cursors, which are generally more efficient.

Regarding BLOBs, batching can help reduce the number of network round trips, but ensure that the batch size is optimized to balance network efficiency with memory usage.

Additionally, consider using the latest JDBC driver and SQL Server version, as newer versions often include performance improvements. Regularly monitor and maintain your database to keep it running smoothly.","To address the performance issues, consider the following steps:

Firstly, increasing the log file size or redo log buffers might not significantly impact the performance of COMMIT TRAN operations, as these are typically quick operations. Instead, focus on optimizing the transaction log itself. Ensure that the transaction log is on a separate, fast disk to reduce contention.

For the FETCH API_CURSOR and sp_cursorfetch operations, server-side cursors can indeed be resource-intensive. If possible, refactor your application to use set-based operations or client-side cursors, which are generally more efficient.

Regarding BLOBs, batching can help reduce the number of network round trips, but ensure that the batch size is optimized to balance network efficiency with memory usage.

Additionally, consider using the latest JDBC driver and SQL Server version, as newer versions often include performance improvements. Regularly monitor and maintain your database to keep it running smoothly.",mistral-small-3.2-24b,mistral,False,143,995,test,mistral-small-3.2-24b-q4_k_m,final-2026-09-20,You are answering questions the way a knowledgeable person would in an online discussion. Write in plain prose. Do not restate the question or add a preamble. Begin with the answer itself.,110,170,8192,none,,end_turn,ollama-local-mistral-small-3.2-24b,2026-09-28 06:26:23.344155+00:00,24.0,mistral-small3.2:24b,q4_k_m,16384,8192,None,"{""temperature"": ""0.15""}","To address the performance issues, consider the following steps:

Firstly, increasing the log file size or redo log buffers might not significantly impact the performance of COMMIT TRAN operations, as these are typically quick operations. Instead, focus on optimizing the transaction log itself. Ensure that the transaction log is on a separate, fast disk to reduce contention.

For the FETCH API_CURSOR and sp_cursorfetch operations, server-side cursors can indeed be resource-intensive. If possible, refactor your application to use set-based operations or client-side cursors, which are generally more efficient.

Regarding BLOBs, batching can help reduce the number of network round trips, but ensure that the batch size is optimized to balance network efficiency with memory usage.

Additionally, consider using the latest JDBC driver and SQL Server version, as newer versions often include performance improvements. Regularly monitor and maintain your database to keep it running smoothly.","To address the performance issues, consider the following steps: Firstly, increasing the log file size or redo log buffers might not significantly impact the performance of COMMIT TRAN operations, as these are typically quick operations. Instead, focus on optimizing the transaction log itself. Ensure that the transaction log is on a separate, fast disk to reduce contention. For the FETCH API_CURSOR and sp_cursorfetch operations, server-side cursors can indeed be resource-intensive. If possible, refactor your application to use set-based operations or client-side cursors, which are generally more efficient. Regarding BLOBs, batching can help reduce the number of network round trips, but ensure that the batch size is optimized to balance network efficiency with memory usage. Additionally, consider using the latest JDBC driver and SQL Server version, as newer versions often include performance improvements. Regularly monitor and maintain your database to keep it running smoothly.","To address the performance issues, consider the following steps: Firstly, increasing the log file size or redo log buffers might not significantly impact the performance of COMMIT TRAN operations, as these are typically quick operations. Instead, focus on optimizing the transaction log itself. Ensure that the transaction log is on a separate, fast disk to reduce contention. For the FETCH API_CURSOR and sp_cursorfetch operations, server-side cursors can indeed be resource-intensive. If possible, refactor your application to use set-based operations or client-side cursors, which are generally more efficient. Regarding BLOBs, batching can help reduce the number of network round trips, but ensure that the batch size is optimized to balance network efficiency with memory usage. Additionally, consider using the latest JDBC driver and SQL Server version, as newer versions often include performance improvements. Regularly monitor and maintain your database to keep it running smoothly.",to address the performance issues consider the following steps firstly increasing the log file size or redo log buffers might not significantly impact the performance of commit tran operations as these are typically quick operations instead focus on optimizing the transaction log itself ensure that the transaction log is on a separate fast disk to reduce contention for the fetch api cursor and sp cursorfetch operations server side cursors can indeed be resource intensive if possible refactor your application to use set based operations or client side cursors which are generally more efficient regarding blobs batching can help reduce the number of network round trips but ensure that the batch size is optimized to balance network efficiency with memory usage additionally consider using the latest jdbc driver and sql server version as newer versions often include performance improvements regularly monitor and maintain your database to keep it running smoothly
technical_0072__mistral-small-3.2-24b,technical_0072,technical,I'd like to run a check against databases in postgresql to verify that everything is ok after the server crash. On mysql it would be mysqlcheck. I would like to know the postgres equivalent.,"PostgreSQL doesn't have a direct equivalent to MySQL's mysqlcheck, but you can achieve similar functionality using a combination of built-in tools and commands. To verify the integrity of your PostgreSQL databases after a server crash, you can use the `reindexdb` and `vacuumdb` commands. `reindexdb` rebuilds indexes, which can help fix any corruption, while `vacuumdb` cleans up dead tuples and updates data statistics.

First, run `reindexdb -U username -d database_name` for each database. This will reindex all tables in the specified database. Next, use `vacuumdb -U username -d database_name -z` to perform a vacuuming operation, which includes analyzing the database.

For a more thorough check, you can use the `pg_amcheck` extension, which provides additional checks for heap and index corruption. Install it with `CREATE EXTENSION pg_amcheck;` and then run `SELECT * FROM pg_amcheck.heap_verify(table_name);` and `SELECT * FROM pg_amcheck.index_verify(index_name);` for each table and index.","PostgreSQL doesn't have a direct equivalent to MySQL's mysqlcheck, but you can achieve similar functionality using a combination of built-in tools and commands. To verify the integrity of your PostgreSQL databases after a server crash, you can use the reindexdb and vacuumdb commands. reindexdb rebuilds indexes, which can help fix any corruption, while vacuumdb cleans up dead tuples and updates data statistics.

First, run reindexdb -U username -d database_name for each database. This will reindex all tables in the specified database. Next, use vacuumdb -U username -d database_name -z to perform a vacuuming operation, which includes analyzing the database.

For a more thorough check, you can use the pg_amcheck extension, which provides additional checks for heap and index corruption. Install it with CREATE EXTENSION pg_amcheck; and then run SELECT FROM pg_amcheck.heap_verify(table_name); and SELECT FROM pg_amcheck.index_verify(index_name); for each table and index.",mistral-small-3.2-24b,mistral,False,142,1002,test,mistral-small-3.2-24b-q4_k_m,final-2026-09-20,You are answering questions the way a knowledgeable person would in an online discussion. Write in plain prose. Do not restate the question or add a preamble. Begin with the answer itself.,110,170,8192,none,,end_turn,ollama-local-mistral-small-3.2-24b,2026-09-28 06:26:29.854645+00:00,24.0,mistral-small3.2:24b,q4_k_m,16384,8192,None,"{""temperature"": ""0.15""}","PostgreSQL doesn't have a direct equivalent to MySQL's mysqlcheck, but you can achieve similar functionality using a combination of built-in tools and commands. To verify the integrity of your PostgreSQL databases after a server crash, you can use the reindexdb and vacuumdb commands. reindexdb rebuilds indexes, which can help fix any corruption, while vacuumdb cleans up dead tuples and updates data statistics.

First, run reindexdb -U username -d database_name for each database. This will reindex all tables in the specified database. Next, use vacuumdb -U username -d database_name -z to perform a vacuuming operation, which includes analyzing the database.

For a more thorough check, you can use the pg_amcheck extension, which provides additional checks for heap and index corruption. Install it with CREATE EXTENSION pg_amcheck; and then run SELECT FROM pg_amcheck.heap_verify(table_name); and SELECT FROM pg_amcheck.index_verify(index_name); for each table and index.","PostgreSQL doesn't have a direct equivalent to MySQL's mysqlcheck, but you can achieve similar functionality using a combination of built-in tools and commands. To verify the integrity of your PostgreSQL databases after a server crash, you can use the reindexdb and vacuumdb commands. reindexdb rebuilds indexes, which can help fix any corruption, while vacuumdb cleans up dead tuples and updates data statistics. First, run reindexdb -U username -d database_name for each database. This will reindex all tables in the specified database. Next, use vacuumdb -U username -d database_name -z to perform a vacuuming operation, which includes analyzing the database. For a more thorough check, you can use the pg_amcheck extension, which provides additional checks for heap and index corruption. Install it with CREATE EXTENSION pg_amcheck; and then run SELECT FROM pg_amcheck.heap_verify(table_name); and SELECT FROM pg_amcheck.index_verify(index_name); for each table and index.","PostgreSQL doesn't have a direct equivalent to MySQL's mysqlcheck, but you can achieve similar functionality using a combination of built-in tools and commands. To verify the integrity of your PostgreSQL databases after a server crash, you can use the reindexdb and vacuumdb commands. reindexdb rebuilds indexes, which can help fix any corruption, while vacuumdb cleans up dead tuples and updates data statistics. First, run reindexdb -U username -d database_name for each database. This will reindex all tables in the specified database. Next, use vacuumdb -U username -d database_name -z to perform a vacuuming operation, which includes analyzing the database. For a more thorough check, you can use the pg_amcheck extension, which provides additional checks for heap and index corruption. Install it with CREATE EXTENSION pg_amcheck; and then run SELECT FROM pg_amcheck.heap_verify(table_name); and SELECT FROM pg_amcheck.index_verify(index_name); for each table and index.",postgresql doesn't have a direct equivalent to mysql's mysqlcheck but you can achieve similar functionality using a combination of built in tools and commands to verify the integrity of your postgresql databases after a server crash you can use the reindexdb and vacuumdb commands reindexdb rebuilds indexes which can help fix any corruption while vacuumdb cleans up dead tuples and updates data statistics first run reindexdb u username d database name for each database this will reindex all tables in the specified database next use vacuumdb u username d database name z to perform a vacuuming operation which includes analyzing the database for a more thorough check you can use the pg amcheck extension which provides additional checks for heap and index corruption install it with create extension pg amcheck and then run select from pg amcheck heap verify table name and select from pg amcheck index verify index name for each table and index
technical_0074__mistral-small-3.2-24b,technical_0074,technical,"I'm currently learning SQL Server 2008 and have come across schemas and there is one thing I don't understand about them that they have to have an owner; why can't they own themselves?

My background is mostly with Java and it sounds like a schema is like a package which does not have an owner.","In SQL Server, schemas are containers for database objects and are associated with a specific database user or role as their owner. This design choice is rooted in SQL Server's security and permission model.

The owner of a schema is responsible for managing permissions on the objects within it. By having a separate owner, SQL Server can enforce a clear separation of duties and provide more granular control over permissions.

If a schema could own itself, it would create a circular dependency, making it difficult to manage permissions and ownership effectively. Additionally, it would complicate the process of transferring schema ownership, as you would need to handle the circular reference.

In contrast, Java packages are primarily used for organizing code and do not have an ownership concept, as Java's security model is based on different principles, such as code signers and execution policies. SQL Server's approach to schemas and ownership is tailored to its specific requirements for data management and security.","In SQL Server, schemas are containers for database objects and are associated with a specific database user or role as their owner. This design choice is rooted in SQL Server's security and permission model.

The owner of a schema is responsible for managing permissions on the objects within it. By having a separate owner, SQL Server can enforce a clear separation of duties and provide more granular control over permissions.

If a schema could own itself, it would create a circular dependency, making it difficult to manage permissions and ownership effectively. Additionally, it would complicate the process of transferring schema ownership, as you would need to handle the circular reference.

In contrast, Java packages are primarily used for organizing code and do not have an ownership concept, as Java's security model is based on different principles, such as code signers and execution policies. SQL Server's approach to schemas and ownership is tailored to its specific requirements for data management and security.",mistral-small-3.2-24b,mistral,False,161,1030,test,mistral-small-3.2-24b-q4_k_m,final-2026-09-20,You are answering questions the way a knowledgeable person would in an online discussion. Write in plain prose. Do not restate the question or add a preamble. Begin with the answer itself.,110,170,8192,none,,end_turn,ollama-local-mistral-small-3.2-24b,2026-09-28 06:26:34.880264+00:00,24.0,mistral-small3.2:24b,q4_k_m,16384,8192,None,"{""temperature"": ""0.15""}","In SQL Server, schemas are containers for database objects and are associated with a specific database user or role as their owner. This design choice is rooted in SQL Server's security and permission model.

The owner of a schema is responsible for managing permissions on the objects within it. By having a separate owner, SQL Server can enforce a clear separation of duties and provide more granular control over permissions.

If a schema could own itself, it would create a circular dependency, making it difficult to manage permissions and ownership effectively. Additionally, it would complicate the process of transferring schema ownership, as you would need to handle the circular reference.

In contrast, Java packages are primarily used for organizing code and do not have an ownership concept, as Java's security model is based on different principles, such as code signers and execution policies. SQL Server's approach to schemas and ownership is tailored to its specific requirements for data management and security.","In SQL Server, schemas are containers for database objects and are associated with a specific database user or role as their owner. This design choice is rooted in SQL Server's security and permission model. The owner of a schema is responsible for managing permissions on the objects within it. By having a separate owner, SQL Server can enforce a clear separation of duties and provide more granular control over permissions. If a schema could own itself, it would create a circular dependency, making it difficult to manage permissions and ownership effectively. Additionally, it would complicate the process of transferring schema ownership, as you would need to handle the circular reference. In contrast, Java packages are primarily used for organizing code and do not have an ownership concept, as Java's security model is based on different principles, such as code signers and execution policies. SQL Server's approach to schemas and ownership is tailored to its specific requirements for data management and security.","In SQL Server, schemas are containers for database objects and are associated with a specific database user or role as their owner. This design choice is rooted in SQL Server's security and permission model. The owner of a schema is responsible for managing permissions on the objects within it. By having a separate owner, SQL Server can enforce a clear separation of duties and provide more granular control over permissions. If a schema could own itself, it would create a circular dependency, making it difficult to manage permissions and ownership effectively. Additionally, it would complicate the process of transferring schema ownership, as you would need to handle the circular reference. In contrast, Java packages are primarily used for organizing code and do not have an ownership concept, as Java's security model is based on different principles, such as code signers and execution policies. SQL Server's approach to schemas and ownership is tailored to its specific requirements for data management and security.",in sql server schemas are containers for database objects and are associated with a specific database user or role as their owner this design choice is rooted in sql server's security and permission model the owner of a schema is responsible for managing permissions on the objects within it by having a separate owner sql server can enforce a clear separation of duties and provide more granular control over permissions if a schema could own itself it would create a circular dependency making it difficult to manage permissions and ownership effectively additionally it would complicate the process of transferring schema ownership as you would need to handle the circular reference in contrast java packages are primarily used for organizing code and do not have an ownership concept as java's security model is based on different principles such as code signers and execution policies sql server's approach to schemas and ownership is tailored to its specific requirements for data management and security
technical_0094__mistral-small-3.2-24b,technical_0094,technical,"A customer wants to rent a dedicated Server for their site. They do not need more than SQL Express 2017, for the time being, but they have been offered a dual Xeon system.

Does SQL Express install and work on a dual CPU system, albeit using just one CPU, or do they have to ask for a single CPU server?

Sorry but I haven't found an answer to this specific question.","SQL Server Express Edition is designed to run on both single and multi-processor systems, including those with dual CPUs. It will utilize one CPU and leave the other idle, which is perfectly fine for the Express edition's limitations. The key restriction is not the number of CPUs but the usage of CPU resources, with SQL Express limited to utilizing a maximum of 4 cores and 10GB of memory, regardless of the underlying hardware.

Therefore, the customer can proceed with the dual Xeon system without any issues. They don't need to request a single CPU server. This setup provides room for growth if they decide to upgrade to a higher edition of SQL Server in the future, as those editions can take advantage of the additional CPU resources. Just ensure the server meets other requirements like sufficient RAM and storage for their needs.","SQL Server Express Edition is designed to run on both single and multi-processor systems, including those with dual CPUs. It will utilize one CPU and leave the other idle, which is perfectly fine for the Express edition's limitations. The key restriction is not the number of CPUs but the usage of CPU resources, with SQL Express limited to utilizing a maximum of 4 cores and 10GB of memory, regardless of the underlying hardware.

Therefore, the customer can proceed with the dual Xeon system without any issues. They don't need to request a single CPU server. This setup provides room for growth if they decide to upgrade to a higher edition of SQL Server in the future, as those editions can take advantage of the additional CPU resources. Just ensure the server meets other requirements like sufficient RAM and storage for their needs.",mistral-small-3.2-24b,mistral,False,142,839,test,mistral-small-3.2-24b-q4_k_m,final-2026-09-20,You are answering questions the way a knowledgeable person would in an online discussion. Write in plain prose. Do not restate the question or add a preamble. Begin with the answer itself.,110,170,8192,none,,end_turn,ollama-local-mistral-small-3.2-24b,2026-09-28 06:26:39.469030+00:00,24.0,mistral-small3.2:24b,q4_k_m,16384,8192,None,"{""temperature"": ""0.15""}","SQL Server Express Edition is designed to run on both single and multi-processor systems, including those with dual CPUs. It will utilize one CPU and leave the other idle, which is perfectly fine for the Express edition's limitations. The key restriction is not the number of CPUs but the usage of CPU resources, with SQL Express limited to utilizing a maximum of 4 cores and 10GB of memory, regardless of the underlying hardware.

Therefore, the customer can proceed with the dual Xeon system without any issues. They don't need to request a single CPU server. This setup provides room for growth if they decide to upgrade to a higher edition of SQL Server in the future, as those editions can take advantage of the additional CPU resources. Just ensure the server meets other requirements like sufficient RAM and storage for their needs.","SQL Server Express Edition is designed to run on both single and multi-processor systems, including those with dual CPUs. It will utilize one CPU and leave the other idle, which is perfectly fine for the Express edition's limitations. The key restriction is not the number of CPUs but the usage of CPU resources, with SQL Express limited to utilizing a maximum of 4 cores and 10GB of memory, regardless of the underlying hardware. Therefore, the customer can proceed with the dual Xeon system without any issues. They don't need to request a single CPU server. This setup provides room for growth if they decide to upgrade to a higher edition of SQL Server in the future, as those editions can take advantage of the additional CPU resources. Just ensure the server meets other requirements like sufficient RAM and storage for their needs.","SQL Server Express Edition is designed to run on both single and multi-processor systems, including those with dual CPUs. It will utilize one CPU and leave the other idle, which is perfectly fine for the Express edition's limitations. The key restriction is not the number of CPUs but the usage of CPU resources, with SQL Express limited to utilizing a maximum of 4 cores and 10GB of memory, regardless of the underlying hardware. Therefore, the customer can proceed with the dual Xeon system without any issues. They don't need to request a single CPU server. This setup provides room for growth if they decide to upgrade to a higher edition of SQL Server in the future, as those editions can take advantage of the additional CPU resources. Just ensure the server meets other requirements like sufficient RAM and storage for their needs.",sql server express edition is designed to run on both single and multi processor systems including those with dual cpus it will utilize one cpu and leave the other idle which is perfectly fine for the express edition's limitations the key restriction is not the number of cpus but the usage of cpu resources with sql express limited to utilizing a maximum of 4 cores and 10gb of memory regardless of the underlying hardware therefore the customer can proceed with the dual xeon system without any issues they don't need to request a single cpu server this setup provides room for growth if they decide to upgrade to a higher edition of sql server in the future as those editions can take advantage of the additional cpu resources just ensure the server meets other requirements like sufficient ram and storage for their needs
technical_0095__mistral-small-3.2-24b,technical_0095,technical,"Is it safe to assume that ordering by an auto-incrementing PK in Postgres will order the records chronologically, from a creation standpoint? I have a many to many relationship, from which I don't need to track anything else except the relationship itself and some form of order of creation. I am trying to decide whether I need to incorporate a timestamp column for this, or whether I can reutilize the existing auto-incrementing PK column for that same purpose.","Not necessarily. While an auto-incrementing primary key in PostgreSQL will assign a unique, sequential number to each new record, this doesn't guarantee chronological ordering. The primary key is assigned when the record is inserted, but the actual insertion time can vary due to factors like transactions, locks, or concurrent operations. If multiple records are inserted in a single transaction, their primary keys will be sequential, but they all share the same insertion time.

If you need to track the exact order of creation, especially in a high-concurrency environment, it's safer to use a timestamp column. PostgreSQL's `DEFAULT timestamp WITH TIME ZONE` or `DEFAULT now()` can be used to automatically set the creation time. This provides a more accurate record of when each entry was created, regardless of insertion order. For your many-to-many relationship, adding a timestamp column would be a reliable way to track the creation order.","Not necessarily. While an auto-incrementing primary key in PostgreSQL will assign a unique, sequential number to each new record, this doesn't guarantee chronological ordering. The primary key is assigned when the record is inserted, but the actual insertion time can vary due to factors like transactions, locks, or concurrent operations. If multiple records are inserted in a single transaction, their primary keys will be sequential, but they all share the same insertion time.

If you need to track the exact order of creation, especially in a high-concurrency environment, it's safer to use a timestamp column. PostgreSQL's DEFAULT timestamp WITH TIME ZONE or DEFAULT now() can be used to automatically set the creation time. This provides a more accurate record of when each entry was created, regardless of insertion order. For your many-to-many relationship, adding a timestamp column would be a reliable way to track the creation order.",mistral-small-3.2-24b,mistral,False,147,949,test,mistral-small-3.2-24b-q4_k_m,final-2026-09-20,You are answering questions the way a knowledgeable person would in an online discussion. Write in plain prose. Do not restate the question or add a preamble. Begin with the answer itself.,110,170,8192,none,,end_turn,ollama-local-mistral-small-3.2-24b,2026-09-28 06:26:44.533458+00:00,24.0,mistral-small3.2:24b,q4_k_m,16384,8192,None,"{""temperature"": ""0.15""}","Not necessarily. While an auto-incrementing primary key in PostgreSQL will assign a unique, sequential number to each new record, this doesn't guarantee chronological ordering. The primary key is assigned when the record is inserted, but the actual insertion time can vary due to factors like transactions, locks, or concurrent operations. If multiple records are inserted in a single transaction, their primary keys will be sequential, but they all share the same insertion time.

If you need to track the exact order of creation, especially in a high-concurrency environment, it's safer to use a timestamp column. PostgreSQL's DEFAULT timestamp WITH TIME ZONE or DEFAULT now() can be used to automatically set the creation time. This provides a more accurate record of when each entry was created, regardless of insertion order. For your many-to-many relationship, adding a timestamp column would be a reliable way to track the creation order.","Not necessarily. While an auto-incrementing primary key in PostgreSQL will assign a unique, sequential number to each new record, this doesn't guarantee chronological ordering. The primary key is assigned when the record is inserted, but the actual insertion time can vary due to factors like transactions, locks, or concurrent operations. If multiple records are inserted in a single transaction, their primary keys will be sequential, but they all share the same insertion time. If you need to track the exact order of creation, especially in a high-concurrency environment, it's safer to use a timestamp column. PostgreSQL's DEFAULT timestamp WITH TIME ZONE or DEFAULT now() can be used to automatically set the creation time. This provides a more accurate record of when each entry was created, regardless of insertion order. For your many-to-many relationship, adding a timestamp column would be a reliable way to track the creation order.","Not necessarily. While an auto-incrementing primary key in PostgreSQL will assign a unique, sequential number to each new record, this doesn't guarantee chronological ordering. The primary key is assigned when the record is inserted, but the actual insertion time can vary due to factors like transactions, locks, or concurrent operations. If multiple records are inserted in a single transaction, their primary keys will be sequential, but they all share the same insertion time. If you need to track the exact order of creation, especially in a high-concurrency environment, it's safer to use a timestamp column. PostgreSQL's DEFAULT timestamp WITH TIME ZONE or DEFAULT now() can be used to automatically set the creation time. This provides a more accurate record of when each entry was created, regardless of insertion order. For your many-to-many relationship, adding a timestamp column would be a reliable way to track the creation order.",not necessarily while an auto incrementing primary key in postgresql will assign a unique sequential number to each new record this doesn't guarantee chronological ordering the primary key is assigned when the record is inserted but the actual insertion time can vary due to factors like transactions locks or concurrent operations if multiple records are inserted in a single transaction their primary keys will be sequential but they all share the same insertion time if you need to track the exact order of creation especially in a high concurrency environment it's safer to use a timestamp column postgresql's default timestamp with time zone or default now can be used to automatically set the creation time this provides a more accurate record of when each entry was created regardless of insertion order for your many to many relationship adding a timestamp column would be a reliable way to track the creation order
technical_0143__mistral-small-3.2-24b,technical_0143,technical,"Let's say for example there is an Ethernet switch, and there are four PCs connected to this switch. PC1 and PC2 are communicating with each other, and at the same time PC3 and PC4 are also communicating with each other. Obviously there is no Statistical TDM here. Also, there is only one node - the switch, so there cannot be multiple paths from source to destination.

So how does Ethernet become packet-switched? Is it because the data being exchanged are broken into packets? What are the conditions that must be satisfied to say that a network is a packet-switched network?","Ethernet is considered packet-switched because data is divided into discrete units called packets, which are individually routed through the network. Each packet contains both data and control information, allowing the switch to direct packets to their intended destinations.

For a network to be packet-switched, it must meet several conditions:

1. **Packetization**: Data must be broken into packets.
2. **Store-and-Forward**: The switch must store each packet before forwarding it to the next hop.
3. **Routing**: Packets must be individually routed based on their destination addresses.
4. **Statelessness**: Each packet is handled independently, without relying on the state of previous packets.

In your example, the Ethernet switch manages multiple simultaneous communications by handling packets from different conversations independently. This packet-by-packet processing is the essence of packet-switching, distinguishing it from circuit-switching or other networking methods.","Ethernet is considered packet-switched because data is divided into discrete units called packets, which are individually routed through the network. Each packet contains both data and control information, allowing the switch to direct packets to their intended destinations.

For a network to be packet-switched, it must meet several conditions:

Packetization: Data must be broken into packets.
Store-and-Forward: The switch must store each packet before forwarding it to the next hop.
Routing: Packets must be individually routed based on their destination addresses.
Statelessness: Each packet is handled independently, without relying on the state of previous packets.

In your example, the Ethernet switch manages multiple simultaneous communications by handling packets from different conversations independently. This packet-by-packet processing is the essence of packet-switching, distinguishing it from circuit-switching or other networking methods.",mistral-small-3.2-24b,mistral,False,132,987,test,mistral-small-3.2-24b-q4_k_m,final-2026-09-20,You are answering questions the way a knowledgeable person would in an online discussion. Write in plain prose. Do not restate the question or add a preamble. Begin with the answer itself.,110,170,8192,none,,end_turn,ollama-local-mistral-small-3.2-24b,2026-09-28 06:26:49.604593+00:00,24.0,mistral-small3.2:24b,q4_k_m,16384,8192,None,"{""temperature"": ""0.15""}","Ethernet is considered packet-switched because data is divided into discrete units called packets, which are individually routed through the network. Each packet contains both data and control information, allowing the switch to direct packets to their intended destinations.

For a network to be packet-switched, it must meet several conditions:

Packetization: Data must be broken into packets.
Store-and-Forward: The switch must store each packet before forwarding it to the next hop.
Routing: Packets must be individually routed based on their destination addresses.
Statelessness: Each packet is handled independently, without relying on the state of previous packets.

In your example, the Ethernet switch manages multiple simultaneous communications by handling packets from different conversations independently. This packet-by-packet processing is the essence of packet-switching, distinguishing it from circuit-switching or other networking methods.","Ethernet is considered packet-switched because data is divided into discrete units called packets, which are individually routed through the network. Each packet contains both data and control information, allowing the switch to direct packets to their intended destinations. For a network to be packet-switched, it must meet several conditions: Packetization: Data must be broken into packets. Store-and-Forward: The switch must store each packet before forwarding it to the next hop. Routing: Packets must be individually routed based on their destination addresses. Statelessness: Each packet is handled independently, without relying on the state of previous packets. In your example, the Ethernet switch manages multiple simultaneous communications by handling packets from different conversations independently. This packet-by-packet processing is the essence of packet-switching, distinguishing it from circuit-switching or other networking methods.","Ethernet is considered packet-switched because data is divided into discrete units called packets, which are individually routed through the network. Each packet contains both data and control information, allowing the switch to direct packets to their intended destinations. For a network to be packet-switched, it must meet several conditions: Packetization: Data must be broken into packets. Store-and-Forward: The switch must store each packet before forwarding it to the next hop. Routing: Packets must be individually routed based on their destination addresses. Statelessness: Each packet is handled independently, without relying on the state of previous packets. In your example, the Ethernet switch manages multiple simultaneous communications by handling packets from different conversations independently. This packet-by-packet processing is the essence of packet-switching, distinguishing it from circuit-switching or other networking methods.",ethernet is considered packet switched because data is divided into discrete units called packets which are individually routed through the network each packet contains both data and control information allowing the switch to direct packets to their intended destinations for a network to be packet switched it must meet several conditions packetization data must be broken into packets store and forward the switch must store each packet before forwarding it to the next hop routing packets must be individually routed based on their destination addresses statelessness each packet is handled independently without relying on the state of previous packets in your example the ethernet switch manages multiple simultaneous communications by handling packets from different conversations independently this packet by packet processing is the essence of packet switching distinguishing it from circuit switching or other networking methods
technical_0146__mistral-small-3.2-24b,technical_0146,technical,"Forgive me if this is a dumb question but I'm relatively new to the carrier networking world. We own a block of IP addresses, say a /18 and we advertise various /20s, /24s, /23s, etc all over the world. I want to know ""what's available"" from our space as in if there are portions that we are not advertising.

What I could do is download a text dump of the entire BGP routing table and grep for the /18, /19s, /20s, ... , /24s and see if there are any matches but there has to be a better way.

We use Juniper so I popped into a router and ran show route protocol bgp FIRST_IP_OF_18 but it only gave me a route to the first thing we advertise.","You can use a tool called ""ipcalc"" or similar IP address calculators to determine the range of your /18 block. Then, you can use a BGP looking glass service to check which prefixes within your range are being advertised. Websites like bgp.he.net or routeviews.org offer this service. Simply enter your IP block and it will show you the advertised prefixes.

Alternatively, you can use the ""show route receive-protocol bgp"" command on your Juniper router, specifying your autonomous system number (ASN) to see all routes received from your peers. This will give you a comprehensive view of what's being advertised within your IP block.

Another option is to use a network management tool like SolarWinds or PRTG, which can provide detailed reports on IP address usage and availability. These tools can help you monitor your IP space and identify any gaps or underutilized ranges.","You can use a tool called ""ipcalc"" or similar IP address calculators to determine the range of your /18 block. Then, you can use a BGP looking glass service to check which prefixes within your range are being advertised. Websites like bgp.he.net or routeviews.org offer this service. Simply enter your IP block and it will show you the advertised prefixes.

Alternatively, you can use the ""show route receive-protocol bgp"" command on your Juniper router, specifying your autonomous system number (ASN) to see all routes received from your peers. This will give you a comprehensive view of what's being advertised within your IP block.

Another option is to use a network management tool like SolarWinds or PRTG, which can provide detailed reports on IP address usage and availability. These tools can help you monitor your IP space and identify any gaps or underutilized ranges.",mistral-small-3.2-24b,mistral,False,143,878,test,mistral-small-3.2-24b-q4_k_m,final-2026-09-20,You are answering questions the way a knowledgeable person would in an online discussion. Write in plain prose. Do not restate the question or add a preamble. Begin with the answer itself.,110,170,8192,none,,end_turn,ollama-local-mistral-small-3.2-24b,2026-09-28 06:26:54.767035+00:00,24.0,mistral-small3.2:24b,q4_k_m,16384,8192,None,"{""temperature"": ""0.15""}","You can use a tool called ""ipcalc"" or similar IP address calculators to determine the range of your /18 block. Then, you can use a BGP looking glass service to check which prefixes within your range are being advertised. Websites like bgp.he.net or routeviews.org offer this service. Simply enter your IP block and it will show you the advertised prefixes.

Alternatively, you can use the ""show route receive-protocol bgp"" command on your Juniper router, specifying your autonomous system number (ASN) to see all routes received from your peers. This will give you a comprehensive view of what's being advertised within your IP block.

Another option is to use a network management tool like SolarWinds or PRTG, which can provide detailed reports on IP address usage and availability. These tools can help you monitor your IP space and identify any gaps or underutilized ranges.","You can use a tool called ""ipcalc"" or similar IP address calculators to determine the range of your /18 block. Then, you can use a BGP looking glass service to check which prefixes within your range are being advertised. Websites like bgp.he.net or routeviews.org offer this service. Simply enter your IP block and it will show you the advertised prefixes. Alternatively, you can use the ""show route receive-protocol bgp"" command on your Juniper router, specifying your autonomous system number (ASN) to see all routes received from your peers. This will give you a comprehensive view of what's being advertised within your IP block. Another option is to use a network management tool like SolarWinds or PRTG, which can provide detailed reports on IP address usage and availability. These tools can help you monitor your IP space and identify any gaps or underutilized ranges.","You can use a tool called ""ipcalc"" or similar IP address calculators to determine the range of your /18 block. Then, you can use a BGP looking glass service to check which prefixes within your range are being advertised. Websites like bgp.he.net or routeviews.org offer this service. Simply enter your IP block and it will show you the advertised prefixes. Alternatively, you can use the ""show route receive-protocol bgp"" command on your Juniper router, specifying your autonomous system number (ASN) to see all routes received from your peers. This will give you a comprehensive view of what's being advertised within your IP block. Another option is to use a network management tool like SolarWinds or PRTG, which can provide detailed reports on IP address usage and availability. These tools can help you monitor your IP space and identify any gaps or underutilized ranges.",you can use a tool called ipcalc or similar ip address calculators to determine the range of your 18 block then you can use a bgp looking glass service to check which prefixes within your range are being advertised websites like bgp he net or routeviews org offer this service simply enter your ip block and it will show you the advertised prefixes alternatively you can use the show route receive protocol bgp command on your juniper router specifying your autonomous system number asn to see all routes received from your peers this will give you a comprehensive view of what's being advertised within your ip block another option is to use a network management tool like solarwinds or prtg which can provide detailed reports on ip address usage and availability these tools can help you monitor your ip space and identify any gaps or underutilized ranges
technical_0148__mistral-small-3.2-24b,technical_0148,technical,What might be difference between sslvpn and site-site vpn . Which one among two is secure and it's significance,"SSL VPN and Site-to-Site VPN serve different purposes and have distinct security aspects.

SSL VPN (Secure Sockets Layer Virtual Private Network) is designed for individual remote users to access specific applications or resources on a network. It uses the SSL/TLS protocol to encrypt data, providing secure access through a web browser. It's ideal for remote workers needing access to internal resources.

Site-to-Site VPN, on the other hand, connects entire networks to each other over the internet, allowing secure communication between them. It's commonly used to connect branch offices to a headquarters. It typically uses IPsec (Internet Protocol Security) for encryption.

In terms of security, both are robust, but they cater to different needs. SSL VPN is more flexible for remote access, while Site-to-Site VPN is better for secure inter-network communication. The choice depends on your specific requirements. SSL VPN might be considered more secure for remote access due to its granular access control and the fact that it operates over a single port (443), making it easier to manage and secure. However, Site-to-Site VPN provides a secure tunnel between networks, which is crucial for certain business operations.","SSL VPN and Site-to-Site VPN serve different purposes and have distinct security aspects.

SSL VPN (Secure Sockets Layer Virtual Private Network) is designed for individual remote users to access specific applications or resources on a network. It uses the SSL/TLS protocol to encrypt data, providing secure access through a web browser. It's ideal for remote workers needing access to internal resources.

Site-to-Site VPN, on the other hand, connects entire networks to each other over the internet, allowing secure communication between them. It's commonly used to connect branch offices to a headquarters. It typically uses IPsec (Internet Protocol Security) for encryption.

In terms of security, both are robust, but they cater to different needs. SSL VPN is more flexible for remote access, while Site-to-Site VPN is better for secure inter-network communication. The choice depends on your specific requirements. SSL VPN might be considered more secure for remote access due to its granular access control and the fact that it operates over a single port (443), making it easier to manage and secure. However, Site-to-Site VPN provides a secure tunnel between networks, which is crucial for certain business operations.",mistral-small-3.2-24b,mistral,False,187,1227,test,mistral-small-3.2-24b-q4_k_m,final-2026-09-20,You are answering questions the way a knowledgeable person would in an online discussion. Write in plain prose. Do not restate the question or add a preamble. Begin with the answer itself.,110,170,8192,none,,end_turn,ollama-local-mistral-small-3.2-24b,2026-09-28 06:27:01.159279+00:00,24.0,mistral-small3.2:24b,q4_k_m,16384,8192,None,"{""temperature"": ""0.15""}","SSL VPN and Site-to-Site VPN serve different purposes and have distinct security aspects.

SSL VPN (Secure Sockets Layer Virtual Private Network) is designed for individual remote users to access specific applications or resources on a network. It uses the SSL/TLS protocol to encrypt data, providing secure access through a web browser. It's ideal for remote workers needing access to internal resources.

Site-to-Site VPN, on the other hand, connects entire networks to each other over the internet, allowing secure communication between them. It's commonly used to connect branch offices to a headquarters. It typically uses IPsec (Internet Protocol Security) for encryption.

In terms of security, both are robust, but they cater to different needs. SSL VPN is more flexible for remote access, while Site-to-Site VPN is better for secure inter-network communication. The choice depends on your specific requirements. SSL VPN might be considered more secure for remote access due to its granular access control and the fact that it operates over a single port (443), making it easier to manage and secure. However, Site-to-Site VPN provides a secure tunnel between networks, which is crucial for certain business operations.","SSL VPN and Site-to-Site VPN serve different purposes and have distinct security aspects. SSL VPN (Secure Sockets Layer Virtual Private Network) is designed for individual remote users to access specific applications or resources on a network. It uses the SSL/TLS protocol to encrypt data, providing secure access through a web browser. It's ideal for remote workers needing access to internal resources. Site-to-Site VPN, on the other hand, connects entire networks to each other over the internet, allowing secure communication between them. It's commonly used to connect branch offices to a headquarters. It typically uses IPsec (Internet Protocol Security) for encryption. In terms of security, both are robust, but they cater to different needs. SSL VPN is more flexible for remote access, while Site-to-Site VPN is better for secure inter-network communication. The choice depends on your specific requirements. SSL VPN might be considered more secure for remote access due to its granular access control and the fact that it operates over a single port (443), making it easier to manage and secure. However, Site-to-Site VPN provides a secure tunnel between networks, which is crucial for certain business operations.","SSL VPN and Site-to-Site VPN serve different purposes and have distinct security aspects. SSL VPN (Secure Sockets Layer Virtual Private Network) is designed for individual remote users to access specific applications or resources on a network. It uses the SSL/TLS protocol to encrypt data, providing secure access through a web browser. It's ideal for remote workers needing access to internal resources. Site-to-Site VPN, on the other hand, connects entire networks to each other over the internet, allowing secure communication between them. It's commonly used to connect branch offices to a headquarters. It typically uses IPsec (Internet Protocol Security) for encryption. In terms of security, both are robust, but they cater to different needs. SSL VPN is more flexible for remote access, while Site-to-Site VPN is better for secure inter-network communication. The choice depends on your specific requirements. SSL VPN might be considered more secure for remote access due to its granular access control and the fact that it operates over a single port (443), making it easier to manage and secure. However, Site-to-Site VPN provides a secure tunnel between networks, which is crucial for certain business operations.",ssl vpn and site to site vpn serve different purposes and have distinct security aspects ssl vpn secure sockets layer virtual private network is designed for individual remote users to access specific applications or resources on a network it uses the ssl tls protocol to encrypt data providing secure access through a web browser it's ideal for remote workers needing access to internal resources site to site vpn on the other hand connects entire networks to each other over the internet allowing secure communication between them it's commonly used to connect branch offices to a headquarters it typically uses ipsec internet protocol security for encryption in terms of security both are robust but they cater to different needs ssl vpn is more flexible for remote access while site to site vpn is better for secure inter network communication the choice depends on your specific requirements ssl vpn might be considered more secure for remote access due to its granular access control and the fact that it operates over a single port 443 making it easier to manage and secure however site to site vpn provides a secure tunnel between networks which is crucial for certain business operations
technical_0155__mistral-small-3.2-24b,technical_0155,technical,"My company has recently switched to an Agile way of working and as a part of it we've started using SCRUM. While I'm very comfortable with it and feel that this way is superior to a traditional one, some of my teammates don't share the same opinion. In fact they are very skeptical about ""all that agile stuff"", and don't take it seriously. As an example, one of the teammates is always late on the meetings, and doesn't really care about it. The management IMO tries not to notice this (maybe because it's new, and it takes time for the people to get used to it).

My question is, how to address this issue while not raising a conflict inside the team?","First, understand that change is difficult, and it's normal for some team members to resist new ways of working. Instead of confronting the latecomer directly, try to understand their perspective. Perhaps they don't fully understand the value of the meetings or feel their time is better spent elsewhere.

Address the issue indirectly by emphasizing the benefits of Scrum and Agile to the whole team. Share success stories, highlight improved productivity, and show how their contributions fit into the bigger picture.

For the latecomer, have a private, non-confrontational chat. Express that you've noticed they've been late for meetings and that their input is valuable to the team. Ask if there's any obstacle preventing them from joining on time. If it's a matter of not seeing the value, explain how their presence and input can help the team and the project.

Lastly, encourage the management to gently reinforce the importance of these meetings and the role each team member plays.","First, understand that change is difficult, and it's normal for some team members to resist new ways of working. Instead of confronting the latecomer directly, try to understand their perspective. Perhaps they don't fully understand the value of the meetings or feel their time is better spent elsewhere.

Address the issue indirectly by emphasizing the benefits of Scrum and Agile to the whole team. Share success stories, highlight improved productivity, and show how their contributions fit into the bigger picture.

For the latecomer, have a private, non-confrontational chat. Express that you've noticed they've been late for meetings and that their input is valuable to the team. Ask if there's any obstacle preventing them from joining on time. If it's a matter of not seeing the value, explain how their presence and input can help the team and the project.

Lastly, encourage the management to gently reinforce the importance of these meetings and the role each team member plays.",mistral-small-3.2-24b,mistral,False,158,989,test,mistral-small-3.2-24b-q4_k_m,final-2026-09-20,You are answering questions the way a knowledgeable person would in an online discussion. Write in plain prose. Do not restate the question or add a preamble. Begin with the answer itself.,110,170,8192,none,,end_turn,ollama-local-mistral-small-3.2-24b,2026-09-28 06:27:06.581707+00:00,24.0,mistral-small3.2:24b,q4_k_m,16384,8192,None,"{""temperature"": ""0.15""}","First, understand that change is difficult, and it's normal for some team members to resist new ways of working. Instead of confronting the latecomer directly, try to understand their perspective. Perhaps they don't fully understand the value of the meetings or feel their time is better spent elsewhere.

Address the issue indirectly by emphasizing the benefits of Scrum and Agile to the whole team. Share success stories, highlight improved productivity, and show how their contributions fit into the bigger picture.

For the latecomer, have a private, non-confrontational chat. Express that you've noticed they've been late for meetings and that their input is valuable to the team. Ask if there's any obstacle preventing them from joining on time. If it's a matter of not seeing the value, explain how their presence and input can help the team and the project.

Lastly, encourage the management to gently reinforce the importance of these meetings and the role each team member plays.","First, understand that change is difficult, and it's normal for some team members to resist new ways of working. Instead of confronting the latecomer directly, try to understand their perspective. Perhaps they don't fully understand the value of the meetings or feel their time is better spent elsewhere. Address the issue indirectly by emphasizing the benefits of Scrum and Agile to the whole team. Share success stories, highlight improved productivity, and show how their contributions fit into the bigger picture. For the latecomer, have a private, non-confrontational chat. Express that you've noticed they've been late for meetings and that their input is valuable to the team. Ask if there's any obstacle preventing them from joining on time. If it's a matter of not seeing the value, explain how their presence and input can help the team and the project. Lastly, encourage the management to gently reinforce the importance of these meetings and the role each team member plays.","First, understand that change is difficult, and it's normal for some team members to resist new ways of working. Instead of confronting the latecomer directly, try to understand their perspective. Perhaps they don't fully understand the value of the meetings or feel their time is better spent elsewhere. Address the issue indirectly by emphasizing the benefits of Scrum and Agile to the whole team. Share success stories, highlight improved productivity, and show how their contributions fit into the bigger picture. For the latecomer, have a private, non-confrontational chat. Express that you've noticed they've been late for meetings and that their input is valuable to the team. Ask if there's any obstacle preventing them from joining on time. If it's a matter of not seeing the value, explain how their presence and input can help the team and the project. Lastly, encourage the management to gently reinforce the importance of these meetings and the role each team member plays.",first understand that change is difficult and it's normal for some team members to resist new ways of working instead of confronting the latecomer directly try to understand their perspective perhaps they don't fully understand the value of the meetings or feel their time is better spent elsewhere address the issue indirectly by emphasizing the benefits of scrum and agile to the whole team share success stories highlight improved productivity and show how their contributions fit into the bigger picture for the latecomer have a private non confrontational chat express that you've noticed they've been late for meetings and that their input is valuable to the team ask if there's any obstacle preventing them from joining on time if it's a matter of not seeing the value explain how their presence and input can help the team and the project lastly encourage the management to gently reinforce the importance of these meetings and the role each team member plays
technical_0156__mistral-small-3.2-24b,technical_0156,technical,"In an ideal world it is preferrable to meet the deadline with less bugs. But from your experience which is more preferrable/acceptable:

Meet the deadline but has a number of bugs because developer rush into things

Less bugs but not quite meet the deadline because the developer is very rigorous in writing the code","It depends on the context, but generally, delivering a product with fewer bugs is more preferable. While meeting deadlines is important, the quality of the product is often more critical in the long run. A rushed product with numerous bugs can lead to a poor user experience, damage to the company's reputation, and increased technical debt. It may also require more resources to fix the issues post-launch, which can be more costly than extending the deadline initially.

However, this doesn't mean that deadlines should be disregarded entirely. Effective project management involves finding a balance between quality and timeliness. It's essential to set realistic deadlines that allow for thorough testing and debugging. If a deadline is absolutely non-negotiable, it's crucial to prioritize the most critical features and ensure they work flawlessly, even if it means delaying less important aspects. Communication with stakeholders about the trade-offs is also key to managing expectations.","It depends on the context, but generally, delivering a product with fewer bugs is more preferable. While meeting deadlines is important, the quality of the product is often more critical in the long run. A rushed product with numerous bugs can lead to a poor user experience, damage to the company's reputation, and increased technical debt. It may also require more resources to fix the issues post-launch, which can be more costly than extending the deadline initially.

However, this doesn't mean that deadlines should be disregarded entirely. Effective project management involves finding a balance between quality and timeliness. It's essential to set realistic deadlines that allow for thorough testing and debugging. If a deadline is absolutely non-negotiable, it's crucial to prioritize the most critical features and ensure they work flawlessly, even if it means delaying less important aspects. Communication with stakeholders about the trade-offs is also key to managing expectations.",mistral-small-3.2-24b,mistral,False,150,995,test,mistral-small-3.2-24b-q4_k_m,final-2026-09-20,You are answering questions the way a knowledgeable person would in an online discussion. Write in plain prose. Do not restate the question or add a preamble. Begin with the answer itself.,110,170,8192,none,,end_turn,ollama-local-mistral-small-3.2-24b,2026-09-28 06:27:11.684994+00:00,24.0,mistral-small3.2:24b,q4_k_m,16384,8192,None,"{""temperature"": ""0.15""}","It depends on the context, but generally, delivering a product with fewer bugs is more preferable. While meeting deadlines is important, the quality of the product is often more critical in the long run. A rushed product with numerous bugs can lead to a poor user experience, damage to the company's reputation, and increased technical debt. It may also require more resources to fix the issues post-launch, which can be more costly than extending the deadline initially.

However, this doesn't mean that deadlines should be disregarded entirely. Effective project management involves finding a balance between quality and timeliness. It's essential to set realistic deadlines that allow for thorough testing and debugging. If a deadline is absolutely non-negotiable, it's crucial to prioritize the most critical features and ensure they work flawlessly, even if it means delaying less important aspects. Communication with stakeholders about the trade-offs is also key to managing expectations.","It depends on the context, but generally, delivering a product with fewer bugs is more preferable. While meeting deadlines is important, the quality of the product is often more critical in the long run. A rushed product with numerous bugs can lead to a poor user experience, damage to the company's reputation, and increased technical debt. It may also require more resources to fix the issues post-launch, which can be more costly than extending the deadline initially. However, this doesn't mean that deadlines should be disregarded entirely. Effective project management involves finding a balance between quality and timeliness. It's essential to set realistic deadlines that allow for thorough testing and debugging. If a deadline is absolutely non-negotiable, it's crucial to prioritize the most critical features and ensure they work flawlessly, even if it means delaying less important aspects. Communication with stakeholders about the trade-offs is also key to managing expectations.","It depends on the context, but generally, delivering a product with fewer bugs is more preferable. While meeting deadlines is important, the quality of the product is often more critical in the long run. A rushed product with numerous bugs can lead to a poor user experience, damage to the company's reputation, and increased technical debt. It may also require more resources to fix the issues post-launch, which can be more costly than extending the deadline initially. However, this doesn't mean that deadlines should be disregarded entirely. Effective project management involves finding a balance between quality and timeliness. It's essential to set realistic deadlines that allow for thorough testing and debugging. If a deadline is absolutely non-negotiable, it's crucial to prioritize the most critical features and ensure they work flawlessly, even if it means delaying less important aspects. Communication with stakeholders about the trade-offs is also key to managing expectations.",it depends on the context but generally delivering a product with fewer bugs is more preferable while meeting deadlines is important the quality of the product is often more critical in the long run a rushed product with numerous bugs can lead to a poor user experience damage to the company's reputation and increased technical debt it may also require more resources to fix the issues post launch which can be more costly than extending the deadline initially however this doesn't mean that deadlines should be disregarded entirely effective project management involves finding a balance between quality and timeliness it's essential to set realistic deadlines that allow for thorough testing and debugging if a deadline is absolutely non negotiable it's crucial to prioritize the most critical features and ensure they work flawlessly even if it means delaying less important aspects communication with stakeholders about the trade offs is also key to managing expectations
technical_0157__mistral-small-3.2-24b,technical_0157,technical,"For a project I am working I want to implement a small prototype to try things out, demonstrate some functionality to the client and learn some frameworks used in the project.

Do you have any suggestions or do you know of best practices for implementing such a prototype?

Some more details:

The application will be a complex web app

I have to implement a mechanism where the server pushes data to subscribed clients (the data will be generated by some events)

I want to write a prototype which implements exactly this behaviour but nothing more","For your prototype, consider using a lightweight framework like Flask for Python or Express.js for Node.js to quickly set up a server. For real-time data pushing, implement WebSockets using libraries like Socket.IO (for Node.js) or Flask-SocketIO (for Python). These tools are well-documented and widely used, making them ideal for learning and prototyping.

Focus on the core functionality: server-side event generation and WebSocket-based data pushing to clients. Keep the prototype minimal—avoid adding unnecessary features or complex UI elements. Use simple HTML, CSS, and JavaScript for the client side to display received data.

Best practices include:
- Modular code structure for easy maintenance.
- Basic error handling and logging.
- Clear documentation of setup and usage.
- Version control with Git to track changes.

This approach will help you demonstrate the core functionality efficiently while learning the frameworks. Once the prototype is working, you can iterate and expand based on client feedback.","For your prototype, consider using a lightweight framework like Flask for Python or Express.js for Node.js to quickly set up a server. For real-time data pushing, implement WebSockets using libraries like Socket.IO (for Node.js) or Flask-SocketIO (for Python). These tools are well-documented and widely used, making them ideal for learning and prototyping.

Focus on the core functionality: server-side event generation and WebSocket-based data pushing to clients. Keep the prototype minimal—avoid adding unnecessary features or complex UI elements. Use simple HTML, CSS, and JavaScript for the client side to display received data.

Best practices include:
Modular code structure for easy maintenance.
Basic error handling and logging.
Clear documentation of setup and usage.
Version control with Git to track changes.

This approach will help you demonstrate the core functionality efficiently while learning the frameworks. Once the prototype is working, you can iterate and expand based on client feedback.",mistral-small-3.2-24b,mistral,False,150,1019,test,mistral-small-3.2-24b-q4_k_m,final-2026-09-20,You are answering questions the way a knowledgeable person would in an online discussion. Write in plain prose. Do not restate the question or add a preamble. Begin with the answer itself.,110,170,8192,none,,end_turn,ollama-local-mistral-small-3.2-24b,2026-09-28 06:27:17.037764+00:00,24.0,mistral-small3.2:24b,q4_k_m,16384,8192,None,"{""temperature"": ""0.15""}","For your prototype, consider using a lightweight framework like Flask for Python or Express.js for Node.js to quickly set up a server. For real-time data pushing, implement WebSockets using libraries like Socket.IO (for Node.js) or Flask-SocketIO (for Python). These tools are well-documented and widely used, making them ideal for learning and prototyping.

Focus on the core functionality: server-side event generation and WebSocket-based data pushing to clients. Keep the prototype minimal - avoid adding unnecessary features or complex UI elements. Use simple HTML, CSS, and JavaScript for the client side to display received data.

Best practices include:
Modular code structure for easy maintenance.
Basic error handling and logging.
Clear documentation of setup and usage.
Version control with Git to track changes.

This approach will help you demonstrate the core functionality efficiently while learning the frameworks. Once the prototype is working, you can iterate and expand based on client feedback.","For your prototype, consider using a lightweight framework like Flask for Python or Express.js for Node.js to quickly set up a server. For real-time data pushing, implement WebSockets using libraries like Socket.IO (for Node.js) or Flask-SocketIO (for Python). These tools are well-documented and widely used, making them ideal for learning and prototyping. Focus on the core functionality: server-side event generation and WebSocket-based data pushing to clients. Keep the prototype minimal—avoid adding unnecessary features or complex UI elements. Use simple HTML, CSS, and JavaScript for the client side to display received data. Best practices include: Modular code structure for easy maintenance. Basic error handling and logging. Clear documentation of setup and usage. Version control with Git to track changes. This approach will help you demonstrate the core functionality efficiently while learning the frameworks. Once the prototype is working, you can iterate and expand based on client feedback.","For your prototype, consider using a lightweight framework like Flask for Python or Express.js for Node.js to quickly set up a server. For real-time data pushing, implement WebSockets using libraries like Socket.IO (for Node.js) or Flask-SocketIO (for Python). These tools are well-documented and widely used, making them ideal for learning and prototyping. Focus on the core functionality: server-side event generation and WebSocket-based data pushing to clients. Keep the prototype minimal - avoid adding unnecessary features or complex UI elements. Use simple HTML, CSS, and JavaScript for the client side to display received data. Best practices include: Modular code structure for easy maintenance. Basic error handling and logging. Clear documentation of setup and usage. Version control with Git to track changes. This approach will help you demonstrate the core functionality efficiently while learning the frameworks. Once the prototype is working, you can iterate and expand based on client feedback.",for your prototype consider using a lightweight framework like flask for python or express js for node js to quickly set up a server for real time data pushing implement websockets using libraries like socket io for node js or flask socketio for python these tools are well documented and widely used making them ideal for learning and prototyping focus on the core functionality server side event generation and websocket based data pushing to clients keep the prototype minimal avoid adding unnecessary features or complex ui elements use simple html css and javascript for the client side to display received data best practices include modular code structure for easy maintenance basic error handling and logging clear documentation of setup and usage version control with git to track changes this approach will help you demonstrate the core functionality efficiently while learning the frameworks once the prototype is working you can iterate and expand based on client feedback
technical_0166__mistral-small-3.2-24b,technical_0166,technical,"I understand the difference between the two, but I get questioned by my colleagues of the benefit of labeling requirements as functional or nonfunctional (or transitional). Why bother to do so? He spent what he said was two days going through a list of requirements for one project, and saw no benefit to it, because the end result was to submit the document to another business entity with the edict, ""Do it all.""

What I fear is requirements lumped together in one document. I tried to explain the benefit in practical terms, but couldn't sell it. How do I sell the benefit of documenting which requirements are functional and which are nonfunctional.","Labeling requirements as functional or nonfunctional helps in several ways. First, it provides clarity. Functional requirements describe what the system should do, while nonfunctional requirements describe how the system should perform. This distinction helps developers understand what to build and how to build it.

Second, it aids in prioritization. Functional requirements often take precedence as they define the core functionality. Nonfunctional requirements, like performance or security, are crucial but may be addressed later.

Third, it improves testing. Functional requirements can be tested through specific scenarios, while nonfunctional requirements need different testing approaches, like load testing for performance.

Fourth, it facilitates better communication. Stakeholders can easily understand what they're asking for and what they're getting.

Lastly, it helps in managing expectations. When requirements are lumped together, it's easy for the development team to overlook important aspects, leading to a final product that doesn't meet all needs. By separating them, you ensure all aspects are considered and addressed appropriately.","Labeling requirements as functional or nonfunctional helps in several ways. First, it provides clarity. Functional requirements describe what the system should do, while nonfunctional requirements describe how the system should perform. This distinction helps developers understand what to build and how to build it.

Second, it aids in prioritization. Functional requirements often take precedence as they define the core functionality. Nonfunctional requirements, like performance or security, are crucial but may be addressed later.

Third, it improves testing. Functional requirements can be tested through specific scenarios, while nonfunctional requirements need different testing approaches, like load testing for performance.

Fourth, it facilitates better communication. Stakeholders can easily understand what they're asking for and what they're getting.

Lastly, it helps in managing expectations. When requirements are lumped together, it's easy for the development team to overlook important aspects, leading to a final product that doesn't meet all needs. By separating them, you ensure all aspects are considered and addressed appropriately.",mistral-small-3.2-24b,mistral,False,157,1156,test,mistral-small-3.2-24b-q4_k_m,final-2026-09-20,You are answering questions the way a knowledgeable person would in an online discussion. Write in plain prose. Do not restate the question or add a preamble. Begin with the answer itself.,110,170,8192,none,,end_turn,ollama-local-mistral-small-3.2-24b,2026-09-28 06:27:22.601072+00:00,24.0,mistral-small3.2:24b,q4_k_m,16384,8192,None,"{""temperature"": ""0.15""}","Labeling requirements as functional or nonfunctional helps in several ways. First, it provides clarity. Functional requirements describe what the system should do, while nonfunctional requirements describe how the system should perform. This distinction helps developers understand what to build and how to build it.

Second, it aids in prioritization. Functional requirements often take precedence as they define the core functionality. Nonfunctional requirements, like performance or security, are crucial but may be addressed later.

Third, it improves testing. Functional requirements can be tested through specific scenarios, while nonfunctional requirements need different testing approaches, like load testing for performance.

Fourth, it facilitates better communication. Stakeholders can easily understand what they're asking for and what they're getting.

Lastly, it helps in managing expectations. When requirements are lumped together, it's easy for the development team to overlook important aspects, leading to a final product that doesn't meet all needs. By separating them, you ensure all aspects are considered and addressed appropriately.","Labeling requirements as functional or nonfunctional helps in several ways. First, it provides clarity. Functional requirements describe what the system should do, while nonfunctional requirements describe how the system should perform. This distinction helps developers understand what to build and how to build it. Second, it aids in prioritization. Functional requirements often take precedence as they define the core functionality. Nonfunctional requirements, like performance or security, are crucial but may be addressed later. Third, it improves testing. Functional requirements can be tested through specific scenarios, while nonfunctional requirements need different testing approaches, like load testing for performance. Fourth, it facilitates better communication. Stakeholders can easily understand what they're asking for and what they're getting. Lastly, it helps in managing expectations. When requirements are lumped together, it's easy for the development team to overlook important aspects, leading to a final product that doesn't meet all needs. By separating them, you ensure all aspects are considered and addressed appropriately.","Labeling requirements as functional or nonfunctional helps in several ways. First, it provides clarity. Functional requirements describe what the system should do, while nonfunctional requirements describe how the system should perform. This distinction helps developers understand what to build and how to build it. Second, it aids in prioritization. Functional requirements often take precedence as they define the core functionality. Nonfunctional requirements, like performance or security, are crucial but may be addressed later. Third, it improves testing. Functional requirements can be tested through specific scenarios, while nonfunctional requirements need different testing approaches, like load testing for performance. Fourth, it facilitates better communication. Stakeholders can easily understand what they're asking for and what they're getting. Lastly, it helps in managing expectations. When requirements are lumped together, it's easy for the development team to overlook important aspects, leading to a final product that doesn't meet all needs. By separating them, you ensure all aspects are considered and addressed appropriately.",labeling requirements as functional or nonfunctional helps in several ways first it provides clarity functional requirements describe what the system should do while nonfunctional requirements describe how the system should perform this distinction helps developers understand what to build and how to build it second it aids in prioritization functional requirements often take precedence as they define the core functionality nonfunctional requirements like performance or security are crucial but may be addressed later third it improves testing functional requirements can be tested through specific scenarios while nonfunctional requirements need different testing approaches like load testing for performance fourth it facilitates better communication stakeholders can easily understand what they're asking for and what they're getting lastly it helps in managing expectations when requirements are lumped together it's easy for the development team to overlook important aspects leading to a final product that doesn't meet all needs by separating them you ensure all aspects are considered and addressed appropriately
technical_0167__mistral-small-3.2-24b,technical_0167,technical,What tools / methodologies / strategies do you use to keep organized in doing your work as a developer? Can you provide details?,"I use a combination of tools and methodologies to stay organized. For task management, I rely on Trello or Jira to break down projects into smaller tasks, set deadlines, and track progress. I also use the Pomodoro Technique to maintain focus and productivity, working in 25-minute intervals followed by short breaks.

For code organization, I follow the SOLID principles and adhere to clean code practices. I maintain a well-structured project structure and use meaningful variable and function names. I also leverage version control systems like Git to manage changes and collaborate with other developers.

Additionally, I keep a personal knowledge base using tools like Notion or OneNote to document important information, such as API endpoints, troubleshooting steps, and design decisions. This helps me quickly recall details and maintain consistency in my work.

Lastly, I prioritize regular code reviews and testing to ensure the quality and maintainability of my code. I also make it a point to continuously learn and stay updated with the latest tools and best practices in software development.","I use a combination of tools and methodologies to stay organized. For task management, I rely on Trello or Jira to break down projects into smaller tasks, set deadlines, and track progress. I also use the Pomodoro Technique to maintain focus and productivity, working in 25-minute intervals followed by short breaks.

For code organization, I follow the SOLID principles and adhere to clean code practices. I maintain a well-structured project structure and use meaningful variable and function names. I also leverage version control systems like Git to manage changes and collaborate with other developers.

Additionally, I keep a personal knowledge base using tools like Notion or OneNote to document important information, such as API endpoints, troubleshooting steps, and design decisions. This helps me quickly recall details and maintain consistency in my work.

Lastly, I prioritize regular code reviews and testing to ensure the quality and maintainability of my code. I also make it a point to continuously learn and stay updated with the latest tools and best practices in software development.",mistral-small-3.2-24b,mistral,False,171,1104,test,mistral-small-3.2-24b-q4_k_m,final-2026-09-20,You are answering questions the way a knowledgeable person would in an online discussion. Write in plain prose. Do not restate the question or add a preamble. Begin with the answer itself.,110,170,8192,none,,end_turn,ollama-local-mistral-small-3.2-24b,2026-09-28 06:27:28.281716+00:00,24.0,mistral-small3.2:24b,q4_k_m,16384,8192,None,"{""temperature"": ""0.15""}","I use a combination of tools and methodologies to stay organized. For task management, I rely on Trello or Jira to break down projects into smaller tasks, set deadlines, and track progress. I also use the Pomodoro Technique to maintain focus and productivity, working in 25-minute intervals followed by short breaks.

For code organization, I follow the SOLID principles and adhere to clean code practices. I maintain a well-structured project structure and use meaningful variable and function names. I also leverage version control systems like Git to manage changes and collaborate with other developers.

Additionally, I keep a personal knowledge base using tools like Notion or OneNote to document important information, such as API endpoints, troubleshooting steps, and design decisions. This helps me quickly recall details and maintain consistency in my work.

Lastly, I prioritize regular code reviews and testing to ensure the quality and maintainability of my code. I also make it a point to continuously learn and stay updated with the latest tools and best practices in software development.","I use a combination of tools and methodologies to stay organized. For task management, I rely on Trello or Jira to break down projects into smaller tasks, set deadlines, and track progress. I also use the Pomodoro Technique to maintain focus and productivity, working in 25-minute intervals followed by short breaks. For code organization, I follow the SOLID principles and adhere to clean code practices. I maintain a well-structured project structure and use meaningful variable and function names. I also leverage version control systems like Git to manage changes and collaborate with other developers. Additionally, I keep a personal knowledge base using tools like Notion or OneNote to document important information, such as API endpoints, troubleshooting steps, and design decisions. This helps me quickly recall details and maintain consistency in my work. Lastly, I prioritize regular code reviews and testing to ensure the quality and maintainability of my code. I also make it a point to continuously learn and stay updated with the latest tools and best practices in software development.","I use a combination of tools and methodologies to stay organized. For task management, I rely on Trello or Jira to break down projects into smaller tasks, set deadlines, and track progress. I also use the Pomodoro Technique to maintain focus and productivity, working in 25-minute intervals followed by short breaks. For code organization, I follow the SOLID principles and adhere to clean code practices. I maintain a well-structured project structure and use meaningful variable and function names. I also leverage version control systems like Git to manage changes and collaborate with other developers. Additionally, I keep a personal knowledge base using tools like Notion or OneNote to document important information, such as API endpoints, troubleshooting steps, and design decisions. This helps me quickly recall details and maintain consistency in my work. Lastly, I prioritize regular code reviews and testing to ensure the quality and maintainability of my code. I also make it a point to continuously learn and stay updated with the latest tools and best practices in software development.",i use a combination of tools and methodologies to stay organized for task management i rely on trello or jira to break down projects into smaller tasks set deadlines and track progress i also use the pomodoro technique to maintain focus and productivity working in 25 minute intervals followed by short breaks for code organization i follow the solid principles and adhere to clean code practices i maintain a well structured project structure and use meaningful variable and function names i also leverage version control systems like git to manage changes and collaborate with other developers additionally i keep a personal knowledge base using tools like notion or onenote to document important information such as api endpoints troubleshooting steps and design decisions this helps me quickly recall details and maintain consistency in my work lastly i prioritize regular code reviews and testing to ensure the quality and maintainability of my code i also make it a point to continuously learn and stay updated with the latest tools and best practices in software development
technical_0184__mistral-small-3.2-24b,technical_0184,technical,"I have a very small and basic web site on a web server. Usually I'm doing the changes on a localhost where the development version is, and after that I upload it to the server with FileZilla. That's the very obvious way, but it's not the most convenient.

I've worked with SVN, but I've never needed to set anything - just checkout, commit, update. Reading some tutorials I wonder is this the easier way to upload the files to a server? Or are there any easier?","Using SVN for deployment can streamline your workflow, but it might be more complex than necessary for a small, basic website. Here's a simpler alternative:

Consider using Git, a version control system, combined with a deployment script. First, set up a Git repository on your localhost. After making changes, commit them to your repository. Then, use a simple script or a tool like GitHub Actions, Bitbucket Pipelines, or even a custom bash script to automatically push your changes to your server via SSH or FTP. This automates the process, reducing the need for manual uploads with FileZilla.

Another option is to use a deployment tool like DeployBot, which integrates with Git and supports various deployment methods. It offers a user-friendly interface and automates the deployment process.

For even simpler setups, consider using rsync, a command-line tool that efficiently syncs files between your localhost and server. It's faster than FTP and can be automated with a simple script. Choose the method that best fits your technical comfort level and project needs.","Using SVN for deployment can streamline your workflow, but it might be more complex than necessary for a small, basic website. Here's a simpler alternative:

Consider using Git, a version control system, combined with a deployment script. First, set up a Git repository on your localhost. After making changes, commit them to your repository. Then, use a simple script or a tool like GitHub Actions, Bitbucket Pipelines, or even a custom bash script to automatically push your changes to your server via SSH or FTP. This automates the process, reducing the need for manual uploads with FileZilla.

Another option is to use a deployment tool like DeployBot, which integrates with Git and supports various deployment methods. It offers a user-friendly interface and automates the deployment process.

For even simpler setups, consider using rsync, a command-line tool that efficiently syncs files between your localhost and server. It's faster than FTP and can be automated with a simple script. Choose the method that best fits your technical comfort level and project needs.",mistral-small-3.2-24b,mistral,False,170,1074,test,mistral-small-3.2-24b-q4_k_m,final-2026-09-20,You are answering questions the way a knowledgeable person would in an online discussion. Write in plain prose. Do not restate the question or add a preamble. Begin with the answer itself.,110,170,8192,none,,end_turn,ollama-local-mistral-small-3.2-24b,2026-09-28 06:27:34.156760+00:00,24.0,mistral-small3.2:24b,q4_k_m,16384,8192,None,"{""temperature"": ""0.15""}","Using SVN for deployment can streamline your workflow, but it might be more complex than necessary for a small, basic website. Here's a simpler alternative:

Consider using Git, a version control system, combined with a deployment script. First, set up a Git repository on your localhost. After making changes, commit them to your repository. Then, use a simple script or a tool like GitHub Actions, Bitbucket Pipelines, or even a custom bash script to automatically push your changes to your server via SSH or FTP. This automates the process, reducing the need for manual uploads with FileZilla.

Another option is to use a deployment tool like DeployBot, which integrates with Git and supports various deployment methods. It offers a user-friendly interface and automates the deployment process.

For even simpler setups, consider using rsync, a command-line tool that efficiently syncs files between your localhost and server. It's faster than FTP and can be automated with a simple script. Choose the method that best fits your technical comfort level and project needs.","Using SVN for deployment can streamline your workflow, but it might be more complex than necessary for a small, basic website. Here's a simpler alternative: Consider using Git, a version control system, combined with a deployment script. First, set up a Git repository on your localhost. After making changes, commit them to your repository. Then, use a simple script or a tool like GitHub Actions, Bitbucket Pipelines, or even a custom bash script to automatically push your changes to your server via SSH or FTP. This automates the process, reducing the need for manual uploads with FileZilla. Another option is to use a deployment tool like DeployBot, which integrates with Git and supports various deployment methods. It offers a user-friendly interface and automates the deployment process. For even simpler setups, consider using rsync, a command-line tool that efficiently syncs files between your localhost and server. It's faster than FTP and can be automated with a simple script. Choose the method that best fits your technical comfort level and project needs.","Using SVN for deployment can streamline your workflow, but it might be more complex than necessary for a small, basic website. Here's a simpler alternative: Consider using Git, a version control system, combined with a deployment script. First, set up a Git repository on your localhost. After making changes, commit them to your repository. Then, use a simple script or a tool like GitHub Actions, Bitbucket Pipelines, or even a custom bash script to automatically push your changes to your server via SSH or FTP. This automates the process, reducing the need for manual uploads with FileZilla. Another option is to use a deployment tool like DeployBot, which integrates with Git and supports various deployment methods. It offers a user-friendly interface and automates the deployment process. For even simpler setups, consider using rsync, a command-line tool that efficiently syncs files between your localhost and server. It's faster than FTP and can be automated with a simple script. Choose the method that best fits your technical comfort level and project needs.",using svn for deployment can streamline your workflow but it might be more complex than necessary for a small basic website here's a simpler alternative consider using git a version control system combined with a deployment script first set up a git repository on your localhost after making changes commit them to your repository then use a simple script or a tool like github actions bitbucket pipelines or even a custom bash script to automatically push your changes to your server via ssh or ftp this automates the process reducing the need for manual uploads with filezilla another option is to use a deployment tool like deploybot which integrates with git and supports various deployment methods it offers a user friendly interface and automates the deployment process for even simpler setups consider using rsync a command line tool that efficiently syncs files between your localhost and server it's faster than ftp and can be automated with a simple script choose the method that best fits your technical comfort level and project needs
technical_0195__mistral-small-3.2-24b,technical_0195,technical,"MVC is pretty straightforward. There is a Model, a Controller and a View. When we create a website, it all come together as 'client sends REST keyword request to server -> the server matches the requested URL to the controller action -> which then calls the model(s) for data gathering/processing, gets the result -> and returns the result back to the client as a HTML page (view)'.

What if we are talking about a pure RESTful API web service? Then the flow with be something like 'client sends REST keyword request to server -> the server matches the requested URL to the controller action -> which then calls the model(s) for data gathering/processing, gets the result -> and returns the result back to the client in JSON'. Same as before, but there is no 'view'...or rather, the generated JSON can be thought of as a 'view'. In a sense, we are only utilizing the MC part of MVC. Is that how it is should be done? Or are there any other, better-suited patterns for a API-only service instead of MVC?","For a pure RESTful API web service, MVC is still a valid pattern, but it's often simplified or adapted. The key difference is that the ""View"" is replaced by data representation, typically JSON or XML. This is often referred to as the ""MCV"" pattern, where ""V"" stands for ""View"" but is focused on data serialization.

However, other patterns can be more suitable for API-only services. The **Resource Controller** pattern is commonly used, where each controller is responsible for a specific resource and its representations. The **Service Layer** pattern can also be beneficial, acting as an intermediary between the API and the business logic, promoting separation of concerns.

Additionally, the **CQRS (Command Query Responsibility Segregation)** pattern can be useful for APIs, separating the operations that read data from those that write data. This can lead to more optimized and scalable APIs.

Ultimately, the choice depends on the specific requirements and constraints of your project.","For a pure RESTful API web service, MVC is still a valid pattern, but it's often simplified or adapted. The key difference is that the ""View"" is replaced by data representation, typically JSON or XML. This is often referred to as the ""MCV"" pattern, where ""V"" stands for ""View"" but is focused on data serialization.

However, other patterns can be more suitable for API-only services. The Resource Controller pattern is commonly used, where each controller is responsible for a specific resource and its representations. The Service Layer pattern can also be beneficial, acting as an intermediary between the API and the business logic, promoting separation of concerns.

Additionally, the CQRS (Command Query Responsibility Segregation) pattern can be useful for APIs, separating the operations that read data from those that write data. This can lead to more optimized and scalable APIs.

Ultimately, the choice depends on the specific requirements and constraints of your project.",mistral-small-3.2-24b,mistral,False,153,994,test,mistral-small-3.2-24b-q4_k_m,final-2026-09-20,You are answering questions the way a knowledgeable person would in an online discussion. Write in plain prose. Do not restate the question or add a preamble. Begin with the answer itself.,110,170,8192,none,,end_turn,ollama-local-mistral-small-3.2-24b,2026-09-28 06:27:39.745028+00:00,24.0,mistral-small3.2:24b,q4_k_m,16384,8192,None,"{""temperature"": ""0.15""}","For a pure RESTful API web service, MVC is still a valid pattern, but it's often simplified or adapted. The key difference is that the ""View"" is replaced by data representation, typically JSON or XML. This is often referred to as the ""MCV"" pattern, where ""V"" stands for ""View"" but is focused on data serialization.

However, other patterns can be more suitable for API-only services. The Resource Controller pattern is commonly used, where each controller is responsible for a specific resource and its representations. The Service Layer pattern can also be beneficial, acting as an intermediary between the API and the business logic, promoting separation of concerns.

Additionally, the CQRS (Command Query Responsibility Segregation) pattern can be useful for APIs, separating the operations that read data from those that write data. This can lead to more optimized and scalable APIs.

Ultimately, the choice depends on the specific requirements and constraints of your project.","For a pure RESTful API web service, MVC is still a valid pattern, but it's often simplified or adapted. The key difference is that the ""View"" is replaced by data representation, typically JSON or XML. This is often referred to as the ""MCV"" pattern, where ""V"" stands for ""View"" but is focused on data serialization. However, other patterns can be more suitable for API-only services. The Resource Controller pattern is commonly used, where each controller is responsible for a specific resource and its representations. The Service Layer pattern can also be beneficial, acting as an intermediary between the API and the business logic, promoting separation of concerns. Additionally, the CQRS (Command Query Responsibility Segregation) pattern can be useful for APIs, separating the operations that read data from those that write data. This can lead to more optimized and scalable APIs. Ultimately, the choice depends on the specific requirements and constraints of your project.","For a pure RESTful API web service, MVC is still a valid pattern, but it's often simplified or adapted. The key difference is that the ""View"" is replaced by data representation, typically JSON or XML. This is often referred to as the ""MCV"" pattern, where ""V"" stands for ""View"" but is focused on data serialization. However, other patterns can be more suitable for API-only services. The Resource Controller pattern is commonly used, where each controller is responsible for a specific resource and its representations. The Service Layer pattern can also be beneficial, acting as an intermediary between the API and the business logic, promoting separation of concerns. Additionally, the CQRS (Command Query Responsibility Segregation) pattern can be useful for APIs, separating the operations that read data from those that write data. This can lead to more optimized and scalable APIs. Ultimately, the choice depends on the specific requirements and constraints of your project.",for a pure restful api web service mvc is still a valid pattern but it's often simplified or adapted the key difference is that the view is replaced by data representation typically json or xml this is often referred to as the mcv pattern where v stands for view but is focused on data serialization however other patterns can be more suitable for api only services the resource controller pattern is commonly used where each controller is responsible for a specific resource and its representations the service layer pattern can also be beneficial acting as an intermediary between the api and the business logic promoting separation of concerns additionally the cqrs command query responsibility segregation pattern can be useful for apis separating the operations that read data from those that write data this can lead to more optimized and scalable apis ultimately the choice depends on the specific requirements and constraints of your project
technical_0198__mistral-small-3.2-24b,technical_0198,technical,"I migrated some files from one Version Control System to another. I have to prove that content are identical (between source and destination, denote 1 , 2). There are a few zips files (lets call them A B C) each of which contains hundreds of files. I am looking at best way to do CRC comparison between content in old VCS against the new one.

1) Generate CRC on each ZIP file as a whole and compare the CRC of 2 corresponding zips file. ZIP-ZIP CRC comparison.

Obviously, this approach will be easier. But I don't know what will include in calculation of CRC. Or even if CRC of two zip files with identical file content might be different.(modified date?).

2) Compare CRC of each files in zip against corresponding files. File-File CRC Comparison

with this approach, I will have to write a script that goes through each file in zip (say A1) and extract their CRC. Build a list with [path file name, crc]. do the same for zip(A2). Compare list.

Have anyone ever done something like this?","The first approach, comparing CRCs of the entire ZIP files, might not be reliable due to metadata differences like modification dates, compression methods, or even the order of files within the ZIP. These factors can alter the CRC even if the actual content is identical.

The second approach, comparing CRCs of individual files within the ZIPs, is more robust. It ensures that you're comparing the actual content you care about. Here's a simple way to do it:

1. Extract all files from both ZIPs to separate directories.
2. Use a CRC tool to generate a CRC for each file, noting the file path and CRC.
3. Compare the CRC lists. If all CRCs match for corresponding files, the content is identical.

Tools like `cksum` (Unix) or `CertUtil` (Windows) can generate CRCs. For a more automated solution, a script (Python, Bash, etc.) can handle the extraction, CRC generation, and comparison. Libraries like `zipfile` in Python can help with ZIP manipulation. This method is more thorough and reliable for your use case.","The first approach, comparing CRCs of the entire ZIP files, might not be reliable due to metadata differences like modification dates, compression methods, or even the order of files within the ZIP. These factors can alter the CRC even if the actual content is identical.

The second approach, comparing CRCs of individual files within the ZIPs, is more robust. It ensures that you're comparing the actual content you care about. Here's a simple way to do it:

Extract all files from both ZIPs to separate directories.
Use a CRC tool to generate a CRC for each file, noting the file path and CRC.
Compare the CRC lists. If all CRCs match for corresponding files, the content is identical.

Tools like cksum (Unix) or CertUtil (Windows) can generate CRCs. For a more automated solution, a script (Python, Bash, etc.) can handle the extraction, CRC generation, and comparison. Libraries like zipfile in Python can help with ZIP manipulation. This method is more thorough and reliable for your use case.",mistral-small-3.2-24b,mistral,False,170,1015,test,mistral-small-3.2-24b-q4_k_m,final-2026-09-20,You are answering questions the way a knowledgeable person would in an online discussion. Write in plain prose. Do not restate the question or add a preamble. Begin with the answer itself.,110,170,8192,none,,end_turn,ollama-local-mistral-small-3.2-24b,2026-09-28 06:27:46.070003+00:00,24.0,mistral-small3.2:24b,q4_k_m,16384,8192,None,"{""temperature"": ""0.15""}","The first approach, comparing CRCs of the entire ZIP files, might not be reliable due to metadata differences like modification dates, compression methods, or even the order of files within the ZIP. These factors can alter the CRC even if the actual content is identical.

The second approach, comparing CRCs of individual files within the ZIPs, is more robust. It ensures that you're comparing the actual content you care about. Here's a simple way to do it:

Extract all files from both ZIPs to separate directories.
Use a CRC tool to generate a CRC for each file, noting the file path and CRC.
Compare the CRC lists. If all CRCs match for corresponding files, the content is identical.

Tools like cksum (Unix) or CertUtil (Windows) can generate CRCs. For a more automated solution, a script (Python, Bash, etc.) can handle the extraction, CRC generation, and comparison. Libraries like zipfile in Python can help with ZIP manipulation. This method is more thorough and reliable for your use case.","The first approach, comparing CRCs of the entire ZIP files, might not be reliable due to metadata differences like modification dates, compression methods, or even the order of files within the ZIP. These factors can alter the CRC even if the actual content is identical. The second approach, comparing CRCs of individual files within the ZIPs, is more robust. It ensures that you're comparing the actual content you care about. Here's a simple way to do it: Extract all files from both ZIPs to separate directories. Use a CRC tool to generate a CRC for each file, noting the file path and CRC. Compare the CRC lists. If all CRCs match for corresponding files, the content is identical. Tools like cksum (Unix) or CertUtil (Windows) can generate CRCs. For a more automated solution, a script (Python, Bash, etc.) can handle the extraction, CRC generation, and comparison. Libraries like zipfile in Python can help with ZIP manipulation. This method is more thorough and reliable for your use case.","The first approach, comparing CRCs of the entire ZIP files, might not be reliable due to metadata differences like modification dates, compression methods, or even the order of files within the ZIP. These factors can alter the CRC even if the actual content is identical. The second approach, comparing CRCs of individual files within the ZIPs, is more robust. It ensures that you're comparing the actual content you care about. Here's a simple way to do it: Extract all files from both ZIPs to separate directories. Use a CRC tool to generate a CRC for each file, noting the file path and CRC. Compare the CRC lists. If all CRCs match for corresponding files, the content is identical. Tools like cksum (Unix) or CertUtil (Windows) can generate CRCs. For a more automated solution, a script (Python, Bash, etc.) can handle the extraction, CRC generation, and comparison. Libraries like zipfile in Python can help with ZIP manipulation. This method is more thorough and reliable for your use case.",the first approach comparing crcs of the entire zip files might not be reliable due to metadata differences like modification dates compression methods or even the order of files within the zip these factors can alter the crc even if the actual content is identical the second approach comparing crcs of individual files within the zips is more robust it ensures that you're comparing the actual content you care about here's a simple way to do it extract all files from both zips to separate directories use a crc tool to generate a crc for each file noting the file path and crc compare the crc lists if all crcs match for corresponding files the content is identical tools like cksum unix or certutil windows can generate crcs for a more automated solution a script python bash etc can handle the extraction crc generation and comparison libraries like zipfile in python can help with zip manipulation this method is more thorough and reliable for your use case
technical_0203__mistral-small-3.2-24b,technical_0203,technical,"When considering what Windows event logs to incorporate into a SIEM solution, should I be looking at just the Security event logs, or all categories of event log? How useful are the other categories in detecting and responding to security incidents?","To effectively detect and respond to security incidents, consider incorporating all categories of Windows event logs into your SIEM solution, not just the Security logs. While Security logs are crucial for tracking authentication events, account management, and policy changes, other logs provide valuable context and insights.

Application logs can reveal unusual activity or errors that may indicate an attack or system malfunction. System logs track system-level events, such as service failures or hardware issues, which can be signs of tampering or resource exhaustion attacks. Setup logs are useful for tracking system configuration changes, which can help identify unauthorized modifications.

By analyzing all event logs together, you gain a more comprehensive view of your system's health and security posture. This holistic approach enables better correlation of events, improves incident detection, and supports more effective response and investigation.","To effectively detect and respond to security incidents, consider incorporating all categories of Windows event logs into your SIEM solution, not just the Security logs. While Security logs are crucial for tracking authentication events, account management, and policy changes, other logs provide valuable context and insights.

Application logs can reveal unusual activity or errors that may indicate an attack or system malfunction. System logs track system-level events, such as service failures or hardware issues, which can be signs of tampering or resource exhaustion attacks. Setup logs are useful for tracking system configuration changes, which can help identify unauthorized modifications.

By analyzing all event logs together, you gain a more comprehensive view of your system's health and security posture. This holistic approach enables better correlation of events, improves incident detection, and supports more effective response and investigation.",mistral-small-3.2-24b,mistral,False,136,965,test,mistral-small-3.2-24b-q4_k_m,final-2026-09-20,You are answering questions the way a knowledgeable person would in an online discussion. Write in plain prose. Do not restate the question or add a preamble. Begin with the answer itself.,110,170,8192,none,,end_turn,ollama-local-mistral-small-3.2-24b,2026-09-28 06:27:50.498571+00:00,24.0,mistral-small3.2:24b,q4_k_m,16384,8192,None,"{""temperature"": ""0.15""}","To effectively detect and respond to security incidents, consider incorporating all categories of Windows event logs into your SIEM solution, not just the Security logs. While Security logs are crucial for tracking authentication events, account management, and policy changes, other logs provide valuable context and insights.

Application logs can reveal unusual activity or errors that may indicate an attack or system malfunction. System logs track system-level events, such as service failures or hardware issues, which can be signs of tampering or resource exhaustion attacks. Setup logs are useful for tracking system configuration changes, which can help identify unauthorized modifications.

By analyzing all event logs together, you gain a more comprehensive view of your system's health and security posture. This holistic approach enables better correlation of events, improves incident detection, and supports more effective response and investigation.","To effectively detect and respond to security incidents, consider incorporating all categories of Windows event logs into your SIEM solution, not just the Security logs. While Security logs are crucial for tracking authentication events, account management, and policy changes, other logs provide valuable context and insights. Application logs can reveal unusual activity or errors that may indicate an attack or system malfunction. System logs track system-level events, such as service failures or hardware issues, which can be signs of tampering or resource exhaustion attacks. Setup logs are useful for tracking system configuration changes, which can help identify unauthorized modifications. By analyzing all event logs together, you gain a more comprehensive view of your system's health and security posture. This holistic approach enables better correlation of events, improves incident detection, and supports more effective response and investigation.","To effectively detect and respond to security incidents, consider incorporating all categories of Windows event logs into your SIEM solution, not just the Security logs. While Security logs are crucial for tracking authentication events, account management, and policy changes, other logs provide valuable context and insights. Application logs can reveal unusual activity or errors that may indicate an attack or system malfunction. System logs track system-level events, such as service failures or hardware issues, which can be signs of tampering or resource exhaustion attacks. Setup logs are useful for tracking system configuration changes, which can help identify unauthorized modifications. By analyzing all event logs together, you gain a more comprehensive view of your system's health and security posture. This holistic approach enables better correlation of events, improves incident detection, and supports more effective response and investigation.",to effectively detect and respond to security incidents consider incorporating all categories of windows event logs into your siem solution not just the security logs while security logs are crucial for tracking authentication events account management and policy changes other logs provide valuable context and insights application logs can reveal unusual activity or errors that may indicate an attack or system malfunction system logs track system level events such as service failures or hardware issues which can be signs of tampering or resource exhaustion attacks setup logs are useful for tracking system configuration changes which can help identify unauthorized modifications by analyzing all event logs together you gain a more comprehensive view of your system's health and security posture this holistic approach enables better correlation of events improves incident detection and supports more effective response and investigation
technical_0207__mistral-small-3.2-24b,technical_0207,technical,"For a few years i stored my personal text files encrypted using an asymmetric key through GnuPG. Now i thought that it is a good idea to also encrypt my hard drive partition. Does it make sense to use both filesystem encryption (via, say, dm-crypt) and encryption via GPG for separate files? If this is unnecessary, what should i stick with for personal encryption of textual data?

I want to be able to use version control system and text processing tools on these files and also optionally apply steganography to conceal the existence of the files from intruders altogether.

I use GNU/Linux.","Using both filesystem encryption and GPG for separate files is redundant. Filesystem encryption like dm-crypt protects all data on the partition, including your text files. This provides a strong security layer, as an intruder would need to bypass the filesystem encryption to access any files.

Stick with filesystem encryption for overall security. For your text files, use a version control system like Git to manage changes. To conceal the existence of files, consider steganography tools like Steghide or Outguess, which can hide data within other files.

If you still prefer encrypting individual files, use GPG's symmetric encryption (AES) instead of asymmetric. It's faster and sufficient for personal use. However, remember that filesystem encryption already secures these files, making additional encryption unnecessary unless you have specific needs like sharing individual files securely.

In summary, rely on dm-crypt for partition encryption and use version control for your text files. Apply steganography if needed, and consider symmetric GPG encryption only for specific use cases.","Using both filesystem encryption and GPG for separate files is redundant. Filesystem encryption like dm-crypt protects all data on the partition, including your text files. This provides a strong security layer, as an intruder would need to bypass the filesystem encryption to access any files.

Stick with filesystem encryption for overall security. For your text files, use a version control system like Git to manage changes. To conceal the existence of files, consider steganography tools like Steghide or Outguess, which can hide data within other files.

If you still prefer encrypting individual files, use GPG's symmetric encryption (AES) instead of asymmetric. It's faster and sufficient for personal use. However, remember that filesystem encryption already secures these files, making additional encryption unnecessary unless you have specific needs like sharing individual files securely.

In summary, rely on dm-crypt for partition encryption and use version control for your text files. Apply steganography if needed, and consider symmetric GPG encryption only for specific use cases.",mistral-small-3.2-24b,mistral,False,161,1098,test,mistral-small-3.2-24b-q4_k_m,final-2026-09-20,You are answering questions the way a knowledgeable person would in an online discussion. Write in plain prose. Do not restate the question or add a preamble. Begin with the answer itself.,110,170,8192,none,,end_turn,ollama-local-mistral-small-3.2-24b,2026-09-28 06:27:56.287966+00:00,24.0,mistral-small3.2:24b,q4_k_m,16384,8192,None,"{""temperature"": ""0.15""}","Using both filesystem encryption and GPG for separate files is redundant. Filesystem encryption like dm-crypt protects all data on the partition, including your text files. This provides a strong security layer, as an intruder would need to bypass the filesystem encryption to access any files.

Stick with filesystem encryption for overall security. For your text files, use a version control system like Git to manage changes. To conceal the existence of files, consider steganography tools like Steghide or Outguess, which can hide data within other files.

If you still prefer encrypting individual files, use GPG's symmetric encryption (AES) instead of asymmetric. It's faster and sufficient for personal use. However, remember that filesystem encryption already secures these files, making additional encryption unnecessary unless you have specific needs like sharing individual files securely.

In summary, rely on dm-crypt for partition encryption and use version control for your text files. Apply steganography if needed, and consider symmetric GPG encryption only for specific use cases.","Using both filesystem encryption and GPG for separate files is redundant. Filesystem encryption like dm-crypt protects all data on the partition, including your text files. This provides a strong security layer, as an intruder would need to bypass the filesystem encryption to access any files. Stick with filesystem encryption for overall security. For your text files, use a version control system like Git to manage changes. To conceal the existence of files, consider steganography tools like Steghide or Outguess, which can hide data within other files. If you still prefer encrypting individual files, use GPG's symmetric encryption (AES) instead of asymmetric. It's faster and sufficient for personal use. However, remember that filesystem encryption already secures these files, making additional encryption unnecessary unless you have specific needs like sharing individual files securely. In summary, rely on dm-crypt for partition encryption and use version control for your text files. Apply steganography if needed, and consider symmetric GPG encryption only for specific use cases.","Using both filesystem encryption and GPG for separate files is redundant. Filesystem encryption like dm-crypt protects all data on the partition, including your text files. This provides a strong security layer, as an intruder would need to bypass the filesystem encryption to access any files. Stick with filesystem encryption for overall security. For your text files, use a version control system like Git to manage changes. To conceal the existence of files, consider steganography tools like Steghide or Outguess, which can hide data within other files. If you still prefer encrypting individual files, use GPG's symmetric encryption (AES) instead of asymmetric. It's faster and sufficient for personal use. However, remember that filesystem encryption already secures these files, making additional encryption unnecessary unless you have specific needs like sharing individual files securely. In summary, rely on dm-crypt for partition encryption and use version control for your text files. Apply steganography if needed, and consider symmetric GPG encryption only for specific use cases.",using both filesystem encryption and gpg for separate files is redundant filesystem encryption like dm crypt protects all data on the partition including your text files this provides a strong security layer as an intruder would need to bypass the filesystem encryption to access any files stick with filesystem encryption for overall security for your text files use a version control system like git to manage changes to conceal the existence of files consider steganography tools like steghide or outguess which can hide data within other files if you still prefer encrypting individual files use gpg's symmetric encryption aes instead of asymmetric it's faster and sufficient for personal use however remember that filesystem encryption already secures these files making additional encryption unnecessary unless you have specific needs like sharing individual files securely in summary rely on dm crypt for partition encryption and use version control for your text files apply steganography if needed and consider symmetric gpg encryption only for specific use cases
technical_0212__mistral-small-3.2-24b,technical_0212,technical,"I'd like to know if Aescrypt is a valid tool, or if for a very secure protection, the only choice is to use a software like gpg, or similar.

More I've another curiosity, if one doesn't want to use encrypted email with a related software, could it be secure send AES encrypted files, through normal email connection ? Could it be usefull to use a rar AES protected archive, to further protect files ?

Thanks","Aescrypt is a valid tool for encrypting files, but it's important to note that it's not as feature-rich as GPG (GNU Privacy Guard). GPG offers more advanced features like digital signatures and key management, which can be crucial for very secure protection. However, if your needs are simple and you're comfortable with Aescrypt, it can be a good choice.

Sending AES-encrypted files through normal email can be secure, as long as the encryption is strong and the key exchange is handled securely. However, email itself is not a secure channel, so it's important to ensure that the encrypted file and the key are not intercepted during transmission.

Using a RAR AES-protected archive can add an extra layer of security. It's a good practice to combine multiple security measures. Just ensure that you're using a strong password and that the archive is encrypted with AES-256, which is currently considered very secure.","Aescrypt is a valid tool for encrypting files, but it's important to note that it's not as feature-rich as GPG (GNU Privacy Guard). GPG offers more advanced features like digital signatures and key management, which can be crucial for very secure protection. However, if your needs are simple and you're comfortable with Aescrypt, it can be a good choice.

Sending AES-encrypted files through normal email can be secure, as long as the encryption is strong and the key exchange is handled securely. However, email itself is not a secure channel, so it's important to ensure that the encrypted file and the key are not intercepted during transmission.

Using a RAR AES-protected archive can add an extra layer of security. It's a good practice to combine multiple security measures. Just ensure that you're using a strong password and that the archive is encrypted with AES-256, which is currently considered very secure.",mistral-small-3.2-24b,mistral,False,150,920,test,mistral-small-3.2-24b-q4_k_m,final-2026-09-20,You are answering questions the way a knowledgeable person would in an online discussion. Write in plain prose. Do not restate the question or add a preamble. Begin with the answer itself.,110,170,8192,none,,end_turn,ollama-local-mistral-small-3.2-24b,2026-09-28 06:28:01.563894+00:00,24.0,mistral-small3.2:24b,q4_k_m,16384,8192,None,"{""temperature"": ""0.15""}","Aescrypt is a valid tool for encrypting files, but it's important to note that it's not as feature-rich as GPG (GNU Privacy Guard). GPG offers more advanced features like digital signatures and key management, which can be crucial for very secure protection. However, if your needs are simple and you're comfortable with Aescrypt, it can be a good choice.

Sending AES-encrypted files through normal email can be secure, as long as the encryption is strong and the key exchange is handled securely. However, email itself is not a secure channel, so it's important to ensure that the encrypted file and the key are not intercepted during transmission.

Using a RAR AES-protected archive can add an extra layer of security. It's a good practice to combine multiple security measures. Just ensure that you're using a strong password and that the archive is encrypted with AES-256, which is currently considered very secure.","Aescrypt is a valid tool for encrypting files, but it's important to note that it's not as feature-rich as GPG (GNU Privacy Guard). GPG offers more advanced features like digital signatures and key management, which can be crucial for very secure protection. However, if your needs are simple and you're comfortable with Aescrypt, it can be a good choice. Sending AES-encrypted files through normal email can be secure, as long as the encryption is strong and the key exchange is handled securely. However, email itself is not a secure channel, so it's important to ensure that the encrypted file and the key are not intercepted during transmission. Using a RAR AES-protected archive can add an extra layer of security. It's a good practice to combine multiple security measures. Just ensure that you're using a strong password and that the archive is encrypted with AES-256, which is currently considered very secure.","Aescrypt is a valid tool for encrypting files, but it's important to note that it's not as feature-rich as GPG (GNU Privacy Guard). GPG offers more advanced features like digital signatures and key management, which can be crucial for very secure protection. However, if your needs are simple and you're comfortable with Aescrypt, it can be a good choice. Sending AES-encrypted files through normal email can be secure, as long as the encryption is strong and the key exchange is handled securely. However, email itself is not a secure channel, so it's important to ensure that the encrypted file and the key are not intercepted during transmission. Using a RAR AES-protected archive can add an extra layer of security. It's a good practice to combine multiple security measures. Just ensure that you're using a strong password and that the archive is encrypted with AES-256, which is currently considered very secure.",aescrypt is a valid tool for encrypting files but it's important to note that it's not as feature rich as gpg gnu privacy guard gpg offers more advanced features like digital signatures and key management which can be crucial for very secure protection however if your needs are simple and you're comfortable with aescrypt it can be a good choice sending aes encrypted files through normal email can be secure as long as the encryption is strong and the key exchange is handled securely however email itself is not a secure channel so it's important to ensure that the encrypted file and the key are not intercepted during transmission using a rar aes protected archive can add an extra layer of security it's a good practice to combine multiple security measures just ensure that you're using a strong password and that the archive is encrypted with aes 256 which is currently considered very secure
technical_0233__mistral-small-3.2-24b,technical_0233,technical,"For the purpose of a forensic mission, we must get a docker image without using the famous export from a docker command.

Does copy and paste of the folder /var/lib/docker/containers in another server allow us to retrieve information without any corrupted data?

Thanks.","Copying and pasting the `/var/lib/docker/containers` folder to another server may not be the most reliable method for retrieving Docker image data without corruption. This approach can lead to several issues:

1. **Metadata Loss**: Docker relies on various metadata files and directories (like `/var/lib/docker/image`, `/var/lib/docker/volumes`, etc.) that are not included in this copy. These are crucial for proper image functionality and data integrity.

2. **Dependency Issues**: Docker images have dependencies that might not be captured by simply copying the containers folder. This can result in missing layers or corrupted data.

3. **Version Incompatibility**: The Docker version on the destination server might differ from the source, leading to potential compatibility issues.

For a forensic mission, consider using tools like `docker save` or `docker export` (even though you mentioned not using them), or explore forensic tools designed for Docker environments. These methods are more reliable for preserving data integrity and ensuring all necessary components are included.","Copying and pasting the /var/lib/docker/containers folder to another server may not be the most reliable method for retrieving Docker image data without corruption. This approach can lead to several issues:

Metadata Loss: Docker relies on various metadata files and directories (like /var/lib/docker/image, /var/lib/docker/volumes, etc.) that are not included in this copy. These are crucial for proper image functionality and data integrity.

Dependency Issues: Docker images have dependencies that might not be captured by simply copying the containers folder. This can result in missing layers or corrupted data.

Version Incompatibility: The Docker version on the destination server might differ from the source, leading to potential compatibility issues.

For a forensic mission, consider using tools like docker save or docker export (even though you mentioned not using them), or explore forensic tools designed for Docker environments. These methods are more reliable for preserving data integrity and ensuring all necessary components are included.",mistral-small-3.2-24b,mistral,False,153,1089,test,mistral-small-3.2-24b-q4_k_m,final-2026-09-20,You are answering questions the way a knowledgeable person would in an online discussion. Write in plain prose. Do not restate the question or add a preamble. Begin with the answer itself.,110,170,8192,none,,end_turn,ollama-local-mistral-small-3.2-24b,2026-09-28 06:28:07.129245+00:00,24.0,mistral-small3.2:24b,q4_k_m,16384,8192,None,"{""temperature"": ""0.15""}","Copying and pasting the /var/lib/docker/containers folder to another server may not be the most reliable method for retrieving Docker image data without corruption. This approach can lead to several issues:

Metadata Loss: Docker relies on various metadata files and directories (like /var/lib/docker/image, /var/lib/docker/volumes, etc.) that are not included in this copy. These are crucial for proper image functionality and data integrity.

Dependency Issues: Docker images have dependencies that might not be captured by simply copying the containers folder. This can result in missing layers or corrupted data.

Version Incompatibility: The Docker version on the destination server might differ from the source, leading to potential compatibility issues.

For a forensic mission, consider using tools like docker save or docker export (even though you mentioned not using them), or explore forensic tools designed for Docker environments. These methods are more reliable for preserving data integrity and ensuring all necessary components are included.","Copying and pasting the /var/lib/docker/containers folder to another server may not be the most reliable method for retrieving Docker image data without corruption. This approach can lead to several issues: Metadata Loss: Docker relies on various metadata files and directories (like /var/lib/docker/image, /var/lib/docker/volumes, etc.) that are not included in this copy. These are crucial for proper image functionality and data integrity. Dependency Issues: Docker images have dependencies that might not be captured by simply copying the containers folder. This can result in missing layers or corrupted data. Version Incompatibility: The Docker version on the destination server might differ from the source, leading to potential compatibility issues. For a forensic mission, consider using tools like docker save or docker export (even though you mentioned not using them), or explore forensic tools designed for Docker environments. These methods are more reliable for preserving data integrity and ensuring all necessary components are included.","Copying and pasting the /var/lib/docker/containers folder to another server may not be the most reliable method for retrieving Docker image data without corruption. This approach can lead to several issues: Metadata Loss: Docker relies on various metadata files and directories (like /var/lib/docker/image, /var/lib/docker/volumes, etc.) that are not included in this copy. These are crucial for proper image functionality and data integrity. Dependency Issues: Docker images have dependencies that might not be captured by simply copying the containers folder. This can result in missing layers or corrupted data. Version Incompatibility: The Docker version on the destination server might differ from the source, leading to potential compatibility issues. For a forensic mission, consider using tools like docker save or docker export (even though you mentioned not using them), or explore forensic tools designed for Docker environments. These methods are more reliable for preserving data integrity and ensuring all necessary components are included.",copying and pasting the var lib docker containers folder to another server may not be the most reliable method for retrieving docker image data without corruption this approach can lead to several issues metadata loss docker relies on various metadata files and directories like var lib docker image var lib docker volumes etc that are not included in this copy these are crucial for proper image functionality and data integrity dependency issues docker images have dependencies that might not be captured by simply copying the containers folder this can result in missing layers or corrupted data version incompatibility the docker version on the destination server might differ from the source leading to potential compatibility issues for a forensic mission consider using tools like docker save or docker export even though you mentioned not using them or explore forensic tools designed for docker environments these methods are more reliable for preserving data integrity and ensuring all necessary components are included
technical_0238__mistral-small-3.2-24b,technical_0238,technical,"The use of paid API is increasingly rising each year. For example, IBM, Google and Microsoft are providing paid API such as Text to Speech, Speech to Text and Image to Text and vice versa.

I have a question about what happens If I build an app and publish it:

1.What happens when another person use Wireshack or reverse engineering to obtain the key of this API and then use it in their app or sell it?

2.Will I be paying for this even though my clients are not the people using this API?

3.Is there a way to reduce or prevent this from happening?

I am just worried about this and sure this is happening or must have happened at some point.

NOTE:

I asked this because I saw my Google Map API with the Wireshark software.

My initial solution is to make each user create username and password and apply restrictions to each individual user but those companies I mentioned up don't do that. They simply use one single key for their services.","API key theft is a legitimate concern, but there are ways to mitigate it. When someone steals your API key, yes, you'll be responsible for the usage costs, even if it's not you using the service. To reduce this risk, consider the following strategies:

1. **Restrict API Key Usage**: Limit the key to specific IP addresses or referrers. This can be done in the API provider's dashboard.

2. **Use Proxy Servers**: Route API requests through your own server. This way, the API key is never exposed to the client-side.

3. **Implement Rate Limiting**: Most API providers allow you to set usage limits. This can help prevent excessive use if your key is stolen.

4. **Regularly Rotate API Keys**: Generate new keys periodically and update your app. This can limit the window of opportunity for misuse.

5. **Monitor Usage**: Keep an eye on your API usage. If you notice unusual activity, investigate and change your key if necessary.

While these methods can't guarantee 100% security, they can significantly reduce the risk of API key theft and misuse.","API key theft is a legitimate concern, but there are ways to mitigate it. When someone steals your API key, yes, you'll be responsible for the usage costs, even if it's not you using the service. To reduce this risk, consider the following strategies:

Restrict API Key Usage: Limit the key to specific IP addresses or referrers. This can be done in the API provider's dashboard.

Use Proxy Servers: Route API requests through your own server. This way, the API key is never exposed to the client-side.

Implement Rate Limiting: Most API providers allow you to set usage limits. This can help prevent excessive use if your key is stolen.

Regularly Rotate API Keys: Generate new keys periodically and update your app. This can limit the window of opportunity for misuse.

Monitor Usage: Keep an eye on your API usage. If you notice unusual activity, investigate and change your key if necessary.

While these methods can't guarantee 100% security, they can significantly reduce the risk of API key theft and misuse.",mistral-small-3.2-24b,mistral,False,176,1050,test,mistral-small-3.2-24b-q4_k_m,final-2026-09-20,You are answering questions the way a knowledgeable person would in an online discussion. Write in plain prose. Do not restate the question or add a preamble. Begin with the answer itself.,110,170,8192,none,,end_turn,ollama-local-mistral-small-3.2-24b,2026-09-28 06:28:13.558737+00:00,24.0,mistral-small3.2:24b,q4_k_m,16384,8192,None,"{""temperature"": ""0.15""}","API key theft is a legitimate concern, but there are ways to mitigate it. When someone steals your API key, yes, you'll be responsible for the usage costs, even if it's not you using the service. To reduce this risk, consider the following strategies:

Restrict API Key Usage: Limit the key to specific IP addresses or referrers. This can be done in the API provider's dashboard.

Use Proxy Servers: Route API requests through your own server. This way, the API key is never exposed to the client-side.

Implement Rate Limiting: Most API providers allow you to set usage limits. This can help prevent excessive use if your key is stolen.

Regularly Rotate API Keys: Generate new keys periodically and update your app. This can limit the window of opportunity for misuse.

Monitor Usage: Keep an eye on your API usage. If you notice unusual activity, investigate and change your key if necessary.

While these methods can't guarantee 100% security, they can significantly reduce the risk of API key theft and misuse.","API key theft is a legitimate concern, but there are ways to mitigate it. When someone steals your API key, yes, you'll be responsible for the usage costs, even if it's not you using the service. To reduce this risk, consider the following strategies: Restrict API Key Usage: Limit the key to specific IP addresses or referrers. This can be done in the API provider's dashboard. Use Proxy Servers: Route API requests through your own server. This way, the API key is never exposed to the client-side. Implement Rate Limiting: Most API providers allow you to set usage limits. This can help prevent excessive use if your key is stolen. Regularly Rotate API Keys: Generate new keys periodically and update your app. This can limit the window of opportunity for misuse. Monitor Usage: Keep an eye on your API usage. If you notice unusual activity, investigate and change your key if necessary. While these methods can't guarantee 100% security, they can significantly reduce the risk of API key theft and misuse.","API key theft is a legitimate concern, but there are ways to mitigate it. When someone steals your API key, yes, you'll be responsible for the usage costs, even if it's not you using the service. To reduce this risk, consider the following strategies: Restrict API Key Usage: Limit the key to specific IP addresses or referrers. This can be done in the API provider's dashboard. Use Proxy Servers: Route API requests through your own server. This way, the API key is never exposed to the client-side. Implement Rate Limiting: Most API providers allow you to set usage limits. This can help prevent excessive use if your key is stolen. Regularly Rotate API Keys: Generate new keys periodically and update your app. This can limit the window of opportunity for misuse. Monitor Usage: Keep an eye on your API usage. If you notice unusual activity, investigate and change your key if necessary. While these methods can't guarantee 100% security, they can significantly reduce the risk of API key theft and misuse.",api key theft is a legitimate concern but there are ways to mitigate it when someone steals your api key yes you'll be responsible for the usage costs even if it's not you using the service to reduce this risk consider the following strategies restrict api key usage limit the key to specific ip addresses or referrers this can be done in the api provider's dashboard use proxy servers route api requests through your own server this way the api key is never exposed to the client side implement rate limiting most api providers allow you to set usage limits this can help prevent excessive use if your key is stolen regularly rotate api keys generate new keys periodically and update your app this can limit the window of opportunity for misuse monitor usage keep an eye on your api usage if you notice unusual activity investigate and change your key if necessary while these methods can't guarantee 100 security they can significantly reduce the risk of api key theft and misuse
technical_0255__mistral-small-3.2-24b,technical_0255,technical,"I know the difference between clustering and classification in machine learning, but I don't understand the difference between text classification and topic modeling for documents. Can I use topic modeling over documents to identify a topic? Can I use classification methods to classify the text inside these documents?","Text classification and topic modeling serve different purposes in document analysis. Text classification assigns predefined labels to documents based on their content, using supervised learning. You can use it to classify text within documents, but it requires labeled training data.

Topic modeling, like Latent Dirichlet Allocation (LDA), is an unsupervised learning technique that discovers abstract topics in a collection of documents. It identifies topics as distributions over words, helping to understand underlying themes. While topic modeling can reveal topics in documents, it doesn't assign predefined labels.

You can use topic modeling to identify topics, but it won't classify documents into specific categories. Conversely, classification methods can classify text within documents, but they need labeled data for training. Choose based on your goal: use classification for predefined categories and topic modeling for discovering hidden themes.","Text classification and topic modeling serve different purposes in document analysis. Text classification assigns predefined labels to documents based on their content, using supervised learning. You can use it to classify text within documents, but it requires labeled training data.

Topic modeling, like Latent Dirichlet Allocation (LDA), is an unsupervised learning technique that discovers abstract topics in a collection of documents. It identifies topics as distributions over words, helping to understand underlying themes. While topic modeling can reveal topics in documents, it doesn't assign predefined labels.

You can use topic modeling to identify topics, but it won't classify documents into specific categories. Conversely, classification methods can classify text within documents, but they need labeled data for training. Choose based on your goal: use classification for predefined categories and topic modeling for discovering hidden themes.",mistral-small-3.2-24b,mistral,False,134,961,test,mistral-small-3.2-24b-q4_k_m,final-2026-09-20,You are answering questions the way a knowledgeable person would in an online discussion. Write in plain prose. Do not restate the question or add a preamble. Begin with the answer itself.,110,170,8192,none,,end_turn,ollama-local-mistral-small-3.2-24b,2026-09-28 06:28:18.055472+00:00,24.0,mistral-small3.2:24b,q4_k_m,16384,8192,None,"{""temperature"": ""0.15""}","Text classification and topic modeling serve different purposes in document analysis. Text classification assigns predefined labels to documents based on their content, using supervised learning. You can use it to classify text within documents, but it requires labeled training data.

Topic modeling, like Latent Dirichlet Allocation (LDA), is an unsupervised learning technique that discovers abstract topics in a collection of documents. It identifies topics as distributions over words, helping to understand underlying themes. While topic modeling can reveal topics in documents, it doesn't assign predefined labels.

You can use topic modeling to identify topics, but it won't classify documents into specific categories. Conversely, classification methods can classify text within documents, but they need labeled data for training. Choose based on your goal: use classification for predefined categories and topic modeling for discovering hidden themes.","Text classification and topic modeling serve different purposes in document analysis. Text classification assigns predefined labels to documents based on their content, using supervised learning. You can use it to classify text within documents, but it requires labeled training data. Topic modeling, like Latent Dirichlet Allocation (LDA), is an unsupervised learning technique that discovers abstract topics in a collection of documents. It identifies topics as distributions over words, helping to understand underlying themes. While topic modeling can reveal topics in documents, it doesn't assign predefined labels. You can use topic modeling to identify topics, but it won't classify documents into specific categories. Conversely, classification methods can classify text within documents, but they need labeled data for training. Choose based on your goal: use classification for predefined categories and topic modeling for discovering hidden themes.","Text classification and topic modeling serve different purposes in document analysis. Text classification assigns predefined labels to documents based on their content, using supervised learning. You can use it to classify text within documents, but it requires labeled training data. Topic modeling, like Latent Dirichlet Allocation (LDA), is an unsupervised learning technique that discovers abstract topics in a collection of documents. It identifies topics as distributions over words, helping to understand underlying themes. While topic modeling can reveal topics in documents, it doesn't assign predefined labels. You can use topic modeling to identify topics, but it won't classify documents into specific categories. Conversely, classification methods can classify text within documents, but they need labeled data for training. Choose based on your goal: use classification for predefined categories and topic modeling for discovering hidden themes.",text classification and topic modeling serve different purposes in document analysis text classification assigns predefined labels to documents based on their content using supervised learning you can use it to classify text within documents but it requires labeled training data topic modeling like latent dirichlet allocation lda is an unsupervised learning technique that discovers abstract topics in a collection of documents it identifies topics as distributions over words helping to understand underlying themes while topic modeling can reveal topics in documents it doesn't assign predefined labels you can use topic modeling to identify topics but it won't classify documents into specific categories conversely classification methods can classify text within documents but they need labeled data for training choose based on your goal use classification for predefined categories and topic modeling for discovering hidden themes
technical_0260__mistral-small-3.2-24b,technical_0260,technical,"Is it correct to say that any statistical learning algorithm (linear/logistic regression, SVM, neural network, random forest) can be implemented inside a Map Reduce framework? Or are there restrictions?

I guess there may be some algorithms that is not possible to parallelize?","Most statistical learning algorithms can be implemented within a MapReduce framework, but there are indeed some restrictions and challenges. MapReduce is excellent for embarrassingly parallel problems, but many learning algorithms require iterative, sequential, or synchronous operations that are not straightforward to implement in MapReduce.

For instance, algorithms like linear regression or logistic regression can be parallelized using stochastic gradient descent, where each mapper processes a subset of data and updates the model parameters. However, synchronizing these updates across reducers can be complex. Similarly, while random forests can be parallelized by training each tree on a different subset of data, the ensemble aspect requires careful coordination.

Neural networks and SVMs, especially those with kernel tricks, can be more challenging due to their iterative nature and the need for all data to be considered in each iteration. Some algorithms, like those requiring global optimization or with strong dependencies between data points, may not be suitable for MapReduce.

In summary, while many algorithms can be adapted, the ease and efficiency of parallelization vary, and some algorithms may not be feasible within the MapReduce framework.","Most statistical learning algorithms can be implemented within a MapReduce framework, but there are indeed some restrictions and challenges. MapReduce is excellent for embarrassingly parallel problems, but many learning algorithms require iterative, sequential, or synchronous operations that are not straightforward to implement in MapReduce.

For instance, algorithms like linear regression or logistic regression can be parallelized using stochastic gradient descent, where each mapper processes a subset of data and updates the model parameters. However, synchronizing these updates across reducers can be complex. Similarly, while random forests can be parallelized by training each tree on a different subset of data, the ensemble aspect requires careful coordination.

Neural networks and SVMs, especially those with kernel tricks, can be more challenging due to their iterative nature and the need for all data to be considered in each iteration. Some algorithms, like those requiring global optimization or with strong dependencies between data points, may not be suitable for MapReduce.

In summary, while many algorithms can be adapted, the ease and efficiency of parallelization vary, and some algorithms may not be feasible within the MapReduce framework.",mistral-small-3.2-24b,mistral,False,181,1268,test,mistral-small-3.2-24b-q4_k_m,final-2026-09-20,You are answering questions the way a knowledgeable person would in an online discussion. Write in plain prose. Do not restate the question or add a preamble. Begin with the answer itself.,110,170,8192,none,,end_turn,ollama-local-mistral-small-3.2-24b,2026-09-28 06:28:24.008865+00:00,24.0,mistral-small3.2:24b,q4_k_m,16384,8192,None,"{""temperature"": ""0.15""}","Most statistical learning algorithms can be implemented within a MapReduce framework, but there are indeed some restrictions and challenges. MapReduce is excellent for embarrassingly parallel problems, but many learning algorithms require iterative, sequential, or synchronous operations that are not straightforward to implement in MapReduce.

For instance, algorithms like linear regression or logistic regression can be parallelized using stochastic gradient descent, where each mapper processes a subset of data and updates the model parameters. However, synchronizing these updates across reducers can be complex. Similarly, while random forests can be parallelized by training each tree on a different subset of data, the ensemble aspect requires careful coordination.

Neural networks and SVMs, especially those with kernel tricks, can be more challenging due to their iterative nature and the need for all data to be considered in each iteration. Some algorithms, like those requiring global optimization or with strong dependencies between data points, may not be suitable for MapReduce.

In summary, while many algorithms can be adapted, the ease and efficiency of parallelization vary, and some algorithms may not be feasible within the MapReduce framework.","Most statistical learning algorithms can be implemented within a MapReduce framework, but there are indeed some restrictions and challenges. MapReduce is excellent for embarrassingly parallel problems, but many learning algorithms require iterative, sequential, or synchronous operations that are not straightforward to implement in MapReduce. For instance, algorithms like linear regression or logistic regression can be parallelized using stochastic gradient descent, where each mapper processes a subset of data and updates the model parameters. However, synchronizing these updates across reducers can be complex. Similarly, while random forests can be parallelized by training each tree on a different subset of data, the ensemble aspect requires careful coordination. Neural networks and SVMs, especially those with kernel tricks, can be more challenging due to their iterative nature and the need for all data to be considered in each iteration. Some algorithms, like those requiring global optimization or with strong dependencies between data points, may not be suitable for MapReduce. In summary, while many algorithms can be adapted, the ease and efficiency of parallelization vary, and some algorithms may not be feasible within the MapReduce framework.","Most statistical learning algorithms can be implemented within a MapReduce framework, but there are indeed some restrictions and challenges. MapReduce is excellent for embarrassingly parallel problems, but many learning algorithms require iterative, sequential, or synchronous operations that are not straightforward to implement in MapReduce. For instance, algorithms like linear regression or logistic regression can be parallelized using stochastic gradient descent, where each mapper processes a subset of data and updates the model parameters. However, synchronizing these updates across reducers can be complex. Similarly, while random forests can be parallelized by training each tree on a different subset of data, the ensemble aspect requires careful coordination. Neural networks and SVMs, especially those with kernel tricks, can be more challenging due to their iterative nature and the need for all data to be considered in each iteration. Some algorithms, like those requiring global optimization or with strong dependencies between data points, may not be suitable for MapReduce. In summary, while many algorithms can be adapted, the ease and efficiency of parallelization vary, and some algorithms may not be feasible within the MapReduce framework.",most statistical learning algorithms can be implemented within a mapreduce framework but there are indeed some restrictions and challenges mapreduce is excellent for embarrassingly parallel problems but many learning algorithms require iterative sequential or synchronous operations that are not straightforward to implement in mapreduce for instance algorithms like linear regression or logistic regression can be parallelized using stochastic gradient descent where each mapper processes a subset of data and updates the model parameters however synchronizing these updates across reducers can be complex similarly while random forests can be parallelized by training each tree on a different subset of data the ensemble aspect requires careful coordination neural networks and svms especially those with kernel tricks can be more challenging due to their iterative nature and the need for all data to be considered in each iteration some algorithms like those requiring global optimization or with strong dependencies between data points may not be suitable for mapreduce in summary while many algorithms can be adapted the ease and efficiency of parallelization vary and some algorithms may not be feasible within the mapreduce framework
technical_0262__mistral-small-3.2-24b,technical_0262,technical,"I was posting on stats.stackexchange but perhaps I should be posting here.

Context. Subscription business that charges users a monthly fee for access to the service. Management would like to predict ""churn"" - subscriptions who are likely to cancel. Management would like to create an email sequence in attempt to prevent high risk accounts from churning, perhaps with a discount code of some sort. So I need to identify those accounts at risk of leaving us.

I have a dataset with say 50k records. Each line item is an account number along with some variables. One of the variables is ""Churned"" with a value of ""yes"" (they cancelled) or ""No"" (they are active).

The dataset I have is all data since the beginning of time for the business. About 20k records are active paying customers and about 30k are those who used to be paying customers but who have since cancelled.

My task is to build a model to predict which of the 20k active customers are currently likely to churn.

Here is where I have tied my brain in a knott. I need to run the model (Predict) on the 20k records of active customers.

How do I split my data between training, test and predict?

Does predict data have to be exclusive of train and test data?

Can I split the entire dataset of 50k into 0.8 train and 0.2 test, build a model and then predict on the 20k active accounts? That would imply I'm training and testing on data that I'm also going to predict on. Seems ""wrong"". Is it?","To address your data splitting dilemma, consider the following approach:

1. **Exclude the prediction set**: The 20k active customers you want to predict on should be kept separate from your training and test sets. This ensures your model's performance is evaluated on unseen data, mimicking real-world scenarios.

2. **Split the remaining data**: From the 30k churned customers, create your training and test sets. A common split is 80% for training and 20% for testing. This gives you 24k records for training and 6k for testing.

3. **Build and evaluate your model**: Use the training set to build your model and the test set to evaluate its performance. This helps you understand how well your model generalizes to new data.

4. **Predict on the active set**: Once satisfied with your model's performance, use it to predict churn risk on the 20k active customers.

This approach ensures your model is trained and tested on historical data, while the active set serves as a true unseen dataset for prediction. It's crucial to keep these sets separate to maintain the integrity of your model evaluation and prediction.","To address your data splitting dilemma, consider the following approach:

Exclude the prediction set: The 20k active customers you want to predict on should be kept separate from your training and test sets. This ensures your model's performance is evaluated on unseen data, mimicking real-world scenarios.

Split the remaining data: From the 30k churned customers, create your training and test sets. A common split is 80% for training and 20% for testing. This gives you 24k records for training and 6k for testing.

Build and evaluate your model: Use the training set to build your model and the test set to evaluate its performance. This helps you understand how well your model generalizes to new data.

Predict on the active set: Once satisfied with your model's performance, use it to predict churn risk on the 20k active customers.

This approach ensures your model is trained and tested on historical data, while the active set serves as a true unseen dataset for prediction. It's crucial to keep these sets separate to maintain the integrity of your model evaluation and prediction.",mistral-small-3.2-24b,mistral,False,183,1120,test,mistral-small-3.2-24b-q4_k_m,final-2026-09-20,You are answering questions the way a knowledgeable person would in an online discussion. Write in plain prose. Do not restate the question or add a preamble. Begin with the answer itself.,110,170,8192,none,,end_turn,ollama-local-mistral-small-3.2-24b,2026-09-28 06:28:30.803184+00:00,24.0,mistral-small3.2:24b,q4_k_m,16384,8192,None,"{""temperature"": ""0.15""}","To address your data splitting dilemma, consider the following approach:

Exclude the prediction set: The 20k active customers you want to predict on should be kept separate from your training and test sets. This ensures your model's performance is evaluated on unseen data, mimicking real-world scenarios.

Split the remaining data: From the 30k churned customers, create your training and test sets. A common split is 80% for training and 20% for testing. This gives you 24k records for training and 6k for testing.

Build and evaluate your model: Use the training set to build your model and the test set to evaluate its performance. This helps you understand how well your model generalizes to new data.

Predict on the active set: Once satisfied with your model's performance, use it to predict churn risk on the 20k active customers.

This approach ensures your model is trained and tested on historical data, while the active set serves as a true unseen dataset for prediction. It's crucial to keep these sets separate to maintain the integrity of your model evaluation and prediction.","To address your data splitting dilemma, consider the following approach: Exclude the prediction set: The 20k active customers you want to predict on should be kept separate from your training and test sets. This ensures your model's performance is evaluated on unseen data, mimicking real-world scenarios. Split the remaining data: From the 30k churned customers, create your training and test sets. A common split is 80% for training and 20% for testing. This gives you 24k records for training and 6k for testing. Build and evaluate your model: Use the training set to build your model and the test set to evaluate its performance. This helps you understand how well your model generalizes to new data. Predict on the active set: Once satisfied with your model's performance, use it to predict churn risk on the 20k active customers. This approach ensures your model is trained and tested on historical data, while the active set serves as a true unseen dataset for prediction. It's crucial to keep these sets separate to maintain the integrity of your model evaluation and prediction.","To address your data splitting dilemma, consider the following approach: Exclude the prediction set: The 20k active customers you want to predict on should be kept separate from your training and test sets. This ensures your model's performance is evaluated on unseen data, mimicking real-world scenarios. Split the remaining data: From the 30k churned customers, create your training and test sets. A common split is 80% for training and 20% for testing. This gives you 24k records for training and 6k for testing. Build and evaluate your model: Use the training set to build your model and the test set to evaluate its performance. This helps you understand how well your model generalizes to new data. Predict on the active set: Once satisfied with your model's performance, use it to predict churn risk on the 20k active customers. This approach ensures your model is trained and tested on historical data, while the active set serves as a true unseen dataset for prediction. It's crucial to keep these sets separate to maintain the integrity of your model evaluation and prediction.",to address your data splitting dilemma consider the following approach exclude the prediction set the 20k active customers you want to predict on should be kept separate from your training and test sets this ensures your model's performance is evaluated on unseen data mimicking real world scenarios split the remaining data from the 30k churned customers create your training and test sets a common split is 80 for training and 20 for testing this gives you 24k records for training and 6k for testing build and evaluate your model use the training set to build your model and the test set to evaluate its performance this helps you understand how well your model generalizes to new data predict on the active set once satisfied with your model's performance use it to predict churn risk on the 20k active customers this approach ensures your model is trained and tested on historical data while the active set serves as a true unseen dataset for prediction it's crucial to keep these sets separate to maintain the integrity of your model evaluation and prediction
technical_0266__mistral-small-3.2-24b,technical_0266,technical,"As I was checking the /etc/fstab I noticed that the swap space has attr pass=0, which means its filesystem is not checked at boot time. Can anyone please tell me why is this behavior for?","Swap space is not checked at boot time because it serves a different purpose than regular filesystems. Swap space is used by the operating system to handle virtual memory, providing a temporary storage area for data that doesn't fit in physical RAM. Checking swap space for filesystem consistency, like you would with a regular filesystem, is unnecessary and can be time-consuming, especially on systems with large swap partitions or files.

Additionally, swap space is typically formatted with a simple filesystem or no filesystem at all, depending on the operating system. This simplicity means there are fewer structures to check for consistency. The operating system manages swap space dynamically, and any issues with swap space are usually handled on-the-fly as the system operates, rather than during the boot process.

Therefore, setting pass=0 for swap space in /etc/fstab is a standard practice to optimize the boot process and avoid unnecessary checks.","Swap space is not checked at boot time because it serves a different purpose than regular filesystems. Swap space is used by the operating system to handle virtual memory, providing a temporary storage area for data that doesn't fit in physical RAM. Checking swap space for filesystem consistency, like you would with a regular filesystem, is unnecessary and can be time-consuming, especially on systems with large swap partitions or files.

Additionally, swap space is typically formatted with a simple filesystem or no filesystem at all, depending on the operating system. This simplicity means there are fewer structures to check for consistency. The operating system manages swap space dynamically, and any issues with swap space are usually handled on-the-fly as the system operates, rather than during the boot process.

Therefore, setting pass=0 for swap space in /etc/fstab is a standard practice to optimize the boot process and avoid unnecessary checks.",mistral-small-3.2-24b,mistral,False,149,963,test,mistral-small-3.2-24b-q4_k_m,final-2026-09-20,You are answering questions the way a knowledgeable person would in an online discussion. Write in plain prose. Do not restate the question or add a preamble. Begin with the answer itself.,110,170,8192,none,,end_turn,ollama-local-mistral-small-3.2-24b,2026-09-28 06:28:35.695889+00:00,24.0,mistral-small3.2:24b,q4_k_m,16384,8192,None,"{""temperature"": ""0.15""}","Swap space is not checked at boot time because it serves a different purpose than regular filesystems. Swap space is used by the operating system to handle virtual memory, providing a temporary storage area for data that doesn't fit in physical RAM. Checking swap space for filesystem consistency, like you would with a regular filesystem, is unnecessary and can be time-consuming, especially on systems with large swap partitions or files.

Additionally, swap space is typically formatted with a simple filesystem or no filesystem at all, depending on the operating system. This simplicity means there are fewer structures to check for consistency. The operating system manages swap space dynamically, and any issues with swap space are usually handled on-the-fly as the system operates, rather than during the boot process.

Therefore, setting pass=0 for swap space in /etc/fstab is a standard practice to optimize the boot process and avoid unnecessary checks.","Swap space is not checked at boot time because it serves a different purpose than regular filesystems. Swap space is used by the operating system to handle virtual memory, providing a temporary storage area for data that doesn't fit in physical RAM. Checking swap space for filesystem consistency, like you would with a regular filesystem, is unnecessary and can be time-consuming, especially on systems with large swap partitions or files. Additionally, swap space is typically formatted with a simple filesystem or no filesystem at all, depending on the operating system. This simplicity means there are fewer structures to check for consistency. The operating system manages swap space dynamically, and any issues with swap space are usually handled on-the-fly as the system operates, rather than during the boot process. Therefore, setting pass=0 for swap space in /etc/fstab is a standard practice to optimize the boot process and avoid unnecessary checks.","Swap space is not checked at boot time because it serves a different purpose than regular filesystems. Swap space is used by the operating system to handle virtual memory, providing a temporary storage area for data that doesn't fit in physical RAM. Checking swap space for filesystem consistency, like you would with a regular filesystem, is unnecessary and can be time-consuming, especially on systems with large swap partitions or files. Additionally, swap space is typically formatted with a simple filesystem or no filesystem at all, depending on the operating system. This simplicity means there are fewer structures to check for consistency. The operating system manages swap space dynamically, and any issues with swap space are usually handled on-the-fly as the system operates, rather than during the boot process. Therefore, setting pass=0 for swap space in /etc/fstab is a standard practice to optimize the boot process and avoid unnecessary checks.",swap space is not checked at boot time because it serves a different purpose than regular filesystems swap space is used by the operating system to handle virtual memory providing a temporary storage area for data that doesn't fit in physical ram checking swap space for filesystem consistency like you would with a regular filesystem is unnecessary and can be time consuming especially on systems with large swap partitions or files additionally swap space is typically formatted with a simple filesystem or no filesystem at all depending on the operating system this simplicity means there are fewer structures to check for consistency the operating system manages swap space dynamically and any issues with swap space are usually handled on the fly as the system operates rather than during the boot process therefore setting pass 0 for swap space in etc fstab is a standard practice to optimize the boot process and avoid unnecessary checks
technical_0271__mistral-small-3.2-24b,technical_0271,technical,"When we do k-fold cross validation, should we just use the classifier that has the highest test accuracy? What is generally the best approach in getting a classifier from cross validation?","Not necessarily. While test accuracy is a common metric, it's not always the best or only one to consider. You might also want to look at precision, recall, F1-score, or AUC-ROC, depending on your problem and its specific requirements.

The best approach is to use cross-validation to get a robust estimate of your classifier's performance and then select the model based on the metric that best aligns with your goals. You might also consider using techniques like nested cross-validation to ensure your final evaluation is unbiased.

Additionally, it's often beneficial to look at the variance of the performance metrics across the folds. A model with high average accuracy but also high variance might not be as reliable as one with slightly lower average accuracy but more consistent performance.","Not necessarily. While test accuracy is a common metric, it's not always the best or only one to consider. You might also want to look at precision, recall, F1-score, or AUC-ROC, depending on your problem and its specific requirements.

The best approach is to use cross-validation to get a robust estimate of your classifier's performance and then select the model based on the metric that best aligns with your goals. You might also consider using techniques like nested cross-validation to ensure your final evaluation is unbiased.

Additionally, it's often beneficial to look at the variance of the performance metrics across the folds. A model with high average accuracy but also high variance might not be as reliable as one with slightly lower average accuracy but more consistent performance.",mistral-small-3.2-24b,mistral,False,128,800,test,mistral-small-3.2-24b-q4_k_m,final-2026-09-20,You are answering questions the way a knowledgeable person would in an online discussion. Write in plain prose. Do not restate the question or add a preamble. Begin with the answer itself.,110,170,8192,none,,end_turn,ollama-local-mistral-small-3.2-24b,2026-09-28 06:28:39.892913+00:00,24.0,mistral-small3.2:24b,q4_k_m,16384,8192,None,"{""temperature"": ""0.15""}","Not necessarily. While test accuracy is a common metric, it's not always the best or only one to consider. You might also want to look at precision, recall, F1-score, or AUC-ROC, depending on your problem and its specific requirements.

The best approach is to use cross-validation to get a robust estimate of your classifier's performance and then select the model based on the metric that best aligns with your goals. You might also consider using techniques like nested cross-validation to ensure your final evaluation is unbiased.

Additionally, it's often beneficial to look at the variance of the performance metrics across the folds. A model with high average accuracy but also high variance might not be as reliable as one with slightly lower average accuracy but more consistent performance.","Not necessarily. While test accuracy is a common metric, it's not always the best or only one to consider. You might also want to look at precision, recall, F1-score, or AUC-ROC, depending on your problem and its specific requirements. The best approach is to use cross-validation to get a robust estimate of your classifier's performance and then select the model based on the metric that best aligns with your goals. You might also consider using techniques like nested cross-validation to ensure your final evaluation is unbiased. Additionally, it's often beneficial to look at the variance of the performance metrics across the folds. A model with high average accuracy but also high variance might not be as reliable as one with slightly lower average accuracy but more consistent performance.","Not necessarily. While test accuracy is a common metric, it's not always the best or only one to consider. You might also want to look at precision, recall, F1-score, or AUC-ROC, depending on your problem and its specific requirements. The best approach is to use cross-validation to get a robust estimate of your classifier's performance and then select the model based on the metric that best aligns with your goals. You might also consider using techniques like nested cross-validation to ensure your final evaluation is unbiased. Additionally, it's often beneficial to look at the variance of the performance metrics across the folds. A model with high average accuracy but also high variance might not be as reliable as one with slightly lower average accuracy but more consistent performance.",not necessarily while test accuracy is a common metric it's not always the best or only one to consider you might also want to look at precision recall f1 score or auc roc depending on your problem and its specific requirements the best approach is to use cross validation to get a robust estimate of your classifier's performance and then select the model based on the metric that best aligns with your goals you might also consider using techniques like nested cross validation to ensure your final evaluation is unbiased additionally it's often beneficial to look at the variance of the performance metrics across the folds a model with high average accuracy but also high variance might not be as reliable as one with slightly lower average accuracy but more consistent performance
technical_0290__mistral-small-3.2-24b,technical_0290,technical,"Say you're building a sales prediction model to predict tomorrow's sales value, as well as the next 2 weeks of daily sales. The model is being trained using daily data for the previous 1.5 years, and it follows a strong weekly seasonality pattern.

Obviously once you are happy with model performance, would it be necessary to re-train the model everyday to capture data up to and including yesterday in order to get the most accurate prediction for tomorrow's sales value? Essentially, the model would be trained on a rolling 1.5 year data set to capture yesterday's sales value.

Or does it depend on the type of model being used? Whether you need to to completely re-train when new data is present

I can see why it would make sense to re-train your standard time series forecasting models (ARIMA etc.), but I can also understand more sophisticated models (Neural Networks etc.) may generalize well enough to not have to re-train everyday.

I am looking for an explanation of models where you would and wouldn't re-train when new time series data is present.","The necessity to retrain daily depends on the model type and its adaptability to new data.

For traditional time series models like ARIMA, retraining is often necessary. These models are sensitive to changes in the underlying data pattern and may require frequent retraining to maintain accuracy, especially with strong seasonality.

Machine learning models like Random Forests or Gradient Boosting can generalize well and may not need daily retraining. However, they still benefit from periodic retraining to incorporate new trends or seasonality shifts.

Neural networks, particularly recurrent types like LSTMs, can capture complex patterns and may not require daily retraining. However, they might need retraining if the data distribution changes significantly.

In practice, a balance is needed. Retraining daily can capture the latest trends but is computationally expensive. Alternatively, retraining weekly or monthly might suffice, depending on the model and data stability. Monitoring model performance and comparing predictions with actuals can help determine the optimal retraining frequency.","The necessity to retrain daily depends on the model type and its adaptability to new data.

For traditional time series models like ARIMA, retraining is often necessary. These models are sensitive to changes in the underlying data pattern and may require frequent retraining to maintain accuracy, especially with strong seasonality.

Machine learning models like Random Forests or Gradient Boosting can generalize well and may not need daily retraining. However, they still benefit from periodic retraining to incorporate new trends or seasonality shifts.

Neural networks, particularly recurrent types like LSTMs, can capture complex patterns and may not require daily retraining. However, they might need retraining if the data distribution changes significantly.

In practice, a balance is needed. Retraining daily can capture the latest trends but is computationally expensive. Alternatively, retraining weekly or monthly might suffice, depending on the model and data stability. Monitoring model performance and comparing predictions with actuals can help determine the optimal retraining frequency.",mistral-small-3.2-24b,mistral,False,156,1104,test,mistral-small-3.2-24b-q4_k_m,final-2026-09-20,You are answering questions the way a knowledgeable person would in an online discussion. Write in plain prose. Do not restate the question or add a preamble. Begin with the answer itself.,110,170,8192,none,,end_turn,ollama-local-mistral-small-3.2-24b,2026-09-28 06:28:45.500929+00:00,24.0,mistral-small3.2:24b,q4_k_m,16384,8192,None,"{""temperature"": ""0.15""}","The necessity to retrain daily depends on the model type and its adaptability to new data.

For traditional time series models like ARIMA, retraining is often necessary. These models are sensitive to changes in the underlying data pattern and may require frequent retraining to maintain accuracy, especially with strong seasonality.

Machine learning models like Random Forests or Gradient Boosting can generalize well and may not need daily retraining. However, they still benefit from periodic retraining to incorporate new trends or seasonality shifts.

Neural networks, particularly recurrent types like LSTMs, can capture complex patterns and may not require daily retraining. However, they might need retraining if the data distribution changes significantly.

In practice, a balance is needed. Retraining daily can capture the latest trends but is computationally expensive. Alternatively, retraining weekly or monthly might suffice, depending on the model and data stability. Monitoring model performance and comparing predictions with actuals can help determine the optimal retraining frequency.","The necessity to retrain daily depends on the model type and its adaptability to new data. For traditional time series models like ARIMA, retraining is often necessary. These models are sensitive to changes in the underlying data pattern and may require frequent retraining to maintain accuracy, especially with strong seasonality. Machine learning models like Random Forests or Gradient Boosting can generalize well and may not need daily retraining. However, they still benefit from periodic retraining to incorporate new trends or seasonality shifts. Neural networks, particularly recurrent types like LSTMs, can capture complex patterns and may not require daily retraining. However, they might need retraining if the data distribution changes significantly. In practice, a balance is needed. Retraining daily can capture the latest trends but is computationally expensive. Alternatively, retraining weekly or monthly might suffice, depending on the model and data stability. Monitoring model performance and comparing predictions with actuals can help determine the optimal retraining frequency.","The necessity to retrain daily depends on the model type and its adaptability to new data. For traditional time series models like ARIMA, retraining is often necessary. These models are sensitive to changes in the underlying data pattern and may require frequent retraining to maintain accuracy, especially with strong seasonality. Machine learning models like Random Forests or Gradient Boosting can generalize well and may not need daily retraining. However, they still benefit from periodic retraining to incorporate new trends or seasonality shifts. Neural networks, particularly recurrent types like LSTMs, can capture complex patterns and may not require daily retraining. However, they might need retraining if the data distribution changes significantly. In practice, a balance is needed. Retraining daily can capture the latest trends but is computationally expensive. Alternatively, retraining weekly or monthly might suffice, depending on the model and data stability. Monitoring model performance and comparing predictions with actuals can help determine the optimal retraining frequency.",the necessity to retrain daily depends on the model type and its adaptability to new data for traditional time series models like arima retraining is often necessary these models are sensitive to changes in the underlying data pattern and may require frequent retraining to maintain accuracy especially with strong seasonality machine learning models like random forests or gradient boosting can generalize well and may not need daily retraining however they still benefit from periodic retraining to incorporate new trends or seasonality shifts neural networks particularly recurrent types like lstms can capture complex patterns and may not require daily retraining however they might need retraining if the data distribution changes significantly in practice a balance is needed retraining daily can capture the latest trends but is computationally expensive alternatively retraining weekly or monthly might suffice depending on the model and data stability monitoring model performance and comparing predictions with actuals can help determine the optimal retraining frequency
technical_0300__mistral-small-3.2-24b,technical_0300,technical,I'm looking for some common problems in unix system administration and ways that shell scripting can solve them. Completely for self-educational purposes. Also I'd like to know how would you go about learning shell scripting.,"Shell scripting can automate repetitive tasks, manage system configurations, and monitor system health. Common problems it can solve include log file analysis, user management, backup automation, and process monitoring. For instance, you can write a script to parse log files for errors, automate user account creation, schedule regular backups, or monitor system processes and send alerts when they consume too many resources.

To learn shell scripting, start with basic commands and syntax. Practice by writing simple scripts to perform everyday tasks. Use resources like online tutorials, documentation, and books. Experiment with different commands and options to understand their functionality. Join online communities to ask questions and share knowledge. Gradually tackle more complex problems as your skills improve. Regular practice and hands-on experience are key to mastering shell scripting.","Shell scripting can automate repetitive tasks, manage system configurations, and monitor system health. Common problems it can solve include log file analysis, user management, backup automation, and process monitoring. For instance, you can write a script to parse log files for errors, automate user account creation, schedule regular backups, or monitor system processes and send alerts when they consume too many resources.

To learn shell scripting, start with basic commands and syntax. Practice by writing simple scripts to perform everyday tasks. Use resources like online tutorials, documentation, and books. Experiment with different commands and options to understand their functionality. Join online communities to ask questions and share knowledge. Gradually tackle more complex problems as your skills improve. Regular practice and hands-on experience are key to mastering shell scripting.",mistral-small-3.2-24b,mistral,False,128,903,test,mistral-small-3.2-24b-q4_k_m,final-2026-09-20,You are answering questions the way a knowledgeable person would in an online discussion. Write in plain prose. Do not restate the question or add a preamble. Begin with the answer itself.,110,170,8192,none,,end_turn,ollama-local-mistral-small-3.2-24b,2026-09-28 06:28:49.817353+00:00,24.0,mistral-small3.2:24b,q4_k_m,16384,8192,None,"{""temperature"": ""0.15""}","Shell scripting can automate repetitive tasks, manage system configurations, and monitor system health. Common problems it can solve include log file analysis, user management, backup automation, and process monitoring. For instance, you can write a script to parse log files for errors, automate user account creation, schedule regular backups, or monitor system processes and send alerts when they consume too many resources.

To learn shell scripting, start with basic commands and syntax. Practice by writing simple scripts to perform everyday tasks. Use resources like online tutorials, documentation, and books. Experiment with different commands and options to understand their functionality. Join online communities to ask questions and share knowledge. Gradually tackle more complex problems as your skills improve. Regular practice and hands-on experience are key to mastering shell scripting.","Shell scripting can automate repetitive tasks, manage system configurations, and monitor system health. Common problems it can solve include log file analysis, user management, backup automation, and process monitoring. For instance, you can write a script to parse log files for errors, automate user account creation, schedule regular backups, or monitor system processes and send alerts when they consume too many resources. To learn shell scripting, start with basic commands and syntax. Practice by writing simple scripts to perform everyday tasks. Use resources like online tutorials, documentation, and books. Experiment with different commands and options to understand their functionality. Join online communities to ask questions and share knowledge. Gradually tackle more complex problems as your skills improve. Regular practice and hands-on experience are key to mastering shell scripting.","Shell scripting can automate repetitive tasks, manage system configurations, and monitor system health. Common problems it can solve include log file analysis, user management, backup automation, and process monitoring. For instance, you can write a script to parse log files for errors, automate user account creation, schedule regular backups, or monitor system processes and send alerts when they consume too many resources. To learn shell scripting, start with basic commands and syntax. Practice by writing simple scripts to perform everyday tasks. Use resources like online tutorials, documentation, and books. Experiment with different commands and options to understand their functionality. Join online communities to ask questions and share knowledge. Gradually tackle more complex problems as your skills improve. Regular practice and hands-on experience are key to mastering shell scripting.",shell scripting can automate repetitive tasks manage system configurations and monitor system health common problems it can solve include log file analysis user management backup automation and process monitoring for instance you can write a script to parse log files for errors automate user account creation schedule regular backups or monitor system processes and send alerts when they consume too many resources to learn shell scripting start with basic commands and syntax practice by writing simple scripts to perform everyday tasks use resources like online tutorials documentation and books experiment with different commands and options to understand their functionality join online communities to ask questions and share knowledge gradually tackle more complex problems as your skills improve regular practice and hands on experience are key to mastering shell scripting
technical_0304__mistral-small-3.2-24b,technical_0304,technical,"When i installed ubuntu in my x86 machine, I had to configure some memory as 'swap area'.

What is the use of this memory and what is the importance of this memory in linux file systems?

How can I determine the exact size of 'swap area' in a machine for the safe working of linux inside in it?","Swap area is a space on a hard disk used as memory when the system runs out of physical RAM. It's a crucial part of Linux systems, allowing the OS to hibernate, handle more processes than RAM can hold, and prevent crashes due to insufficient memory.

The size of the swap area depends on your system's RAM. A common recommendation is that the swap partition should be equal to the amount of RAM if you have less than 2GB, or equal to half the amount of RAM if you have more than 2GB. For example, if you have 4GB of RAM, a 2GB swap area should suffice. However, if you use your system for memory-intensive tasks like video editing or virtualization, you might want to allocate more swap space.

To check your current swap size, you can use the command `free -h` or `swapon --show` in the terminal.","Swap area is a space on a hard disk used as memory when the system runs out of physical RAM. It's a crucial part of Linux systems, allowing the OS to hibernate, handle more processes than RAM can hold, and prevent crashes due to insufficient memory.

The size of the swap area depends on your system's RAM. A common recommendation is that the swap partition should be equal to the amount of RAM if you have less than 2GB, or equal to half the amount of RAM if you have more than 2GB. For example, if you have 4GB of RAM, a 2GB swap area should suffice. However, if you use your system for memory-intensive tasks like video editing or virtualization, you might want to allocate more swap space.

To check your current swap size, you can use the command free -h or swapon --show in the terminal.",mistral-small-3.2-24b,mistral,False,148,797,test,mistral-small-3.2-24b-q4_k_m,final-2026-09-20,You are answering questions the way a knowledgeable person would in an online discussion. Write in plain prose. Do not restate the question or add a preamble. Begin with the answer itself.,110,170,8192,none,,end_turn,ollama-local-mistral-small-3.2-24b,2026-09-28 06:28:54.965666+00:00,24.0,mistral-small3.2:24b,q4_k_m,16384,8192,None,"{""temperature"": ""0.15""}","Swap area is a space on a hard disk used as memory when the system runs out of physical RAM. It's a crucial part of Linux systems, allowing the OS to hibernate, handle more processes than RAM can hold, and prevent crashes due to insufficient memory.

The size of the swap area depends on your system's RAM. A common recommendation is that the swap partition should be equal to the amount of RAM if you have less than 2GB, or equal to half the amount of RAM if you have more than 2GB. For example, if you have 4GB of RAM, a 2GB swap area should suffice. However, if you use your system for memory-intensive tasks like video editing or virtualization, you might want to allocate more swap space.

To check your current swap size, you can use the command free -h or swapon --show in the terminal.","Swap area is a space on a hard disk used as memory when the system runs out of physical RAM. It's a crucial part of Linux systems, allowing the OS to hibernate, handle more processes than RAM can hold, and prevent crashes due to insufficient memory. The size of the swap area depends on your system's RAM. A common recommendation is that the swap partition should be equal to the amount of RAM if you have less than 2GB, or equal to half the amount of RAM if you have more than 2GB. For example, if you have 4GB of RAM, a 2GB swap area should suffice. However, if you use your system for memory-intensive tasks like video editing or virtualization, you might want to allocate more swap space. To check your current swap size, you can use the command free -h or swapon --show in the terminal.","Swap area is a space on a hard disk used as memory when the system runs out of physical RAM. It's a crucial part of Linux systems, allowing the OS to hibernate, handle more processes than RAM can hold, and prevent crashes due to insufficient memory. The size of the swap area depends on your system's RAM. A common recommendation is that the swap partition should be equal to the amount of RAM if you have less than 2GB, or equal to half the amount of RAM if you have more than 2GB. For example, if you have 4GB of RAM, a 2GB swap area should suffice. However, if you use your system for memory-intensive tasks like video editing or virtualization, you might want to allocate more swap space. To check your current swap size, you can use the command free -h or swapon - show in the terminal.",swap area is a space on a hard disk used as memory when the system runs out of physical ram it's a crucial part of linux systems allowing the os to hibernate handle more processes than ram can hold and prevent crashes due to insufficient memory the size of the swap area depends on your system's ram a common recommendation is that the swap partition should be equal to the amount of ram if you have less than 2gb or equal to half the amount of ram if you have more than 2gb for example if you have 4gb of ram a 2gb swap area should suffice however if you use your system for memory intensive tasks like video editing or virtualization you might want to allocate more swap space to check your current swap size you can use the command free h or swapon show in the terminal
technical_0306__mistral-small-3.2-24b,technical_0306,technical,"I am changing my current partition scheme (personal development laptop, dual boot) to remove the Windows partition and leave only my Slackware64 instance. What thought should go into my partitioning? I have been keeping / and /home in separate partitions, as well as a swap partition too. How do I decide what other partitions would be good to have in their own section of the disk?","Consider your usage patterns and future needs. If you're a developer, separate partitions for `/var` (logs and databases) and `/opt` (third-party software) can help manage space and improve organization. A dedicated `/tmp` partition can prevent temporary files from consuming your main partition. If you work with large files, consider a separate `/data` partition. Keep `/home` separate for easy re-installation or system upgrades without affecting user data. Swap size should be based on your RAM; generally, 1.5x your RAM size for systems with less than 8GB RAM, and equal to RAM for systems with more. If you use hibernation, swap should be at least the size of your RAM. For SSDs, consider aligning partitions to 1MB boundaries for better performance. Also, think about future-proofing; leave some unallocated space for future partitions or expansion.","Consider your usage patterns and future needs. If you're a developer, separate partitions for /var (logs and databases) and /opt (third-party software) can help manage space and improve organization. A dedicated /tmp partition can prevent temporary files from consuming your main partition. If you work with large files, consider a separate /data partition. Keep /home separate for easy re-installation or system upgrades without affecting user data. Swap size should be based on your RAM; generally, 1.5x your RAM size for systems with less than 8GB RAM, and equal to RAM for systems with more. If you use hibernation, swap should be at least the size of your RAM. For SSDs, consider aligning partitions to 1MB boundaries for better performance. Also, think about future-proofing; leave some unallocated space for future partitions or expansion.",mistral-small-3.2-24b,mistral,False,132,856,test,mistral-small-3.2-24b-q4_k_m,final-2026-09-20,You are answering questions the way a knowledgeable person would in an online discussion. Write in plain prose. Do not restate the question or add a preamble. Begin with the answer itself.,110,170,8192,none,,end_turn,ollama-local-mistral-small-3.2-24b,2026-09-28 06:29:00.118617+00:00,24.0,mistral-small3.2:24b,q4_k_m,16384,8192,None,"{""temperature"": ""0.15""}","Consider your usage patterns and future needs. If you're a developer, separate partitions for /var (logs and databases) and /opt (third-party software) can help manage space and improve organization. A dedicated /tmp partition can prevent temporary files from consuming your main partition. If you work with large files, consider a separate /data partition. Keep /home separate for easy re-installation or system upgrades without affecting user data. Swap size should be based on your RAM; generally, 1.5x your RAM size for systems with less than 8GB RAM, and equal to RAM for systems with more. If you use hibernation, swap should be at least the size of your RAM. For SSDs, consider aligning partitions to 1MB boundaries for better performance. Also, think about future-proofing; leave some unallocated space for future partitions or expansion.","Consider your usage patterns and future needs. If you're a developer, separate partitions for /var (logs and databases) and /opt (third-party software) can help manage space and improve organization. A dedicated /tmp partition can prevent temporary files from consuming your main partition. If you work with large files, consider a separate /data partition. Keep /home separate for easy re-installation or system upgrades without affecting user data. Swap size should be based on your RAM; generally, 1.5x your RAM size for systems with less than 8GB RAM, and equal to RAM for systems with more. If you use hibernation, swap should be at least the size of your RAM. For SSDs, consider aligning partitions to 1MB boundaries for better performance. Also, think about future-proofing; leave some unallocated space for future partitions or expansion.","Consider your usage patterns and future needs. If you're a developer, separate partitions for /var (logs and databases) and /opt (third-party software) can help manage space and improve organization. A dedicated /tmp partition can prevent temporary files from consuming your main partition. If you work with large files, consider a separate /data partition. Keep /home separate for easy re-installation or system upgrades without affecting user data. Swap size should be based on your RAM; generally, 1.5x your RAM size for systems with less than 8GB RAM, and equal to RAM for systems with more. If you use hibernation, swap should be at least the size of your RAM. For SSDs, consider aligning partitions to 1MB boundaries for better performance. Also, think about future-proofing; leave some unallocated space for future partitions or expansion.",consider your usage patterns and future needs if you're a developer separate partitions for var logs and databases and opt third party software can help manage space and improve organization a dedicated tmp partition can prevent temporary files from consuming your main partition if you work with large files consider a separate data partition keep home separate for easy re installation or system upgrades without affecting user data swap size should be based on your ram generally 1 5x your ram size for systems with less than 8gb ram and equal to ram for systems with more if you use hibernation swap should be at least the size of your ram for ssds consider aligning partitions to 1mb boundaries for better performance also think about future proofing leave some unallocated space for future partitions or expansion
technical_0309__mistral-small-3.2-24b,technical_0309,technical,"How can I find out who executed a particular command and which terminal was used to run it?

Original:

How can I know particular cmd is executed by whom and to know about my terminal","To find out who executed a particular command and which terminal was used, you can use a combination of tools and techniques. First, check the system logs, typically located in `/var/log/`, for authentication and command-related logs. On many Linux systems, the `auth.log` or `secure` log files may contain relevant information.

Additionally, you can use the `last` or `w` commands to see who was logged in and when. For more detailed information, consider using the `auditd` system, which can log specific commands and user activities. You can configure it to monitor particular commands and record details about their execution, including the user and terminal involved.

If you're looking for information about your own terminal, you can use the `tty` command to display the terminal device name, or `who` to show who is logged on and their associated terminals. For more advanced tracking, tools like `ps` or `htop` can provide real-time process and terminal information.","To find out who executed a particular command and which terminal was used, you can use a combination of tools and techniques. First, check the system logs, typically located in /var/log/, for authentication and command-related logs. On many Linux systems, the auth.log or secure log files may contain relevant information.

Additionally, you can use the last or w commands to see who was logged in and when. For more detailed information, consider using the auditd system, which can log specific commands and user activities. You can configure it to monitor particular commands and record details about their execution, including the user and terminal involved.

If you're looking for information about your own terminal, you can use the tty command to display the terminal device name, or who to show who is logged on and their associated terminals. For more advanced tracking, tools like ps or htop can provide real-time process and terminal information.",mistral-small-3.2-24b,mistral,False,153,976,test,mistral-small-3.2-24b-q4_k_m,final-2026-09-20,You are answering questions the way a knowledgeable person would in an online discussion. Write in plain prose. Do not restate the question or add a preamble. Begin with the answer itself.,110,170,8192,none,,end_turn,ollama-local-mistral-small-3.2-24b,2026-09-28 06:29:05.604051+00:00,24.0,mistral-small3.2:24b,q4_k_m,16384,8192,None,"{""temperature"": ""0.15""}","To find out who executed a particular command and which terminal was used, you can use a combination of tools and techniques. First, check the system logs, typically located in /var/log/, for authentication and command-related logs. On many Linux systems, the auth.log or secure log files may contain relevant information.

Additionally, you can use the last or w commands to see who was logged in and when. For more detailed information, consider using the auditd system, which can log specific commands and user activities. You can configure it to monitor particular commands and record details about their execution, including the user and terminal involved.

If you're looking for information about your own terminal, you can use the tty command to display the terminal device name, or who to show who is logged on and their associated terminals. For more advanced tracking, tools like ps or htop can provide real-time process and terminal information.","To find out who executed a particular command and which terminal was used, you can use a combination of tools and techniques. First, check the system logs, typically located in /var/log/, for authentication and command-related logs. On many Linux systems, the auth.log or secure log files may contain relevant information. Additionally, you can use the last or w commands to see who was logged in and when. For more detailed information, consider using the auditd system, which can log specific commands and user activities. You can configure it to monitor particular commands and record details about their execution, including the user and terminal involved. If you're looking for information about your own terminal, you can use the tty command to display the terminal device name, or who to show who is logged on and their associated terminals. For more advanced tracking, tools like ps or htop can provide real-time process and terminal information.","To find out who executed a particular command and which terminal was used, you can use a combination of tools and techniques. First, check the system logs, typically located in /var/log/, for authentication and command-related logs. On many Linux systems, the auth.log or secure log files may contain relevant information. Additionally, you can use the last or w commands to see who was logged in and when. For more detailed information, consider using the auditd system, which can log specific commands and user activities. You can configure it to monitor particular commands and record details about their execution, including the user and terminal involved. If you're looking for information about your own terminal, you can use the tty command to display the terminal device name, or who to show who is logged on and their associated terminals. For more advanced tracking, tools like ps or htop can provide real-time process and terminal information.",to find out who executed a particular command and which terminal was used you can use a combination of tools and techniques first check the system logs typically located in var log for authentication and command related logs on many linux systems the auth log or secure log files may contain relevant information additionally you can use the last or w commands to see who was logged in and when for more detailed information consider using the auditd system which can log specific commands and user activities you can configure it to monitor particular commands and record details about their execution including the user and terminal involved if you're looking for information about your own terminal you can use the tty command to display the terminal device name or who to show who is logged on and their associated terminals for more advanced tracking tools like ps or htop can provide real time process and terminal information
technical_0313__mistral-small-3.2-24b,technical_0313,technical,Why are tables built into ipchains? What was the benefit of adding tables to ipchains? Is there a simple scenario that would illustrate how tables are used to increase performance or offer some other benefit?,"Tables in ipchains were introduced to improve performance and manageability of firewall rules. They allowed for rule sets to be organized into separate tables, each with its own purpose, such as filtering, NAT, or mangle.

One simple scenario illustrating the benefit of tables is when a firewall needs to handle both filtering and NAT rules. Without tables, all rules would be in a single list, making it slower to process and harder to manage. With tables, filtering rules can be placed in one table and NAT rules in another. When a packet arrives, the firewall first checks the NAT table. If no rule matches, it then checks the filter table. This separation speeds up processing, as packets only need to be checked against relevant rules. It also makes the firewall rules easier to organize and maintain.","Tables in ipchains were introduced to improve performance and manageability of firewall rules. They allowed for rule sets to be organized into separate tables, each with its own purpose, such as filtering, NAT, or mangle.

One simple scenario illustrating the benefit of tables is when a firewall needs to handle both filtering and NAT rules. Without tables, all rules would be in a single list, making it slower to process and harder to manage. With tables, filtering rules can be placed in one table and NAT rules in another. When a packet arrives, the firewall first checks the NAT table. If no rule matches, it then checks the filter table. This separation speeds up processing, as packets only need to be checked against relevant rules. It also makes the firewall rules easier to organize and maintain.",mistral-small-3.2-24b,mistral,False,136,807,test,mistral-small-3.2-24b-q4_k_m,final-2026-09-20,You are answering questions the way a knowledgeable person would in an online discussion. Write in plain prose. Do not restate the question or add a preamble. Begin with the answer itself.,110,170,8192,none,,end_turn,ollama-local-mistral-small-3.2-24b,2026-09-28 06:29:09.990782+00:00,24.0,mistral-small3.2:24b,q4_k_m,16384,8192,None,"{""temperature"": ""0.15""}","Tables in ipchains were introduced to improve performance and manageability of firewall rules. They allowed for rule sets to be organized into separate tables, each with its own purpose, such as filtering, NAT, or mangle.

One simple scenario illustrating the benefit of tables is when a firewall needs to handle both filtering and NAT rules. Without tables, all rules would be in a single list, making it slower to process and harder to manage. With tables, filtering rules can be placed in one table and NAT rules in another. When a packet arrives, the firewall first checks the NAT table. If no rule matches, it then checks the filter table. This separation speeds up processing, as packets only need to be checked against relevant rules. It also makes the firewall rules easier to organize and maintain.","Tables in ipchains were introduced to improve performance and manageability of firewall rules. They allowed for rule sets to be organized into separate tables, each with its own purpose, such as filtering, NAT, or mangle. One simple scenario illustrating the benefit of tables is when a firewall needs to handle both filtering and NAT rules. Without tables, all rules would be in a single list, making it slower to process and harder to manage. With tables, filtering rules can be placed in one table and NAT rules in another. When a packet arrives, the firewall first checks the NAT table. If no rule matches, it then checks the filter table. This separation speeds up processing, as packets only need to be checked against relevant rules. It also makes the firewall rules easier to organize and maintain.","Tables in ipchains were introduced to improve performance and manageability of firewall rules. They allowed for rule sets to be organized into separate tables, each with its own purpose, such as filtering, NAT, or mangle. One simple scenario illustrating the benefit of tables is when a firewall needs to handle both filtering and NAT rules. Without tables, all rules would be in a single list, making it slower to process and harder to manage. With tables, filtering rules can be placed in one table and NAT rules in another. When a packet arrives, the firewall first checks the NAT table. If no rule matches, it then checks the filter table. This separation speeds up processing, as packets only need to be checked against relevant rules. It also makes the firewall rules easier to organize and maintain.",tables in ipchains were introduced to improve performance and manageability of firewall rules they allowed for rule sets to be organized into separate tables each with its own purpose such as filtering nat or mangle one simple scenario illustrating the benefit of tables is when a firewall needs to handle both filtering and nat rules without tables all rules would be in a single list making it slower to process and harder to manage with tables filtering rules can be placed in one table and nat rules in another when a packet arrives the firewall first checks the nat table if no rule matches it then checks the filter table this separation speeds up processing as packets only need to be checked against relevant rules it also makes the firewall rules easier to organize and maintain
technical_0353__mistral-small-3.2-24b,technical_0353,technical,"I am confused by the dual concepts of time-resolution and bandwidth. Often I will hear that a pulse-compressed radar application 'doesnt have enough BW' for some specific time resolution that is sought.

Isnt the maximum time resolution simply the reciprocal of your sampling rate?

How are those concepts related?","Time resolution in radar systems is indeed related to bandwidth, not just the sampling rate. While the sampling rate determines the highest frequency you can capture (Nyquist theorem), the bandwidth of the transmitted signal determines the shortest pulse you can resolve in time.

Pulse compression techniques allow radar systems to use long pulses (narrow bandwidth) for good range resolution, but the ultimate time resolution is still constrained by the signal bandwidth. This is because the Fourier relationship between time and frequency domains means that a wider bandwidth signal can represent faster changes in time.

So, when someone says a radar doesn't have enough bandwidth for a specific time resolution, they mean the signal's bandwidth is too narrow to resolve pulses shorter than the desired time resolution. It's not just about the sampling rate; it's about the information content in the signal itself.","Time resolution in radar systems is indeed related to bandwidth, not just the sampling rate. While the sampling rate determines the highest frequency you can capture (Nyquist theorem), the bandwidth of the transmitted signal determines the shortest pulse you can resolve in time.

Pulse compression techniques allow radar systems to use long pulses (narrow bandwidth) for good range resolution, but the ultimate time resolution is still constrained by the signal bandwidth. This is because the Fourier relationship between time and frequency domains means that a wider bandwidth signal can represent faster changes in time.

So, when someone says a radar doesn't have enough bandwidth for a specific time resolution, they mean the signal's bandwidth is too narrow to resolve pulses shorter than the desired time resolution. It's not just about the sampling rate; it's about the information content in the signal itself.",mistral-small-3.2-24b,mistral,False,142,919,test,mistral-small-3.2-24b-q4_k_m,final-2026-09-20,You are answering questions the way a knowledgeable person would in an online discussion. Write in plain prose. Do not restate the question or add a preamble. Begin with the answer itself.,110,170,8192,none,,end_turn,ollama-local-mistral-small-3.2-24b,2026-09-28 06:29:14.534814+00:00,24.0,mistral-small3.2:24b,q4_k_m,16384,8192,None,"{""temperature"": ""0.15""}","Time resolution in radar systems is indeed related to bandwidth, not just the sampling rate. While the sampling rate determines the highest frequency you can capture (Nyquist theorem), the bandwidth of the transmitted signal determines the shortest pulse you can resolve in time.

Pulse compression techniques allow radar systems to use long pulses (narrow bandwidth) for good range resolution, but the ultimate time resolution is still constrained by the signal bandwidth. This is because the Fourier relationship between time and frequency domains means that a wider bandwidth signal can represent faster changes in time.

So, when someone says a radar doesn't have enough bandwidth for a specific time resolution, they mean the signal's bandwidth is too narrow to resolve pulses shorter than the desired time resolution. It's not just about the sampling rate; it's about the information content in the signal itself.","Time resolution in radar systems is indeed related to bandwidth, not just the sampling rate. While the sampling rate determines the highest frequency you can capture (Nyquist theorem), the bandwidth of the transmitted signal determines the shortest pulse you can resolve in time. Pulse compression techniques allow radar systems to use long pulses (narrow bandwidth) for good range resolution, but the ultimate time resolution is still constrained by the signal bandwidth. This is because the Fourier relationship between time and frequency domains means that a wider bandwidth signal can represent faster changes in time. So, when someone says a radar doesn't have enough bandwidth for a specific time resolution, they mean the signal's bandwidth is too narrow to resolve pulses shorter than the desired time resolution. It's not just about the sampling rate; it's about the information content in the signal itself.","Time resolution in radar systems is indeed related to bandwidth, not just the sampling rate. While the sampling rate determines the highest frequency you can capture (Nyquist theorem), the bandwidth of the transmitted signal determines the shortest pulse you can resolve in time. Pulse compression techniques allow radar systems to use long pulses (narrow bandwidth) for good range resolution, but the ultimate time resolution is still constrained by the signal bandwidth. This is because the Fourier relationship between time and frequency domains means that a wider bandwidth signal can represent faster changes in time. So, when someone says a radar doesn't have enough bandwidth for a specific time resolution, they mean the signal's bandwidth is too narrow to resolve pulses shorter than the desired time resolution. It's not just about the sampling rate; it's about the information content in the signal itself.",time resolution in radar systems is indeed related to bandwidth not just the sampling rate while the sampling rate determines the highest frequency you can capture nyquist theorem the bandwidth of the transmitted signal determines the shortest pulse you can resolve in time pulse compression techniques allow radar systems to use long pulses narrow bandwidth for good range resolution but the ultimate time resolution is still constrained by the signal bandwidth this is because the fourier relationship between time and frequency domains means that a wider bandwidth signal can represent faster changes in time so when someone says a radar doesn't have enough bandwidth for a specific time resolution they mean the signal's bandwidth is too narrow to resolve pulses shorter than the desired time resolution it's not just about the sampling rate it's about the information content in the signal itself
technical_0354__mistral-small-3.2-24b,technical_0354,technical,Can anyone state the difference between frequency response and impulse response in simple English?,"Frequency response and impulse response are both ways to describe how a system responds to input signals, but they focus on different aspects.

Frequency response shows how a system behaves across different frequencies. It's like a graph that tells you how much a system amplifies or attenuates each frequency, and how much it shifts the phase of each frequency. It's useful for understanding how a system processes steady, continuous signals.

Impulse response, on the other hand, shows how a system responds to a very brief input signal, like a spike or a pulse. It's like a snapshot of the system's reaction to an instantaneous change. The impulse response contains all the information about the system, and you can use it to calculate the frequency response. It's particularly useful for understanding how a system processes transient, or short-lived, signals.

In simple terms, frequency response is about how a system handles different tones, while impulse response is about how it handles sudden changes.","Frequency response and impulse response are both ways to describe how a system responds to input signals, but they focus on different aspects.

Frequency response shows how a system behaves across different frequencies. It's like a graph that tells you how much a system amplifies or attenuates each frequency, and how much it shifts the phase of each frequency. It's useful for understanding how a system processes steady, continuous signals.

Impulse response, on the other hand, shows how a system responds to a very brief input signal, like a spike or a pulse. It's like a snapshot of the system's reaction to an instantaneous change. The impulse response contains all the information about the system, and you can use it to calculate the frequency response. It's particularly useful for understanding how a system processes transient, or short-lived, signals.

In simple terms, frequency response is about how a system handles different tones, while impulse response is about how it handles sudden changes.",mistral-small-3.2-24b,mistral,False,161,1011,test,mistral-small-3.2-24b-q4_k_m,final-2026-09-20,You are answering questions the way a knowledgeable person would in an online discussion. Write in plain prose. Do not restate the question or add a preamble. Begin with the answer itself.,110,170,8192,none,,end_turn,ollama-local-mistral-small-3.2-24b,2026-09-28 06:29:19.745759+00:00,24.0,mistral-small3.2:24b,q4_k_m,16384,8192,None,"{""temperature"": ""0.15""}","Frequency response and impulse response are both ways to describe how a system responds to input signals, but they focus on different aspects.

Frequency response shows how a system behaves across different frequencies. It's like a graph that tells you how much a system amplifies or attenuates each frequency, and how much it shifts the phase of each frequency. It's useful for understanding how a system processes steady, continuous signals.

Impulse response, on the other hand, shows how a system responds to a very brief input signal, like a spike or a pulse. It's like a snapshot of the system's reaction to an instantaneous change. The impulse response contains all the information about the system, and you can use it to calculate the frequency response. It's particularly useful for understanding how a system processes transient, or short-lived, signals.

In simple terms, frequency response is about how a system handles different tones, while impulse response is about how it handles sudden changes.","Frequency response and impulse response are both ways to describe how a system responds to input signals, but they focus on different aspects. Frequency response shows how a system behaves across different frequencies. It's like a graph that tells you how much a system amplifies or attenuates each frequency, and how much it shifts the phase of each frequency. It's useful for understanding how a system processes steady, continuous signals. Impulse response, on the other hand, shows how a system responds to a very brief input signal, like a spike or a pulse. It's like a snapshot of the system's reaction to an instantaneous change. The impulse response contains all the information about the system, and you can use it to calculate the frequency response. It's particularly useful for understanding how a system processes transient, or short-lived, signals. In simple terms, frequency response is about how a system handles different tones, while impulse response is about how it handles sudden changes.","Frequency response and impulse response are both ways to describe how a system responds to input signals, but they focus on different aspects. Frequency response shows how a system behaves across different frequencies. It's like a graph that tells you how much a system amplifies or attenuates each frequency, and how much it shifts the phase of each frequency. It's useful for understanding how a system processes steady, continuous signals. Impulse response, on the other hand, shows how a system responds to a very brief input signal, like a spike or a pulse. It's like a snapshot of the system's reaction to an instantaneous change. The impulse response contains all the information about the system, and you can use it to calculate the frequency response. It's particularly useful for understanding how a system processes transient, or short-lived, signals. In simple terms, frequency response is about how a system handles different tones, while impulse response is about how it handles sudden changes.",frequency response and impulse response are both ways to describe how a system responds to input signals but they focus on different aspects frequency response shows how a system behaves across different frequencies it's like a graph that tells you how much a system amplifies or attenuates each frequency and how much it shifts the phase of each frequency it's useful for understanding how a system processes steady continuous signals impulse response on the other hand shows how a system responds to a very brief input signal like a spike or a pulse it's like a snapshot of the system's reaction to an instantaneous change the impulse response contains all the information about the system and you can use it to calculate the frequency response it's particularly useful for understanding how a system processes transient or short lived signals in simple terms frequency response is about how a system handles different tones while impulse response is about how it handles sudden changes
technical_0358__mistral-small-3.2-24b,technical_0358,technical,"I need help understanding how/what does it mean to ""turn"" a transformation parameters into a vote. I know how to recover the transformation parameters (in my case: 6 DOF), but how this turns into a vote in 6D (??) space ?

Thank You !","In the context of transformation parameters, ""turning"" them into a vote typically refers to a process used in voting-based methods for pose estimation or registration, such as the Random Sample Consensus (RANSAC) algorithm.

The transformation parameters (6 degrees of freedom: 3 for rotation and 3 for translation) define a transformation in the 6D space of rigid body transformations. To ""vote"" for a transformation, you first need to represent the transformation parameters in a suitable form, such as a rotation matrix and a translation vector.

In the voting process, each inlier data point (a point that fits the transformation model well) casts a vote for the transformation that aligns it with its corresponding point in the other set. The number of votes a transformation receives indicates its support from the data. The transformation with the most votes is considered the best estimate of the true transformation.

In 6D space, this voting process can be visualized as accumulating votes in a histogram or other voting space, where each bin corresponds to a specific transformation. The bin with the highest count represents the most voted transformation.","In the context of transformation parameters, ""turning"" them into a vote typically refers to a process used in voting-based methods for pose estimation or registration, such as the Random Sample Consensus (RANSAC) algorithm.

The transformation parameters (6 degrees of freedom: 3 for rotation and 3 for translation) define a transformation in the 6D space of rigid body transformations. To ""vote"" for a transformation, you first need to represent the transformation parameters in a suitable form, such as a rotation matrix and a translation vector.

In the voting process, each inlier data point (a point that fits the transformation model well) casts a vote for the transformation that aligns it with its corresponding point in the other set. The number of votes a transformation receives indicates its support from the data. The transformation with the most votes is considered the best estimate of the true transformation.

In 6D space, this voting process can be visualized as accumulating votes in a histogram or other voting space, where each bin corresponds to a specific transformation. The bin with the highest count represents the most voted transformation.",mistral-small-3.2-24b,mistral,False,183,1167,test,mistral-small-3.2-24b-q4_k_m,final-2026-09-20,You are answering questions the way a knowledgeable person would in an online discussion. Write in plain prose. Do not restate the question or add a preamble. Begin with the answer itself.,110,170,8192,none,,end_turn,ollama-local-mistral-small-3.2-24b,2026-09-28 06:29:25.798057+00:00,24.0,mistral-small3.2:24b,q4_k_m,16384,8192,None,"{""temperature"": ""0.15""}","In the context of transformation parameters, ""turning"" them into a vote typically refers to a process used in voting-based methods for pose estimation or registration, such as the Random Sample Consensus (RANSAC) algorithm.

The transformation parameters (6 degrees of freedom: 3 for rotation and 3 for translation) define a transformation in the 6D space of rigid body transformations. To ""vote"" for a transformation, you first need to represent the transformation parameters in a suitable form, such as a rotation matrix and a translation vector.

In the voting process, each inlier data point (a point that fits the transformation model well) casts a vote for the transformation that aligns it with its corresponding point in the other set. The number of votes a transformation receives indicates its support from the data. The transformation with the most votes is considered the best estimate of the true transformation.

In 6D space, this voting process can be visualized as accumulating votes in a histogram or other voting space, where each bin corresponds to a specific transformation. The bin with the highest count represents the most voted transformation.","In the context of transformation parameters, ""turning"" them into a vote typically refers to a process used in voting-based methods for pose estimation or registration, such as the Random Sample Consensus (RANSAC) algorithm. The transformation parameters (6 degrees of freedom: 3 for rotation and 3 for translation) define a transformation in the 6D space of rigid body transformations. To ""vote"" for a transformation, you first need to represent the transformation parameters in a suitable form, such as a rotation matrix and a translation vector. In the voting process, each inlier data point (a point that fits the transformation model well) casts a vote for the transformation that aligns it with its corresponding point in the other set. The number of votes a transformation receives indicates its support from the data. The transformation with the most votes is considered the best estimate of the true transformation. In 6D space, this voting process can be visualized as accumulating votes in a histogram or other voting space, where each bin corresponds to a specific transformation. The bin with the highest count represents the most voted transformation.","In the context of transformation parameters, ""turning"" them into a vote typically refers to a process used in voting-based methods for pose estimation or registration, such as the Random Sample Consensus (RANSAC) algorithm. The transformation parameters (6 degrees of freedom: 3 for rotation and 3 for translation) define a transformation in the 6D space of rigid body transformations. To ""vote"" for a transformation, you first need to represent the transformation parameters in a suitable form, such as a rotation matrix and a translation vector. In the voting process, each inlier data point (a point that fits the transformation model well) casts a vote for the transformation that aligns it with its corresponding point in the other set. The number of votes a transformation receives indicates its support from the data. The transformation with the most votes is considered the best estimate of the true transformation. In 6D space, this voting process can be visualized as accumulating votes in a histogram or other voting space, where each bin corresponds to a specific transformation. The bin with the highest count represents the most voted transformation.",in the context of transformation parameters turning them into a vote typically refers to a process used in voting based methods for pose estimation or registration such as the random sample consensus ransac algorithm the transformation parameters 6 degrees of freedom 3 for rotation and 3 for translation define a transformation in the 6d space of rigid body transformations to vote for a transformation you first need to represent the transformation parameters in a suitable form such as a rotation matrix and a translation vector in the voting process each inlier data point a point that fits the transformation model well casts a vote for the transformation that aligns it with its corresponding point in the other set the number of votes a transformation receives indicates its support from the data the transformation with the most votes is considered the best estimate of the true transformation in 6d space this voting process can be visualized as accumulating votes in a histogram or other voting space where each bin corresponds to a specific transformation the bin with the highest count represents the most voted transformation
technical_0359__mistral-small-3.2-24b,technical_0359,technical,"I performed 512 point FFT on a signal. I got another set of 512 Numbers. I understand that those numbers represent amplitude of the various sine and cosine waves having different frequencies.

If my understanding is correct can somebody tell me how to know the frequencies of those sine and cosine waves from the knowledge of those 512-numbers (i.e amplitudes) ?","To determine the frequencies corresponding to the 512 numbers (amplitudes) obtained from a 512-point FFT, you need to know the sampling rate (Fs) of your original signal. The FFT provides amplitudes at discrete frequency bins, which are evenly spaced in frequency. The frequency resolution (Δf) is given by Δf = Fs / N, where N is the number of points in the FFT (512 in your case).

The frequencies corresponding to each bin are then calculated as f = k * Δf, where k is the bin number ranging from 0 to N/2. The first bin (k=0) corresponds to DC (0 Hz), and the last bin (k=N/2) corresponds to the Nyquist frequency (Fs/2).

For example, if your sampling rate is 1024 Hz, the frequency resolution is 1024/512 = 2 Hz. The frequencies would then range from 0 Hz (DC) to 510 Hz in steps of 2 Hz. The amplitude at each frequency bin indicates the strength of the corresponding sine or cosine wave in your original signal.","To determine the frequencies corresponding to the 512 numbers (amplitudes) obtained from a 512-point FFT, you need to know the sampling rate (Fs) of your original signal. The FFT provides amplitudes at discrete frequency bins, which are evenly spaced in frequency. The frequency resolution (Δf) is given by Δf = Fs / N, where N is the number of points in the FFT (512 in your case).

The frequencies corresponding to each bin are then calculated as f = k * Δf, where k is the bin number ranging from 0 to N/2. The first bin (k=0) corresponds to DC (0 Hz), and the last bin (k=N/2) corresponds to the Nyquist frequency (Fs/2).

For example, if your sampling rate is 1024 Hz, the frequency resolution is 1024/512 = 2 Hz. The frequencies would then range from 0 Hz (DC) to 510 Hz in steps of 2 Hz. The amplitude at each frequency bin indicates the strength of the corresponding sine or cosine wave in your original signal.",mistral-small-3.2-24b,mistral,False,167,919,test,mistral-small-3.2-24b-q4_k_m,final-2026-09-20,You are answering questions the way a knowledgeable person would in an online discussion. Write in plain prose. Do not restate the question or add a preamble. Begin with the answer itself.,110,170,8192,none,,end_turn,ollama-local-mistral-small-3.2-24b,2026-09-28 06:29:32.375313+00:00,24.0,mistral-small3.2:24b,q4_k_m,16384,8192,None,"{""temperature"": ""0.15""}","To determine the frequencies corresponding to the 512 numbers (amplitudes) obtained from a 512-point FFT, you need to know the sampling rate (Fs) of your original signal. The FFT provides amplitudes at discrete frequency bins, which are evenly spaced in frequency. The frequency resolution (Δf) is given by Δf = Fs / N, where N is the number of points in the FFT (512 in your case).

The frequencies corresponding to each bin are then calculated as f = k * Δf, where k is the bin number ranging from 0 to N/2. The first bin (k=0) corresponds to DC (0 Hz), and the last bin (k=N/2) corresponds to the Nyquist frequency (Fs/2).

For example, if your sampling rate is 1024 Hz, the frequency resolution is 1024/512 = 2 Hz. The frequencies would then range from 0 Hz (DC) to 510 Hz in steps of 2 Hz. The amplitude at each frequency bin indicates the strength of the corresponding sine or cosine wave in your original signal.","To determine the frequencies corresponding to the 512 numbers (amplitudes) obtained from a 512-point FFT, you need to know the sampling rate (Fs) of your original signal. The FFT provides amplitudes at discrete frequency bins, which are evenly spaced in frequency. The frequency resolution (Δf) is given by Δf = Fs / N, where N is the number of points in the FFT (512 in your case). The frequencies corresponding to each bin are then calculated as f = k * Δf, where k is the bin number ranging from 0 to N/2. The first bin (k=0) corresponds to DC (0 Hz), and the last bin (k=N/2) corresponds to the Nyquist frequency (Fs/2). For example, if your sampling rate is 1024 Hz, the frequency resolution is 1024/512 = 2 Hz. The frequencies would then range from 0 Hz (DC) to 510 Hz in steps of 2 Hz. The amplitude at each frequency bin indicates the strength of the corresponding sine or cosine wave in your original signal.","To determine the frequencies corresponding to the 512 numbers (amplitudes) obtained from a 512-point FFT, you need to know the sampling rate (Fs) of your original signal. The FFT provides amplitudes at discrete frequency bins, which are evenly spaced in frequency. The frequency resolution (Δf) is given by Δf = Fs / N, where N is the number of points in the FFT (512 in your case). The frequencies corresponding to each bin are then calculated as f = k * Δf, where k is the bin number ranging from 0 to N/2. The first bin (k=0) corresponds to DC (0 Hz), and the last bin (k=N/2) corresponds to the Nyquist frequency (Fs/2). For example, if your sampling rate is 1024 Hz, the frequency resolution is 1024/512 = 2 Hz. The frequencies would then range from 0 Hz (DC) to 510 Hz in steps of 2 Hz. The amplitude at each frequency bin indicates the strength of the corresponding sine or cosine wave in your original signal.",to determine the frequencies corresponding to the 512 numbers amplitudes obtained from a 512 point fft you need to know the sampling rate fs of your original signal the fft provides amplitudes at discrete frequency bins which are evenly spaced in frequency the frequency resolution δf is given by δf fs n where n is the number of points in the fft 512 in your case the frequencies corresponding to each bin are then calculated as f k δf where k is the bin number ranging from 0 to n 2 the first bin k 0 corresponds to dc 0 hz and the last bin k n 2 corresponds to the nyquist frequency fs 2 for example if your sampling rate is 1024 hz the frequency resolution is 1024 512 2 hz the frequencies would then range from 0 hz dc to 510 hz in steps of 2 hz the amplitude at each frequency bin indicates the strength of the corresponding sine or cosine wave in your original signal
technical_0361__mistral-small-3.2-24b,technical_0361,technical,"I have convolved a random signal with a a Gaussian and added noise (Poisson noise in this case) to generate a noisy signal. Now I would like to deconvolve this noisy signal to extract the original signal using the same Gaussian.

The problem is that I need a code which does the job of deconvolution in 1D. (I have already found some in 2D but my main aim is 1D).

Can you please suggest me some packages or programs that are able to do so? (Preferably in MATLAB)

Thanks in advance for the help.","For 1D deconvolution in MATLAB, consider the following options:

1. **Richardson-Lucy Algorithm**: This iterative method is suitable for Poisson noise. MATLAB's Image Processing Toolbox includes a `deconvlucy` function, which can be adapted for 1D signals by reshaping your data.

2. **Regularized Inversion**: Use `deconvreg` from the Curve Fitting Toolbox. It's designed for 1D signals and handles noise well. You can specify the type of regularization (e.g., `L2` for Gaussian noise, `L1` for sparse signals).

3. **Wiener Deconvolution**: Implement the Wiener filter using `wiener2` (again, reshape your data) or create a custom 1D version. This method works well for Gaussian noise.

4. **Fast Non-negative Least Squares (NNLS)**: For non-negative signals, use `lsqnonneg` from the Optimization Toolbox. It's not a deconvolution method per se, but it can solve the linear system resulting from convolution.

For Poisson noise, the Richardson-Lucy algorithm is often the best choice due to its iterative nature and ability to handle Poisson statistics.","For 1D deconvolution in MATLAB, consider the following options:

Richardson-Lucy Algorithm: This iterative method is suitable for Poisson noise. MATLAB's Image Processing Toolbox includes a deconvlucy function, which can be adapted for 1D signals by reshaping your data.

Regularized Inversion: Use deconvreg from the Curve Fitting Toolbox. It's designed for 1D signals and handles noise well. You can specify the type of regularization (e.g., L2 for Gaussian noise, L1 for sparse signals).

Wiener Deconvolution: Implement the Wiener filter using wiener2 (again, reshape your data) or create a custom 1D version. This method works well for Gaussian noise.

Fast Non-negative Least Squares (NNLS): For non-negative signals, use lsqnonneg from the Optimization Toolbox. It's not a deconvolution method per se, but it can solve the linear system resulting from convolution.

For Poisson noise, the Richardson-Lucy algorithm is often the best choice due to its iterative nature and ability to handle Poisson statistics.",mistral-small-3.2-24b,mistral,False,154,1056,test,mistral-small-3.2-24b-q4_k_m,final-2026-09-20,You are answering questions the way a knowledgeable person would in an online discussion. Write in plain prose. Do not restate the question or add a preamble. Begin with the answer itself.,110,170,8192,none,,end_turn,ollama-local-mistral-small-3.2-24b,2026-09-28 06:29:39.361153+00:00,24.0,mistral-small3.2:24b,q4_k_m,16384,8192,None,"{""temperature"": ""0.15""}","For 1D deconvolution in MATLAB, consider the following options:

Richardson-Lucy Algorithm: This iterative method is suitable for Poisson noise. MATLAB's Image Processing Toolbox includes a deconvlucy function, which can be adapted for 1D signals by reshaping your data.

Regularized Inversion: Use deconvreg from the Curve Fitting Toolbox. It's designed for 1D signals and handles noise well. You can specify the type of regularization (e.g., L2 for Gaussian noise, L1 for sparse signals).

Wiener Deconvolution: Implement the Wiener filter using wiener2 (again, reshape your data) or create a custom 1D version. This method works well for Gaussian noise.

Fast Non-negative Least Squares (NNLS): For non-negative signals, use lsqnonneg from the Optimization Toolbox. It's not a deconvolution method per se, but it can solve the linear system resulting from convolution.

For Poisson noise, the Richardson-Lucy algorithm is often the best choice due to its iterative nature and ability to handle Poisson statistics.","For 1D deconvolution in MATLAB, consider the following options: Richardson-Lucy Algorithm: This iterative method is suitable for Poisson noise. MATLAB's Image Processing Toolbox includes a deconvlucy function, which can be adapted for 1D signals by reshaping your data. Regularized Inversion: Use deconvreg from the Curve Fitting Toolbox. It's designed for 1D signals and handles noise well. You can specify the type of regularization (e.g., L2 for Gaussian noise, L1 for sparse signals). Wiener Deconvolution: Implement the Wiener filter using wiener2 (again, reshape your data) or create a custom 1D version. This method works well for Gaussian noise. Fast Non-negative Least Squares (NNLS): For non-negative signals, use lsqnonneg from the Optimization Toolbox. It's not a deconvolution method per se, but it can solve the linear system resulting from convolution. For Poisson noise, the Richardson-Lucy algorithm is often the best choice due to its iterative nature and ability to handle Poisson statistics.","For 1D deconvolution in MATLAB, consider the following options: Richardson-Lucy Algorithm: This iterative method is suitable for Poisson noise. MATLAB's Image Processing Toolbox includes a deconvlucy function, which can be adapted for 1D signals by reshaping your data. Regularized Inversion: Use deconvreg from the Curve Fitting Toolbox. It's designed for 1D signals and handles noise well. You can specify the type of regularization (e.g., L2 for Gaussian noise, L1 for sparse signals). Wiener Deconvolution: Implement the Wiener filter using wiener2 (again, reshape your data) or create a custom 1D version. This method works well for Gaussian noise. Fast Non-negative Least Squares (NNLS): For non-negative signals, use lsqnonneg from the Optimization Toolbox. It's not a deconvolution method per se, but it can solve the linear system resulting from convolution. For Poisson noise, the Richardson-Lucy algorithm is often the best choice due to its iterative nature and ability to handle Poisson statistics.",for 1d deconvolution in matlab consider the following options richardson lucy algorithm this iterative method is suitable for poisson noise matlab's image processing toolbox includes a deconvlucy function which can be adapted for 1d signals by reshaping your data regularized inversion use deconvreg from the curve fitting toolbox it's designed for 1d signals and handles noise well you can specify the type of regularization e g l2 for gaussian noise l1 for sparse signals wiener deconvolution implement the wiener filter using wiener2 again reshape your data or create a custom 1d version this method works well for gaussian noise fast non negative least squares nnls for non negative signals use lsqnonneg from the optimization toolbox it's not a deconvolution method per se but it can solve the linear system resulting from convolution for poisson noise the richardson lucy algorithm is often the best choice due to its iterative nature and ability to handle poisson statistics
technical_0370__mistral-small-3.2-24b,technical_0370,technical,"I know the basic working principle of sinusoidal oscillators. But I have a doubt on this matter when I came across Gram-Schmidt orthogonalization procedure. I have read that the source for sinusoid signal output from an oscillator is the noise. Due to controlled positive feedback a single frequency component is selected and amplified, right? If the noise is a white noise, we say it has all frequency components. We think in terms of all possible sinusoids with different frequencies. When coming to frequency response too, we think in terms of sinusoids. Why can't we think in terms of other orthogonal basis set? Although it makes life difficult, I would like to know the justification for thinking in terms of sinusoids. Is sinusoids the nature's default signals?","Sinusoids are not nature's default signals, but they are a convenient and efficient way to represent and analyze signals due to their mathematical properties. The justification for thinking in terms of sinusoids lies in the following points:

1. **Orthogonality**: Sinusoids of different frequencies are orthogonal, meaning they are independent of each other. This property makes them an excellent choice for signal decomposition and reconstruction.

2. **Linearity**: Sinusoids are eigenfunctions of linear time-invariant (LTI) systems. This means that when a sinusoid is input to an LTI system, the output is a sinusoid of the same frequency, but with a different amplitude and phase. This property simplifies the analysis of LTI systems.

3. **Fourier Transform**: The Fourier Transform, a fundamental tool in signal processing, represents any signal as a sum of complex sinusoids. This is possible due to the completeness of the sinusoidal basis.

4. **Practicality**: Many natural and man-made signals are either sinusoidal or can be well-approximated by a sum of sinusoids. This makes sinusoids a practical choice for signal representation.

While other orthogonal basis sets exist (like wavelets or Hermite functions), sinusoids are often the most convenient and efficient choice for many applications.","Sinusoids are not nature's default signals, but they are a convenient and efficient way to represent and analyze signals due to their mathematical properties. The justification for thinking in terms of sinusoids lies in the following points:

Orthogonality: Sinusoids of different frequencies are orthogonal, meaning they are independent of each other. This property makes them an excellent choice for signal decomposition and reconstruction.

Linearity: Sinusoids are eigenfunctions of linear time-invariant (LTI) systems. This means that when a sinusoid is input to an LTI system, the output is a sinusoid of the same frequency, but with a different amplitude and phase. This property simplifies the analysis of LTI systems.

Fourier Transform: The Fourier Transform, a fundamental tool in signal processing, represents any signal as a sum of complex sinusoids. This is possible due to the completeness of the sinusoidal basis.

Practicality: Many natural and man-made signals are either sinusoidal or can be well-approximated by a sum of sinusoids. This makes sinusoids a practical choice for signal representation.

While other orthogonal basis sets exist (like wavelets or Hermite functions), sinusoids are often the most convenient and efficient choice for many applications.",mistral-small-3.2-24b,mistral,False,193,1309,test,mistral-small-3.2-24b-q4_k_m,final-2026-09-20,You are answering questions the way a knowledgeable person would in an online discussion. Write in plain prose. Do not restate the question or add a preamble. Begin with the answer itself.,110,170,8192,none,,end_turn,ollama-local-mistral-small-3.2-24b,2026-09-28 06:29:46.679098+00:00,24.0,mistral-small3.2:24b,q4_k_m,16384,8192,None,"{""temperature"": ""0.15""}","Sinusoids are not nature's default signals, but they are a convenient and efficient way to represent and analyze signals due to their mathematical properties. The justification for thinking in terms of sinusoids lies in the following points:

Orthogonality: Sinusoids of different frequencies are orthogonal, meaning they are independent of each other. This property makes them an excellent choice for signal decomposition and reconstruction.

Linearity: Sinusoids are eigenfunctions of linear time-invariant (LTI) systems. This means that when a sinusoid is input to an LTI system, the output is a sinusoid of the same frequency, but with a different amplitude and phase. This property simplifies the analysis of LTI systems.

Fourier Transform: The Fourier Transform, a fundamental tool in signal processing, represents any signal as a sum of complex sinusoids. This is possible due to the completeness of the sinusoidal basis.

Practicality: Many natural and man-made signals are either sinusoidal or can be well-approximated by a sum of sinusoids. This makes sinusoids a practical choice for signal representation.

While other orthogonal basis sets exist (like wavelets or Hermite functions), sinusoids are often the most convenient and efficient choice for many applications.","Sinusoids are not nature's default signals, but they are a convenient and efficient way to represent and analyze signals due to their mathematical properties. The justification for thinking in terms of sinusoids lies in the following points: Orthogonality: Sinusoids of different frequencies are orthogonal, meaning they are independent of each other. This property makes them an excellent choice for signal decomposition and reconstruction. Linearity: Sinusoids are eigenfunctions of linear time-invariant (LTI) systems. This means that when a sinusoid is input to an LTI system, the output is a sinusoid of the same frequency, but with a different amplitude and phase. This property simplifies the analysis of LTI systems. Fourier Transform: The Fourier Transform, a fundamental tool in signal processing, represents any signal as a sum of complex sinusoids. This is possible due to the completeness of the sinusoidal basis. Practicality: Many natural and man-made signals are either sinusoidal or can be well-approximated by a sum of sinusoids. This makes sinusoids a practical choice for signal representation. While other orthogonal basis sets exist (like wavelets or Hermite functions), sinusoids are often the most convenient and efficient choice for many applications.","Sinusoids are not nature's default signals, but they are a convenient and efficient way to represent and analyze signals due to their mathematical properties. The justification for thinking in terms of sinusoids lies in the following points: Orthogonality: Sinusoids of different frequencies are orthogonal, meaning they are independent of each other. This property makes them an excellent choice for signal decomposition and reconstruction. Linearity: Sinusoids are eigenfunctions of linear time-invariant (LTI) systems. This means that when a sinusoid is input to an LTI system, the output is a sinusoid of the same frequency, but with a different amplitude and phase. This property simplifies the analysis of LTI systems. Fourier Transform: The Fourier Transform, a fundamental tool in signal processing, represents any signal as a sum of complex sinusoids. This is possible due to the completeness of the sinusoidal basis. Practicality: Many natural and man-made signals are either sinusoidal or can be well-approximated by a sum of sinusoids. This makes sinusoids a practical choice for signal representation. While other orthogonal basis sets exist (like wavelets or Hermite functions), sinusoids are often the most convenient and efficient choice for many applications.",sinusoids are not nature's default signals but they are a convenient and efficient way to represent and analyze signals due to their mathematical properties the justification for thinking in terms of sinusoids lies in the following points orthogonality sinusoids of different frequencies are orthogonal meaning they are independent of each other this property makes them an excellent choice for signal decomposition and reconstruction linearity sinusoids are eigenfunctions of linear time invariant lti systems this means that when a sinusoid is input to an lti system the output is a sinusoid of the same frequency but with a different amplitude and phase this property simplifies the analysis of lti systems fourier transform the fourier transform a fundamental tool in signal processing represents any signal as a sum of complex sinusoids this is possible due to the completeness of the sinusoidal basis practicality many natural and man made signals are either sinusoidal or can be well approximated by a sum of sinusoids this makes sinusoids a practical choice for signal representation while other orthogonal basis sets exist like wavelets or hermite functions sinusoids are often the most convenient and efficient choice for many applications
technical_0371__mistral-small-3.2-24b,technical_0371,technical,What's the correct way. Should I zero-pad a signal before or after applying a windowing function?,"Zero-padding a signal should be done after applying a windowing function. Here's why:

When you apply a windowing function, you're essentially tapering the edges of your signal to reduce spectral leakage. This is done to prepare the signal for Fourier analysis. The windowing function is applied to the original length of the signal.

Zero-padding, on the other hand, is used to increase the size of the Fourier transform matrix, which can provide a more detailed view of the signal's frequency spectrum. It's important to note that zero-padding doesn't change the inherent frequency content of the signal; it just allows for a more precise estimation of those frequencies.

If you zero-pad before windowing, you're effectively applying the window to a signal that's mostly zeros, which can distort the original signal's characteristics. Therefore, the correct order is to first apply the windowing function to your original signal, and then perform zero-padding if desired, before computing the Fourier transform.","Zero-padding a signal should be done after applying a windowing function. Here's why:

When you apply a windowing function, you're essentially tapering the edges of your signal to reduce spectral leakage. This is done to prepare the signal for Fourier analysis. The windowing function is applied to the original length of the signal.

Zero-padding, on the other hand, is used to increase the size of the Fourier transform matrix, which can provide a more detailed view of the signal's frequency spectrum. It's important to note that zero-padding doesn't change the inherent frequency content of the signal; it just allows for a more precise estimation of those frequencies.

If you zero-pad before windowing, you're effectively applying the window to a signal that's mostly zeros, which can distort the original signal's characteristics. Therefore, the correct order is to first apply the windowing function to your original signal, and then perform zero-padding if desired, before computing the Fourier transform.",mistral-small-3.2-24b,mistral,False,156,1014,test,mistral-small-3.2-24b-q4_k_m,final-2026-09-20,You are answering questions the way a knowledgeable person would in an online discussion. Write in plain prose. Do not restate the question or add a preamble. Begin with the answer itself.,110,170,8192,none,,end_turn,ollama-local-mistral-small-3.2-24b,2026-09-28 06:29:52.122563+00:00,24.0,mistral-small3.2:24b,q4_k_m,16384,8192,None,"{""temperature"": ""0.15""}","Zero-padding a signal should be done after applying a windowing function. Here's why:

When you apply a windowing function, you're essentially tapering the edges of your signal to reduce spectral leakage. This is done to prepare the signal for Fourier analysis. The windowing function is applied to the original length of the signal.

Zero-padding, on the other hand, is used to increase the size of the Fourier transform matrix, which can provide a more detailed view of the signal's frequency spectrum. It's important to note that zero-padding doesn't change the inherent frequency content of the signal; it just allows for a more precise estimation of those frequencies.

If you zero-pad before windowing, you're effectively applying the window to a signal that's mostly zeros, which can distort the original signal's characteristics. Therefore, the correct order is to first apply the windowing function to your original signal, and then perform zero-padding if desired, before computing the Fourier transform.","Zero-padding a signal should be done after applying a windowing function. Here's why: When you apply a windowing function, you're essentially tapering the edges of your signal to reduce spectral leakage. This is done to prepare the signal for Fourier analysis. The windowing function is applied to the original length of the signal. Zero-padding, on the other hand, is used to increase the size of the Fourier transform matrix, which can provide a more detailed view of the signal's frequency spectrum. It's important to note that zero-padding doesn't change the inherent frequency content of the signal; it just allows for a more precise estimation of those frequencies. If you zero-pad before windowing, you're effectively applying the window to a signal that's mostly zeros, which can distort the original signal's characteristics. Therefore, the correct order is to first apply the windowing function to your original signal, and then perform zero-padding if desired, before computing the Fourier transform.","Zero-padding a signal should be done after applying a windowing function. Here's why: When you apply a windowing function, you're essentially tapering the edges of your signal to reduce spectral leakage. This is done to prepare the signal for Fourier analysis. The windowing function is applied to the original length of the signal. Zero-padding, on the other hand, is used to increase the size of the Fourier transform matrix, which can provide a more detailed view of the signal's frequency spectrum. It's important to note that zero-padding doesn't change the inherent frequency content of the signal; it just allows for a more precise estimation of those frequencies. If you zero-pad before windowing, you're effectively applying the window to a signal that's mostly zeros, which can distort the original signal's characteristics. Therefore, the correct order is to first apply the windowing function to your original signal, and then perform zero-padding if desired, before computing the Fourier transform.",zero padding a signal should be done after applying a windowing function here's why when you apply a windowing function you're essentially tapering the edges of your signal to reduce spectral leakage this is done to prepare the signal for fourier analysis the windowing function is applied to the original length of the signal zero padding on the other hand is used to increase the size of the fourier transform matrix which can provide a more detailed view of the signal's frequency spectrum it's important to note that zero padding doesn't change the inherent frequency content of the signal it just allows for a more precise estimation of those frequencies if you zero pad before windowing you're effectively applying the window to a signal that's mostly zeros which can distort the original signal's characteristics therefore the correct order is to first apply the windowing function to your original signal and then perform zero padding if desired before computing the fourier transform
technical_0372__mistral-small-3.2-24b,technical_0372,technical,"When energy is referred to as the square summable sequence, is that energy a representation of the power of the signal? How is the energy of frequency determined?

E.g. what if an audio signal has high energy on the higher frequencies and another has high energy on the lower, bass, frequencies, how is this determined?

What exactly is the power from the square summable series representing then and is it useful for audio?","Energy of a signal, represented as a square-summable sequence, is not the same as its power. Energy is the total amount of work done by the signal over time, while power is the rate at which energy is transferred or used per unit time. For a discrete-time signal, energy is calculated as the sum of the squares of its samples.

The energy of a frequency component is determined by its amplitude and duration. In the case of audio signals, high energy at higher frequencies indicates more intense high-frequency components, while high energy at lower frequencies suggests stronger bass elements. This is determined through Fourier analysis, which decomposes the signal into its constituent frequencies.

The power from the square-summable series represents the average energy per unit time. It's useful in audio for understanding signal strength, dynamic range, and for applications like noise reduction, equalization, and compression. However, for audio processing, energy is often more directly useful for tasks like feature extraction and transient detection.","Energy of a signal, represented as a square-summable sequence, is not the same as its power. Energy is the total amount of work done by the signal over time, while power is the rate at which energy is transferred or used per unit time. For a discrete-time signal, energy is calculated as the sum of the squares of its samples.

The energy of a frequency component is determined by its amplitude and duration. In the case of audio signals, high energy at higher frequencies indicates more intense high-frequency components, while high energy at lower frequencies suggests stronger bass elements. This is determined through Fourier analysis, which decomposes the signal into its constituent frequencies.

The power from the square-summable series represents the average energy per unit time. It's useful in audio for understanding signal strength, dynamic range, and for applications like noise reduction, equalization, and compression. However, for audio processing, energy is often more directly useful for tasks like feature extraction and transient detection.",mistral-small-3.2-24b,mistral,False,163,1061,test,mistral-small-3.2-24b-q4_k_m,final-2026-09-20,You are answering questions the way a knowledgeable person would in an online discussion. Write in plain prose. Do not restate the question or add a preamble. Begin with the answer itself.,110,170,8192,none,,end_turn,ollama-local-mistral-small-3.2-24b,2026-09-28 06:29:57.537294+00:00,24.0,mistral-small3.2:24b,q4_k_m,16384,8192,None,"{""temperature"": ""0.15""}","Energy of a signal, represented as a square-summable sequence, is not the same as its power. Energy is the total amount of work done by the signal over time, while power is the rate at which energy is transferred or used per unit time. For a discrete-time signal, energy is calculated as the sum of the squares of its samples.

The energy of a frequency component is determined by its amplitude and duration. In the case of audio signals, high energy at higher frequencies indicates more intense high-frequency components, while high energy at lower frequencies suggests stronger bass elements. This is determined through Fourier analysis, which decomposes the signal into its constituent frequencies.

The power from the square-summable series represents the average energy per unit time. It's useful in audio for understanding signal strength, dynamic range, and for applications like noise reduction, equalization, and compression. However, for audio processing, energy is often more directly useful for tasks like feature extraction and transient detection.","Energy of a signal, represented as a square-summable sequence, is not the same as its power. Energy is the total amount of work done by the signal over time, while power is the rate at which energy is transferred or used per unit time. For a discrete-time signal, energy is calculated as the sum of the squares of its samples. The energy of a frequency component is determined by its amplitude and duration. In the case of audio signals, high energy at higher frequencies indicates more intense high-frequency components, while high energy at lower frequencies suggests stronger bass elements. This is determined through Fourier analysis, which decomposes the signal into its constituent frequencies. The power from the square-summable series represents the average energy per unit time. It's useful in audio for understanding signal strength, dynamic range, and for applications like noise reduction, equalization, and compression. However, for audio processing, energy is often more directly useful for tasks like feature extraction and transient detection.","Energy of a signal, represented as a square-summable sequence, is not the same as its power. Energy is the total amount of work done by the signal over time, while power is the rate at which energy is transferred or used per unit time. For a discrete-time signal, energy is calculated as the sum of the squares of its samples. The energy of a frequency component is determined by its amplitude and duration. In the case of audio signals, high energy at higher frequencies indicates more intense high-frequency components, while high energy at lower frequencies suggests stronger bass elements. This is determined through Fourier analysis, which decomposes the signal into its constituent frequencies. The power from the square-summable series represents the average energy per unit time. It's useful in audio for understanding signal strength, dynamic range, and for applications like noise reduction, equalization, and compression. However, for audio processing, energy is often more directly useful for tasks like feature extraction and transient detection.",energy of a signal represented as a square summable sequence is not the same as its power energy is the total amount of work done by the signal over time while power is the rate at which energy is transferred or used per unit time for a discrete time signal energy is calculated as the sum of the squares of its samples the energy of a frequency component is determined by its amplitude and duration in the case of audio signals high energy at higher frequencies indicates more intense high frequency components while high energy at lower frequencies suggests stronger bass elements this is determined through fourier analysis which decomposes the signal into its constituent frequencies the power from the square summable series represents the average energy per unit time it's useful in audio for understanding signal strength dynamic range and for applications like noise reduction equalization and compression however for audio processing energy is often more directly useful for tasks like feature extraction and transient detection
technical_0379__mistral-small-3.2-24b,technical_0379,technical,"What's the difference between these? Both are measurements of some form of signal power, but surely there's some difference between the power they are measuring?","Decibels (dB) and decibels milliwatts (dBm) are both units of measurement used to express signal power, but they differ in their reference points.

Decibels are a relative unit, meaning they express the ratio of a signal's power to a reference power. The formula is dB = 10 * log10(P1/P2), where P1 is the measured power and P2 is the reference power. Without a fixed reference, dB values can be meaningless unless the reference is specified.

Decibels milliwatts, on the other hand, are an absolute unit. dBm uses 1 milliwatt (mW) as its reference power. So, when a signal's power is expressed in dBm, it's being compared to a 1 mW reference. This makes dBm a more concrete measurement, as it provides a clear indication of the signal's actual power level. For instance, 0 dBm equals 1 mW, 3 dBm equals 2 mW, and -3 dBm equals 0.5 mW. This absolute nature makes dBm particularly useful in telecommunications and other fields where precise power measurements are crucial.","Decibels (dB) and decibels milliwatts (dBm) are both units of measurement used to express signal power, but they differ in their reference points.

Decibels are a relative unit, meaning they express the ratio of a signal's power to a reference power. The formula is dB = 10 * log10(P1/P2), where P1 is the measured power and P2 is the reference power. Without a fixed reference, dB values can be meaningless unless the reference is specified.

Decibels milliwatts, on the other hand, are an absolute unit. dBm uses 1 milliwatt (mW) as its reference power. So, when a signal's power is expressed in dBm, it's being compared to a 1 mW reference. This makes dBm a more concrete measurement, as it provides a clear indication of the signal's actual power level. For instance, 0 dBm equals 1 mW, 3 dBm equals 2 mW, and -3 dBm equals 0.5 mW. This absolute nature makes dBm particularly useful in telecommunications and other fields where precise power measurements are crucial.",mistral-small-3.2-24b,mistral,False,166,971,test,mistral-small-3.2-24b-q4_k_m,final-2026-09-20,You are answering questions the way a knowledgeable person would in an online discussion. Write in plain prose. Do not restate the question or add a preamble. Begin with the answer itself.,110,170,8192,none,,end_turn,ollama-local-mistral-small-3.2-24b,2026-09-28 06:30:04.272804+00:00,24.0,mistral-small3.2:24b,q4_k_m,16384,8192,None,"{""temperature"": ""0.15""}","Decibels (dB) and decibels milliwatts (dBm) are both units of measurement used to express signal power, but they differ in their reference points.

Decibels are a relative unit, meaning they express the ratio of a signal's power to a reference power. The formula is dB = 10 * log10(P1/P2), where P1 is the measured power and P2 is the reference power. Without a fixed reference, dB values can be meaningless unless the reference is specified.

Decibels milliwatts, on the other hand, are an absolute unit. dBm uses 1 milliwatt (mW) as its reference power. So, when a signal's power is expressed in dBm, it's being compared to a 1 mW reference. This makes dBm a more concrete measurement, as it provides a clear indication of the signal's actual power level. For instance, 0 dBm equals 1 mW, 3 dBm equals 2 mW, and -3 dBm equals 0.5 mW. This absolute nature makes dBm particularly useful in telecommunications and other fields where precise power measurements are crucial.","Decibels (dB) and decibels milliwatts (dBm) are both units of measurement used to express signal power, but they differ in their reference points. Decibels are a relative unit, meaning they express the ratio of a signal's power to a reference power. The formula is dB = 10 * log10(P1/P2), where P1 is the measured power and P2 is the reference power. Without a fixed reference, dB values can be meaningless unless the reference is specified. Decibels milliwatts, on the other hand, are an absolute unit. dBm uses 1 milliwatt (mW) as its reference power. So, when a signal's power is expressed in dBm, it's being compared to a 1 mW reference. This makes dBm a more concrete measurement, as it provides a clear indication of the signal's actual power level. For instance, 0 dBm equals 1 mW, 3 dBm equals 2 mW, and -3 dBm equals 0.5 mW. This absolute nature makes dBm particularly useful in telecommunications and other fields where precise power measurements are crucial.","Decibels (dB) and decibels milliwatts (dBm) are both units of measurement used to express signal power, but they differ in their reference points. Decibels are a relative unit, meaning they express the ratio of a signal's power to a reference power. The formula is dB = 10 * log10(P1/P2), where P1 is the measured power and P2 is the reference power. Without a fixed reference, dB values can be meaningless unless the reference is specified. Decibels milliwatts, on the other hand, are an absolute unit. dBm uses 1 milliwatt (mW) as its reference power. So, when a signal's power is expressed in dBm, it's being compared to a 1 mW reference. This makes dBm a more concrete measurement, as it provides a clear indication of the signal's actual power level. For instance, 0 dBm equals 1 mW, 3 dBm equals 2 mW, and -3 dBm equals 0.5 mW. This absolute nature makes dBm particularly useful in telecommunications and other fields where precise power measurements are crucial.",decibels db and decibels milliwatts dbm are both units of measurement used to express signal power but they differ in their reference points decibels are a relative unit meaning they express the ratio of a signal's power to a reference power the formula is db 10 log10 p1 p2 where p1 is the measured power and p2 is the reference power without a fixed reference db values can be meaningless unless the reference is specified decibels milliwatts on the other hand are an absolute unit dbm uses 1 milliwatt mw as its reference power so when a signal's power is expressed in dbm it's being compared to a 1 mw reference this makes dbm a more concrete measurement as it provides a clear indication of the signal's actual power level for instance 0 dbm equals 1 mw 3 dbm equals 2 mw and 3 dbm equals 0 5 mw this absolute nature makes dbm particularly useful in telecommunications and other fields where precise power measurements are crucial
technical_0390__mistral-small-3.2-24b,technical_0390,technical,"My understanding of Pulse Doppler Radar is the system measures Time Of Flight for the pulse.

My confusion is that during the down conversion process prior to ADC the lowpass filter causes some time delay in addition to the time of flight. In principle the delay should be known beforehand but I'm sure it's not exact and in general the delay is not completely constant even among the band of interest.

How is this delay dealt with?","The delay introduced by the low-pass filter in a Pulse Doppler Radar system is indeed a consideration, but it's typically managed through calibration and system design. The filter's delay is characterized during the system's design phase and is often compensated for in the signal processing stage. This is done by measuring the filter's group delay (the delay experienced by a signal as it passes through the filter) and applying an inverse correction factor during signal processing.

Moreover, modern radar systems often use digital signal processing (DSP) techniques that can compensate for such delays. For instance, the delay can be estimated and subtracted from the measured time of flight. Additionally, the use of stable, low-drift components in the filter design helps to minimize variations in the delay.

In practice, the delay introduced by the low-pass filter is usually much smaller than the time of flight of the radar pulse, especially for long-range targets, making its impact relatively minor. However, for high-precision applications, careful calibration and compensation are essential.","The delay introduced by the low-pass filter in a Pulse Doppler Radar system is indeed a consideration, but it's typically managed through calibration and system design. The filter's delay is characterized during the system's design phase and is often compensated for in the signal processing stage. This is done by measuring the filter's group delay (the delay experienced by a signal as it passes through the filter) and applying an inverse correction factor during signal processing.

Moreover, modern radar systems often use digital signal processing (DSP) techniques that can compensate for such delays. For instance, the delay can be estimated and subtracted from the measured time of flight. Additionally, the use of stable, low-drift components in the filter design helps to minimize variations in the delay.

In practice, the delay introduced by the low-pass filter is usually much smaller than the time of flight of the radar pulse, especially for long-range targets, making its impact relatively minor. However, for high-precision applications, careful calibration and compensation are essential.",mistral-small-3.2-24b,mistral,False,167,1106,test,mistral-small-3.2-24b-q4_k_m,final-2026-09-20,You are answering questions the way a knowledgeable person would in an online discussion. Write in plain prose. Do not restate the question or add a preamble. Begin with the answer itself.,110,170,8192,none,,end_turn,ollama-local-mistral-small-3.2-24b,2026-09-28 06:30:09.787163+00:00,24.0,mistral-small3.2:24b,q4_k_m,16384,8192,None,"{""temperature"": ""0.15""}","The delay introduced by the low-pass filter in a Pulse Doppler Radar system is indeed a consideration, but it's typically managed through calibration and system design. The filter's delay is characterized during the system's design phase and is often compensated for in the signal processing stage. This is done by measuring the filter's group delay (the delay experienced by a signal as it passes through the filter) and applying an inverse correction factor during signal processing.

Moreover, modern radar systems often use digital signal processing (DSP) techniques that can compensate for such delays. For instance, the delay can be estimated and subtracted from the measured time of flight. Additionally, the use of stable, low-drift components in the filter design helps to minimize variations in the delay.

In practice, the delay introduced by the low-pass filter is usually much smaller than the time of flight of the radar pulse, especially for long-range targets, making its impact relatively minor. However, for high-precision applications, careful calibration and compensation are essential.","The delay introduced by the low-pass filter in a Pulse Doppler Radar system is indeed a consideration, but it's typically managed through calibration and system design. The filter's delay is characterized during the system's design phase and is often compensated for in the signal processing stage. This is done by measuring the filter's group delay (the delay experienced by a signal as it passes through the filter) and applying an inverse correction factor during signal processing. Moreover, modern radar systems often use digital signal processing (DSP) techniques that can compensate for such delays. For instance, the delay can be estimated and subtracted from the measured time of flight. Additionally, the use of stable, low-drift components in the filter design helps to minimize variations in the delay. In practice, the delay introduced by the low-pass filter is usually much smaller than the time of flight of the radar pulse, especially for long-range targets, making its impact relatively minor. However, for high-precision applications, careful calibration and compensation are essential.","The delay introduced by the low-pass filter in a Pulse Doppler Radar system is indeed a consideration, but it's typically managed through calibration and system design. The filter's delay is characterized during the system's design phase and is often compensated for in the signal processing stage. This is done by measuring the filter's group delay (the delay experienced by a signal as it passes through the filter) and applying an inverse correction factor during signal processing. Moreover, modern radar systems often use digital signal processing (DSP) techniques that can compensate for such delays. For instance, the delay can be estimated and subtracted from the measured time of flight. Additionally, the use of stable, low-drift components in the filter design helps to minimize variations in the delay. In practice, the delay introduced by the low-pass filter is usually much smaller than the time of flight of the radar pulse, especially for long-range targets, making its impact relatively minor. However, for high-precision applications, careful calibration and compensation are essential.",the delay introduced by the low pass filter in a pulse doppler radar system is indeed a consideration but it's typically managed through calibration and system design the filter's delay is characterized during the system's design phase and is often compensated for in the signal processing stage this is done by measuring the filter's group delay the delay experienced by a signal as it passes through the filter and applying an inverse correction factor during signal processing moreover modern radar systems often use digital signal processing dsp techniques that can compensate for such delays for instance the delay can be estimated and subtracted from the measured time of flight additionally the use of stable low drift components in the filter design helps to minimize variations in the delay in practice the delay introduced by the low pass filter is usually much smaller than the time of flight of the radar pulse especially for long range targets making its impact relatively minor however for high precision applications careful calibration and compensation are essential
technical_0395__mistral-small-3.2-24b,technical_0395,technical,"I want to construct a reference locked sine oscillator. The multibit sine wave is calculated using DDS. The multibit reference signal is typically not sinusoidal, can have offset and substantial noise, but is expected to contain one dominant frequency.

If this dominant frequency is nearly known, a standard PLL approach will work to keep track of the dominant frequency in the reference signal.

However, I now suppose this cannot work to acquire initial reference lock if the dominant frequency is far away from the oscillator frequency. In this case, the PLL gets stuck on a locally dominant frequency.

What is the common approach to resolve this ? Calculating an DFT seems like overkill, since it produces a lot of unnecessary information. A recursive 4 sample Zoom FFT looks a bit more efficient. But maybe there is a way that directly modifies the PLL filter to capture further off frequencies ?

Please let me know if I missed crucial info.","To resolve this issue, consider using a Frequency-Locked Loop (FLL) or a combined Frequency-Locked Loop and Phase-Locked Loop (FLL-PLL) approach. An FLL is designed to acquire frequency lock quickly, even when the initial frequency difference is large. It uses a frequency detector instead of a phase detector, which provides a wider capture range.

Once the FLL has acquired initial frequency lock, you can switch to a standard PLL to maintain fine phase and frequency lock. This two-step approach ensures robust acquisition and stable tracking.

Alternatively, you can implement a PLL with a wide capture range by using a non-linear phase detector, such as a quadrature phase detector, or by employing a PLL with a high loop bandwidth. However, these methods may trade off some phase noise performance.

A DFT or Zoom FFT can indeed provide frequency information, but they are more complex and slower than an FLL. Therefore, an FLL or FLL-PLL approach is typically preferred for initial frequency acquisition in such scenarios.","To resolve this issue, consider using a Frequency-Locked Loop (FLL) or a combined Frequency-Locked Loop and Phase-Locked Loop (FLL-PLL) approach. An FLL is designed to acquire frequency lock quickly, even when the initial frequency difference is large. It uses a frequency detector instead of a phase detector, which provides a wider capture range.

Once the FLL has acquired initial frequency lock, you can switch to a standard PLL to maintain fine phase and frequency lock. This two-step approach ensures robust acquisition and stable tracking.

Alternatively, you can implement a PLL with a wide capture range by using a non-linear phase detector, such as a quadrature phase detector, or by employing a PLL with a high loop bandwidth. However, these methods may trade off some phase noise performance.

A DFT or Zoom FFT can indeed provide frequency information, but they are more complex and slower than an FLL. Therefore, an FLL or FLL-PLL approach is typically preferred for initial frequency acquisition in such scenarios.",mistral-small-3.2-24b,mistral,False,163,1029,test,mistral-small-3.2-24b-q4_k_m,final-2026-09-20,You are answering questions the way a knowledgeable person would in an online discussion. Write in plain prose. Do not restate the question or add a preamble. Begin with the answer itself.,110,170,8192,none,,end_turn,ollama-local-mistral-small-3.2-24b,2026-09-28 06:30:15.690463+00:00,24.0,mistral-small3.2:24b,q4_k_m,16384,8192,None,"{""temperature"": ""0.15""}","To resolve this issue, consider using a Frequency-Locked Loop (FLL) or a combined Frequency-Locked Loop and Phase-Locked Loop (FLL-PLL) approach. An FLL is designed to acquire frequency lock quickly, even when the initial frequency difference is large. It uses a frequency detector instead of a phase detector, which provides a wider capture range.

Once the FLL has acquired initial frequency lock, you can switch to a standard PLL to maintain fine phase and frequency lock. This two-step approach ensures robust acquisition and stable tracking.

Alternatively, you can implement a PLL with a wide capture range by using a non-linear phase detector, such as a quadrature phase detector, or by employing a PLL with a high loop bandwidth. However, these methods may trade off some phase noise performance.

A DFT or Zoom FFT can indeed provide frequency information, but they are more complex and slower than an FLL. Therefore, an FLL or FLL-PLL approach is typically preferred for initial frequency acquisition in such scenarios.","To resolve this issue, consider using a Frequency-Locked Loop (FLL) or a combined Frequency-Locked Loop and Phase-Locked Loop (FLL-PLL) approach. An FLL is designed to acquire frequency lock quickly, even when the initial frequency difference is large. It uses a frequency detector instead of a phase detector, which provides a wider capture range. Once the FLL has acquired initial frequency lock, you can switch to a standard PLL to maintain fine phase and frequency lock. This two-step approach ensures robust acquisition and stable tracking. Alternatively, you can implement a PLL with a wide capture range by using a non-linear phase detector, such as a quadrature phase detector, or by employing a PLL with a high loop bandwidth. However, these methods may trade off some phase noise performance. A DFT or Zoom FFT can indeed provide frequency information, but they are more complex and slower than an FLL. Therefore, an FLL or FLL-PLL approach is typically preferred for initial frequency acquisition in such scenarios.","To resolve this issue, consider using a Frequency-Locked Loop (FLL) or a combined Frequency-Locked Loop and Phase-Locked Loop (FLL-PLL) approach. An FLL is designed to acquire frequency lock quickly, even when the initial frequency difference is large. It uses a frequency detector instead of a phase detector, which provides a wider capture range. Once the FLL has acquired initial frequency lock, you can switch to a standard PLL to maintain fine phase and frequency lock. This two-step approach ensures robust acquisition and stable tracking. Alternatively, you can implement a PLL with a wide capture range by using a non-linear phase detector, such as a quadrature phase detector, or by employing a PLL with a high loop bandwidth. However, these methods may trade off some phase noise performance. A DFT or Zoom FFT can indeed provide frequency information, but they are more complex and slower than an FLL. Therefore, an FLL or FLL-PLL approach is typically preferred for initial frequency acquisition in such scenarios.",to resolve this issue consider using a frequency locked loop fll or a combined frequency locked loop and phase locked loop fll pll approach an fll is designed to acquire frequency lock quickly even when the initial frequency difference is large it uses a frequency detector instead of a phase detector which provides a wider capture range once the fll has acquired initial frequency lock you can switch to a standard pll to maintain fine phase and frequency lock this two step approach ensures robust acquisition and stable tracking alternatively you can implement a pll with a wide capture range by using a non linear phase detector such as a quadrature phase detector or by employing a pll with a high loop bandwidth however these methods may trade off some phase noise performance a dft or zoom fft can indeed provide frequency information but they are more complex and slower than an fll therefore an fll or fll pll approach is typically preferred for initial frequency acquisition in such scenarios
