answer_id,prompt_id,domain,question,answer_raw,answer_clean,label,vendor,is_reasoning,answer_words,answer_len,split,model_version,system_prompt_version,system_prompt,band_lo,band_hi,max_tokens,effort,temperature,stop_reason,batch_id,generated_at,params_b,ollama_tag,quantization,num_ctx,num_predict,think,model_default_params,answer_clean_nodash,answer_clean_nonl,answer_strict,answer_wordsonly
explanatory_0008__muse-glimmer-30b,explanatory_0008,explanatory,"Why doesn't solid material, when it breaks simply connect back together? What kept it together that is gone now?","Solids are held by electromagnetic bonds between atoms or molecules, not by glue that can be reapplied. Breaking creates fresh surfaces with unsatisfied bonds and high surface energy. For the pieces to reunite they must be brought into atomic registry, with contaminants removed and enough energy supplied to let bonds reform.

In practice the fracture surfaces are rough, oxidized, and plastically deformed; atoms are misaligned and debris prevents intimate contact. Even if pressed together, thermal motion at room temperature is far too small to drive re-annealing in most materials, and the energy barrier to re-form the crystal lattice is large. Without remelting, welding, or pressure-assisted diffusion the pieces stay separate.","Solids are held by electromagnetic bonds between atoms or molecules, not by glue that can be reapplied. Breaking creates fresh surfaces with unsatisfied bonds and high surface energy. For the pieces to reunite they must be brought into atomic registry, with contaminants removed and enough energy supplied to let bonds reform.

In practice the fracture surfaces are rough, oxidized, and plastically deformed; atoms are misaligned and debris prevents intimate contact. Even if pressed together, thermal motion at room temperature is far too small to drive re-annealing in most materials, and the energy barrier to re-form the crystal lattice is large. Without remelting, welding, or pressure-assisted diffusion the pieces stay separate.",muse-glimmer-30b,meta,True,110,735,test,muse-glimmer-30b-q4_k_m,final-2026-09-20,You are answering questions the way a knowledgeable person would in an online discussion. Write in plain prose. Do not restate the question or add a preamble. Begin with the answer itself.,100,140,8192,default,,end_turn,ollama-local-muse-glimmer-30b,2026-09-28 08:33:18.906861+00:00,32.3,muse-glimmer:30b-q4_K_M,q4_k_m,16384,8192,True,"{""temperature"": ""1"", ""top_k"": ""64"", ""top_p"": ""0.95""}","Solids are held by electromagnetic bonds between atoms or molecules, not by glue that can be reapplied. Breaking creates fresh surfaces with unsatisfied bonds and high surface energy. For the pieces to reunite they must be brought into atomic registry, with contaminants removed and enough energy supplied to let bonds reform.

In practice the fracture surfaces are rough, oxidized, and plastically deformed; atoms are misaligned and debris prevents intimate contact. Even if pressed together, thermal motion at room temperature is far too small to drive re-annealing in most materials, and the energy barrier to re-form the crystal lattice is large. Without remelting, welding, or pressure-assisted diffusion the pieces stay separate.","Solids are held by electromagnetic bonds between atoms or molecules, not by glue that can be reapplied. Breaking creates fresh surfaces with unsatisfied bonds and high surface energy. For the pieces to reunite they must be brought into atomic registry, with contaminants removed and enough energy supplied to let bonds reform. In practice the fracture surfaces are rough, oxidized, and plastically deformed; atoms are misaligned and debris prevents intimate contact. Even if pressed together, thermal motion at room temperature is far too small to drive re-annealing in most materials, and the energy barrier to re-form the crystal lattice is large. Without remelting, welding, or pressure-assisted diffusion the pieces stay separate.","Solids are held by electromagnetic bonds between atoms or molecules, not by glue that can be reapplied. Breaking creates fresh surfaces with unsatisfied bonds and high surface energy. For the pieces to reunite they must be brought into atomic registry, with contaminants removed and enough energy supplied to let bonds reform. In practice the fracture surfaces are rough, oxidized, and plastically deformed; atoms are misaligned and debris prevents intimate contact. Even if pressed together, thermal motion at room temperature is far too small to drive re-annealing in most materials, and the energy barrier to re-form the crystal lattice is large. Without remelting, welding, or pressure-assisted diffusion the pieces stay separate.",solids are held by electromagnetic bonds between atoms or molecules not by glue that can be reapplied breaking creates fresh surfaces with unsatisfied bonds and high surface energy for the pieces to reunite they must be brought into atomic registry with contaminants removed and enough energy supplied to let bonds reform in practice the fracture surfaces are rough oxidized and plastically deformed atoms are misaligned and debris prevents intimate contact even if pressed together thermal motion at room temperature is far too small to drive re annealing in most materials and the energy barrier to re form the crystal lattice is large without remelting welding or pressure assisted diffusion the pieces stay separate
explanatory_0009__muse-glimmer-30b,explanatory_0009,explanatory,"How is it that rich kids in can get into the best and presumably most exclusive (e.g. Ivy League) colleges, despite having average or poor grades in high school?","Legacy admissions, donor influence, and wealth-mediated advantages skew selectivity at elite colleges. Children of alumni get preferential review, and large donations can effectively reserve spots or fund buildings named after families. Rich families buy access through expensive test prep, private counselors, and extracurricular packaging that signals prestige: elite summer programs, nonprofits, athletics, and internships unavailable to most students.

They also attend feeder high schools with strong counselor relationships and institutional pipelines to Ivies. Athlete recruitment provides another route, as do underrepresented demographic hooks purchased via strategic planning.

Grades matter less when an applicant brings institutional value, perceived potential, and the implicit assurance they will graduate, donate later, and enhance alumni networks.","Legacy admissions, donor influence, and wealth-mediated advantages skew selectivity at elite colleges. Children of alumni get preferential review, and large donations can effectively reserve spots or fund buildings named after families. Rich families buy access through expensive test prep, private counselors, and extracurricular packaging that signals prestige: elite summer programs, nonprofits, athletics, and internships unavailable to most students.

They also attend feeder high schools with strong counselor relationships and institutional pipelines to Ivies. Athlete recruitment provides another route, as do underrepresented demographic hooks purchased via strategic planning.

Grades matter less when an applicant brings institutional value, perceived potential, and the implicit assurance they will graduate, donate later, and enhance alumni networks.",muse-glimmer-30b,meta,True,111,863,test,muse-glimmer-30b-q4_k_m,final-2026-09-20,You are answering questions the way a knowledgeable person would in an online discussion. Write in plain prose. Do not restate the question or add a preamble. Begin with the answer itself.,100,140,8192,default,,end_turn,ollama-local-muse-glimmer-30b,2026-09-28 08:33:50.867354+00:00,32.3,muse-glimmer:30b-q4_K_M,q4_k_m,16384,8192,True,"{""temperature"": ""1"", ""top_k"": ""64"", ""top_p"": ""0.95""}","Legacy admissions, donor influence, and wealth-mediated advantages skew selectivity at elite colleges. Children of alumni get preferential review, and large donations can effectively reserve spots or fund buildings named after families. Rich families buy access through expensive test prep, private counselors, and extracurricular packaging that signals prestige: elite summer programs, nonprofits, athletics, and internships unavailable to most students.

They also attend feeder high schools with strong counselor relationships and institutional pipelines to Ivies. Athlete recruitment provides another route, as do underrepresented demographic hooks purchased via strategic planning.

Grades matter less when an applicant brings institutional value, perceived potential, and the implicit assurance they will graduate, donate later, and enhance alumni networks.","Legacy admissions, donor influence, and wealth-mediated advantages skew selectivity at elite colleges. Children of alumni get preferential review, and large donations can effectively reserve spots or fund buildings named after families. Rich families buy access through expensive test prep, private counselors, and extracurricular packaging that signals prestige: elite summer programs, nonprofits, athletics, and internships unavailable to most students. They also attend feeder high schools with strong counselor relationships and institutional pipelines to Ivies. Athlete recruitment provides another route, as do underrepresented demographic hooks purchased via strategic planning. Grades matter less when an applicant brings institutional value, perceived potential, and the implicit assurance they will graduate, donate later, and enhance alumni networks.","Legacy admissions, donor influence, and wealth-mediated advantages skew selectivity at elite colleges. Children of alumni get preferential review, and large donations can effectively reserve spots or fund buildings named after families. Rich families buy access through expensive test prep, private counselors, and extracurricular packaging that signals prestige: elite summer programs, nonprofits, athletics, and internships unavailable to most students. They also attend feeder high schools with strong counselor relationships and institutional pipelines to Ivies. Athlete recruitment provides another route, as do underrepresented demographic hooks purchased via strategic planning. Grades matter less when an applicant brings institutional value, perceived potential, and the implicit assurance they will graduate, donate later, and enhance alumni networks.",legacy admissions donor influence and wealth mediated advantages skew selectivity at elite colleges children of alumni get preferential review and large donations can effectively reserve spots or fund buildings named after families rich families buy access through expensive test prep private counselors and extracurricular packaging that signals prestige elite summer programs nonprofits athletics and internships unavailable to most students they also attend feeder high schools with strong counselor relationships and institutional pipelines to ivies athlete recruitment provides another route as do underrepresented demographic hooks purchased via strategic planning grades matter less when an applicant brings institutional value perceived potential and the implicit assurance they will graduate donate later and enhance alumni networks
explanatory_0021__muse-glimmer-30b,explanatory_0021,explanatory,What kind of healthcare options do Americans living in poverty or homelessness have?,"Americans in poverty or homelessness can access care through Medicaid, which covers many low-income adults in expansion states, and through federally qualified community health centers that charge on a sliding fee scale. The Affordable Care Act marketplaces offer subsidized plans for those with income above Medicaid thresholds. Free and charitable clinics, county health departments, and street medicine programs provide primary care, vaccinations, and chronic disease management without requiring insurance. Emergency departments must screen and stabilize anyone regardless of ability to pay under EMTALA. Shelters, food banks, and public hospitals often coordinate care, and uninsured patients may qualify for hospital charity care. Access remains limited by housing instability, transportation, paperwork, and eligibility churn.","Americans in poverty or homelessness can access care through Medicaid, which covers many low-income adults in expansion states, and through federally qualified community health centers that charge on a sliding fee scale. The Affordable Care Act marketplaces offer subsidized plans for those with income above Medicaid thresholds. Free and charitable clinics, county health departments, and street medicine programs provide primary care, vaccinations, and chronic disease management without requiring insurance. Emergency departments must screen and stabilize anyone regardless of ability to pay under EMTALA. Shelters, food banks, and public hospitals often coordinate care, and uninsured patients may qualify for hospital charity care. Access remains limited by housing instability, transportation, paperwork, and eligibility churn.",muse-glimmer-30b,meta,True,112,833,test,muse-glimmer-30b-q4_k_m,final-2026-09-20,You are answering questions the way a knowledgeable person would in an online discussion. Write in plain prose. Do not restate the question or add a preamble. Begin with the answer itself.,100,140,8192,default,,end_turn,ollama-local-muse-glimmer-30b,2026-09-28 08:34:15.069261+00:00,32.3,muse-glimmer:30b-q4_K_M,q4_k_m,16384,8192,True,"{""temperature"": ""1"", ""top_k"": ""64"", ""top_p"": ""0.95""}","Americans in poverty or homelessness can access care through Medicaid, which covers many low-income adults in expansion states, and through federally qualified community health centers that charge on a sliding fee scale. The Affordable Care Act marketplaces offer subsidized plans for those with income above Medicaid thresholds. Free and charitable clinics, county health departments, and street medicine programs provide primary care, vaccinations, and chronic disease management without requiring insurance. Emergency departments must screen and stabilize anyone regardless of ability to pay under EMTALA. Shelters, food banks, and public hospitals often coordinate care, and uninsured patients may qualify for hospital charity care. Access remains limited by housing instability, transportation, paperwork, and eligibility churn.","Americans in poverty or homelessness can access care through Medicaid, which covers many low-income adults in expansion states, and through federally qualified community health centers that charge on a sliding fee scale. The Affordable Care Act marketplaces offer subsidized plans for those with income above Medicaid thresholds. Free and charitable clinics, county health departments, and street medicine programs provide primary care, vaccinations, and chronic disease management without requiring insurance. Emergency departments must screen and stabilize anyone regardless of ability to pay under EMTALA. Shelters, food banks, and public hospitals often coordinate care, and uninsured patients may qualify for hospital charity care. Access remains limited by housing instability, transportation, paperwork, and eligibility churn.","Americans in poverty or homelessness can access care through Medicaid, which covers many low-income adults in expansion states, and through federally qualified community health centers that charge on a sliding fee scale. The Affordable Care Act marketplaces offer subsidized plans for those with income above Medicaid thresholds. Free and charitable clinics, county health departments, and street medicine programs provide primary care, vaccinations, and chronic disease management without requiring insurance. Emergency departments must screen and stabilize anyone regardless of ability to pay under EMTALA. Shelters, food banks, and public hospitals often coordinate care, and uninsured patients may qualify for hospital charity care. Access remains limited by housing instability, transportation, paperwork, and eligibility churn.",americans in poverty or homelessness can access care through medicaid which covers many low income adults in expansion states and through federally qualified community health centers that charge on a sliding fee scale the affordable care act marketplaces offer subsidized plans for those with income above medicaid thresholds free and charitable clinics county health departments and street medicine programs provide primary care vaccinations and chronic disease management without requiring insurance emergency departments must screen and stabilize anyone regardless of ability to pay under emtala shelters food banks and public hospitals often coordinate care and uninsured patients may qualify for hospital charity care access remains limited by housing instability transportation paperwork and eligibility churn
explanatory_0025__muse-glimmer-30b,explanatory_0025,explanatory,How does a mobile phone connection work,"A mobile phone connects to a nearby cell tower using radio waves in licensed spectrum. When powered on, it scans for signals from towers operated by its carrier and registers with the strongest one via the core network.

Voice and data are encoded digitally by the phone’s modem and transmitted as bursts on a specific frequency channel assigned by the tower. The tower receives the signal, decodes it, and forwards it through fiber and switching centers to the destination network, which may be another mobile tower or the internet.

The link is managed by protocols like 4G LTE or 5G NR, which handle handover between cells as you move, power control, and error correction. Encryption and authentication keep the connection secure. Downlink and uplink use paired frequencies, with antennas, baseband processing, and software coordinating the continuous exchange.","A mobile phone connects to a nearby cell tower using radio waves in licensed spectrum. When powered on, it scans for signals from towers operated by its carrier and registers with the strongest one via the core network.

Voice and data are encoded digitally by the phone's modem and transmitted as bursts on a specific frequency channel assigned by the tower. The tower receives the signal, decodes it, and forwards it through fiber and switching centers to the destination network, which may be another mobile tower or the internet.

The link is managed by protocols like 4G LTE or 5G NR, which handle handover between cells as you move, power control, and error correction. Encryption and authentication keep the connection secure. Downlink and uplink use paired frequencies, with antennas, baseband processing, and software coordinating the continuous exchange.",muse-glimmer-30b,meta,True,137,864,test,muse-glimmer-30b-q4_k_m,final-2026-09-20,You are answering questions the way a knowledgeable person would in an online discussion. Write in plain prose. Do not restate the question or add a preamble. Begin with the answer itself.,100,140,8192,default,,end_turn,ollama-local-muse-glimmer-30b,2026-09-28 08:34:40.748488+00:00,32.3,muse-glimmer:30b-q4_K_M,q4_k_m,16384,8192,True,"{""temperature"": ""1"", ""top_k"": ""64"", ""top_p"": ""0.95""}","A mobile phone connects to a nearby cell tower using radio waves in licensed spectrum. When powered on, it scans for signals from towers operated by its carrier and registers with the strongest one via the core network.

Voice and data are encoded digitally by the phone's modem and transmitted as bursts on a specific frequency channel assigned by the tower. The tower receives the signal, decodes it, and forwards it through fiber and switching centers to the destination network, which may be another mobile tower or the internet.

The link is managed by protocols like 4G LTE or 5G NR, which handle handover between cells as you move, power control, and error correction. Encryption and authentication keep the connection secure. Downlink and uplink use paired frequencies, with antennas, baseband processing, and software coordinating the continuous exchange.","A mobile phone connects to a nearby cell tower using radio waves in licensed spectrum. When powered on, it scans for signals from towers operated by its carrier and registers with the strongest one via the core network. Voice and data are encoded digitally by the phone's modem and transmitted as bursts on a specific frequency channel assigned by the tower. The tower receives the signal, decodes it, and forwards it through fiber and switching centers to the destination network, which may be another mobile tower or the internet. The link is managed by protocols like 4G LTE or 5G NR, which handle handover between cells as you move, power control, and error correction. Encryption and authentication keep the connection secure. Downlink and uplink use paired frequencies, with antennas, baseband processing, and software coordinating the continuous exchange.","A mobile phone connects to a nearby cell tower using radio waves in licensed spectrum. When powered on, it scans for signals from towers operated by its carrier and registers with the strongest one via the core network. Voice and data are encoded digitally by the phone's modem and transmitted as bursts on a specific frequency channel assigned by the tower. The tower receives the signal, decodes it, and forwards it through fiber and switching centers to the destination network, which may be another mobile tower or the internet. The link is managed by protocols like 4G LTE or 5G NR, which handle handover between cells as you move, power control, and error correction. Encryption and authentication keep the connection secure. Downlink and uplink use paired frequencies, with antennas, baseband processing, and software coordinating the continuous exchange.",a mobile phone connects to a nearby cell tower using radio waves in licensed spectrum when powered on it scans for signals from towers operated by its carrier and registers with the strongest one via the core network voice and data are encoded digitally by the phone's modem and transmitted as bursts on a specific frequency channel assigned by the tower the tower receives the signal decodes it and forwards it through fiber and switching centers to the destination network which may be another mobile tower or the internet the link is managed by protocols like 4g lte or 5g nr which handle handover between cells as you move power control and error correction encryption and authentication keep the connection secure downlink and uplink use paired frequencies with antennas baseband processing and software coordinating the continuous exchange
explanatory_0037__muse-glimmer-30b,explanatory_0037,explanatory,"Why can Social Security ""run out"" whereas programs like Welfare cannot?","Social Security is a contributory insurance program financed by a dedicated payroll tax and a trust fund that holds past surpluses in Treasury bonds. Benefits are defined by statute and paid from current contributions plus trust fund draws. When the worker-to-beneficiary ratio falls and contributions fall short, the trust fund is depleted and scheduled benefits must be cut to incoming cash flow.

Welfare programs such as TANF, SNAP and Medicaid are means-tested entitlements funded from general revenues through annual appropriations. Congress can raise taxes or reallocate spending to meet obligations, so they are not limited by a segregated fund. They can be reduced by policy but cannot be exhausted in the same trust-fund sense.","Social Security is a contributory insurance program financed by a dedicated payroll tax and a trust fund that holds past surpluses in Treasury bonds. Benefits are defined by statute and paid from current contributions plus trust fund draws. When the worker-to-beneficiary ratio falls and contributions fall short, the trust fund is depleted and scheduled benefits must be cut to incoming cash flow.

Welfare programs such as TANF, SNAP and Medicaid are means-tested entitlements funded from general revenues through annual appropriations. Congress can raise taxes or reallocate spending to meet obligations, so they are not limited by a segregated fund. They can be reduced by policy but cannot be exhausted in the same trust-fund sense.",muse-glimmer-30b,meta,True,114,737,test,muse-glimmer-30b-q4_k_m,final-2026-09-20,You are answering questions the way a knowledgeable person would in an online discussion. Write in plain prose. Do not restate the question or add a preamble. Begin with the answer itself.,100,140,8192,default,,end_turn,ollama-local-muse-glimmer-30b,2026-09-28 08:35:06.348362+00:00,32.3,muse-glimmer:30b-q4_K_M,q4_k_m,16384,8192,True,"{""temperature"": ""1"", ""top_k"": ""64"", ""top_p"": ""0.95""}","Social Security is a contributory insurance program financed by a dedicated payroll tax and a trust fund that holds past surpluses in Treasury bonds. Benefits are defined by statute and paid from current contributions plus trust fund draws. When the worker-to-beneficiary ratio falls and contributions fall short, the trust fund is depleted and scheduled benefits must be cut to incoming cash flow.

Welfare programs such as TANF, SNAP and Medicaid are means-tested entitlements funded from general revenues through annual appropriations. Congress can raise taxes or reallocate spending to meet obligations, so they are not limited by a segregated fund. They can be reduced by policy but cannot be exhausted in the same trust-fund sense.","Social Security is a contributory insurance program financed by a dedicated payroll tax and a trust fund that holds past surpluses in Treasury bonds. Benefits are defined by statute and paid from current contributions plus trust fund draws. When the worker-to-beneficiary ratio falls and contributions fall short, the trust fund is depleted and scheduled benefits must be cut to incoming cash flow. Welfare programs such as TANF, SNAP and Medicaid are means-tested entitlements funded from general revenues through annual appropriations. Congress can raise taxes or reallocate spending to meet obligations, so they are not limited by a segregated fund. They can be reduced by policy but cannot be exhausted in the same trust-fund sense.","Social Security is a contributory insurance program financed by a dedicated payroll tax and a trust fund that holds past surpluses in Treasury bonds. Benefits are defined by statute and paid from current contributions plus trust fund draws. When the worker-to-beneficiary ratio falls and contributions fall short, the trust fund is depleted and scheduled benefits must be cut to incoming cash flow. Welfare programs such as TANF, SNAP and Medicaid are means-tested entitlements funded from general revenues through annual appropriations. Congress can raise taxes or reallocate spending to meet obligations, so they are not limited by a segregated fund. They can be reduced by policy but cannot be exhausted in the same trust-fund sense.",social security is a contributory insurance program financed by a dedicated payroll tax and a trust fund that holds past surpluses in treasury bonds benefits are defined by statute and paid from current contributions plus trust fund draws when the worker to beneficiary ratio falls and contributions fall short the trust fund is depleted and scheduled benefits must be cut to incoming cash flow welfare programs such as tanf snap and medicaid are means tested entitlements funded from general revenues through annual appropriations congress can raise taxes or reallocate spending to meet obligations so they are not limited by a segregated fund they can be reduced by policy but cannot be exhausted in the same trust fund sense
explanatory_0045__muse-glimmer-30b,explanatory_0045,explanatory,Why can we move all of our fingers independently of each other minus our ring finger?,"The hand has separate extensor and flexor muscle compartments, but the tendons link fingers together. The flexor digitorum profundus and superficialis provide flexion, while extensor digitorum provides extension, all innervated by median and ulnar nerves. The index and little fingers have the most independent control because they receive distinct motor branches.

The ring finger is linked to the middle and little fingers by juncturae tendinum, small fibrous connections between adjacent flexor tendons, and it shares ulnar nerve innervation with the little finger. Its extensor tendon also communicates with the middle finger. This anatomical coupling means moving the ring finger inevitably tugs the neighboring tendons, reducing isolation. The lumbricals and interossei add fine control, but the ring finger's central position limits independent activation.","The hand has separate extensor and flexor muscle compartments, but the tendons link fingers together. The flexor digitorum profundus and superficialis provide flexion, while extensor digitorum provides extension, all innervated by median and ulnar nerves. The index and little fingers have the most independent control because they receive distinct motor branches.

The ring finger is linked to the middle and little fingers by juncturae tendinum, small fibrous connections between adjacent flexor tendons, and it shares ulnar nerve innervation with the little finger. Its extensor tendon also communicates with the middle finger. This anatomical coupling means moving the ring finger inevitably tugs the neighboring tendons, reducing isolation. The lumbricals and interossei add fine control, but the ring finger's central position limits independent activation.",muse-glimmer-30b,meta,True,122,863,test,muse-glimmer-30b-q4_k_m,final-2026-09-20,You are answering questions the way a knowledgeable person would in an online discussion. Write in plain prose. Do not restate the question or add a preamble. Begin with the answer itself.,100,140,8192,default,,end_turn,ollama-local-muse-glimmer-30b,2026-09-28 08:35:37.463349+00:00,32.3,muse-glimmer:30b-q4_K_M,q4_k_m,16384,8192,True,"{""temperature"": ""1"", ""top_k"": ""64"", ""top_p"": ""0.95""}","The hand has separate extensor and flexor muscle compartments, but the tendons link fingers together. The flexor digitorum profundus and superficialis provide flexion, while extensor digitorum provides extension, all innervated by median and ulnar nerves. The index and little fingers have the most independent control because they receive distinct motor branches.

The ring finger is linked to the middle and little fingers by juncturae tendinum, small fibrous connections between adjacent flexor tendons, and it shares ulnar nerve innervation with the little finger. Its extensor tendon also communicates with the middle finger. This anatomical coupling means moving the ring finger inevitably tugs the neighboring tendons, reducing isolation. The lumbricals and interossei add fine control, but the ring finger's central position limits independent activation.","The hand has separate extensor and flexor muscle compartments, but the tendons link fingers together. The flexor digitorum profundus and superficialis provide flexion, while extensor digitorum provides extension, all innervated by median and ulnar nerves. The index and little fingers have the most independent control because they receive distinct motor branches. The ring finger is linked to the middle and little fingers by juncturae tendinum, small fibrous connections between adjacent flexor tendons, and it shares ulnar nerve innervation with the little finger. Its extensor tendon also communicates with the middle finger. This anatomical coupling means moving the ring finger inevitably tugs the neighboring tendons, reducing isolation. The lumbricals and interossei add fine control, but the ring finger's central position limits independent activation.","The hand has separate extensor and flexor muscle compartments, but the tendons link fingers together. The flexor digitorum profundus and superficialis provide flexion, while extensor digitorum provides extension, all innervated by median and ulnar nerves. The index and little fingers have the most independent control because they receive distinct motor branches. The ring finger is linked to the middle and little fingers by juncturae tendinum, small fibrous connections between adjacent flexor tendons, and it shares ulnar nerve innervation with the little finger. Its extensor tendon also communicates with the middle finger. This anatomical coupling means moving the ring finger inevitably tugs the neighboring tendons, reducing isolation. The lumbricals and interossei add fine control, but the ring finger's central position limits independent activation.",the hand has separate extensor and flexor muscle compartments but the tendons link fingers together the flexor digitorum profundus and superficialis provide flexion while extensor digitorum provides extension all innervated by median and ulnar nerves the index and little fingers have the most independent control because they receive distinct motor branches the ring finger is linked to the middle and little fingers by juncturae tendinum small fibrous connections between adjacent flexor tendons and it shares ulnar nerve innervation with the little finger its extensor tendon also communicates with the middle finger this anatomical coupling means moving the ring finger inevitably tugs the neighboring tendons reducing isolation the lumbricals and interossei add fine control but the ring finger's central position limits independent activation
explanatory_0049__muse-glimmer-30b,explanatory_0049,explanatory,Why does the United States have such a weak mental health care system and a general stigma against it?,"The U.S. system is weak because mental health was historically segregated from general medicine, underfunded after deinstitutionalization in the 1960s-80s without community care replacing hospitals. Care is tied to private insurance and employment, so coverage is uneven, costly, and fragmented across 50 states. Profit-driven health care prioritizes acute treatment over long-term support, and psychiatry remains under-resourced in medical training.

Stigma persists from cultural individualism that frames distress as personal failure rather than illness, reinforced by religious moralism, media portrayals of violence, and a political history of viewing patients as dangerous or noncompliant. Lack of education, fear of career and insurance penalties, and a preference for self-reliance keep help-seeking low, especially among men and minority groups.","The U.S. system is weak because mental health was historically segregated from general medicine, underfunded after deinstitutionalization in the 1960s-80s without community care replacing hospitals. Care is tied to private insurance and employment, so coverage is uneven, costly, and fragmented across 50 states. Profit-driven health care prioritizes acute treatment over long-term support, and psychiatry remains under-resourced in medical training.

Stigma persists from cultural individualism that frames distress as personal failure rather than illness, reinforced by religious moralism, media portrayals of violence, and a political history of viewing patients as dangerous or noncompliant. Lack of education, fear of career and insurance penalties, and a preference for self-reliance keep help-seeking low, especially among men and minority groups.",muse-glimmer-30b,meta,True,115,854,test,muse-glimmer-30b-q4_k_m,final-2026-09-20,You are answering questions the way a knowledgeable person would in an online discussion. Write in plain prose. Do not restate the question or add a preamble. Begin with the answer itself.,100,140,8192,default,,end_turn,ollama-local-muse-glimmer-30b,2026-09-28 08:36:09.010652+00:00,32.3,muse-glimmer:30b-q4_K_M,q4_k_m,16384,8192,True,"{""temperature"": ""1"", ""top_k"": ""64"", ""top_p"": ""0.95""}","The U.S. system is weak because mental health was historically segregated from general medicine, underfunded after deinstitutionalization in the 1960s-80s without community care replacing hospitals. Care is tied to private insurance and employment, so coverage is uneven, costly, and fragmented across 50 states. Profit-driven health care prioritizes acute treatment over long-term support, and psychiatry remains under-resourced in medical training.

Stigma persists from cultural individualism that frames distress as personal failure rather than illness, reinforced by religious moralism, media portrayals of violence, and a political history of viewing patients as dangerous or noncompliant. Lack of education, fear of career and insurance penalties, and a preference for self-reliance keep help-seeking low, especially among men and minority groups.","The U.S. system is weak because mental health was historically segregated from general medicine, underfunded after deinstitutionalization in the 1960s-80s without community care replacing hospitals. Care is tied to private insurance and employment, so coverage is uneven, costly, and fragmented across 50 states. Profit-driven health care prioritizes acute treatment over long-term support, and psychiatry remains under-resourced in medical training. Stigma persists from cultural individualism that frames distress as personal failure rather than illness, reinforced by religious moralism, media portrayals of violence, and a political history of viewing patients as dangerous or noncompliant. Lack of education, fear of career and insurance penalties, and a preference for self-reliance keep help-seeking low, especially among men and minority groups.","The U.S. system is weak because mental health was historically segregated from general medicine, underfunded after deinstitutionalization in the 1960s-80s without community care replacing hospitals. Care is tied to private insurance and employment, so coverage is uneven, costly, and fragmented across 50 states. Profit-driven health care prioritizes acute treatment over long-term support, and psychiatry remains under-resourced in medical training. Stigma persists from cultural individualism that frames distress as personal failure rather than illness, reinforced by religious moralism, media portrayals of violence, and a political history of viewing patients as dangerous or noncompliant. Lack of education, fear of career and insurance penalties, and a preference for self-reliance keep help-seeking low, especially among men and minority groups.",the u s system is weak because mental health was historically segregated from general medicine underfunded after deinstitutionalization in the 1960s 80s without community care replacing hospitals care is tied to private insurance and employment so coverage is uneven costly and fragmented across 50 states profit driven health care prioritizes acute treatment over long term support and psychiatry remains under resourced in medical training stigma persists from cultural individualism that frames distress as personal failure rather than illness reinforced by religious moralism media portrayals of violence and a political history of viewing patients as dangerous or noncompliant lack of education fear of career and insurance penalties and a preference for self reliance keep help seeking low especially among men and minority groups
explanatory_0058__muse-glimmer-30b,explanatory_0058,explanatory,Why do Public Domain books cost money on app stores?,"Public domain means the copyright has expired, so anyone can reuse the text for free. App stores still charge because you are paying for the edition, not the words. Publishers add value with typography, formatting, annotations, introductions, search, audio narration, or a curated reading experience optimized for phones and e-readers. App developers also recover costs for hosting, design, quality control, and updates. Many stores also charge for convenience and curation. Free versions exist, so paid copies compete on usability, not exclusivity. In short, the book is free; the product around it is not. You can find the same text elsewhere at no cost if you only want the original words.","Public domain means the copyright has expired, so anyone can reuse the text for free. App stores still charge because you are paying for the edition, not the words. Publishers add value with typography, formatting, annotations, introductions, search, audio narration, or a curated reading experience optimized for phones and e-readers. App developers also recover costs for hosting, design, quality control, and updates. Many stores also charge for convenience and curation. Free versions exist, so paid copies compete on usability, not exclusivity. In short, the book is free; the product around it is not. You can find the same text elsewhere at no cost if you only want the original words.",muse-glimmer-30b,meta,True,110,692,test,muse-glimmer-30b-q4_k_m,final-2026-09-20,You are answering questions the way a knowledgeable person would in an online discussion. Write in plain prose. Do not restate the question or add a preamble. Begin with the answer itself.,100,140,8192,default,,end_turn,ollama-local-muse-glimmer-30b,2026-09-28 08:36:32.947947+00:00,32.3,muse-glimmer:30b-q4_K_M,q4_k_m,16384,8192,True,"{""temperature"": ""1"", ""top_k"": ""64"", ""top_p"": ""0.95""}","Public domain means the copyright has expired, so anyone can reuse the text for free. App stores still charge because you are paying for the edition, not the words. Publishers add value with typography, formatting, annotations, introductions, search, audio narration, or a curated reading experience optimized for phones and e-readers. App developers also recover costs for hosting, design, quality control, and updates. Many stores also charge for convenience and curation. Free versions exist, so paid copies compete on usability, not exclusivity. In short, the book is free; the product around it is not. You can find the same text elsewhere at no cost if you only want the original words.","Public domain means the copyright has expired, so anyone can reuse the text for free. App stores still charge because you are paying for the edition, not the words. Publishers add value with typography, formatting, annotations, introductions, search, audio narration, or a curated reading experience optimized for phones and e-readers. App developers also recover costs for hosting, design, quality control, and updates. Many stores also charge for convenience and curation. Free versions exist, so paid copies compete on usability, not exclusivity. In short, the book is free; the product around it is not. You can find the same text elsewhere at no cost if you only want the original words.","Public domain means the copyright has expired, so anyone can reuse the text for free. App stores still charge because you are paying for the edition, not the words. Publishers add value with typography, formatting, annotations, introductions, search, audio narration, or a curated reading experience optimized for phones and e-readers. App developers also recover costs for hosting, design, quality control, and updates. Many stores also charge for convenience and curation. Free versions exist, so paid copies compete on usability, not exclusivity. In short, the book is free; the product around it is not. You can find the same text elsewhere at no cost if you only want the original words.",public domain means the copyright has expired so anyone can reuse the text for free app stores still charge because you are paying for the edition not the words publishers add value with typography formatting annotations introductions search audio narration or a curated reading experience optimized for phones and e readers app developers also recover costs for hosting design quality control and updates many stores also charge for convenience and curation free versions exist so paid copies compete on usability not exclusivity in short the book is free the product around it is not you can find the same text elsewhere at no cost if you only want the original words
explanatory_0067__muse-glimmer-30b,explanatory_0067,explanatory,"What is happening in your body when you're hungry, but the thought of eating makes you nauseous?","Your stomach is sending hunger signals while your brain is simultaneously issuing a stop-eating warning. Ghrelin from an empty stomach stimulates the hypothalamus, creating physical hunger and cravings. At the same time, the brainstem’s area postrema, the chemoreceptor trigger zone, and the vagus nerve are activating nausea pathways, often via serotonin, dopamine, and acetylcholine.

The insula and amygdala can link the thought of food to a learned aversive response, so anticipation alone triggers autonomic changes: slowed gastric motility, increased salivation, and a queasy gut-brain reflex. Stress, illness, pregnancy, or recent vomiting can heighten this conflict.

Essentially hunger and nausea circuits are both on, and the nausea circuit is winning, making eating feel intolerable even when energy is needed.","Your stomach is sending hunger signals while your brain is simultaneously issuing a stop-eating warning. Ghrelin from an empty stomach stimulates the hypothalamus, creating physical hunger and cravings. At the same time, the brainstem's area postrema, the chemoreceptor trigger zone, and the vagus nerve are activating nausea pathways, often via serotonin, dopamine, and acetylcholine.

The insula and amygdala can link the thought of food to a learned aversive response, so anticipation alone triggers autonomic changes: slowed gastric motility, increased salivation, and a queasy gut-brain reflex. Stress, illness, pregnancy, or recent vomiting can heighten this conflict.

Essentially hunger and nausea circuits are both on, and the nausea circuit is winning, making eating feel intolerable even when energy is needed.",muse-glimmer-30b,meta,True,118,821,test,muse-glimmer-30b-q4_k_m,final-2026-09-20,You are answering questions the way a knowledgeable person would in an online discussion. Write in plain prose. Do not restate the question or add a preamble. Begin with the answer itself.,100,140,8192,default,,end_turn,ollama-local-muse-glimmer-30b,2026-09-28 08:37:01.657814+00:00,32.3,muse-glimmer:30b-q4_K_M,q4_k_m,16384,8192,True,"{""temperature"": ""1"", ""top_k"": ""64"", ""top_p"": ""0.95""}","Your stomach is sending hunger signals while your brain is simultaneously issuing a stop-eating warning. Ghrelin from an empty stomach stimulates the hypothalamus, creating physical hunger and cravings. At the same time, the brainstem's area postrema, the chemoreceptor trigger zone, and the vagus nerve are activating nausea pathways, often via serotonin, dopamine, and acetylcholine.

The insula and amygdala can link the thought of food to a learned aversive response, so anticipation alone triggers autonomic changes: slowed gastric motility, increased salivation, and a queasy gut-brain reflex. Stress, illness, pregnancy, or recent vomiting can heighten this conflict.

Essentially hunger and nausea circuits are both on, and the nausea circuit is winning, making eating feel intolerable even when energy is needed.","Your stomach is sending hunger signals while your brain is simultaneously issuing a stop-eating warning. Ghrelin from an empty stomach stimulates the hypothalamus, creating physical hunger and cravings. At the same time, the brainstem's area postrema, the chemoreceptor trigger zone, and the vagus nerve are activating nausea pathways, often via serotonin, dopamine, and acetylcholine. The insula and amygdala can link the thought of food to a learned aversive response, so anticipation alone triggers autonomic changes: slowed gastric motility, increased salivation, and a queasy gut-brain reflex. Stress, illness, pregnancy, or recent vomiting can heighten this conflict. Essentially hunger and nausea circuits are both on, and the nausea circuit is winning, making eating feel intolerable even when energy is needed.","Your stomach is sending hunger signals while your brain is simultaneously issuing a stop-eating warning. Ghrelin from an empty stomach stimulates the hypothalamus, creating physical hunger and cravings. At the same time, the brainstem's area postrema, the chemoreceptor trigger zone, and the vagus nerve are activating nausea pathways, often via serotonin, dopamine, and acetylcholine. The insula and amygdala can link the thought of food to a learned aversive response, so anticipation alone triggers autonomic changes: slowed gastric motility, increased salivation, and a queasy gut-brain reflex. Stress, illness, pregnancy, or recent vomiting can heighten this conflict. Essentially hunger and nausea circuits are both on, and the nausea circuit is winning, making eating feel intolerable even when energy is needed.",your stomach is sending hunger signals while your brain is simultaneously issuing a stop eating warning ghrelin from an empty stomach stimulates the hypothalamus creating physical hunger and cravings at the same time the brainstem's area postrema the chemoreceptor trigger zone and the vagus nerve are activating nausea pathways often via serotonin dopamine and acetylcholine the insula and amygdala can link the thought of food to a learned aversive response so anticipation alone triggers autonomic changes slowed gastric motility increased salivation and a queasy gut brain reflex stress illness pregnancy or recent vomiting can heighten this conflict essentially hunger and nausea circuits are both on and the nausea circuit is winning making eating feel intolerable even when energy is needed
explanatory_0080__muse-glimmer-30b,explanatory_0080,explanatory,What is the point of asking if someone's object a wedding? What would really happen?,"Asking directly about objet petit a misses it completely. Object a is not an object you want, it is the unconscious remainder that makes you want, and by definition it is not available to conscious report. If you put it into words as 'Is your object a a wedding?' you force the subject to give a symbolic answer, a fantasy or a rationalization, not the cause of desire itself. The question turns the object into an object of knowledge, which forecloses the lack around which desire circulates. In practice you would get a polite lie, a joke, defensiveness, or a story about marriage, none of which tells you what is structuring the subject. Analysis works around the object a, not by naming it.","Asking directly about objet petit a misses it completely. Object a is not an object you want, it is the unconscious remainder that makes you want, and by definition it is not available to conscious report. If you put it into words as 'Is your object a a wedding?' you force the subject to give a symbolic answer, a fantasy or a rationalization, not the cause of desire itself. The question turns the object into an object of knowledge, which forecloses the lack around which desire circulates. In practice you would get a polite lie, a joke, defensiveness, or a story about marriage, none of which tells you what is structuring the subject. Analysis works around the object a, not by naming it.",muse-glimmer-30b,meta,True,123,694,test,muse-glimmer-30b-q4_k_m,final-2026-09-20,You are answering questions the way a knowledgeable person would in an online discussion. Write in plain prose. Do not restate the question or add a preamble. Begin with the answer itself.,100,140,8192,default,,end_turn,ollama-local-muse-glimmer-30b,2026-09-28 08:37:48.372156+00:00,32.3,muse-glimmer:30b-q4_K_M,q4_k_m,16384,8192,True,"{""temperature"": ""1"", ""top_k"": ""64"", ""top_p"": ""0.95""}","Asking directly about objet petit a misses it completely. Object a is not an object you want, it is the unconscious remainder that makes you want, and by definition it is not available to conscious report. If you put it into words as 'Is your object a a wedding?' you force the subject to give a symbolic answer, a fantasy or a rationalization, not the cause of desire itself. The question turns the object into an object of knowledge, which forecloses the lack around which desire circulates. In practice you would get a polite lie, a joke, defensiveness, or a story about marriage, none of which tells you what is structuring the subject. Analysis works around the object a, not by naming it.","Asking directly about objet petit a misses it completely. Object a is not an object you want, it is the unconscious remainder that makes you want, and by definition it is not available to conscious report. If you put it into words as 'Is your object a a wedding?' you force the subject to give a symbolic answer, a fantasy or a rationalization, not the cause of desire itself. The question turns the object into an object of knowledge, which forecloses the lack around which desire circulates. In practice you would get a polite lie, a joke, defensiveness, or a story about marriage, none of which tells you what is structuring the subject. Analysis works around the object a, not by naming it.","Asking directly about objet petit a misses it completely. Object a is not an object you want, it is the unconscious remainder that makes you want, and by definition it is not available to conscious report. If you put it into words as 'Is your object a a wedding?' you force the subject to give a symbolic answer, a fantasy or a rationalization, not the cause of desire itself. The question turns the object into an object of knowledge, which forecloses the lack around which desire circulates. In practice you would get a polite lie, a joke, defensiveness, or a story about marriage, none of which tells you what is structuring the subject. Analysis works around the object a, not by naming it.",asking directly about objet petit a misses it completely object a is not an object you want it is the unconscious remainder that makes you want and by definition it is not available to conscious report if you put it into words as is your object a a wedding you force the subject to give a symbolic answer a fantasy or a rationalization not the cause of desire itself the question turns the object into an object of knowledge which forecloses the lack around which desire circulates in practice you would get a polite lie a joke defensiveness or a story about marriage none of which tells you what is structuring the subject analysis works around the object a not by naming it
explanatory_0081__muse-glimmer-30b,explanatory_0081,explanatory,"Why clubs and bars can apply a cover charge to males only during ""ladies nights"" with out it being sexist, discriminatory, or illegal?","Cover charges on ladies nights are treated as voluntary promotional pricing, not a denial of service. Bars sell admission to a private business and can set different prices for different groups as a marketing tactic to balance crowds, increase alcohol sales and fill seats. Courts generally view gender-based pricing for entertainment as permissible price discrimination because the venue remains open to all and men can still enter by paying the fee. It isn’t employment or housing discrimination and it doesn’t bar a protected class from a public accommodation, it only makes one group pay more for the same product. Many jurisdictions allow such temporary commercial promotions so long as the establishment is not refusing entry.","Cover charges on ladies nights are treated as voluntary promotional pricing, not a denial of service. Bars sell admission to a private business and can set different prices for different groups as a marketing tactic to balance crowds, increase alcohol sales and fill seats. Courts generally view gender-based pricing for entertainment as permissible price discrimination because the venue remains open to all and men can still enter by paying the fee. It isn't employment or housing discrimination and it doesn't bar a protected class from a public accommodation, it only makes one group pay more for the same product. Many jurisdictions allow such temporary commercial promotions so long as the establishment is not refusing entry.",muse-glimmer-30b,meta,True,115,732,test,muse-glimmer-30b-q4_k_m,final-2026-09-20,You are answering questions the way a knowledgeable person would in an online discussion. Write in plain prose. Do not restate the question or add a preamble. Begin with the answer itself.,100,140,8192,default,,end_turn,ollama-local-muse-glimmer-30b,2026-09-28 08:38:15.595959+00:00,32.3,muse-glimmer:30b-q4_K_M,q4_k_m,16384,8192,True,"{""temperature"": ""1"", ""top_k"": ""64"", ""top_p"": ""0.95""}","Cover charges on ladies nights are treated as voluntary promotional pricing, not a denial of service. Bars sell admission to a private business and can set different prices for different groups as a marketing tactic to balance crowds, increase alcohol sales and fill seats. Courts generally view gender-based pricing for entertainment as permissible price discrimination because the venue remains open to all and men can still enter by paying the fee. It isn't employment or housing discrimination and it doesn't bar a protected class from a public accommodation, it only makes one group pay more for the same product. Many jurisdictions allow such temporary commercial promotions so long as the establishment is not refusing entry.","Cover charges on ladies nights are treated as voluntary promotional pricing, not a denial of service. Bars sell admission to a private business and can set different prices for different groups as a marketing tactic to balance crowds, increase alcohol sales and fill seats. Courts generally view gender-based pricing for entertainment as permissible price discrimination because the venue remains open to all and men can still enter by paying the fee. It isn't employment or housing discrimination and it doesn't bar a protected class from a public accommodation, it only makes one group pay more for the same product. Many jurisdictions allow such temporary commercial promotions so long as the establishment is not refusing entry.","Cover charges on ladies nights are treated as voluntary promotional pricing, not a denial of service. Bars sell admission to a private business and can set different prices for different groups as a marketing tactic to balance crowds, increase alcohol sales and fill seats. Courts generally view gender-based pricing for entertainment as permissible price discrimination because the venue remains open to all and men can still enter by paying the fee. It isn't employment or housing discrimination and it doesn't bar a protected class from a public accommodation, it only makes one group pay more for the same product. Many jurisdictions allow such temporary commercial promotions so long as the establishment is not refusing entry.",cover charges on ladies nights are treated as voluntary promotional pricing not a denial of service bars sell admission to a private business and can set different prices for different groups as a marketing tactic to balance crowds increase alcohol sales and fill seats courts generally view gender based pricing for entertainment as permissible price discrimination because the venue remains open to all and men can still enter by paying the fee it isn't employment or housing discrimination and it doesn't bar a protected class from a public accommodation it only makes one group pay more for the same product many jurisdictions allow such temporary commercial promotions so long as the establishment is not refusing entry
explanatory_0094__muse-glimmer-30b,explanatory_0094,explanatory,Why do I lose taste when I'm sick?,"You lose taste when sick because your immune system redirects energy and inflammation affects the sensory pathways you use for flavor. Most 'taste' is actually smell: nasal congestion blocks volatile molecules from reaching olfactory receptors, so food seems bland. Viral infections also inflame the nasal mucosa and can temporarily damage taste buds, which normally regenerate every 10-14 days. Fever, dehydration, and systemic cytokines dull nerve signaling and reduce saliva, making foods feel dry and muted. Some illnesses also cause a metallic or sour distortion. Symptoms usually fade as the infection clears and your olfactory epithelium heals. Rest, hydration, and gentle nasal saline rinses can support recovery.","You lose taste when sick because your immune system redirects energy and inflammation affects the sensory pathways you use for flavor. Most 'taste' is actually smell: nasal congestion blocks volatile molecules from reaching olfactory receptors, so food seems bland. Viral infections also inflame the nasal mucosa and can temporarily damage taste buds, which normally regenerate every 10-14 days. Fever, dehydration, and systemic cytokines dull nerve signaling and reduce saliva, making foods feel dry and muted. Some illnesses also cause a metallic or sour distortion. Symptoms usually fade as the infection clears and your olfactory epithelium heals. Rest, hydration, and gentle nasal saline rinses can support recovery.",muse-glimmer-30b,meta,True,106,721,test,muse-glimmer-30b-q4_k_m,final-2026-09-20,You are answering questions the way a knowledgeable person would in an online discussion. Write in plain prose. Do not restate the question or add a preamble. Begin with the answer itself.,100,140,8192,default,,end_turn,ollama-local-muse-glimmer-30b,2026-09-28 08:38:37.105151+00:00,32.3,muse-glimmer:30b-q4_K_M,q4_k_m,16384,8192,True,"{""temperature"": ""1"", ""top_k"": ""64"", ""top_p"": ""0.95""}","You lose taste when sick because your immune system redirects energy and inflammation affects the sensory pathways you use for flavor. Most 'taste' is actually smell: nasal congestion blocks volatile molecules from reaching olfactory receptors, so food seems bland. Viral infections also inflame the nasal mucosa and can temporarily damage taste buds, which normally regenerate every 10-14 days. Fever, dehydration, and systemic cytokines dull nerve signaling and reduce saliva, making foods feel dry and muted. Some illnesses also cause a metallic or sour distortion. Symptoms usually fade as the infection clears and your olfactory epithelium heals. Rest, hydration, and gentle nasal saline rinses can support recovery.","You lose taste when sick because your immune system redirects energy and inflammation affects the sensory pathways you use for flavor. Most 'taste' is actually smell: nasal congestion blocks volatile molecules from reaching olfactory receptors, so food seems bland. Viral infections also inflame the nasal mucosa and can temporarily damage taste buds, which normally regenerate every 10-14 days. Fever, dehydration, and systemic cytokines dull nerve signaling and reduce saliva, making foods feel dry and muted. Some illnesses also cause a metallic or sour distortion. Symptoms usually fade as the infection clears and your olfactory epithelium heals. Rest, hydration, and gentle nasal saline rinses can support recovery.","You lose taste when sick because your immune system redirects energy and inflammation affects the sensory pathways you use for flavor. Most 'taste' is actually smell: nasal congestion blocks volatile molecules from reaching olfactory receptors, so food seems bland. Viral infections also inflame the nasal mucosa and can temporarily damage taste buds, which normally regenerate every 10-14 days. Fever, dehydration, and systemic cytokines dull nerve signaling and reduce saliva, making foods feel dry and muted. Some illnesses also cause a metallic or sour distortion. Symptoms usually fade as the infection clears and your olfactory epithelium heals. Rest, hydration, and gentle nasal saline rinses can support recovery.",you lose taste when sick because your immune system redirects energy and inflammation affects the sensory pathways you use for flavor most taste is actually smell nasal congestion blocks volatile molecules from reaching olfactory receptors so food seems bland viral infections also inflame the nasal mucosa and can temporarily damage taste buds which normally regenerate every 10 14 days fever dehydration and systemic cytokines dull nerve signaling and reduce saliva making foods feel dry and muted some illnesses also cause a metallic or sour distortion symptoms usually fade as the infection clears and your olfactory epithelium heals rest hydration and gentle nasal saline rinses can support recovery
explanatory_0099__muse-glimmer-30b,explanatory_0099,explanatory,Japan adopts negative interest rates. Should everyone else worry?,"No. Japan's move is a local response to local conditions, not a template for the world. The Bank of Japan is fighting decades of deflation, stagnant growth and excess savings with a policy that already failed to generate sustained inflation. Negative rates mainly hurt Japanese banks' margins and pension funds while doing little for household spending.

Other central banks face different problems: inflation, tighter labour markets, and fiscal space. Importing negative rates would risk financial instability and capital flight without solving those issues.

Worry is warranted only if global growth collapses and forces coordinated easing, or if yen weakness spills into commodity prices and trade tensions. As a standalone policy, it's Japan's experiment.","No. Japan's move is a local response to local conditions, not a template for the world. The Bank of Japan is fighting decades of deflation, stagnant growth and excess savings with a policy that already failed to generate sustained inflation. Negative rates mainly hurt Japanese banks' margins and pension funds while doing little for household spending.

Other central banks face different problems: inflation, tighter labour markets, and fiscal space. Importing negative rates would risk financial instability and capital flight without solving those issues.

Worry is warranted only if global growth collapses and forces coordinated easing, or if yen weakness spills into commodity prices and trade tensions. As a standalone policy, it's Japan's experiment.",muse-glimmer-30b,meta,True,113,759,test,muse-glimmer-30b-q4_k_m,final-2026-09-20,You are answering questions the way a knowledgeable person would in an online discussion. Write in plain prose. Do not restate the question or add a preamble. Begin with the answer itself.,100,140,8192,default,,end_turn,ollama-local-muse-glimmer-30b,2026-09-28 08:39:00.900130+00:00,32.3,muse-glimmer:30b-q4_K_M,q4_k_m,16384,8192,True,"{""temperature"": ""1"", ""top_k"": ""64"", ""top_p"": ""0.95""}","No. Japan's move is a local response to local conditions, not a template for the world. The Bank of Japan is fighting decades of deflation, stagnant growth and excess savings with a policy that already failed to generate sustained inflation. Negative rates mainly hurt Japanese banks' margins and pension funds while doing little for household spending.

Other central banks face different problems: inflation, tighter labour markets, and fiscal space. Importing negative rates would risk financial instability and capital flight without solving those issues.

Worry is warranted only if global growth collapses and forces coordinated easing, or if yen weakness spills into commodity prices and trade tensions. As a standalone policy, it's Japan's experiment.","No. Japan's move is a local response to local conditions, not a template for the world. The Bank of Japan is fighting decades of deflation, stagnant growth and excess savings with a policy that already failed to generate sustained inflation. Negative rates mainly hurt Japanese banks' margins and pension funds while doing little for household spending. Other central banks face different problems: inflation, tighter labour markets, and fiscal space. Importing negative rates would risk financial instability and capital flight without solving those issues. Worry is warranted only if global growth collapses and forces coordinated easing, or if yen weakness spills into commodity prices and trade tensions. As a standalone policy, it's Japan's experiment.","No. Japan's move is a local response to local conditions, not a template for the world. The Bank of Japan is fighting decades of deflation, stagnant growth and excess savings with a policy that already failed to generate sustained inflation. Negative rates mainly hurt Japanese banks' margins and pension funds while doing little for household spending. Other central banks face different problems: inflation, tighter labour markets, and fiscal space. Importing negative rates would risk financial instability and capital flight without solving those issues. Worry is warranted only if global growth collapses and forces coordinated easing, or if yen weakness spills into commodity prices and trade tensions. As a standalone policy, it's Japan's experiment.",no japan's move is a local response to local conditions not a template for the world the bank of japan is fighting decades of deflation stagnant growth and excess savings with a policy that already failed to generate sustained inflation negative rates mainly hurt japanese banks margins and pension funds while doing little for household spending other central banks face different problems inflation tighter labour markets and fiscal space importing negative rates would risk financial instability and capital flight without solving those issues worry is warranted only if global growth collapses and forces coordinated easing or if yen weakness spills into commodity prices and trade tensions as a standalone policy it's japan's experiment
explanatory_0100__muse-glimmer-30b,explanatory_0100,explanatory,Why people care/get annoyed at poor grammar,"Grammar signals clarity, effort and education, so errors feel like noise in communication. Readers infer carelessness or lack of intelligence from sloppy writing, even when the writer is competent. For many, standardized grammar is a learned social code; violating it triggers the same discomfort as bad manners. 

It also matters professionally. Poor grammar can undermine credibility, make instructions ambiguous, and cost time to decode. 

Some annoyance is tribal and status-driven: correcting others asserts cultural capital and in-group membership. 

Finally, the brain prefers predictable patterns. Unusual structures increase cognitive load, producing irritation rather than conscious judgment. The reaction is less about rules than about trust, efficiency and identity.","Grammar signals clarity, effort and education, so errors feel like noise in communication. Readers infer carelessness or lack of intelligence from sloppy writing, even when the writer is competent. For many, standardized grammar is a learned social code; violating it triggers the same discomfort as bad manners.

It also matters professionally. Poor grammar can undermine credibility, make instructions ambiguous, and cost time to decode.

Some annoyance is tribal and status-driven: correcting others asserts cultural capital and in-group membership.

Finally, the brain prefers predictable patterns. Unusual structures increase cognitive load, producing irritation rather than conscious judgment. The reaction is less about rules than about trust, efficiency and identity.",muse-glimmer-30b,meta,True,107,778,test,muse-glimmer-30b-q4_k_m,final-2026-09-20,You are answering questions the way a knowledgeable person would in an online discussion. Write in plain prose. Do not restate the question or add a preamble. Begin with the answer itself.,100,140,8192,default,,end_turn,ollama-local-muse-glimmer-30b,2026-09-28 08:39:24.736316+00:00,32.3,muse-glimmer:30b-q4_K_M,q4_k_m,16384,8192,True,"{""temperature"": ""1"", ""top_k"": ""64"", ""top_p"": ""0.95""}","Grammar signals clarity, effort and education, so errors feel like noise in communication. Readers infer carelessness or lack of intelligence from sloppy writing, even when the writer is competent. For many, standardized grammar is a learned social code; violating it triggers the same discomfort as bad manners.

It also matters professionally. Poor grammar can undermine credibility, make instructions ambiguous, and cost time to decode.

Some annoyance is tribal and status-driven: correcting others asserts cultural capital and in-group membership.

Finally, the brain prefers predictable patterns. Unusual structures increase cognitive load, producing irritation rather than conscious judgment. The reaction is less about rules than about trust, efficiency and identity.","Grammar signals clarity, effort and education, so errors feel like noise in communication. Readers infer carelessness or lack of intelligence from sloppy writing, even when the writer is competent. For many, standardized grammar is a learned social code; violating it triggers the same discomfort as bad manners. It also matters professionally. Poor grammar can undermine credibility, make instructions ambiguous, and cost time to decode. Some annoyance is tribal and status-driven: correcting others asserts cultural capital and in-group membership. Finally, the brain prefers predictable patterns. Unusual structures increase cognitive load, producing irritation rather than conscious judgment. The reaction is less about rules than about trust, efficiency and identity.","Grammar signals clarity, effort and education, so errors feel like noise in communication. Readers infer carelessness or lack of intelligence from sloppy writing, even when the writer is competent. For many, standardized grammar is a learned social code; violating it triggers the same discomfort as bad manners. It also matters professionally. Poor grammar can undermine credibility, make instructions ambiguous, and cost time to decode. Some annoyance is tribal and status-driven: correcting others asserts cultural capital and in-group membership. Finally, the brain prefers predictable patterns. Unusual structures increase cognitive load, producing irritation rather than conscious judgment. The reaction is less about rules than about trust, efficiency and identity.",grammar signals clarity effort and education so errors feel like noise in communication readers infer carelessness or lack of intelligence from sloppy writing even when the writer is competent for many standardized grammar is a learned social code violating it triggers the same discomfort as bad manners it also matters professionally poor grammar can undermine credibility make instructions ambiguous and cost time to decode some annoyance is tribal and status driven correcting others asserts cultural capital and in group membership finally the brain prefers predictable patterns unusual structures increase cognitive load producing irritation rather than conscious judgment the reaction is less about rules than about trust efficiency and identity
explanatory_0104__muse-glimmer-30b,explanatory_0104,explanatory,Why are the Nobel prizes not awarded posthumously?,"The Nobel Foundation statutes forbid posthumous awards, a rule rooted in Alfred Nobel's intention to honor living contributors whose work can still be discussed and built upon. The prizes are meant as a personal recognition and an incentive for ongoing research, not a memorial. The statutes allow an exception only if a laureate dies after the prize has been announced but before the December ceremony; in that case the award is still presented to the estate. The rule was reinforced in 1974 when the Nobel Committee clarified that nominations must be alive at the time of selection. In practice the policy ensures the laureate can accept the prize, give the Nobel Lecture and participate in public dialogue about their work.","The Nobel Foundation statutes forbid posthumous awards, a rule rooted in Alfred Nobel's intention to honor living contributors whose work can still be discussed and built upon. The prizes are meant as a personal recognition and an incentive for ongoing research, not a memorial. The statutes allow an exception only if a laureate dies after the prize has been announced but before the December ceremony; in that case the award is still presented to the estate. The rule was reinforced in 1974 when the Nobel Committee clarified that nominations must be alive at the time of selection. In practice the policy ensures the laureate can accept the prize, give the Nobel Lecture and participate in public dialogue about their work.",muse-glimmer-30b,meta,True,120,726,test,muse-glimmer-30b-q4_k_m,final-2026-09-20,You are answering questions the way a knowledgeable person would in an online discussion. Write in plain prose. Do not restate the question or add a preamble. Begin with the answer itself.,100,140,8192,default,,end_turn,ollama-local-muse-glimmer-30b,2026-09-28 08:39:50.111517+00:00,32.3,muse-glimmer:30b-q4_K_M,q4_k_m,16384,8192,True,"{""temperature"": ""1"", ""top_k"": ""64"", ""top_p"": ""0.95""}","The Nobel Foundation statutes forbid posthumous awards, a rule rooted in Alfred Nobel's intention to honor living contributors whose work can still be discussed and built upon. The prizes are meant as a personal recognition and an incentive for ongoing research, not a memorial. The statutes allow an exception only if a laureate dies after the prize has been announced but before the December ceremony; in that case the award is still presented to the estate. The rule was reinforced in 1974 when the Nobel Committee clarified that nominations must be alive at the time of selection. In practice the policy ensures the laureate can accept the prize, give the Nobel Lecture and participate in public dialogue about their work.","The Nobel Foundation statutes forbid posthumous awards, a rule rooted in Alfred Nobel's intention to honor living contributors whose work can still be discussed and built upon. The prizes are meant as a personal recognition and an incentive for ongoing research, not a memorial. The statutes allow an exception only if a laureate dies after the prize has been announced but before the December ceremony; in that case the award is still presented to the estate. The rule was reinforced in 1974 when the Nobel Committee clarified that nominations must be alive at the time of selection. In practice the policy ensures the laureate can accept the prize, give the Nobel Lecture and participate in public dialogue about their work.","The Nobel Foundation statutes forbid posthumous awards, a rule rooted in Alfred Nobel's intention to honor living contributors whose work can still be discussed and built upon. The prizes are meant as a personal recognition and an incentive for ongoing research, not a memorial. The statutes allow an exception only if a laureate dies after the prize has been announced but before the December ceremony; in that case the award is still presented to the estate. The rule was reinforced in 1974 when the Nobel Committee clarified that nominations must be alive at the time of selection. In practice the policy ensures the laureate can accept the prize, give the Nobel Lecture and participate in public dialogue about their work.",the nobel foundation statutes forbid posthumous awards a rule rooted in alfred nobel's intention to honor living contributors whose work can still be discussed and built upon the prizes are meant as a personal recognition and an incentive for ongoing research not a memorial the statutes allow an exception only if a laureate dies after the prize has been announced but before the december ceremony in that case the award is still presented to the estate the rule was reinforced in 1974 when the nobel committee clarified that nominations must be alive at the time of selection in practice the policy ensures the laureate can accept the prize give the nobel lecture and participate in public dialogue about their work
explanatory_0120__muse-glimmer-30b,explanatory_0120,explanatory,What would be the actual effects of rolling a grenade down the barrel of a tank?,"Rolling a hand grenade down a tank main gun is largely ineffective. A typical 120 mm tube is far larger than a 55 mm grenade, so it will fall freely, and the barrel is several metres long with a slight upward angle. The grenade will reach the breech or exit the muzzle well before a 4-5 second fuse burns out, unless the pin is already pulled.

If it does detonate inside, the small high-explosive charge is contained by the thick steel barrel and breech. The pressure spike may bulge the tube and injure the crew, but it will not reliably rupture the gun. Modern tanks also have blow-out panels and interlocks.

In practice the grenade will most likely jam, fall out, or go off harmlessly in the open. It is a cinematic trope, not a practical disablement.","Rolling a hand grenade down a tank main gun is largely ineffective. A typical 120 mm tube is far larger than a 55 mm grenade, so it will fall freely, and the barrel is several metres long with a slight upward angle. The grenade will reach the breech or exit the muzzle well before a 4-5 second fuse burns out, unless the pin is already pulled.

If it does detonate inside, the small high-explosive charge is contained by the thick steel barrel and breech. The pressure spike may bulge the tube and injure the crew, but it will not reliably rupture the gun. Modern tanks also have blow-out panels and interlocks.

In practice the grenade will most likely jam, fall out, or go off harmlessly in the open. It is a cinematic trope, not a practical disablement.",muse-glimmer-30b,meta,True,137,756,test,muse-glimmer-30b-q4_k_m,final-2026-09-20,You are answering questions the way a knowledgeable person would in an online discussion. Write in plain prose. Do not restate the question or add a preamble. Begin with the answer itself.,100,140,8192,default,,end_turn,ollama-local-muse-glimmer-30b,2026-09-28 08:40:44.306766+00:00,32.3,muse-glimmer:30b-q4_K_M,q4_k_m,16384,8192,True,"{""temperature"": ""1"", ""top_k"": ""64"", ""top_p"": ""0.95""}","Rolling a hand grenade down a tank main gun is largely ineffective. A typical 120 mm tube is far larger than a 55 mm grenade, so it will fall freely, and the barrel is several metres long with a slight upward angle. The grenade will reach the breech or exit the muzzle well before a 4-5 second fuse burns out, unless the pin is already pulled.

If it does detonate inside, the small high-explosive charge is contained by the thick steel barrel and breech. The pressure spike may bulge the tube and injure the crew, but it will not reliably rupture the gun. Modern tanks also have blow-out panels and interlocks.

In practice the grenade will most likely jam, fall out, or go off harmlessly in the open. It is a cinematic trope, not a practical disablement.","Rolling a hand grenade down a tank main gun is largely ineffective. A typical 120 mm tube is far larger than a 55 mm grenade, so it will fall freely, and the barrel is several metres long with a slight upward angle. The grenade will reach the breech or exit the muzzle well before a 4-5 second fuse burns out, unless the pin is already pulled. If it does detonate inside, the small high-explosive charge is contained by the thick steel barrel and breech. The pressure spike may bulge the tube and injure the crew, but it will not reliably rupture the gun. Modern tanks also have blow-out panels and interlocks. In practice the grenade will most likely jam, fall out, or go off harmlessly in the open. It is a cinematic trope, not a practical disablement.","Rolling a hand grenade down a tank main gun is largely ineffective. A typical 120 mm tube is far larger than a 55 mm grenade, so it will fall freely, and the barrel is several metres long with a slight upward angle. The grenade will reach the breech or exit the muzzle well before a 4-5 second fuse burns out, unless the pin is already pulled. If it does detonate inside, the small high-explosive charge is contained by the thick steel barrel and breech. The pressure spike may bulge the tube and injure the crew, but it will not reliably rupture the gun. Modern tanks also have blow-out panels and interlocks. In practice the grenade will most likely jam, fall out, or go off harmlessly in the open. It is a cinematic trope, not a practical disablement.",rolling a hand grenade down a tank main gun is largely ineffective a typical 120 mm tube is far larger than a 55 mm grenade so it will fall freely and the barrel is several metres long with a slight upward angle the grenade will reach the breech or exit the muzzle well before a 4 5 second fuse burns out unless the pin is already pulled if it does detonate inside the small high explosive charge is contained by the thick steel barrel and breech the pressure spike may bulge the tube and injure the crew but it will not reliably rupture the gun modern tanks also have blow out panels and interlocks in practice the grenade will most likely jam fall out or go off harmlessly in the open it is a cinematic trope not a practical disablement
explanatory_0140__muse-glimmer-30b,explanatory_0140,explanatory,"If cancer is just cells mutating and dividing without abandon, how does it cause the ""rot"" we see in later stages?","Cancer is not just uncontrolled division; it rewires metabolism, co-opts stroma and immune cells. Tumor bulk outgrows blood supply, creating hypoxia, acidosis and necrosis. Dead cells release proteases and damage-associated signals that degrade extracellular matrix, making tissue appear soft, discolored and friable.

Late tumors secrete factors that induce cachexia, angiogenesis and immunosuppression, so the host wastes while vessels leak and clot. Invasion disrupts organ architecture, and massive cell turnover overwhelms clearance, leaving debris that looks like rot.

Metastases seed distant organs, replacing functional parenchyma with disorganized mass. The visible decay is therefore tissue failure, not the cancer cells themselves rotting, but the collapse of the ecosystem they corrupt.","Cancer is not just uncontrolled division; it rewires metabolism, co-opts stroma and immune cells. Tumor bulk outgrows blood supply, creating hypoxia, acidosis and necrosis. Dead cells release proteases and damage-associated signals that degrade extracellular matrix, making tissue appear soft, discolored and friable.

Late tumors secrete factors that induce cachexia, angiogenesis and immunosuppression, so the host wastes while vessels leak and clot. Invasion disrupts organ architecture, and massive cell turnover overwhelms clearance, leaving debris that looks like rot.

Metastases seed distant organs, replacing functional parenchyma with disorganized mass. The visible decay is therefore tissue failure, not the cancer cells themselves rotting, but the collapse of the ecosystem they corrupt.",muse-glimmer-30b,meta,True,108,799,test,muse-glimmer-30b-q4_k_m,final-2026-09-20,You are answering questions the way a knowledgeable person would in an online discussion. Write in plain prose. Do not restate the question or add a preamble. Begin with the answer itself.,100,140,8192,default,,end_turn,ollama-local-muse-glimmer-30b,2026-09-28 08:41:09.037724+00:00,32.3,muse-glimmer:30b-q4_K_M,q4_k_m,16384,8192,True,"{""temperature"": ""1"", ""top_k"": ""64"", ""top_p"": ""0.95""}","Cancer is not just uncontrolled division; it rewires metabolism, co-opts stroma and immune cells. Tumor bulk outgrows blood supply, creating hypoxia, acidosis and necrosis. Dead cells release proteases and damage-associated signals that degrade extracellular matrix, making tissue appear soft, discolored and friable.

Late tumors secrete factors that induce cachexia, angiogenesis and immunosuppression, so the host wastes while vessels leak and clot. Invasion disrupts organ architecture, and massive cell turnover overwhelms clearance, leaving debris that looks like rot.

Metastases seed distant organs, replacing functional parenchyma with disorganized mass. The visible decay is therefore tissue failure, not the cancer cells themselves rotting, but the collapse of the ecosystem they corrupt.","Cancer is not just uncontrolled division; it rewires metabolism, co-opts stroma and immune cells. Tumor bulk outgrows blood supply, creating hypoxia, acidosis and necrosis. Dead cells release proteases and damage-associated signals that degrade extracellular matrix, making tissue appear soft, discolored and friable. Late tumors secrete factors that induce cachexia, angiogenesis and immunosuppression, so the host wastes while vessels leak and clot. Invasion disrupts organ architecture, and massive cell turnover overwhelms clearance, leaving debris that looks like rot. Metastases seed distant organs, replacing functional parenchyma with disorganized mass. The visible decay is therefore tissue failure, not the cancer cells themselves rotting, but the collapse of the ecosystem they corrupt.","Cancer is not just uncontrolled division; it rewires metabolism, co-opts stroma and immune cells. Tumor bulk outgrows blood supply, creating hypoxia, acidosis and necrosis. Dead cells release proteases and damage-associated signals that degrade extracellular matrix, making tissue appear soft, discolored and friable. Late tumors secrete factors that induce cachexia, angiogenesis and immunosuppression, so the host wastes while vessels leak and clot. Invasion disrupts organ architecture, and massive cell turnover overwhelms clearance, leaving debris that looks like rot. Metastases seed distant organs, replacing functional parenchyma with disorganized mass. The visible decay is therefore tissue failure, not the cancer cells themselves rotting, but the collapse of the ecosystem they corrupt.",cancer is not just uncontrolled division it rewires metabolism co opts stroma and immune cells tumor bulk outgrows blood supply creating hypoxia acidosis and necrosis dead cells release proteases and damage associated signals that degrade extracellular matrix making tissue appear soft discolored and friable late tumors secrete factors that induce cachexia angiogenesis and immunosuppression so the host wastes while vessels leak and clot invasion disrupts organ architecture and massive cell turnover overwhelms clearance leaving debris that looks like rot metastases seed distant organs replacing functional parenchyma with disorganized mass the visible decay is therefore tissue failure not the cancer cells themselves rotting but the collapse of the ecosystem they corrupt
explanatory_0184__muse-glimmer-30b,explanatory_0184,explanatory,"How come sometimes when I'm not hungry, I eat something small and become hungrier?","Eating can trigger cephalic phase responses even when energy need is low. Smell, sight, taste and chewing stimulate the vagus nerve and release ghrelin, insulin and gut hormones like CCK and GLP-1. In a truly non-hungry state those signals are muted, so a small bite may not suppress appetite.

If the snack is low in protein, fiber and fat and high in rapidly absorbed carbohydrate, blood glucose rises quickly then falls, prompting a rebound hunger signal. The taste also activates reward circuits in the brain, increasing motivation to eat more once palatability is experienced.

Habit, stress, boredom and disrupted sleep can decouple hunger from physiological need, making small tastes act as a cue to start eating rather than stop.","Eating can trigger cephalic phase responses even when energy need is low. Smell, sight, taste and chewing stimulate the vagus nerve and release ghrelin, insulin and gut hormones like CCK and GLP-1. In a truly non-hungry state those signals are muted, so a small bite may not suppress appetite.

If the snack is low in protein, fiber and fat and high in rapidly absorbed carbohydrate, blood glucose rises quickly then falls, prompting a rebound hunger signal. The taste also activates reward circuits in the brain, increasing motivation to eat more once palatability is experienced.

Habit, stress, boredom and disrupted sleep can decouple hunger from physiological need, making small tastes act as a cue to start eating rather than stop.",muse-glimmer-30b,meta,True,119,737,test,muse-glimmer-30b-q4_k_m,final-2026-09-20,You are answering questions the way a knowledgeable person would in an online discussion. Write in plain prose. Do not restate the question or add a preamble. Begin with the answer itself.,100,140,8192,default,,end_turn,ollama-local-muse-glimmer-30b,2026-09-28 08:41:34.169587+00:00,32.3,muse-glimmer:30b-q4_K_M,q4_k_m,16384,8192,True,"{""temperature"": ""1"", ""top_k"": ""64"", ""top_p"": ""0.95""}","Eating can trigger cephalic phase responses even when energy need is low. Smell, sight, taste and chewing stimulate the vagus nerve and release ghrelin, insulin and gut hormones like CCK and GLP-1. In a truly non-hungry state those signals are muted, so a small bite may not suppress appetite.

If the snack is low in protein, fiber and fat and high in rapidly absorbed carbohydrate, blood glucose rises quickly then falls, prompting a rebound hunger signal. The taste also activates reward circuits in the brain, increasing motivation to eat more once palatability is experienced.

Habit, stress, boredom and disrupted sleep can decouple hunger from physiological need, making small tastes act as a cue to start eating rather than stop.","Eating can trigger cephalic phase responses even when energy need is low. Smell, sight, taste and chewing stimulate the vagus nerve and release ghrelin, insulin and gut hormones like CCK and GLP-1. In a truly non-hungry state those signals are muted, so a small bite may not suppress appetite. If the snack is low in protein, fiber and fat and high in rapidly absorbed carbohydrate, blood glucose rises quickly then falls, prompting a rebound hunger signal. The taste also activates reward circuits in the brain, increasing motivation to eat more once palatability is experienced. Habit, stress, boredom and disrupted sleep can decouple hunger from physiological need, making small tastes act as a cue to start eating rather than stop.","Eating can trigger cephalic phase responses even when energy need is low. Smell, sight, taste and chewing stimulate the vagus nerve and release ghrelin, insulin and gut hormones like CCK and GLP-1. In a truly non-hungry state those signals are muted, so a small bite may not suppress appetite. If the snack is low in protein, fiber and fat and high in rapidly absorbed carbohydrate, blood glucose rises quickly then falls, prompting a rebound hunger signal. The taste also activates reward circuits in the brain, increasing motivation to eat more once palatability is experienced. Habit, stress, boredom and disrupted sleep can decouple hunger from physiological need, making small tastes act as a cue to start eating rather than stop.",eating can trigger cephalic phase responses even when energy need is low smell sight taste and chewing stimulate the vagus nerve and release ghrelin insulin and gut hormones like cck and glp 1 in a truly non hungry state those signals are muted so a small bite may not suppress appetite if the snack is low in protein fiber and fat and high in rapidly absorbed carbohydrate blood glucose rises quickly then falls prompting a rebound hunger signal the taste also activates reward circuits in the brain increasing motivation to eat more once palatability is experienced habit stress boredom and disrupted sleep can decouple hunger from physiological need making small tastes act as a cue to start eating rather than stop
explanatory_0189__muse-glimmer-30b,explanatory_0189,explanatory,How does Spotify and Apple Music pay artists?,"Both platforms use a pro-rata, per-stream royalty model paid to rights holders, not directly to most artists. A monthly royalty pool is created from subscription and ad revenue, minus operating costs and label share. Streams are counted, then the pool is divided proportionally. Spotify pays roughly $0.003 to $0.005 per stream on average, Apple Music about $0.007 to $0.01. The money goes first to labels, publishers, distributors and collection societies, which then pay artists according to their contracts, typically after a holdback period of two to three months. Independent artists using distributors receive a slightly larger share. Payment thresholds must be met, usually $10 to $50, and streams from free tiers earn significantly less than premium subscriptions.","Both platforms use a pro-rata, per-stream royalty model paid to rights holders, not directly to most artists. A monthly royalty pool is created from subscription and ad revenue, minus operating costs and label share. Streams are counted, then the pool is divided proportionally. Spotify pays roughly $0.003 to $0.005 per stream on average, Apple Music about $0.007 to $0.01. The money goes first to labels, publishers, distributors and collection societies, which then pay artists according to their contracts, typically after a holdback period of two to three months. Independent artists using distributors receive a slightly larger share. Payment thresholds must be met, usually $10 to $50, and streams from free tiers earn significantly less than premium subscriptions.",muse-glimmer-30b,meta,True,117,772,test,muse-glimmer-30b-q4_k_m,final-2026-09-20,You are answering questions the way a knowledgeable person would in an online discussion. Write in plain prose. Do not restate the question or add a preamble. Begin with the answer itself.,100,140,8192,default,,end_turn,ollama-local-muse-glimmer-30b,2026-09-28 08:42:00.169372+00:00,32.3,muse-glimmer:30b-q4_K_M,q4_k_m,16384,8192,True,"{""temperature"": ""1"", ""top_k"": ""64"", ""top_p"": ""0.95""}","Both platforms use a pro-rata, per-stream royalty model paid to rights holders, not directly to most artists. A monthly royalty pool is created from subscription and ad revenue, minus operating costs and label share. Streams are counted, then the pool is divided proportionally. Spotify pays roughly $0.003 to $0.005 per stream on average, Apple Music about $0.007 to $0.01. The money goes first to labels, publishers, distributors and collection societies, which then pay artists according to their contracts, typically after a holdback period of two to three months. Independent artists using distributors receive a slightly larger share. Payment thresholds must be met, usually $10 to $50, and streams from free tiers earn significantly less than premium subscriptions.","Both platforms use a pro-rata, per-stream royalty model paid to rights holders, not directly to most artists. A monthly royalty pool is created from subscription and ad revenue, minus operating costs and label share. Streams are counted, then the pool is divided proportionally. Spotify pays roughly $0.003 to $0.005 per stream on average, Apple Music about $0.007 to $0.01. The money goes first to labels, publishers, distributors and collection societies, which then pay artists according to their contracts, typically after a holdback period of two to three months. Independent artists using distributors receive a slightly larger share. Payment thresholds must be met, usually $10 to $50, and streams from free tiers earn significantly less than premium subscriptions.","Both platforms use a pro-rata, per-stream royalty model paid to rights holders, not directly to most artists. A monthly royalty pool is created from subscription and ad revenue, minus operating costs and label share. Streams are counted, then the pool is divided proportionally. Spotify pays roughly $0.003 to $0.005 per stream on average, Apple Music about $0.007 to $0.01. The money goes first to labels, publishers, distributors and collection societies, which then pay artists according to their contracts, typically after a holdback period of two to three months. Independent artists using distributors receive a slightly larger share. Payment thresholds must be met, usually $10 to $50, and streams from free tiers earn significantly less than premium subscriptions.",both platforms use a pro rata per stream royalty model paid to rights holders not directly to most artists a monthly royalty pool is created from subscription and ad revenue minus operating costs and label share streams are counted then the pool is divided proportionally spotify pays roughly 0 003 to 0 005 per stream on average apple music about 0 007 to 0 01 the money goes first to labels publishers distributors and collection societies which then pay artists according to their contracts typically after a holdback period of two to three months independent artists using distributors receive a slightly larger share payment thresholds must be met usually 10 to 50 and streams from free tiers earn significantly less than premium subscriptions
explanatory_0200__muse-glimmer-30b,explanatory_0200,explanatory,"Why is it legal to copy CD's, but not to copy DVD's?","Copying copyrighted music or movies for non-personal use is illegal in almost every jurisdiction. The difference is technical and legal protection. Audio CDs contain unencrypted PCM data that can be ripped with standard software, and many countries allow private, non-commercial copying of music under a private copying exception funded by levies on blank media.

DVDs store video encrypted with CSS and are governed by the DMCA in the US and similar anti-circumvention laws elsewhere. Breaking CSS to access the content is itself illegal, even if the copy would otherwise be fair use. So ripping a DVD requires circumventing technological protection measures, which is prohibited separately from copyright infringement.","Copying copyrighted music or movies for non-personal use is illegal in almost every jurisdiction. The difference is technical and legal protection. Audio CDs contain unencrypted PCM data that can be ripped with standard software, and many countries allow private, non-commercial copying of music under a private copying exception funded by levies on blank media.

DVDs store video encrypted with CSS and are governed by the DMCA in the US and similar anti-circumvention laws elsewhere. Breaking CSS to access the content is itself illegal, even if the copy would otherwise be fair use. So ripping a DVD requires circumventing technological protection measures, which is prohibited separately from copyright infringement.",muse-glimmer-30b,meta,True,108,720,test,muse-glimmer-30b-q4_k_m,final-2026-09-20,You are answering questions the way a knowledgeable person would in an online discussion. Write in plain prose. Do not restate the question or add a preamble. Begin with the answer itself.,100,140,8192,default,,end_turn,ollama-local-muse-glimmer-30b,2026-09-28 08:42:28.495504+00:00,32.3,muse-glimmer:30b-q4_K_M,q4_k_m,16384,8192,True,"{""temperature"": ""1"", ""top_k"": ""64"", ""top_p"": ""0.95""}","Copying copyrighted music or movies for non-personal use is illegal in almost every jurisdiction. The difference is technical and legal protection. Audio CDs contain unencrypted PCM data that can be ripped with standard software, and many countries allow private, non-commercial copying of music under a private copying exception funded by levies on blank media.

DVDs store video encrypted with CSS and are governed by the DMCA in the US and similar anti-circumvention laws elsewhere. Breaking CSS to access the content is itself illegal, even if the copy would otherwise be fair use. So ripping a DVD requires circumventing technological protection measures, which is prohibited separately from copyright infringement.","Copying copyrighted music or movies for non-personal use is illegal in almost every jurisdiction. The difference is technical and legal protection. Audio CDs contain unencrypted PCM data that can be ripped with standard software, and many countries allow private, non-commercial copying of music under a private copying exception funded by levies on blank media. DVDs store video encrypted with CSS and are governed by the DMCA in the US and similar anti-circumvention laws elsewhere. Breaking CSS to access the content is itself illegal, even if the copy would otherwise be fair use. So ripping a DVD requires circumventing technological protection measures, which is prohibited separately from copyright infringement.","Copying copyrighted music or movies for non-personal use is illegal in almost every jurisdiction. The difference is technical and legal protection. Audio CDs contain unencrypted PCM data that can be ripped with standard software, and many countries allow private, non-commercial copying of music under a private copying exception funded by levies on blank media. DVDs store video encrypted with CSS and are governed by the DMCA in the US and similar anti-circumvention laws elsewhere. Breaking CSS to access the content is itself illegal, even if the copy would otherwise be fair use. So ripping a DVD requires circumventing technological protection measures, which is prohibited separately from copyright infringement.",copying copyrighted music or movies for non personal use is illegal in almost every jurisdiction the difference is technical and legal protection audio cds contain unencrypted pcm data that can be ripped with standard software and many countries allow private non commercial copying of music under a private copying exception funded by levies on blank media dvds store video encrypted with css and are governed by the dmca in the us and similar anti circumvention laws elsewhere breaking css to access the content is itself illegal even if the copy would otherwise be fair use so ripping a dvd requires circumventing technological protection measures which is prohibited separately from copyright infringement
explanatory_0212__muse-glimmer-30b,explanatory_0212,explanatory,Why/do all the planets in our solar system orbit on the same plane/axis?,"Planets orbit nearly in the same plane because they formed from a rotating flattened disk of gas and dust around the young Sun. The solar nebula collapsed under gravity while conserving angular momentum, causing material to spin faster and flatten into an equatorial plane. Particles collided and accreted within this disk, so planets inherited its angular momentum vector. The Sun’s equatorial plane defines this orientation, now called the ecliptic. Gravitational interactions keep orbits coplanar; inclinations remain small, typically less than a few degrees. Perturbations cause slight tilts, as seen with Mercury and Pluto, but the overall structure remains flat. Essentially the solar system is a remnant of a spinning disk, not a spherical cloud.","Planets orbit nearly in the same plane because they formed from a rotating flattened disk of gas and dust around the young Sun. The solar nebula collapsed under gravity while conserving angular momentum, causing material to spin faster and flatten into an equatorial plane. Particles collided and accreted within this disk, so planets inherited its angular momentum vector. The Sun's equatorial plane defines this orientation, now called the ecliptic. Gravitational interactions keep orbits coplanar; inclinations remain small, typically less than a few degrees. Perturbations cause slight tilts, as seen with Mercury and Pluto, but the overall structure remains flat. Essentially the solar system is a remnant of a spinning disk, not a spherical cloud.",muse-glimmer-30b,meta,True,114,753,test,muse-glimmer-30b-q4_k_m,final-2026-09-20,You are answering questions the way a knowledgeable person would in an online discussion. Write in plain prose. Do not restate the question or add a preamble. Begin with the answer itself.,100,140,8192,default,,end_turn,ollama-local-muse-glimmer-30b,2026-09-28 08:42:51.722644+00:00,32.3,muse-glimmer:30b-q4_K_M,q4_k_m,16384,8192,True,"{""temperature"": ""1"", ""top_k"": ""64"", ""top_p"": ""0.95""}","Planets orbit nearly in the same plane because they formed from a rotating flattened disk of gas and dust around the young Sun. The solar nebula collapsed under gravity while conserving angular momentum, causing material to spin faster and flatten into an equatorial plane. Particles collided and accreted within this disk, so planets inherited its angular momentum vector. The Sun's equatorial plane defines this orientation, now called the ecliptic. Gravitational interactions keep orbits coplanar; inclinations remain small, typically less than a few degrees. Perturbations cause slight tilts, as seen with Mercury and Pluto, but the overall structure remains flat. Essentially the solar system is a remnant of a spinning disk, not a spherical cloud.","Planets orbit nearly in the same plane because they formed from a rotating flattened disk of gas and dust around the young Sun. The solar nebula collapsed under gravity while conserving angular momentum, causing material to spin faster and flatten into an equatorial plane. Particles collided and accreted within this disk, so planets inherited its angular momentum vector. The Sun's equatorial plane defines this orientation, now called the ecliptic. Gravitational interactions keep orbits coplanar; inclinations remain small, typically less than a few degrees. Perturbations cause slight tilts, as seen with Mercury and Pluto, but the overall structure remains flat. Essentially the solar system is a remnant of a spinning disk, not a spherical cloud.","Planets orbit nearly in the same plane because they formed from a rotating flattened disk of gas and dust around the young Sun. The solar nebula collapsed under gravity while conserving angular momentum, causing material to spin faster and flatten into an equatorial plane. Particles collided and accreted within this disk, so planets inherited its angular momentum vector. The Sun's equatorial plane defines this orientation, now called the ecliptic. Gravitational interactions keep orbits coplanar; inclinations remain small, typically less than a few degrees. Perturbations cause slight tilts, as seen with Mercury and Pluto, but the overall structure remains flat. Essentially the solar system is a remnant of a spinning disk, not a spherical cloud.",planets orbit nearly in the same plane because they formed from a rotating flattened disk of gas and dust around the young sun the solar nebula collapsed under gravity while conserving angular momentum causing material to spin faster and flatten into an equatorial plane particles collided and accreted within this disk so planets inherited its angular momentum vector the sun's equatorial plane defines this orientation now called the ecliptic gravitational interactions keep orbits coplanar inclinations remain small typically less than a few degrees perturbations cause slight tilts as seen with mercury and pluto but the overall structure remains flat essentially the solar system is a remnant of a spinning disk not a spherical cloud
explanatory_0232__muse-glimmer-30b,explanatory_0232,explanatory,"why do companies that make games like the burnout, skate, red faction, and saints row series stop making these games, even though they have a decent following, and are loved by many?","Game franchises are discontinued mainly because of business math, not fan love. Publishers chase predictable return on investment, and racing, skateboarding, open-world crime games often need huge budgets for graphics, licensing, vehicles, and motion capture, while selling less consistently than live-service shooters or sports titles. Development costs rose while audience fragmentation and rising player expectations made sequels riskier. Publishers also consolidate portfolios, cancelling niche IPs after a soft-selling entry, to free staff for franchises with microtransactions and annual releases. Rights ownership changes, studio closures, and the shift toward games as a service mean beloved single-player series get shelved even with a loyal fanbase.","Game franchises are discontinued mainly because of business math, not fan love. Publishers chase predictable return on investment, and racing, skateboarding, open-world crime games often need huge budgets for graphics, licensing, vehicles, and motion capture, while selling less consistently than live-service shooters or sports titles. Development costs rose while audience fragmentation and rising player expectations made sequels riskier. Publishers also consolidate portfolios, cancelling niche IPs after a soft-selling entry, to free staff for franchises with microtransactions and annual releases. Rights ownership changes, studio closures, and the shift toward games as a service mean beloved single-player series get shelved even with a loyal fanbase.",muse-glimmer-30b,meta,True,103,759,test,muse-glimmer-30b-q4_k_m,final-2026-09-20,You are answering questions the way a knowledgeable person would in an online discussion. Write in plain prose. Do not restate the question or add a preamble. Begin with the answer itself.,100,140,8192,default,,end_turn,ollama-local-muse-glimmer-30b,2026-09-28 08:43:15.785819+00:00,32.3,muse-glimmer:30b-q4_K_M,q4_k_m,16384,8192,True,"{""temperature"": ""1"", ""top_k"": ""64"", ""top_p"": ""0.95""}","Game franchises are discontinued mainly because of business math, not fan love. Publishers chase predictable return on investment, and racing, skateboarding, open-world crime games often need huge budgets for graphics, licensing, vehicles, and motion capture, while selling less consistently than live-service shooters or sports titles. Development costs rose while audience fragmentation and rising player expectations made sequels riskier. Publishers also consolidate portfolios, cancelling niche IPs after a soft-selling entry, to free staff for franchises with microtransactions and annual releases. Rights ownership changes, studio closures, and the shift toward games as a service mean beloved single-player series get shelved even with a loyal fanbase.","Game franchises are discontinued mainly because of business math, not fan love. Publishers chase predictable return on investment, and racing, skateboarding, open-world crime games often need huge budgets for graphics, licensing, vehicles, and motion capture, while selling less consistently than live-service shooters or sports titles. Development costs rose while audience fragmentation and rising player expectations made sequels riskier. Publishers also consolidate portfolios, cancelling niche IPs after a soft-selling entry, to free staff for franchises with microtransactions and annual releases. Rights ownership changes, studio closures, and the shift toward games as a service mean beloved single-player series get shelved even with a loyal fanbase.","Game franchises are discontinued mainly because of business math, not fan love. Publishers chase predictable return on investment, and racing, skateboarding, open-world crime games often need huge budgets for graphics, licensing, vehicles, and motion capture, while selling less consistently than live-service shooters or sports titles. Development costs rose while audience fragmentation and rising player expectations made sequels riskier. Publishers also consolidate portfolios, cancelling niche IPs after a soft-selling entry, to free staff for franchises with microtransactions and annual releases. Rights ownership changes, studio closures, and the shift toward games as a service mean beloved single-player series get shelved even with a loyal fanbase.",game franchises are discontinued mainly because of business math not fan love publishers chase predictable return on investment and racing skateboarding open world crime games often need huge budgets for graphics licensing vehicles and motion capture while selling less consistently than live service shooters or sports titles development costs rose while audience fragmentation and rising player expectations made sequels riskier publishers also consolidate portfolios cancelling niche ips after a soft selling entry to free staff for franchises with microtransactions and annual releases rights ownership changes studio closures and the shift toward games as a service mean beloved single player series get shelved even with a loyal fanbase
explanatory_0248__muse-glimmer-30b,explanatory_0248,explanatory,What role did Cusco School painting have in Indigenous society in Colonial Peru and Bolivia?,"Cusco School painting functioned as a primary vehicle of evangelization and cultural negotiation for Indigenous communities in Colonial Peru and Bolivia. Commissioned by the Church and colonial elites, its vivid altarpieces, retablos and devotional images translated Catholic doctrine into a visual language that incorporated Andean color, textile patterns, flora and fauna recognizable to Quechua and Aymara viewers. Saints often appeared with Indigenous features and Andean landscapes, making the foreign faith familiar and less threatening. For Indigenous artists, many trained in the workshops of the Convento de San Francisco, the School provided economic opportunity and a respected craft identity while allowing subtle retention of pre-Hispanic iconographic memory. Thus the paintings mediated between imposed religion and local belief.","Cusco School painting functioned as a primary vehicle of evangelization and cultural negotiation for Indigenous communities in Colonial Peru and Bolivia. Commissioned by the Church and colonial elites, its vivid altarpieces, retablos and devotional images translated Catholic doctrine into a visual language that incorporated Andean color, textile patterns, flora and fauna recognizable to Quechua and Aymara viewers. Saints often appeared with Indigenous features and Andean landscapes, making the foreign faith familiar and less threatening. For Indigenous artists, many trained in the workshops of the Convento de San Francisco, the School provided economic opportunity and a respected craft identity while allowing subtle retention of pre-Hispanic iconographic memory. Thus the paintings mediated between imposed religion and local belief.",muse-glimmer-30b,meta,True,116,843,test,muse-glimmer-30b-q4_k_m,final-2026-09-20,You are answering questions the way a knowledgeable person would in an online discussion. Write in plain prose. Do not restate the question or add a preamble. Begin with the answer itself.,100,140,8192,default,,end_turn,ollama-local-muse-glimmer-30b,2026-09-28 08:43:39.565553+00:00,32.3,muse-glimmer:30b-q4_K_M,q4_k_m,16384,8192,True,"{""temperature"": ""1"", ""top_k"": ""64"", ""top_p"": ""0.95""}","Cusco School painting functioned as a primary vehicle of evangelization and cultural negotiation for Indigenous communities in Colonial Peru and Bolivia. Commissioned by the Church and colonial elites, its vivid altarpieces, retablos and devotional images translated Catholic doctrine into a visual language that incorporated Andean color, textile patterns, flora and fauna recognizable to Quechua and Aymara viewers. Saints often appeared with Indigenous features and Andean landscapes, making the foreign faith familiar and less threatening. For Indigenous artists, many trained in the workshops of the Convento de San Francisco, the School provided economic opportunity and a respected craft identity while allowing subtle retention of pre-Hispanic iconographic memory. Thus the paintings mediated between imposed religion and local belief.","Cusco School painting functioned as a primary vehicle of evangelization and cultural negotiation for Indigenous communities in Colonial Peru and Bolivia. Commissioned by the Church and colonial elites, its vivid altarpieces, retablos and devotional images translated Catholic doctrine into a visual language that incorporated Andean color, textile patterns, flora and fauna recognizable to Quechua and Aymara viewers. Saints often appeared with Indigenous features and Andean landscapes, making the foreign faith familiar and less threatening. For Indigenous artists, many trained in the workshops of the Convento de San Francisco, the School provided economic opportunity and a respected craft identity while allowing subtle retention of pre-Hispanic iconographic memory. Thus the paintings mediated between imposed religion and local belief.","Cusco School painting functioned as a primary vehicle of evangelization and cultural negotiation for Indigenous communities in Colonial Peru and Bolivia. Commissioned by the Church and colonial elites, its vivid altarpieces, retablos and devotional images translated Catholic doctrine into a visual language that incorporated Andean color, textile patterns, flora and fauna recognizable to Quechua and Aymara viewers. Saints often appeared with Indigenous features and Andean landscapes, making the foreign faith familiar and less threatening. For Indigenous artists, many trained in the workshops of the Convento de San Francisco, the School provided economic opportunity and a respected craft identity while allowing subtle retention of pre-Hispanic iconographic memory. Thus the paintings mediated between imposed religion and local belief.",cusco school painting functioned as a primary vehicle of evangelization and cultural negotiation for indigenous communities in colonial peru and bolivia commissioned by the church and colonial elites its vivid altarpieces retablos and devotional images translated catholic doctrine into a visual language that incorporated andean color textile patterns flora and fauna recognizable to quechua and aymara viewers saints often appeared with indigenous features and andean landscapes making the foreign faith familiar and less threatening for indigenous artists many trained in the workshops of the convento de san francisco the school provided economic opportunity and a respected craft identity while allowing subtle retention of pre hispanic iconographic memory thus the paintings mediated between imposed religion and local belief
explanatory_0254__muse-glimmer-30b,explanatory_0254,explanatory,Were the Political and Economic Effects of the Great Depression between 1929 and 1939 more Devastating in America than in Britain?,"Economic devastation was sharper in America than Britain. US industrial output fell by almost a third, unemployment reached 25% in 1933 and bank failures wiped out savings, compounded by the Dust Bowl. Britain, more reliant on services and empire trade, saw output fall around 6% and unemployment peak near 22%, but its existing Poor Law and later unemployment insurance cushioned the blow.

Politically the impact was more destabilising in the United States. The crisis destroyed faith in laissez-faire, produced the New Deal’s radical restructuring of federal power, and briefly spawned populist and fascist fringe movements. Britain’s parliamentary system absorbed the shock with a National Government, maintained constitutional continuity and avoided mass extremism, making the political effect less devastating than in America.","Economic devastation was sharper in America than Britain. US industrial output fell by almost a third, unemployment reached 25% in 1933 and bank failures wiped out savings, compounded by the Dust Bowl. Britain, more reliant on services and empire trade, saw output fall around 6% and unemployment peak near 22%, but its existing Poor Law and later unemployment insurance cushioned the blow.

Politically the impact was more destabilising in the United States. The crisis destroyed faith in laissez-faire, produced the New Deal's radical restructuring of federal power, and briefly spawned populist and fascist fringe movements. Britain's parliamentary system absorbed the shock with a National Government, maintained constitutional continuity and avoided mass extremism, making the political effect less devastating than in America.",muse-glimmer-30b,meta,True,121,832,test,muse-glimmer-30b-q4_k_m,final-2026-09-20,You are answering questions the way a knowledgeable person would in an online discussion. Write in plain prose. Do not restate the question or add a preamble. Begin with the answer itself.,100,140,8192,default,,end_turn,ollama-local-muse-glimmer-30b,2026-09-28 08:44:14.989185+00:00,32.3,muse-glimmer:30b-q4_K_M,q4_k_m,16384,8192,True,"{""temperature"": ""1"", ""top_k"": ""64"", ""top_p"": ""0.95""}","Economic devastation was sharper in America than Britain. US industrial output fell by almost a third, unemployment reached 25% in 1933 and bank failures wiped out savings, compounded by the Dust Bowl. Britain, more reliant on services and empire trade, saw output fall around 6% and unemployment peak near 22%, but its existing Poor Law and later unemployment insurance cushioned the blow.

Politically the impact was more destabilising in the United States. The crisis destroyed faith in laissez-faire, produced the New Deal's radical restructuring of federal power, and briefly spawned populist and fascist fringe movements. Britain's parliamentary system absorbed the shock with a National Government, maintained constitutional continuity and avoided mass extremism, making the political effect less devastating than in America.","Economic devastation was sharper in America than Britain. US industrial output fell by almost a third, unemployment reached 25% in 1933 and bank failures wiped out savings, compounded by the Dust Bowl. Britain, more reliant on services and empire trade, saw output fall around 6% and unemployment peak near 22%, but its existing Poor Law and later unemployment insurance cushioned the blow. Politically the impact was more destabilising in the United States. The crisis destroyed faith in laissez-faire, produced the New Deal's radical restructuring of federal power, and briefly spawned populist and fascist fringe movements. Britain's parliamentary system absorbed the shock with a National Government, maintained constitutional continuity and avoided mass extremism, making the political effect less devastating than in America.","Economic devastation was sharper in America than Britain. US industrial output fell by almost a third, unemployment reached 25% in 1933 and bank failures wiped out savings, compounded by the Dust Bowl. Britain, more reliant on services and empire trade, saw output fall around 6% and unemployment peak near 22%, but its existing Poor Law and later unemployment insurance cushioned the blow. Politically the impact was more destabilising in the United States. The crisis destroyed faith in laissez-faire, produced the New Deal's radical restructuring of federal power, and briefly spawned populist and fascist fringe movements. Britain's parliamentary system absorbed the shock with a National Government, maintained constitutional continuity and avoided mass extremism, making the political effect less devastating than in America.",economic devastation was sharper in america than britain us industrial output fell by almost a third unemployment reached 25 in 1933 and bank failures wiped out savings compounded by the dust bowl britain more reliant on services and empire trade saw output fall around 6 and unemployment peak near 22 but its existing poor law and later unemployment insurance cushioned the blow politically the impact was more destabilising in the united states the crisis destroyed faith in laissez faire produced the new deal's radical restructuring of federal power and briefly spawned populist and fascist fringe movements britain's parliamentary system absorbed the shock with a national government maintained constitutional continuity and avoided mass extremism making the political effect less devastating than in america
explanatory_0259__muse-glimmer-30b,explanatory_0259,explanatory,How much credibility can be afforded to the theory that the Viking invasion of Britain was a kind of 'pagan crusade' or attempt by Scandinavian pagans at halting the spread of Christianity and 're-paganising' Northern Europe?,"Little to none. The 'pagan crusade' idea is a modern romantic projection with no contemporary support. Viking raids in Britain from the late eighth century were driven by economics, opportunism, political fragmentation and the pursuit of portable wealth, slaves and land, not by a coordinated religious mission. Norse sources, Frankish annals and Anglo-Saxon chronicles record plunder, tribute and settlement, but no evidence of an ideological programme to re-paganise Christian kingdoms. Scandinavian elites were themselves unevenly Christianised and many raiders later settled and converted. Religious violence existed, yet it was episodic and incidental, not a systematic crusade against Christianity. The model fits medieval Christian crusading ideology better than Viking practice.","Little to none. The 'pagan crusade' idea is a modern romantic projection with no contemporary support. Viking raids in Britain from the late eighth century were driven by economics, opportunism, political fragmentation and the pursuit of portable wealth, slaves and land, not by a coordinated religious mission. Norse sources, Frankish annals and Anglo-Saxon chronicles record plunder, tribute and settlement, but no evidence of an ideological programme to re-paganise Christian kingdoms. Scandinavian elites were themselves unevenly Christianised and many raiders later settled and converted. Religious violence existed, yet it was episodic and incidental, not a systematic crusade against Christianity. The model fits medieval Christian crusading ideology better than Viking practice.",muse-glimmer-30b,meta,True,109,786,test,muse-glimmer-30b-q4_k_m,final-2026-09-20,You are answering questions the way a knowledgeable person would in an online discussion. Write in plain prose. Do not restate the question or add a preamble. Begin with the answer itself.,100,140,8192,default,,end_turn,ollama-local-muse-glimmer-30b,2026-09-28 08:44:40.599694+00:00,32.3,muse-glimmer:30b-q4_K_M,q4_k_m,16384,8192,True,"{""temperature"": ""1"", ""top_k"": ""64"", ""top_p"": ""0.95""}","Little to none. The 'pagan crusade' idea is a modern romantic projection with no contemporary support. Viking raids in Britain from the late eighth century were driven by economics, opportunism, political fragmentation and the pursuit of portable wealth, slaves and land, not by a coordinated religious mission. Norse sources, Frankish annals and Anglo-Saxon chronicles record plunder, tribute and settlement, but no evidence of an ideological programme to re-paganise Christian kingdoms. Scandinavian elites were themselves unevenly Christianised and many raiders later settled and converted. Religious violence existed, yet it was episodic and incidental, not a systematic crusade against Christianity. The model fits medieval Christian crusading ideology better than Viking practice.","Little to none. The 'pagan crusade' idea is a modern romantic projection with no contemporary support. Viking raids in Britain from the late eighth century were driven by economics, opportunism, political fragmentation and the pursuit of portable wealth, slaves and land, not by a coordinated religious mission. Norse sources, Frankish annals and Anglo-Saxon chronicles record plunder, tribute and settlement, but no evidence of an ideological programme to re-paganise Christian kingdoms. Scandinavian elites were themselves unevenly Christianised and many raiders later settled and converted. Religious violence existed, yet it was episodic and incidental, not a systematic crusade against Christianity. The model fits medieval Christian crusading ideology better than Viking practice.","Little to none. The 'pagan crusade' idea is a modern romantic projection with no contemporary support. Viking raids in Britain from the late eighth century were driven by economics, opportunism, political fragmentation and the pursuit of portable wealth, slaves and land, not by a coordinated religious mission. Norse sources, Frankish annals and Anglo-Saxon chronicles record plunder, tribute and settlement, but no evidence of an ideological programme to re-paganise Christian kingdoms. Scandinavian elites were themselves unevenly Christianised and many raiders later settled and converted. Religious violence existed, yet it was episodic and incidental, not a systematic crusade against Christianity. The model fits medieval Christian crusading ideology better than Viking practice.",little to none the pagan crusade idea is a modern romantic projection with no contemporary support viking raids in britain from the late eighth century were driven by economics opportunism political fragmentation and the pursuit of portable wealth slaves and land not by a coordinated religious mission norse sources frankish annals and anglo saxon chronicles record plunder tribute and settlement but no evidence of an ideological programme to re paganise christian kingdoms scandinavian elites were themselves unevenly christianised and many raiders later settled and converted religious violence existed yet it was episodic and incidental not a systematic crusade against christianity the model fits medieval christian crusading ideology better than viking practice
explanatory_0263__muse-glimmer-30b,explanatory_0263,explanatory,How extensively used/practical was the radio as a method of troop communication in WWI?,"Radio was marginal for ground troops in WWI. Field telephones, runners, carrier pigeons and visual signals dominated infantry communication. Early sets were bulky, fragile, battery hungry and prone to atmospheric interference, with unreliable reception in trenches.

Radio proved practical for navy fleets and aircraft, and for corps-level artillery coordination, where trained operators and power sources were available. Armies experimented with portable sets, notably the British and French, but security fears and lack of standardization limited adoption. By 1918 limited radio use appeared at the front, but it remained a specialist tool rather than routine troop communication. The telephone wire remained the workhorse until radio miniaturization after the war made it truly mobile.","Radio was marginal for ground troops in WWI. Field telephones, runners, carrier pigeons and visual signals dominated infantry communication. Early sets were bulky, fragile, battery hungry and prone to atmospheric interference, with unreliable reception in trenches.

Radio proved practical for navy fleets and aircraft, and for corps-level artillery coordination, where trained operators and power sources were available. Armies experimented with portable sets, notably the British and French, but security fears and lack of standardization limited adoption. By 1918 limited radio use appeared at the front, but it remained a specialist tool rather than routine troop communication. The telephone wire remained the workhorse until radio miniaturization after the war made it truly mobile.",muse-glimmer-30b,meta,True,112,788,test,muse-glimmer-30b-q4_k_m,final-2026-09-20,You are answering questions the way a knowledgeable person would in an online discussion. Write in plain prose. Do not restate the question or add a preamble. Begin with the answer itself.,100,140,8192,default,,end_turn,ollama-local-muse-glimmer-30b,2026-09-28 08:45:07.232046+00:00,32.3,muse-glimmer:30b-q4_K_M,q4_k_m,16384,8192,True,"{""temperature"": ""1"", ""top_k"": ""64"", ""top_p"": ""0.95""}","Radio was marginal for ground troops in WWI. Field telephones, runners, carrier pigeons and visual signals dominated infantry communication. Early sets were bulky, fragile, battery hungry and prone to atmospheric interference, with unreliable reception in trenches.

Radio proved practical for navy fleets and aircraft, and for corps-level artillery coordination, where trained operators and power sources were available. Armies experimented with portable sets, notably the British and French, but security fears and lack of standardization limited adoption. By 1918 limited radio use appeared at the front, but it remained a specialist tool rather than routine troop communication. The telephone wire remained the workhorse until radio miniaturization after the war made it truly mobile.","Radio was marginal for ground troops in WWI. Field telephones, runners, carrier pigeons and visual signals dominated infantry communication. Early sets were bulky, fragile, battery hungry and prone to atmospheric interference, with unreliable reception in trenches. Radio proved practical for navy fleets and aircraft, and for corps-level artillery coordination, where trained operators and power sources were available. Armies experimented with portable sets, notably the British and French, but security fears and lack of standardization limited adoption. By 1918 limited radio use appeared at the front, but it remained a specialist tool rather than routine troop communication. The telephone wire remained the workhorse until radio miniaturization after the war made it truly mobile.","Radio was marginal for ground troops in WWI. Field telephones, runners, carrier pigeons and visual signals dominated infantry communication. Early sets were bulky, fragile, battery hungry and prone to atmospheric interference, with unreliable reception in trenches. Radio proved practical for navy fleets and aircraft, and for corps-level artillery coordination, where trained operators and power sources were available. Armies experimented with portable sets, notably the British and French, but security fears and lack of standardization limited adoption. By 1918 limited radio use appeared at the front, but it remained a specialist tool rather than routine troop communication. The telephone wire remained the workhorse until radio miniaturization after the war made it truly mobile.",radio was marginal for ground troops in wwi field telephones runners carrier pigeons and visual signals dominated infantry communication early sets were bulky fragile battery hungry and prone to atmospheric interference with unreliable reception in trenches radio proved practical for navy fleets and aircraft and for corps level artillery coordination where trained operators and power sources were available armies experimented with portable sets notably the british and french but security fears and lack of standardization limited adoption by 1918 limited radio use appeared at the front but it remained a specialist tool rather than routine troop communication the telephone wire remained the workhorse until radio miniaturization after the war made it truly mobile
explanatory_0269__muse-glimmer-30b,explanatory_0269,explanatory,Were there past societies who had standards of human attractiveness that were the same as the contemporary west?,"No. Contemporary Western ideals of thinness, high cheekbones, large eyes, clear skin, and youthful full lips are historically recent and culturally specific. Past societies prized different traits, often signaling wealth, fertility, or status rather than slenderness. Victorian Britain admired pale skin and small waists; 18th-century Europe celebrated plumpness as a sign of prosperity. Ancient Greeks valued athletic muscularity and proportion, while 19th-century ideals shifted again toward thinness after the rise of modern fashion and media. Beauty standards have always been shaped by economics, religion, and technology. While symmetry and health have long been valued cross-culturally, the specific contemporary Western combination is a product of post-war consumer culture, mass media, and dieting norms, not a timeless universal.","No. Contemporary Western ideals of thinness, high cheekbones, large eyes, clear skin, and youthful full lips are historically recent and culturally specific. Past societies prized different traits, often signaling wealth, fertility, or status rather than slenderness. Victorian Britain admired pale skin and small waists; 18th-century Europe celebrated plumpness as a sign of prosperity. Ancient Greeks valued athletic muscularity and proportion, while 19th-century ideals shifted again toward thinness after the rise of modern fashion and media. Beauty standards have always been shaped by economics, religion, and technology. While symmetry and health have long been valued cross-culturally, the specific contemporary Western combination is a product of post-war consumer culture, mass media, and dieting norms, not a timeless universal.",muse-glimmer-30b,meta,True,116,839,test,muse-glimmer-30b-q4_k_m,final-2026-09-20,You are answering questions the way a knowledgeable person would in an online discussion. Write in plain prose. Do not restate the question or add a preamble. Begin with the answer itself.,100,140,8192,default,,end_turn,ollama-local-muse-glimmer-30b,2026-09-28 08:45:33.653032+00:00,32.3,muse-glimmer:30b-q4_K_M,q4_k_m,16384,8192,True,"{""temperature"": ""1"", ""top_k"": ""64"", ""top_p"": ""0.95""}","No. Contemporary Western ideals of thinness, high cheekbones, large eyes, clear skin, and youthful full lips are historically recent and culturally specific. Past societies prized different traits, often signaling wealth, fertility, or status rather than slenderness. Victorian Britain admired pale skin and small waists; 18th-century Europe celebrated plumpness as a sign of prosperity. Ancient Greeks valued athletic muscularity and proportion, while 19th-century ideals shifted again toward thinness after the rise of modern fashion and media. Beauty standards have always been shaped by economics, religion, and technology. While symmetry and health have long been valued cross-culturally, the specific contemporary Western combination is a product of post-war consumer culture, mass media, and dieting norms, not a timeless universal.","No. Contemporary Western ideals of thinness, high cheekbones, large eyes, clear skin, and youthful full lips are historically recent and culturally specific. Past societies prized different traits, often signaling wealth, fertility, or status rather than slenderness. Victorian Britain admired pale skin and small waists; 18th-century Europe celebrated plumpness as a sign of prosperity. Ancient Greeks valued athletic muscularity and proportion, while 19th-century ideals shifted again toward thinness after the rise of modern fashion and media. Beauty standards have always been shaped by economics, religion, and technology. While symmetry and health have long been valued cross-culturally, the specific contemporary Western combination is a product of post-war consumer culture, mass media, and dieting norms, not a timeless universal.","No. Contemporary Western ideals of thinness, high cheekbones, large eyes, clear skin, and youthful full lips are historically recent and culturally specific. Past societies prized different traits, often signaling wealth, fertility, or status rather than slenderness. Victorian Britain admired pale skin and small waists; 18th-century Europe celebrated plumpness as a sign of prosperity. Ancient Greeks valued athletic muscularity and proportion, while 19th-century ideals shifted again toward thinness after the rise of modern fashion and media. Beauty standards have always been shaped by economics, religion, and technology. While symmetry and health have long been valued cross-culturally, the specific contemporary Western combination is a product of post-war consumer culture, mass media, and dieting norms, not a timeless universal.",no contemporary western ideals of thinness high cheekbones large eyes clear skin and youthful full lips are historically recent and culturally specific past societies prized different traits often signaling wealth fertility or status rather than slenderness victorian britain admired pale skin and small waists 18th century europe celebrated plumpness as a sign of prosperity ancient greeks valued athletic muscularity and proportion while 19th century ideals shifted again toward thinness after the rise of modern fashion and media beauty standards have always been shaped by economics religion and technology while symmetry and health have long been valued cross culturally the specific contemporary western combination is a product of post war consumer culture mass media and dieting norms not a timeless universal
explanatory_0286__muse-glimmer-30b,explanatory_0286,explanatory,Did Marco Polo actually go to China?,"Most historians think Marco Polo did travel to China, arriving around 1275 and leaving in 1292, serving at the court of Kublai Khan. His account, written in prison c.1298, describes the Mongol capital Khanbaliq, paper money, coal, and cities like Hangzhou, details that match Chinese sources.

Skeptics note anachronisms, lack of contemporary Chinese records naming him, and implausible episodes, suggesting he may have relied on secondhand reports. The absence is not surprising given Yuan-era records were lost and foreigners were rarely noted.

Overall the balance of evidence supports a real journey, though the Book of Marvels blends observation with exaggeration typical of medieval travel writing.","Most historians think Marco Polo did travel to China, arriving around 1275 and leaving in 1292, serving at the court of Kublai Khan. His account, written in prison c.1298, describes the Mongol capital Khanbaliq, paper money, coal, and cities like Hangzhou, details that match Chinese sources.

Skeptics note anachronisms, lack of contemporary Chinese records naming him, and implausible episodes, suggesting he may have relied on secondhand reports. The absence is not surprising given Yuan-era records were lost and foreigners were rarely noted.

Overall the balance of evidence supports a real journey, though the Book of Marvels blends observation with exaggeration typical of medieval travel writing.",muse-glimmer-30b,meta,True,105,704,test,muse-glimmer-30b-q4_k_m,final-2026-09-20,You are answering questions the way a knowledgeable person would in an online discussion. Write in plain prose. Do not restate the question or add a preamble. Begin with the answer itself.,100,140,8192,default,,end_turn,ollama-local-muse-glimmer-30b,2026-09-28 08:46:00.509932+00:00,32.3,muse-glimmer:30b-q4_K_M,q4_k_m,16384,8192,True,"{""temperature"": ""1"", ""top_k"": ""64"", ""top_p"": ""0.95""}","Most historians think Marco Polo did travel to China, arriving around 1275 and leaving in 1292, serving at the court of Kublai Khan. His account, written in prison c.1298, describes the Mongol capital Khanbaliq, paper money, coal, and cities like Hangzhou, details that match Chinese sources.

Skeptics note anachronisms, lack of contemporary Chinese records naming him, and implausible episodes, suggesting he may have relied on secondhand reports. The absence is not surprising given Yuan-era records were lost and foreigners were rarely noted.

Overall the balance of evidence supports a real journey, though the Book of Marvels blends observation with exaggeration typical of medieval travel writing.","Most historians think Marco Polo did travel to China, arriving around 1275 and leaving in 1292, serving at the court of Kublai Khan. His account, written in prison c.1298, describes the Mongol capital Khanbaliq, paper money, coal, and cities like Hangzhou, details that match Chinese sources. Skeptics note anachronisms, lack of contemporary Chinese records naming him, and implausible episodes, suggesting he may have relied on secondhand reports. The absence is not surprising given Yuan-era records were lost and foreigners were rarely noted. Overall the balance of evidence supports a real journey, though the Book of Marvels blends observation with exaggeration typical of medieval travel writing.","Most historians think Marco Polo did travel to China, arriving around 1275 and leaving in 1292, serving at the court of Kublai Khan. His account, written in prison c.1298, describes the Mongol capital Khanbaliq, paper money, coal, and cities like Hangzhou, details that match Chinese sources. Skeptics note anachronisms, lack of contemporary Chinese records naming him, and implausible episodes, suggesting he may have relied on secondhand reports. The absence is not surprising given Yuan-era records were lost and foreigners were rarely noted. Overall the balance of evidence supports a real journey, though the Book of Marvels blends observation with exaggeration typical of medieval travel writing.",most historians think marco polo did travel to china arriving around 1275 and leaving in 1292 serving at the court of kublai khan his account written in prison c 1298 describes the mongol capital khanbaliq paper money coal and cities like hangzhou details that match chinese sources skeptics note anachronisms lack of contemporary chinese records naming him and implausible episodes suggesting he may have relied on secondhand reports the absence is not surprising given yuan era records were lost and foreigners were rarely noted overall the balance of evidence supports a real journey though the book of marvels blends observation with exaggeration typical of medieval travel writing
explanatory_0299__muse-glimmer-30b,explanatory_0299,explanatory,how does science explain the seemingly mindful and certainly well coordinated actions performed by tiny molecular structures in living cells?,"Science sees no mindfulness, only chemistry. Proteins, lipids and nucleic acids follow physical laws of diffusion, binding affinity and energy gradients. Shapes of molecules make them fit like keys in locks, so reactions happen preferentially when concentrations and temperatures allow. ATP hydrolysis provides directional work; motors such as kinesin walk along filaments by biased random stepping, not choice. Feedback loops, allosteric regulation and compartmentalization create coordination that looks purposeful. Emergence from simple rules gives system-level order: self-assembly, autocatalysis and selection make structures stable and reproducible. What appears intelligent is the result of evolution shaping molecular interactions over billions of years, producing reliable, robust mechanisms without awareness.","Science sees no mindfulness, only chemistry. Proteins, lipids and nucleic acids follow physical laws of diffusion, binding affinity and energy gradients. Shapes of molecules make them fit like keys in locks, so reactions happen preferentially when concentrations and temperatures allow. ATP hydrolysis provides directional work; motors such as kinesin walk along filaments by biased random stepping, not choice. Feedback loops, allosteric regulation and compartmentalization create coordination that looks purposeful. Emergence from simple rules gives system-level order: self-assembly, autocatalysis and selection make structures stable and reproducible. What appears intelligent is the result of evolution shaping molecular interactions over billions of years, producing reliable, robust mechanisms without awareness.",muse-glimmer-30b,meta,True,106,819,test,muse-glimmer-30b-q4_k_m,final-2026-09-20,You are answering questions the way a knowledgeable person would in an online discussion. Write in plain prose. Do not restate the question or add a preamble. Begin with the answer itself.,100,140,8192,default,,end_turn,ollama-local-muse-glimmer-30b,2026-09-28 08:46:26.215131+00:00,32.3,muse-glimmer:30b-q4_K_M,q4_k_m,16384,8192,True,"{""temperature"": ""1"", ""top_k"": ""64"", ""top_p"": ""0.95""}","Science sees no mindfulness, only chemistry. Proteins, lipids and nucleic acids follow physical laws of diffusion, binding affinity and energy gradients. Shapes of molecules make them fit like keys in locks, so reactions happen preferentially when concentrations and temperatures allow. ATP hydrolysis provides directional work; motors such as kinesin walk along filaments by biased random stepping, not choice. Feedback loops, allosteric regulation and compartmentalization create coordination that looks purposeful. Emergence from simple rules gives system-level order: self-assembly, autocatalysis and selection make structures stable and reproducible. What appears intelligent is the result of evolution shaping molecular interactions over billions of years, producing reliable, robust mechanisms without awareness.","Science sees no mindfulness, only chemistry. Proteins, lipids and nucleic acids follow physical laws of diffusion, binding affinity and energy gradients. Shapes of molecules make them fit like keys in locks, so reactions happen preferentially when concentrations and temperatures allow. ATP hydrolysis provides directional work; motors such as kinesin walk along filaments by biased random stepping, not choice. Feedback loops, allosteric regulation and compartmentalization create coordination that looks purposeful. Emergence from simple rules gives system-level order: self-assembly, autocatalysis and selection make structures stable and reproducible. What appears intelligent is the result of evolution shaping molecular interactions over billions of years, producing reliable, robust mechanisms without awareness.","Science sees no mindfulness, only chemistry. Proteins, lipids and nucleic acids follow physical laws of diffusion, binding affinity and energy gradients. Shapes of molecules make them fit like keys in locks, so reactions happen preferentially when concentrations and temperatures allow. ATP hydrolysis provides directional work; motors such as kinesin walk along filaments by biased random stepping, not choice. Feedback loops, allosteric regulation and compartmentalization create coordination that looks purposeful. Emergence from simple rules gives system-level order: self-assembly, autocatalysis and selection make structures stable and reproducible. What appears intelligent is the result of evolution shaping molecular interactions over billions of years, producing reliable, robust mechanisms without awareness.",science sees no mindfulness only chemistry proteins lipids and nucleic acids follow physical laws of diffusion binding affinity and energy gradients shapes of molecules make them fit like keys in locks so reactions happen preferentially when concentrations and temperatures allow atp hydrolysis provides directional work motors such as kinesin walk along filaments by biased random stepping not choice feedback loops allosteric regulation and compartmentalization create coordination that looks purposeful emergence from simple rules gives system level order self assembly autocatalysis and selection make structures stable and reproducible what appears intelligent is the result of evolution shaping molecular interactions over billions of years producing reliable robust mechanisms without awareness
explanatory_0328__muse-glimmer-30b,explanatory_0328,explanatory,"How was Newton's gravity equation derived if we didn't know the specific quantities involved? How could you check your math with the evidence to verify it's correct? (Such as the masses of planetary objects or the distance between them?) Said another way, how did we compute the masses of planets?","Newton deduced an inverse-square force from Kepler’s three laws and the requirement that elliptical orbits result from central forces. The constant of proportionality, G, was left undetermined because only ratios of masses mattered for planetary motions. He could test the law by predicting periods, precession and tides from relative distances and observed motions, not absolute masses. Absolute masses emerged later from dynamics: using the known Earth-Moon system, or the motion of moons around planets, Kepler’s third law gives M∝ a³/P². By fixing the Sun’s mass via Earth’s orbit, planetary masses are obtained as ratios from their satellites and from perturbations. G was measured experimentally only in 1798 by Cavendish.","Newton deduced an inverse-square force from Kepler's three laws and the requirement that elliptical orbits result from central forces. The constant of proportionality, G, was left undetermined because only ratios of masses mattered for planetary motions. He could test the law by predicting periods, precession and tides from relative distances and observed motions, not absolute masses. Absolute masses emerged later from dynamics: using the known Earth-Moon system, or the motion of moons around planets, Kepler's third law gives M∝ a³/P². By fixing the Sun's mass via Earth's orbit, planetary masses are obtained as ratios from their satellites and from perturbations. G was measured experimentally only in 1798 by Cavendish.",muse-glimmer-30b,meta,True,109,728,test,muse-glimmer-30b-q4_k_m,final-2026-09-20,You are answering questions the way a knowledgeable person would in an online discussion. Write in plain prose. Do not restate the question or add a preamble. Begin with the answer itself.,100,140,8192,default,,end_turn,ollama-local-muse-glimmer-30b,2026-09-28 08:46:50.948918+00:00,32.3,muse-glimmer:30b-q4_K_M,q4_k_m,16384,8192,True,"{""temperature"": ""1"", ""top_k"": ""64"", ""top_p"": ""0.95""}","Newton deduced an inverse-square force from Kepler's three laws and the requirement that elliptical orbits result from central forces. The constant of proportionality, G, was left undetermined because only ratios of masses mattered for planetary motions. He could test the law by predicting periods, precession and tides from relative distances and observed motions, not absolute masses. Absolute masses emerged later from dynamics: using the known Earth-Moon system, or the motion of moons around planets, Kepler's third law gives M∝ a³/P². By fixing the Sun's mass via Earth's orbit, planetary masses are obtained as ratios from their satellites and from perturbations. G was measured experimentally only in 1798 by Cavendish.","Newton deduced an inverse-square force from Kepler's three laws and the requirement that elliptical orbits result from central forces. The constant of proportionality, G, was left undetermined because only ratios of masses mattered for planetary motions. He could test the law by predicting periods, precession and tides from relative distances and observed motions, not absolute masses. Absolute masses emerged later from dynamics: using the known Earth-Moon system, or the motion of moons around planets, Kepler's third law gives M∝ a³/P². By fixing the Sun's mass via Earth's orbit, planetary masses are obtained as ratios from their satellites and from perturbations. G was measured experimentally only in 1798 by Cavendish.","Newton deduced an inverse-square force from Kepler's three laws and the requirement that elliptical orbits result from central forces. The constant of proportionality, G, was left undetermined because only ratios of masses mattered for planetary motions. He could test the law by predicting periods, precession and tides from relative distances and observed motions, not absolute masses. Absolute masses emerged later from dynamics: using the known Earth-Moon system, or the motion of moons around planets, Kepler's third law gives M∝ a³/P². By fixing the Sun's mass via Earth's orbit, planetary masses are obtained as ratios from their satellites and from perturbations. G was measured experimentally only in 1798 by Cavendish.",newton deduced an inverse square force from kepler's three laws and the requirement that elliptical orbits result from central forces the constant of proportionality g was left undetermined because only ratios of masses mattered for planetary motions he could test the law by predicting periods precession and tides from relative distances and observed motions not absolute masses absolute masses emerged later from dynamics using the known earth moon system or the motion of moons around planets kepler's third law gives m a³ p² by fixing the sun's mass via earth's orbit planetary masses are obtained as ratios from their satellites and from perturbations g was measured experimentally only in 1798 by cavendish
explanatory_0329__muse-glimmer-30b,explanatory_0329,explanatory,How does the ink of the inkjet printer fall at the right spot on the paper?,"An inkjet printer uses a moving carriage with printheads containing hundreds of microscopic nozzles. A controller reads the document data and converts it into firing commands timed to the paper position. As the carriage scans left to right, sensors track its speed and the paper feed position. For each dot, the controller pulses a piezo crystal or heater in a nozzle, creating pressure that ejects a droplet about 10 picoliters. The droplet travels ~1 mm to the paper in about 50 microseconds. Timing is synchronized with carriage encoder and stepper motor steps so the droplet arrives when the paper is directly below the nozzle. After each pass the paper advances a precise fraction of an inch, and the next scan fills the rows.","An inkjet printer uses a moving carriage with printheads containing hundreds of microscopic nozzles. A controller reads the document data and converts it into firing commands timed to the paper position. As the carriage scans left to right, sensors track its speed and the paper feed position. For each dot, the controller pulses a piezo crystal or heater in a nozzle, creating pressure that ejects a droplet about 10 picoliters. The droplet travels ~1 mm to the paper in about 50 microseconds. Timing is synchronized with carriage encoder and stepper motor steps so the droplet arrives when the paper is directly below the nozzle. After each pass the paper advances a precise fraction of an inch, and the next scan fills the rows.",muse-glimmer-30b,meta,True,123,731,test,muse-glimmer-30b-q4_k_m,final-2026-09-20,You are answering questions the way a knowledgeable person would in an online discussion. Write in plain prose. Do not restate the question or add a preamble. Begin with the answer itself.,100,140,8192,default,,end_turn,ollama-local-muse-glimmer-30b,2026-09-28 08:47:13.065327+00:00,32.3,muse-glimmer:30b-q4_K_M,q4_k_m,16384,8192,True,"{""temperature"": ""1"", ""top_k"": ""64"", ""top_p"": ""0.95""}","An inkjet printer uses a moving carriage with printheads containing hundreds of microscopic nozzles. A controller reads the document data and converts it into firing commands timed to the paper position. As the carriage scans left to right, sensors track its speed and the paper feed position. For each dot, the controller pulses a piezo crystal or heater in a nozzle, creating pressure that ejects a droplet about 10 picoliters. The droplet travels ~1 mm to the paper in about 50 microseconds. Timing is synchronized with carriage encoder and stepper motor steps so the droplet arrives when the paper is directly below the nozzle. After each pass the paper advances a precise fraction of an inch, and the next scan fills the rows.","An inkjet printer uses a moving carriage with printheads containing hundreds of microscopic nozzles. A controller reads the document data and converts it into firing commands timed to the paper position. As the carriage scans left to right, sensors track its speed and the paper feed position. For each dot, the controller pulses a piezo crystal or heater in a nozzle, creating pressure that ejects a droplet about 10 picoliters. The droplet travels ~1 mm to the paper in about 50 microseconds. Timing is synchronized with carriage encoder and stepper motor steps so the droplet arrives when the paper is directly below the nozzle. After each pass the paper advances a precise fraction of an inch, and the next scan fills the rows.","An inkjet printer uses a moving carriage with printheads containing hundreds of microscopic nozzles. A controller reads the document data and converts it into firing commands timed to the paper position. As the carriage scans left to right, sensors track its speed and the paper feed position. For each dot, the controller pulses a piezo crystal or heater in a nozzle, creating pressure that ejects a droplet about 10 picoliters. The droplet travels ~1 mm to the paper in about 50 microseconds. Timing is synchronized with carriage encoder and stepper motor steps so the droplet arrives when the paper is directly below the nozzle. After each pass the paper advances a precise fraction of an inch, and the next scan fills the rows.",an inkjet printer uses a moving carriage with printheads containing hundreds of microscopic nozzles a controller reads the document data and converts it into firing commands timed to the paper position as the carriage scans left to right sensors track its speed and the paper feed position for each dot the controller pulses a piezo crystal or heater in a nozzle creating pressure that ejects a droplet about 10 picoliters the droplet travels 1 mm to the paper in about 50 microseconds timing is synchronized with carriage encoder and stepper motor steps so the droplet arrives when the paper is directly below the nozzle after each pass the paper advances a precise fraction of an inch and the next scan fills the rows
explanatory_0348__muse-glimmer-30b,explanatory_0348,explanatory,Why inverse square laws?,"Flux from a point source spreads over the area of an expanding sphere, 4πr². Total power, field strength or force lines are conserved, so the density falls as one over area, i.e. 1/r². In three-dimensional Euclidean space the surface of a sphere grows quadratically with radius, giving the inverse square law for gravity, electrostatics, radiation intensity and inverse square illuminance. The law is geometric, not dynamical. In other dimensions the falloff differs: 1/r in 2D, constant in 1D. Deviations appear only with absorption, shielding or non-point sources. Gauss's law formalizes this: the flux through a closed surface is independent of radius, so field strength must scale inversely with area.","Flux from a point source spreads over the area of an expanding sphere, 4πr². Total power, field strength or force lines are conserved, so the density falls as one over area, i.e. 1/r². In three-dimensional Euclidean space the surface of a sphere grows quadratically with radius, giving the inverse square law for gravity, electrostatics, radiation intensity and inverse square illuminance. The law is geometric, not dynamical. In other dimensions the falloff differs: 1/r in 2D, constant in 1D. Deviations appear only with absorption, shielding or non-point sources. Gauss's law formalizes this: the flux through a closed surface is independent of radius, so field strength must scale inversely with area.",muse-glimmer-30b,meta,True,109,705,test,muse-glimmer-30b-q4_k_m,final-2026-09-20,You are answering questions the way a knowledgeable person would in an online discussion. Write in plain prose. Do not restate the question or add a preamble. Begin with the answer itself.,100,140,8192,default,,end_turn,ollama-local-muse-glimmer-30b,2026-09-28 08:47:53.702465+00:00,32.3,muse-glimmer:30b-q4_K_M,q4_k_m,16384,8192,True,"{""temperature"": ""1"", ""top_k"": ""64"", ""top_p"": ""0.95""}","Flux from a point source spreads over the area of an expanding sphere, 4πr². Total power, field strength or force lines are conserved, so the density falls as one over area, i.e. 1/r². In three-dimensional Euclidean space the surface of a sphere grows quadratically with radius, giving the inverse square law for gravity, electrostatics, radiation intensity and inverse square illuminance. The law is geometric, not dynamical. In other dimensions the falloff differs: 1/r in 2D, constant in 1D. Deviations appear only with absorption, shielding or non-point sources. Gauss's law formalizes this: the flux through a closed surface is independent of radius, so field strength must scale inversely with area.","Flux from a point source spreads over the area of an expanding sphere, 4πr². Total power, field strength or force lines are conserved, so the density falls as one over area, i.e. 1/r². In three-dimensional Euclidean space the surface of a sphere grows quadratically with radius, giving the inverse square law for gravity, electrostatics, radiation intensity and inverse square illuminance. The law is geometric, not dynamical. In other dimensions the falloff differs: 1/r in 2D, constant in 1D. Deviations appear only with absorption, shielding or non-point sources. Gauss's law formalizes this: the flux through a closed surface is independent of radius, so field strength must scale inversely with area.","Flux from a point source spreads over the area of an expanding sphere, 4πr². Total power, field strength or force lines are conserved, so the density falls as one over area, i.e. 1/r². In three-dimensional Euclidean space the surface of a sphere grows quadratically with radius, giving the inverse square law for gravity, electrostatics, radiation intensity and inverse square illuminance. The law is geometric, not dynamical. In other dimensions the falloff differs: 1/r in 2D, constant in 1D. Deviations appear only with absorption, shielding or non-point sources. Gauss's law formalizes this: the flux through a closed surface is independent of radius, so field strength must scale inversely with area.",flux from a point source spreads over the area of an expanding sphere 4πr² total power field strength or force lines are conserved so the density falls as one over area i e 1 r² in three dimensional euclidean space the surface of a sphere grows quadratically with radius giving the inverse square law for gravity electrostatics radiation intensity and inverse square illuminance the law is geometric not dynamical in other dimensions the falloff differs 1 r in 2d constant in 1d deviations appear only with absorption shielding or non point sources gauss's law formalizes this the flux through a closed surface is independent of radius so field strength must scale inversely with area
explanatory_0352__muse-glimmer-30b,explanatory_0352,explanatory,"Since everything in the universe is experiences some amount of gravity from other celestial bodies always, does that mean the universe as a whole is experiencing time slower than ""real"" time time actually passes?","Gravitational time dilation means clocks run slower deeper in a potential well, but there is no privileged “real” time to compare against. Every local observer measures proper time normally for them, and only differences between clocks in different potentials are observable.

The Universe has no external frame where time could be defined as absolute. The average gravitational potential across the cosmos is roughly zero in a Friedmann-Lemaître-Robertson-Walker model, and cosmic expansion dominates the overall rate of change. In practice the net effect averages out, and there is no single universal slowdown. Locally you do experience tiny slowdowns near massive bodies, but those are relative to clocks elsewhere, not to an absolute cosmic clock.","Gravitational time dilation means clocks run slower deeper in a potential well, but there is no privileged ""real"" time to compare against. Every local observer measures proper time normally for them, and only differences between clocks in different potentials are observable.

The Universe has no external frame where time could be defined as absolute. The average gravitational potential across the cosmos is roughly zero in a Friedmann-Lemaître-Robertson-Walker model, and cosmic expansion dominates the overall rate of change. In practice the net effect averages out, and there is no single universal slowdown. Locally you do experience tiny slowdowns near massive bodies, but those are relative to clocks elsewhere, not to an absolute cosmic clock.",muse-glimmer-30b,meta,True,113,752,test,muse-glimmer-30b-q4_k_m,final-2026-09-20,You are answering questions the way a knowledgeable person would in an online discussion. Write in plain prose. Do not restate the question or add a preamble. Begin with the answer itself.,100,140,8192,default,,end_turn,ollama-local-muse-glimmer-30b,2026-09-28 08:48:19.700959+00:00,32.3,muse-glimmer:30b-q4_K_M,q4_k_m,16384,8192,True,"{""temperature"": ""1"", ""top_k"": ""64"", ""top_p"": ""0.95""}","Gravitational time dilation means clocks run slower deeper in a potential well, but there is no privileged ""real"" time to compare against. Every local observer measures proper time normally for them, and only differences between clocks in different potentials are observable.

The Universe has no external frame where time could be defined as absolute. The average gravitational potential across the cosmos is roughly zero in a Friedmann-Lemaître-Robertson-Walker model, and cosmic expansion dominates the overall rate of change. In practice the net effect averages out, and there is no single universal slowdown. Locally you do experience tiny slowdowns near massive bodies, but those are relative to clocks elsewhere, not to an absolute cosmic clock.","Gravitational time dilation means clocks run slower deeper in a potential well, but there is no privileged ""real"" time to compare against. Every local observer measures proper time normally for them, and only differences between clocks in different potentials are observable. The Universe has no external frame where time could be defined as absolute. The average gravitational potential across the cosmos is roughly zero in a Friedmann-Lemaître-Robertson-Walker model, and cosmic expansion dominates the overall rate of change. In practice the net effect averages out, and there is no single universal slowdown. Locally you do experience tiny slowdowns near massive bodies, but those are relative to clocks elsewhere, not to an absolute cosmic clock.","Gravitational time dilation means clocks run slower deeper in a potential well, but there is no privileged ""real"" time to compare against. Every local observer measures proper time normally for them, and only differences between clocks in different potentials are observable. The Universe has no external frame where time could be defined as absolute. The average gravitational potential across the cosmos is roughly zero in a Friedmann-Lemaître-Robertson-Walker model, and cosmic expansion dominates the overall rate of change. In practice the net effect averages out, and there is no single universal slowdown. Locally you do experience tiny slowdowns near massive bodies, but those are relative to clocks elsewhere, not to an absolute cosmic clock.",gravitational time dilation means clocks run slower deeper in a potential well but there is no privileged real time to compare against every local observer measures proper time normally for them and only differences between clocks in different potentials are observable the universe has no external frame where time could be defined as absolute the average gravitational potential across the cosmos is roughly zero in a friedmann lemaître robertson walker model and cosmic expansion dominates the overall rate of change in practice the net effect averages out and there is no single universal slowdown locally you do experience tiny slowdowns near massive bodies but those are relative to clocks elsewhere not to an absolute cosmic clock
explanatory_0353__muse-glimmer-30b,explanatory_0353,explanatory,"Would it be possible to change somebody's blood type by draining their body completely of blood, and then replacing it with a different blood type?","No. Blood type is determined by antigens on red cells produced by your bone marrow, and by the genotype you carry. Draining blood and replacing it removes circulating cells, but not the hematopoietic stem cells that make them. Those stem cells will rapidly regenerate red cells with your own ABO and Rh antigens. An exchange transfusion can temporarily change the cells in circulation, but once donor red cells are cleared your marrow repopulates with your own type. Massive whole-body exsanguination is also lethal without continuous perfusion. Genetic editing of stem cells would be required for a permanent change. Current medicine cannot rewrite your DNA, and the procedure would be fatal long before any change could occur.","No. Blood type is determined by antigens on red cells produced by your bone marrow, and by the genotype you carry. Draining blood and replacing it removes circulating cells, but not the hematopoietic stem cells that make them. Those stem cells will rapidly regenerate red cells with your own ABO and Rh antigens. An exchange transfusion can temporarily change the cells in circulation, but once donor red cells are cleared your marrow repopulates with your own type. Massive whole-body exsanguination is also lethal without continuous perfusion. Genetic editing of stem cells would be required for a permanent change. Current medicine cannot rewrite your DNA, and the procedure would be fatal long before any change could occur.",muse-glimmer-30b,meta,True,116,728,test,muse-glimmer-30b-q4_k_m,final-2026-09-20,You are answering questions the way a knowledgeable person would in an online discussion. Write in plain prose. Do not restate the question or add a preamble. Begin with the answer itself.,100,140,8192,default,,end_turn,ollama-local-muse-glimmer-30b,2026-09-28 08:48:49.652924+00:00,32.3,muse-glimmer:30b-q4_K_M,q4_k_m,16384,8192,True,"{""temperature"": ""1"", ""top_k"": ""64"", ""top_p"": ""0.95""}","No. Blood type is determined by antigens on red cells produced by your bone marrow, and by the genotype you carry. Draining blood and replacing it removes circulating cells, but not the hematopoietic stem cells that make them. Those stem cells will rapidly regenerate red cells with your own ABO and Rh antigens. An exchange transfusion can temporarily change the cells in circulation, but once donor red cells are cleared your marrow repopulates with your own type. Massive whole-body exsanguination is also lethal without continuous perfusion. Genetic editing of stem cells would be required for a permanent change. Current medicine cannot rewrite your DNA, and the procedure would be fatal long before any change could occur.","No. Blood type is determined by antigens on red cells produced by your bone marrow, and by the genotype you carry. Draining blood and replacing it removes circulating cells, but not the hematopoietic stem cells that make them. Those stem cells will rapidly regenerate red cells with your own ABO and Rh antigens. An exchange transfusion can temporarily change the cells in circulation, but once donor red cells are cleared your marrow repopulates with your own type. Massive whole-body exsanguination is also lethal without continuous perfusion. Genetic editing of stem cells would be required for a permanent change. Current medicine cannot rewrite your DNA, and the procedure would be fatal long before any change could occur.","No. Blood type is determined by antigens on red cells produced by your bone marrow, and by the genotype you carry. Draining blood and replacing it removes circulating cells, but not the hematopoietic stem cells that make them. Those stem cells will rapidly regenerate red cells with your own ABO and Rh antigens. An exchange transfusion can temporarily change the cells in circulation, but once donor red cells are cleared your marrow repopulates with your own type. Massive whole-body exsanguination is also lethal without continuous perfusion. Genetic editing of stem cells would be required for a permanent change. Current medicine cannot rewrite your DNA, and the procedure would be fatal long before any change could occur.",no blood type is determined by antigens on red cells produced by your bone marrow and by the genotype you carry draining blood and replacing it removes circulating cells but not the hematopoietic stem cells that make them those stem cells will rapidly regenerate red cells with your own abo and rh antigens an exchange transfusion can temporarily change the cells in circulation but once donor red cells are cleared your marrow repopulates with your own type massive whole body exsanguination is also lethal without continuous perfusion genetic editing of stem cells would be required for a permanent change current medicine cannot rewrite your dna and the procedure would be fatal long before any change could occur
explanatory_0355__muse-glimmer-30b,explanatory_0355,explanatory,What is soil and dirt comprised of?,"Soil and dirt are mostly mineral particles formed by the physical and chemical weathering of bedrock, mixed with organic matter, water, air and living organisms. The mineral fraction is sand, silt and clay sized fragments of quartz, feldspar, mica and other rock-forming minerals. Organic matter comes from decomposed plant and animal residues, forming humus that binds particles and supplies nutrients. Pores between particles hold water and air, which are essential for roots and microbes. The biota — bacteria, fungi, earthworms, nematodes and more — drive decomposition and nutrient cycling. Dirt is generally the loose, displaced surface material, often poorer in structure and organic content than true soil, but chemically it is the same mixture of minerals, organic material, water, air and organisms.","Soil and dirt are mostly mineral particles formed by the physical and chemical weathering of bedrock, mixed with organic matter, water, air and living organisms. The mineral fraction is sand, silt and clay sized fragments of quartz, feldspar, mica and other rock-forming minerals. Organic matter comes from decomposed plant and animal residues, forming humus that binds particles and supplies nutrients. Pores between particles hold water and air, which are essential for roots and microbes. The biota — bacteria, fungi, earthworms, nematodes and more — drive decomposition and nutrient cycling. Dirt is generally the loose, displaced surface material, often poorer in structure and organic content than true soil, but chemically it is the same mixture of minerals, organic material, water, air and organisms.",muse-glimmer-30b,meta,True,122,809,test,muse-glimmer-30b-q4_k_m,final-2026-09-20,You are answering questions the way a knowledgeable person would in an online discussion. Write in plain prose. Do not restate the question or add a preamble. Begin with the answer itself.,100,140,8192,default,,end_turn,ollama-local-muse-glimmer-30b,2026-09-28 08:49:13.169943+00:00,32.3,muse-glimmer:30b-q4_K_M,q4_k_m,16384,8192,True,"{""temperature"": ""1"", ""top_k"": ""64"", ""top_p"": ""0.95""}","Soil and dirt are mostly mineral particles formed by the physical and chemical weathering of bedrock, mixed with organic matter, water, air and living organisms. The mineral fraction is sand, silt and clay sized fragments of quartz, feldspar, mica and other rock-forming minerals. Organic matter comes from decomposed plant and animal residues, forming humus that binds particles and supplies nutrients. Pores between particles hold water and air, which are essential for roots and microbes. The biota - bacteria, fungi, earthworms, nematodes and more - drive decomposition and nutrient cycling. Dirt is generally the loose, displaced surface material, often poorer in structure and organic content than true soil, but chemically it is the same mixture of minerals, organic material, water, air and organisms.","Soil and dirt are mostly mineral particles formed by the physical and chemical weathering of bedrock, mixed with organic matter, water, air and living organisms. The mineral fraction is sand, silt and clay sized fragments of quartz, feldspar, mica and other rock-forming minerals. Organic matter comes from decomposed plant and animal residues, forming humus that binds particles and supplies nutrients. Pores between particles hold water and air, which are essential for roots and microbes. The biota — bacteria, fungi, earthworms, nematodes and more — drive decomposition and nutrient cycling. Dirt is generally the loose, displaced surface material, often poorer in structure and organic content than true soil, but chemically it is the same mixture of minerals, organic material, water, air and organisms.","Soil and dirt are mostly mineral particles formed by the physical and chemical weathering of bedrock, mixed with organic matter, water, air and living organisms. The mineral fraction is sand, silt and clay sized fragments of quartz, feldspar, mica and other rock-forming minerals. Organic matter comes from decomposed plant and animal residues, forming humus that binds particles and supplies nutrients. Pores between particles hold water and air, which are essential for roots and microbes. The biota - bacteria, fungi, earthworms, nematodes and more - drive decomposition and nutrient cycling. Dirt is generally the loose, displaced surface material, often poorer in structure and organic content than true soil, but chemically it is the same mixture of minerals, organic material, water, air and organisms.",soil and dirt are mostly mineral particles formed by the physical and chemical weathering of bedrock mixed with organic matter water air and living organisms the mineral fraction is sand silt and clay sized fragments of quartz feldspar mica and other rock forming minerals organic matter comes from decomposed plant and animal residues forming humus that binds particles and supplies nutrients pores between particles hold water and air which are essential for roots and microbes the biota bacteria fungi earthworms nematodes and more drive decomposition and nutrient cycling dirt is generally the loose displaced surface material often poorer in structure and organic content than true soil but chemically it is the same mixture of minerals organic material water air and organisms
explanatory_0357__muse-glimmer-30b,explanatory_0357,explanatory,Why does rice suck the moisture out of things?,"Rice is hygroscopic, meaning it readily absorbs water vapor from its surroundings. Each grain is made mostly of starch granules packed in a porous bran and endosperm structure with tiny capillaries. When exposed to humid air or a damp container, water molecules diffuse into those pores and are held by hydrogen bonding to the starch and other carbohydrates.

In a sealed environment with a moist item like a phone, rice creates a localized low-humidity microclimate. Vapor moves down the humidity gradient into the grain until the rice reaches equilibrium. It does not actively pump moisture; it just binds it until saturated, which is why large amounts and good airflow help, and why silica gel works faster.","Rice is hygroscopic, meaning it readily absorbs water vapor from its surroundings. Each grain is made mostly of starch granules packed in a porous bran and endosperm structure with tiny capillaries. When exposed to humid air or a damp container, water molecules diffuse into those pores and are held by hydrogen bonding to the starch and other carbohydrates.

In a sealed environment with a moist item like a phone, rice creates a localized low-humidity microclimate. Vapor moves down the humidity gradient into the grain until the rice reaches equilibrium. It does not actively pump moisture; it just binds it until saturated, which is why large amounts and good airflow help, and why silica gel works faster.",muse-glimmer-30b,meta,True,116,710,test,muse-glimmer-30b-q4_k_m,final-2026-09-20,You are answering questions the way a knowledgeable person would in an online discussion. Write in plain prose. Do not restate the question or add a preamble. Begin with the answer itself.,100,140,8192,default,,end_turn,ollama-local-muse-glimmer-30b,2026-09-28 08:49:36.318375+00:00,32.3,muse-glimmer:30b-q4_K_M,q4_k_m,16384,8192,True,"{""temperature"": ""1"", ""top_k"": ""64"", ""top_p"": ""0.95""}","Rice is hygroscopic, meaning it readily absorbs water vapor from its surroundings. Each grain is made mostly of starch granules packed in a porous bran and endosperm structure with tiny capillaries. When exposed to humid air or a damp container, water molecules diffuse into those pores and are held by hydrogen bonding to the starch and other carbohydrates.

In a sealed environment with a moist item like a phone, rice creates a localized low-humidity microclimate. Vapor moves down the humidity gradient into the grain until the rice reaches equilibrium. It does not actively pump moisture; it just binds it until saturated, which is why large amounts and good airflow help, and why silica gel works faster.","Rice is hygroscopic, meaning it readily absorbs water vapor from its surroundings. Each grain is made mostly of starch granules packed in a porous bran and endosperm structure with tiny capillaries. When exposed to humid air or a damp container, water molecules diffuse into those pores and are held by hydrogen bonding to the starch and other carbohydrates. In a sealed environment with a moist item like a phone, rice creates a localized low-humidity microclimate. Vapor moves down the humidity gradient into the grain until the rice reaches equilibrium. It does not actively pump moisture; it just binds it until saturated, which is why large amounts and good airflow help, and why silica gel works faster.","Rice is hygroscopic, meaning it readily absorbs water vapor from its surroundings. Each grain is made mostly of starch granules packed in a porous bran and endosperm structure with tiny capillaries. When exposed to humid air or a damp container, water molecules diffuse into those pores and are held by hydrogen bonding to the starch and other carbohydrates. In a sealed environment with a moist item like a phone, rice creates a localized low-humidity microclimate. Vapor moves down the humidity gradient into the grain until the rice reaches equilibrium. It does not actively pump moisture; it just binds it until saturated, which is why large amounts and good airflow help, and why silica gel works faster.",rice is hygroscopic meaning it readily absorbs water vapor from its surroundings each grain is made mostly of starch granules packed in a porous bran and endosperm structure with tiny capillaries when exposed to humid air or a damp container water molecules diffuse into those pores and are held by hydrogen bonding to the starch and other carbohydrates in a sealed environment with a moist item like a phone rice creates a localized low humidity microclimate vapor moves down the humidity gradient into the grain until the rice reaches equilibrium it does not actively pump moisture it just binds it until saturated which is why large amounts and good airflow help and why silica gel works faster
explanatory_0358__muse-glimmer-30b,explanatory_0358,explanatory,How does the emergence of intelligent life and organic matter fit with laws of entropy when they appear to be contradictory?,"The second law says entropy of an isolated system never decreases. Life locally decreases entropy by creating order, but it does so by exporting entropy to surroundings. Sunlight provides low-entropy energy input; photosynthesis and metabolism take high-quality energy and dissipate it as heat, raising environmental entropy more than the local decrease.

Organic matter and intelligence are therefore open systems. They maintain order by consuming gradients - chemical, thermal, radiative - and radiating waste heat. On Earth, the Sun continuously drives the system far from equilibrium. Globally entropy increases, while locally complex structures can form and persist as long as energy flows.

So no contradiction: life is entropy production in disguise.","The second law says entropy of an isolated system never decreases. Life locally decreases entropy by creating order, but it does so by exporting entropy to surroundings. Sunlight provides low-entropy energy input; photosynthesis and metabolism take high-quality energy and dissipate it as heat, raising environmental entropy more than the local decrease.

Organic matter and intelligence are therefore open systems. They maintain order by consuming gradients - chemical, thermal, radiative - and radiating waste heat. On Earth, the Sun continuously drives the system far from equilibrium. Globally entropy increases, while locally complex structures can form and persist as long as energy flows.

So no contradiction: life is entropy production in disguise.",muse-glimmer-30b,meta,True,110,757,test,muse-glimmer-30b-q4_k_m,final-2026-09-20,You are answering questions the way a knowledgeable person would in an online discussion. Write in plain prose. Do not restate the question or add a preamble. Begin with the answer itself.,100,140,8192,default,,end_turn,ollama-local-muse-glimmer-30b,2026-09-28 08:49:57.960603+00:00,32.3,muse-glimmer:30b-q4_K_M,q4_k_m,16384,8192,True,"{""temperature"": ""1"", ""top_k"": ""64"", ""top_p"": ""0.95""}","The second law says entropy of an isolated system never decreases. Life locally decreases entropy by creating order, but it does so by exporting entropy to surroundings. Sunlight provides low-entropy energy input; photosynthesis and metabolism take high-quality energy and dissipate it as heat, raising environmental entropy more than the local decrease.

Organic matter and intelligence are therefore open systems. They maintain order by consuming gradients - chemical, thermal, radiative - and radiating waste heat. On Earth, the Sun continuously drives the system far from equilibrium. Globally entropy increases, while locally complex structures can form and persist as long as energy flows.

So no contradiction: life is entropy production in disguise.","The second law says entropy of an isolated system never decreases. Life locally decreases entropy by creating order, but it does so by exporting entropy to surroundings. Sunlight provides low-entropy energy input; photosynthesis and metabolism take high-quality energy and dissipate it as heat, raising environmental entropy more than the local decrease. Organic matter and intelligence are therefore open systems. They maintain order by consuming gradients - chemical, thermal, radiative - and radiating waste heat. On Earth, the Sun continuously drives the system far from equilibrium. Globally entropy increases, while locally complex structures can form and persist as long as energy flows. So no contradiction: life is entropy production in disguise.","The second law says entropy of an isolated system never decreases. Life locally decreases entropy by creating order, but it does so by exporting entropy to surroundings. Sunlight provides low-entropy energy input; photosynthesis and metabolism take high-quality energy and dissipate it as heat, raising environmental entropy more than the local decrease. Organic matter and intelligence are therefore open systems. They maintain order by consuming gradients - chemical, thermal, radiative - and radiating waste heat. On Earth, the Sun continuously drives the system far from equilibrium. Globally entropy increases, while locally complex structures can form and persist as long as energy flows. So no contradiction: life is entropy production in disguise.",the second law says entropy of an isolated system never decreases life locally decreases entropy by creating order but it does so by exporting entropy to surroundings sunlight provides low entropy energy input photosynthesis and metabolism take high quality energy and dissipate it as heat raising environmental entropy more than the local decrease organic matter and intelligence are therefore open systems they maintain order by consuming gradients chemical thermal radiative and radiating waste heat on earth the sun continuously drives the system far from equilibrium globally entropy increases while locally complex structures can form and persist as long as energy flows so no contradiction life is entropy production in disguise
explanatory_0370__muse-glimmer-30b,explanatory_0370,explanatory,"What is the purpose for calculating PI to such lengths? Isn't the current accuracy such that if you launched a missile at the other side of the universe, you would miss your target by a microscopic amount?","Calculating pi to trillions of digits is not about navigation or building better missiles. With a few dozen digits you can circle the observable universe with an error smaller than a proton. The drive is mathematical and computational. Chasing ever-longer pi serves as a stress test for supercomputers, memory systems, and new algorithms for high-precision arithmetic. It pushes the limits of distributed computing, data compression, and prime-finding techniques. For many, it is a recreational challenge, a benchmark of human persistence, and a way to study the statistical properties of digits to test randomness and normality hypotheses. The practical value is indirect, through the tools refined along the way.","Calculating pi to trillions of digits is not about navigation or building better missiles. With a few dozen digits you can circle the observable universe with an error smaller than a proton. The drive is mathematical and computational. Chasing ever-longer pi serves as a stress test for supercomputers, memory systems, and new algorithms for high-precision arithmetic. It pushes the limits of distributed computing, data compression, and prime-finding techniques. For many, it is a recreational challenge, a benchmark of human persistence, and a way to study the statistical properties of digits to test randomness and normality hypotheses. The practical value is indirect, through the tools refined along the way.",muse-glimmer-30b,meta,True,108,714,test,muse-glimmer-30b-q4_k_m,final-2026-09-20,You are answering questions the way a knowledgeable person would in an online discussion. Write in plain prose. Do not restate the question or add a preamble. Begin with the answer itself.,100,140,8192,default,,end_turn,ollama-local-muse-glimmer-30b,2026-09-28 08:50:29.019554+00:00,32.3,muse-glimmer:30b-q4_K_M,q4_k_m,16384,8192,True,"{""temperature"": ""1"", ""top_k"": ""64"", ""top_p"": ""0.95""}","Calculating pi to trillions of digits is not about navigation or building better missiles. With a few dozen digits you can circle the observable universe with an error smaller than a proton. The drive is mathematical and computational. Chasing ever-longer pi serves as a stress test for supercomputers, memory systems, and new algorithms for high-precision arithmetic. It pushes the limits of distributed computing, data compression, and prime-finding techniques. For many, it is a recreational challenge, a benchmark of human persistence, and a way to study the statistical properties of digits to test randomness and normality hypotheses. The practical value is indirect, through the tools refined along the way.","Calculating pi to trillions of digits is not about navigation or building better missiles. With a few dozen digits you can circle the observable universe with an error smaller than a proton. The drive is mathematical and computational. Chasing ever-longer pi serves as a stress test for supercomputers, memory systems, and new algorithms for high-precision arithmetic. It pushes the limits of distributed computing, data compression, and prime-finding techniques. For many, it is a recreational challenge, a benchmark of human persistence, and a way to study the statistical properties of digits to test randomness and normality hypotheses. The practical value is indirect, through the tools refined along the way.","Calculating pi to trillions of digits is not about navigation or building better missiles. With a few dozen digits you can circle the observable universe with an error smaller than a proton. The drive is mathematical and computational. Chasing ever-longer pi serves as a stress test for supercomputers, memory systems, and new algorithms for high-precision arithmetic. It pushes the limits of distributed computing, data compression, and prime-finding techniques. For many, it is a recreational challenge, a benchmark of human persistence, and a way to study the statistical properties of digits to test randomness and normality hypotheses. The practical value is indirect, through the tools refined along the way.",calculating pi to trillions of digits is not about navigation or building better missiles with a few dozen digits you can circle the observable universe with an error smaller than a proton the drive is mathematical and computational chasing ever longer pi serves as a stress test for supercomputers memory systems and new algorithms for high precision arithmetic it pushes the limits of distributed computing data compression and prime finding techniques for many it is a recreational challenge a benchmark of human persistence and a way to study the statistical properties of digits to test randomness and normality hypotheses the practical value is indirect through the tools refined along the way
explanatory_0374__muse-glimmer-30b,explanatory_0374,explanatory,Why do kangaroos lick my car?,"Kangaroos lick cars mainly for salt and minerals left on the surface. In dry Australian outback, natural salt sources are scarce, so animals seek sodium from road spray, sweat, and grime that collects on hot paintwork. Road salt, de-icing residues, and minerals from dust kicked up by traffic deposit a salty film that kangaroos find attractive.

The warm metal also holds scents from previous animals, making cars interesting to investigate. Licking is exploratory, and the tongue can be used to taste.

Cleaning regularly, using a salt-repellent wax, and parking away from bushland at dawn and dusk reduces visits. If it happens often, the car is acting like a mineral lick.","Kangaroos lick cars mainly for salt and minerals left on the surface. In dry Australian outback, natural salt sources are scarce, so animals seek sodium from road spray, sweat, and grime that collects on hot paintwork. Road salt, de-icing residues, and minerals from dust kicked up by traffic deposit a salty film that kangaroos find attractive.

The warm metal also holds scents from previous animals, making cars interesting to investigate. Licking is exploratory, and the tongue can be used to taste.

Cleaning regularly, using a salt-repellent wax, and parking away from bushland at dawn and dusk reduces visits. If it happens often, the car is acting like a mineral lick.",muse-glimmer-30b,meta,True,110,676,test,muse-glimmer-30b-q4_k_m,final-2026-09-20,You are answering questions the way a knowledgeable person would in an online discussion. Write in plain prose. Do not restate the question or add a preamble. Begin with the answer itself.,100,140,8192,default,,end_turn,ollama-local-muse-glimmer-30b,2026-09-28 08:50:53.769428+00:00,32.3,muse-glimmer:30b-q4_K_M,q4_k_m,16384,8192,True,"{""temperature"": ""1"", ""top_k"": ""64"", ""top_p"": ""0.95""}","Kangaroos lick cars mainly for salt and minerals left on the surface. In dry Australian outback, natural salt sources are scarce, so animals seek sodium from road spray, sweat, and grime that collects on hot paintwork. Road salt, de-icing residues, and minerals from dust kicked up by traffic deposit a salty film that kangaroos find attractive.

The warm metal also holds scents from previous animals, making cars interesting to investigate. Licking is exploratory, and the tongue can be used to taste.

Cleaning regularly, using a salt-repellent wax, and parking away from bushland at dawn and dusk reduces visits. If it happens often, the car is acting like a mineral lick.","Kangaroos lick cars mainly for salt and minerals left on the surface. In dry Australian outback, natural salt sources are scarce, so animals seek sodium from road spray, sweat, and grime that collects on hot paintwork. Road salt, de-icing residues, and minerals from dust kicked up by traffic deposit a salty film that kangaroos find attractive. The warm metal also holds scents from previous animals, making cars interesting to investigate. Licking is exploratory, and the tongue can be used to taste. Cleaning regularly, using a salt-repellent wax, and parking away from bushland at dawn and dusk reduces visits. If it happens often, the car is acting like a mineral lick.","Kangaroos lick cars mainly for salt and minerals left on the surface. In dry Australian outback, natural salt sources are scarce, so animals seek sodium from road spray, sweat, and grime that collects on hot paintwork. Road salt, de-icing residues, and minerals from dust kicked up by traffic deposit a salty film that kangaroos find attractive. The warm metal also holds scents from previous animals, making cars interesting to investigate. Licking is exploratory, and the tongue can be used to taste. Cleaning regularly, using a salt-repellent wax, and parking away from bushland at dawn and dusk reduces visits. If it happens often, the car is acting like a mineral lick.",kangaroos lick cars mainly for salt and minerals left on the surface in dry australian outback natural salt sources are scarce so animals seek sodium from road spray sweat and grime that collects on hot paintwork road salt de icing residues and minerals from dust kicked up by traffic deposit a salty film that kangaroos find attractive the warm metal also holds scents from previous animals making cars interesting to investigate licking is exploratory and the tongue can be used to taste cleaning regularly using a salt repellent wax and parking away from bushland at dawn and dusk reduces visits if it happens often the car is acting like a mineral lick
explanatory_0376__muse-glimmer-30b,explanatory_0376,explanatory,"Is it possible to reach a point in space, outside of any atmosphere, near our sun where the temperature would be a ""comfortable"" 70-80 degrees Fahrenheit?","Yes, in principle a sun-facing object can radiatively balance at about 70–80 °F near the Sun, but there is no ambient temperature in vacuum. An unshielded body reaches equilibrium where absorbed solar flux equals emitted infrared. At 1 AU that equilibrium is roughly –18 °C for a perfect absorber; ~21–27 °C occurs closer in, near 0.9 AU, roughly between Earth and Venus.

That point is not comfortable for a human without protection. Space offers no convection or conduction, so you would instantly freeze or burn depending on orientation, and solar UV and vacuum would be lethal. A real spacecraft would need active thermal control, insulation, and a sealed habitat with atmosphere to keep 70–80 °F. The equilibrium temperature is a property of the object, not the empty space around it.","Yes, in principle a sun-facing object can radiatively balance at about 70–80 °F near the Sun, but there is no ambient temperature in vacuum. An unshielded body reaches equilibrium where absorbed solar flux equals emitted infrared. At 1 AU that equilibrium is roughly –18 °C for a perfect absorber; ~21–27 °C occurs closer in, near 0.9 AU, roughly between Earth and Venus.

That point is not comfortable for a human without protection. Space offers no convection or conduction, so you would instantly freeze or burn depending on orientation, and solar UV and vacuum would be lethal. A real spacecraft would need active thermal control, insulation, and a sealed habitat with atmosphere to keep 70–80 °F. The equilibrium temperature is a property of the object, not the empty space around it.",muse-glimmer-30b,meta,True,130,789,test,muse-glimmer-30b-q4_k_m,final-2026-09-20,You are answering questions the way a knowledgeable person would in an online discussion. Write in plain prose. Do not restate the question or add a preamble. Begin with the answer itself.,100,140,8192,default,,end_turn,ollama-local-muse-glimmer-30b,2026-09-28 08:51:38.661040+00:00,32.3,muse-glimmer:30b-q4_K_M,q4_k_m,16384,8192,True,"{""temperature"": ""1"", ""top_k"": ""64"", ""top_p"": ""0.95""}","Yes, in principle a sun-facing object can radiatively balance at about 70 - 80 °F near the Sun, but there is no ambient temperature in vacuum. An unshielded body reaches equilibrium where absorbed solar flux equals emitted infrared. At 1 AU that equilibrium is roughly - 18 °C for a perfect absorber; ~21 - 27 °C occurs closer in, near 0.9 AU, roughly between Earth and Venus.

That point is not comfortable for a human without protection. Space offers no convection or conduction, so you would instantly freeze or burn depending on orientation, and solar UV and vacuum would be lethal. A real spacecraft would need active thermal control, insulation, and a sealed habitat with atmosphere to keep 70 - 80 °F. The equilibrium temperature is a property of the object, not the empty space around it.","Yes, in principle a sun-facing object can radiatively balance at about 70–80 °F near the Sun, but there is no ambient temperature in vacuum. An unshielded body reaches equilibrium where absorbed solar flux equals emitted infrared. At 1 AU that equilibrium is roughly –18 °C for a perfect absorber; ~21–27 °C occurs closer in, near 0.9 AU, roughly between Earth and Venus. That point is not comfortable for a human without protection. Space offers no convection or conduction, so you would instantly freeze or burn depending on orientation, and solar UV and vacuum would be lethal. A real spacecraft would need active thermal control, insulation, and a sealed habitat with atmosphere to keep 70–80 °F. The equilibrium temperature is a property of the object, not the empty space around it.","Yes, in principle a sun-facing object can radiatively balance at about 70 - 80 °F near the Sun, but there is no ambient temperature in vacuum. An unshielded body reaches equilibrium where absorbed solar flux equals emitted infrared. At 1 AU that equilibrium is roughly - 18 °C for a perfect absorber; ~21 - 27 °C occurs closer in, near 0.9 AU, roughly between Earth and Venus. That point is not comfortable for a human without protection. Space offers no convection or conduction, so you would instantly freeze or burn depending on orientation, and solar UV and vacuum would be lethal. A real spacecraft would need active thermal control, insulation, and a sealed habitat with atmosphere to keep 70 - 80 °F. The equilibrium temperature is a property of the object, not the empty space around it.",yes in principle a sun facing object can radiatively balance at about 70 80 f near the sun but there is no ambient temperature in vacuum an unshielded body reaches equilibrium where absorbed solar flux equals emitted infrared at 1 au that equilibrium is roughly 18 c for a perfect absorber 21 27 c occurs closer in near 0 9 au roughly between earth and venus that point is not comfortable for a human without protection space offers no convection or conduction so you would instantly freeze or burn depending on orientation and solar uv and vacuum would be lethal a real spacecraft would need active thermal control insulation and a sealed habitat with atmosphere to keep 70 80 f the equilibrium temperature is a property of the object not the empty space around it
longform_0000__muse-glimmer-30b,longform_0000,long-form,"As the chosen successor to Satan's throne, you must now undergo rigorous training to become the best at literally everything for when people challenge you for their souls.","The first lesson was chess in Hell's antechamber, with Belial moving pieces that smoked.

""Best at everything,"" he said, ""means you lose first.""

I lost. I lost again. On the seventh board I finally saw the pattern in the ash and won. He smiled, and the board melted.

Next was poetry. I had to recite the Book of Job backwards while the damned wept in rhythm. My tongue blistered. By the third night I could weep in perfect iambic pentameter.

Then sword. Then calculus. Then seduction, then silence. Each master broke me and reset me.

In the vault under the throne, Satan himself waited with a simple wooden cup.

""Pour,"" he said.

I poured water. He drank, then poured it back.

""Again.""

For a century I poured. My hands learned the weight of every sin, every skill, every slight.

Now the challengers come. They think they can bargain. I am ready. I am tired. I am perfect.","The first lesson was chess in Hell's antechamber, with Belial moving pieces that smoked.

""Best at everything,"" he said, ""means you lose first.""

I lost. I lost again. On the seventh board I finally saw the pattern in the ash and won. He smiled, and the board melted.

Next was poetry. I had to recite the Book of Job backwards while the damned wept in rhythm. My tongue blistered. By the third night I could weep in perfect iambic pentameter.

Then sword. Then calculus. Then seduction, then silence. Each master broke me and reset me.

In the vault under the throne, Satan himself waited with a simple wooden cup.

""Pour,"" he said.

I poured water. He drank, then poured it back.

""Again.""

For a century I poured. My hands learned the weight of every sin, every skill, every slight.

Now the challengers come. They think they can bargain. I am ready. I am tired. I am perfect.",muse-glimmer-30b,meta,True,157,879,test,muse-glimmer-30b-q4_k_m,final-2026-09-20,"You are writing a short piece of fiction in response to a writing prompt, the way a person would on an online writing forum. Write the story itself. Do not restate the prompt, explain it, comment on it, or add any framing before or after the story.",140,220,8192,default,,end_turn,ollama-local-muse-glimmer-30b,2026-09-28 08:52:18.216267+00:00,32.3,muse-glimmer:30b-q4_K_M,q4_k_m,16384,8192,True,"{""temperature"": ""1"", ""top_k"": ""64"", ""top_p"": ""0.95""}","The first lesson was chess in Hell's antechamber, with Belial moving pieces that smoked.

""Best at everything,"" he said, ""means you lose first.""

I lost. I lost again. On the seventh board I finally saw the pattern in the ash and won. He smiled, and the board melted.

Next was poetry. I had to recite the Book of Job backwards while the damned wept in rhythm. My tongue blistered. By the third night I could weep in perfect iambic pentameter.

Then sword. Then calculus. Then seduction, then silence. Each master broke me and reset me.

In the vault under the throne, Satan himself waited with a simple wooden cup.

""Pour,"" he said.

I poured water. He drank, then poured it back.

""Again.""

For a century I poured. My hands learned the weight of every sin, every skill, every slight.

Now the challengers come. They think they can bargain. I am ready. I am tired. I am perfect.","The first lesson was chess in Hell's antechamber, with Belial moving pieces that smoked. ""Best at everything,"" he said, ""means you lose first."" I lost. I lost again. On the seventh board I finally saw the pattern in the ash and won. He smiled, and the board melted. Next was poetry. I had to recite the Book of Job backwards while the damned wept in rhythm. My tongue blistered. By the third night I could weep in perfect iambic pentameter. Then sword. Then calculus. Then seduction, then silence. Each master broke me and reset me. In the vault under the throne, Satan himself waited with a simple wooden cup. ""Pour,"" he said. I poured water. He drank, then poured it back. ""Again."" For a century I poured. My hands learned the weight of every sin, every skill, every slight. Now the challengers come. They think they can bargain. I am ready. I am tired. I am perfect.","The first lesson was chess in Hell's antechamber, with Belial moving pieces that smoked. ""Best at everything,"" he said, ""means you lose first."" I lost. I lost again. On the seventh board I finally saw the pattern in the ash and won. He smiled, and the board melted. Next was poetry. I had to recite the Book of Job backwards while the damned wept in rhythm. My tongue blistered. By the third night I could weep in perfect iambic pentameter. Then sword. Then calculus. Then seduction, then silence. Each master broke me and reset me. In the vault under the throne, Satan himself waited with a simple wooden cup. ""Pour,"" he said. I poured water. He drank, then poured it back. ""Again."" For a century I poured. My hands learned the weight of every sin, every skill, every slight. Now the challengers come. They think they can bargain. I am ready. I am tired. I am perfect.",the first lesson was chess in hell's antechamber with belial moving pieces that smoked best at everything he said means you lose first i lost i lost again on the seventh board i finally saw the pattern in the ash and won he smiled and the board melted next was poetry i had to recite the book of job backwards while the damned wept in rhythm my tongue blistered by the third night i could weep in perfect iambic pentameter then sword then calculus then seduction then silence each master broke me and reset me in the vault under the throne satan himself waited with a simple wooden cup pour he said i poured water he drank then poured it back again for a century i poured my hands learned the weight of every sin every skill every slight now the challengers come they think they can bargain i am ready i am tired i am perfect
longform_0019__muse-glimmer-30b,longform_0019,long-form,Every skill in the world can be acquired by putting on the corresponding hat for that skill.,"Marisol found the box at the back of her grandfather's closet. Inside, dozens of hats. A flat cap, a chef's toque, a conductor's cap, a beekeeper's veil, all smelling faintly of cedar.

Her grandfather had written a small tag on each.

She tried the baker's toque first. The moment it settled on her hair, her hands remembered the weight of dough. She kneaded without thinking, feeling gluten form under her fingertips. The bread rose perfect.

The next day she wore the welder's cap. Her eyes adjusted to the arc, her wrist steadied.

By the third week, the neighbors stopped asking why she was dressed like a parade. The carpenter's cap let her build the bookshelf she had been sketching for years. The violinist's bowler gave her a vibrato she had never practiced.

When the mayor's hat arrived by mail — plain black fedora — she hesitated. She put it on anyway and felt the whole town's complaints settle into her chest, heavy and familiar.

She took it off at the door. Some skills, she decided, were hats she would not keep.","Marisol found the box at the back of her grandfather's closet. Inside, dozens of hats. A flat cap, a chef's toque, a conductor's cap, a beekeeper's veil, all smelling faintly of cedar.

Her grandfather had written a small tag on each.

She tried the baker's toque first. The moment it settled on her hair, her hands remembered the weight of dough. She kneaded without thinking, feeling gluten form under her fingertips. The bread rose perfect.

The next day she wore the welder's cap. Her eyes adjusted to the arc, her wrist steadied.

By the third week, the neighbors stopped asking why she was dressed like a parade. The carpenter's cap let her build the bookshelf she had been sketching for years. The violinist's bowler gave her a vibrato she had never practiced.

When the mayor's hat arrived by mail — plain black fedora — she hesitated. She put it on anyway and felt the whole town's complaints settle into her chest, heavy and familiar.

She took it off at the door. Some skills, she decided, were hats she would not keep.",muse-glimmer-30b,meta,True,181,1030,test,muse-glimmer-30b-q4_k_m,final-2026-09-20,"You are writing a short piece of fiction in response to a writing prompt, the way a person would on an online writing forum. Write the story itself. Do not restate the prompt, explain it, comment on it, or add any framing before or after the story.",140,220,8192,default,,end_turn,ollama-local-muse-glimmer-30b,2026-09-28 08:53:08.825643+00:00,32.3,muse-glimmer:30b-q4_K_M,q4_k_m,16384,8192,True,"{""temperature"": ""1"", ""top_k"": ""64"", ""top_p"": ""0.95""}","Marisol found the box at the back of her grandfather's closet. Inside, dozens of hats. A flat cap, a chef's toque, a conductor's cap, a beekeeper's veil, all smelling faintly of cedar.

Her grandfather had written a small tag on each.

She tried the baker's toque first. The moment it settled on her hair, her hands remembered the weight of dough. She kneaded without thinking, feeling gluten form under her fingertips. The bread rose perfect.

The next day she wore the welder's cap. Her eyes adjusted to the arc, her wrist steadied.

By the third week, the neighbors stopped asking why she was dressed like a parade. The carpenter's cap let her build the bookshelf she had been sketching for years. The violinist's bowler gave her a vibrato she had never practiced.

When the mayor's hat arrived by mail - plain black fedora - she hesitated. She put it on anyway and felt the whole town's complaints settle into her chest, heavy and familiar.

She took it off at the door. Some skills, she decided, were hats she would not keep.","Marisol found the box at the back of her grandfather's closet. Inside, dozens of hats. A flat cap, a chef's toque, a conductor's cap, a beekeeper's veil, all smelling faintly of cedar. Her grandfather had written a small tag on each. She tried the baker's toque first. The moment it settled on her hair, her hands remembered the weight of dough. She kneaded without thinking, feeling gluten form under her fingertips. The bread rose perfect. The next day she wore the welder's cap. Her eyes adjusted to the arc, her wrist steadied. By the third week, the neighbors stopped asking why she was dressed like a parade. The carpenter's cap let her build the bookshelf she had been sketching for years. The violinist's bowler gave her a vibrato she had never practiced. When the mayor's hat arrived by mail — plain black fedora — she hesitated. She put it on anyway and felt the whole town's complaints settle into her chest, heavy and familiar. She took it off at the door. Some skills, she decided, were hats she would not keep.","Marisol found the box at the back of her grandfather's closet. Inside, dozens of hats. A flat cap, a chef's toque, a conductor's cap, a beekeeper's veil, all smelling faintly of cedar. Her grandfather had written a small tag on each. She tried the baker's toque first. The moment it settled on her hair, her hands remembered the weight of dough. She kneaded without thinking, feeling gluten form under her fingertips. The bread rose perfect. The next day she wore the welder's cap. Her eyes adjusted to the arc, her wrist steadied. By the third week, the neighbors stopped asking why she was dressed like a parade. The carpenter's cap let her build the bookshelf she had been sketching for years. The violinist's bowler gave her a vibrato she had never practiced. When the mayor's hat arrived by mail - plain black fedora - she hesitated. She put it on anyway and felt the whole town's complaints settle into her chest, heavy and familiar. She took it off at the door. Some skills, she decided, were hats she would not keep.",marisol found the box at the back of her grandfather's closet inside dozens of hats a flat cap a chef's toque a conductor's cap a beekeeper's veil all smelling faintly of cedar her grandfather had written a small tag on each she tried the baker's toque first the moment it settled on her hair her hands remembered the weight of dough she kneaded without thinking feeling gluten form under her fingertips the bread rose perfect the next day she wore the welder's cap her eyes adjusted to the arc her wrist steadied by the third week the neighbors stopped asking why she was dressed like a parade the carpenter's cap let her build the bookshelf she had been sketching for years the violinist's bowler gave her a vibrato she had never practiced when the mayor's hat arrived by mail plain black fedora she hesitated she put it on anyway and felt the whole town's complaints settle into her chest heavy and familiar she took it off at the door some skills she decided were hats she would not keep
longform_0025__muse-glimmer-30b,longform_0025,long-form,Q has been developing ridiculous gadgets just to mess with James Bond. Bond has been finding ways to use these gadgets to complete his missions to messwith Q.,"The new cufflinks were live grenades with a timer.

Q presented the cufflinks with a sigh of pure vindication. 'They tick,' he said. 'They tick, and they explode. Wear them, 007, and look dashing while you die.'

Bond slipped them on in the bathroom mirror. The tiny display read 00:47.

'Excellent,' he murmured.

In the casino, the target leaned in for a whisper. Bond's left cuff brushed his wrist. The ticking, impossibly loud, made the man flinch. He knocked his drink. His hand shook. The diamonds in his vest clinked. He'd hidden them in the lining.

Bond palmed one before security moved in.

Back at the lab, Q was polishing his latest insult: a shoehorn that launched grappling hooks.

'Completely useless,' he announced. 'Unless you want to be pulled off a cliff.'

Bond smiled. 'Brilliant.'

He left the shoehorn in the briefcase he handed to the asset in Istanbul. The asset, terrified of the bomb he'd been ordered to carry, dropped the case. The shoehorn fired, snagged the ceiling, and yanked the briefcase up, exposing the wires.

'Note the efficiency,' Bond said into the comms.

Q muted the feed.","The new cufflinks were live grenades with a timer.

Q presented the cufflinks with a sigh of pure vindication. 'They tick,' he said. 'They tick, and they explode. Wear them, 007, and look dashing while you die.'

Bond slipped them on in the bathroom mirror. The tiny display read 00:47.

'Excellent,' he murmured.

In the casino, the target leaned in for a whisper. Bond's left cuff brushed his wrist. The ticking, impossibly loud, made the man flinch. He knocked his drink. His hand shook. The diamonds in his vest clinked. He'd hidden them in the lining.

Bond palmed one before security moved in.

Back at the lab, Q was polishing his latest insult: a shoehorn that launched grappling hooks.

'Completely useless,' he announced. 'Unless you want to be pulled off a cliff.'

Bond smiled. 'Brilliant.'

He left the shoehorn in the briefcase he handed to the asset in Istanbul. The asset, terrified of the bomb he'd been ordered to carry, dropped the case. The shoehorn fired, snagged the ceiling, and yanked the briefcase up, exposing the wires.

'Note the efficiency,' Bond said into the comms.

Q muted the feed.",muse-glimmer-30b,meta,True,189,1115,test,muse-glimmer-30b-q4_k_m,final-2026-09-20,"You are writing a short piece of fiction in response to a writing prompt, the way a person would on an online writing forum. Write the story itself. Do not restate the prompt, explain it, comment on it, or add any framing before or after the story.",140,220,8192,default,,end_turn,ollama-local-muse-glimmer-30b,2026-09-28 08:53:55.118798+00:00,32.3,muse-glimmer:30b-q4_K_M,q4_k_m,16384,8192,True,"{""temperature"": ""1"", ""top_k"": ""64"", ""top_p"": ""0.95""}","The new cufflinks were live grenades with a timer.

Q presented the cufflinks with a sigh of pure vindication. 'They tick,' he said. 'They tick, and they explode. Wear them, 007, and look dashing while you die.'

Bond slipped them on in the bathroom mirror. The tiny display read 00:47.

'Excellent,' he murmured.

In the casino, the target leaned in for a whisper. Bond's left cuff brushed his wrist. The ticking, impossibly loud, made the man flinch. He knocked his drink. His hand shook. The diamonds in his vest clinked. He'd hidden them in the lining.

Bond palmed one before security moved in.

Back at the lab, Q was polishing his latest insult: a shoehorn that launched grappling hooks.

'Completely useless,' he announced. 'Unless you want to be pulled off a cliff.'

Bond smiled. 'Brilliant.'

He left the shoehorn in the briefcase he handed to the asset in Istanbul. The asset, terrified of the bomb he'd been ordered to carry, dropped the case. The shoehorn fired, snagged the ceiling, and yanked the briefcase up, exposing the wires.

'Note the efficiency,' Bond said into the comms.

Q muted the feed.","The new cufflinks were live grenades with a timer. Q presented the cufflinks with a sigh of pure vindication. 'They tick,' he said. 'They tick, and they explode. Wear them, 007, and look dashing while you die.' Bond slipped them on in the bathroom mirror. The tiny display read 00:47. 'Excellent,' he murmured. In the casino, the target leaned in for a whisper. Bond's left cuff brushed his wrist. The ticking, impossibly loud, made the man flinch. He knocked his drink. His hand shook. The diamonds in his vest clinked. He'd hidden them in the lining. Bond palmed one before security moved in. Back at the lab, Q was polishing his latest insult: a shoehorn that launched grappling hooks. 'Completely useless,' he announced. 'Unless you want to be pulled off a cliff.' Bond smiled. 'Brilliant.' He left the shoehorn in the briefcase he handed to the asset in Istanbul. The asset, terrified of the bomb he'd been ordered to carry, dropped the case. The shoehorn fired, snagged the ceiling, and yanked the briefcase up, exposing the wires. 'Note the efficiency,' Bond said into the comms. Q muted the feed.","The new cufflinks were live grenades with a timer. Q presented the cufflinks with a sigh of pure vindication. 'They tick,' he said. 'They tick, and they explode. Wear them, 007, and look dashing while you die.' Bond slipped them on in the bathroom mirror. The tiny display read 00:47. 'Excellent,' he murmured. In the casino, the target leaned in for a whisper. Bond's left cuff brushed his wrist. The ticking, impossibly loud, made the man flinch. He knocked his drink. His hand shook. The diamonds in his vest clinked. He'd hidden them in the lining. Bond palmed one before security moved in. Back at the lab, Q was polishing his latest insult: a shoehorn that launched grappling hooks. 'Completely useless,' he announced. 'Unless you want to be pulled off a cliff.' Bond smiled. 'Brilliant.' He left the shoehorn in the briefcase he handed to the asset in Istanbul. The asset, terrified of the bomb he'd been ordered to carry, dropped the case. The shoehorn fired, snagged the ceiling, and yanked the briefcase up, exposing the wires. 'Note the efficiency,' Bond said into the comms. Q muted the feed.",the new cufflinks were live grenades with a timer q presented the cufflinks with a sigh of pure vindication they tick he said they tick and they explode wear them 007 and look dashing while you die bond slipped them on in the bathroom mirror the tiny display read 00 47 excellent he murmured in the casino the target leaned in for a whisper bond's left cuff brushed his wrist the ticking impossibly loud made the man flinch he knocked his drink his hand shook the diamonds in his vest clinked he'd hidden them in the lining bond palmed one before security moved in back at the lab q was polishing his latest insult a shoehorn that launched grappling hooks completely useless he announced unless you want to be pulled off a cliff bond smiled brilliant he left the shoehorn in the briefcase he handed to the asset in istanbul the asset terrified of the bomb he'd been ordered to carry dropped the case the shoehorn fired snagged the ceiling and yanked the briefcase up exposing the wires note the efficiency bond said into the comms q muted the feed
longform_0029__muse-glimmer-30b,longform_0029,long-form,The thought process of a writer trying to start his/her masterpiece.,"The cursor blinks. It’s been blinking for twenty minutes.

I open a new document, name it masterpiece_final.docx, delete it, name it draft1. No. Just blank. Blank is honest.

Okay, start with a woman in a kitchen. No, a man on a train. No. The first line has to earn its keep. It has to be the one.

If I write “The night the river froze over,” I’m already lying. I’ve never seen a river freeze.

Maybe start with what I know: the apartment smells like burnt coffee. The neighbor practices trumpet. My wrist hurts.

That’s true, but it’s not a beginning. It’s an inventory.

The masterpiece needs a beginning that makes you stay. So I type: She came back for the key. Then delete it. Too tidy.

She never came back. That’s better. No, that’s melodrama.

The cursor blinks. I think about my father saying you have to start before you’re ready. I am not ready. I am terrified the first sentence will be the only honest one I ever write and then I’ll run out.

Okay. Just one sentence. Any sentence.

The dog was waiting by the door when she finally remembered she had left it.

There. It’s not perfect. It’s a door. I can open it.","The cursor blinks. It's been blinking for twenty minutes.

I open a new document, name it masterpiece_final.docx, delete it, name it draft1. No. Just blank. Blank is honest.

Okay, start with a woman in a kitchen. No, a man on a train. No. The first line has to earn its keep. It has to be the one.

If I write ""The night the river froze over,"" I'm already lying. I've never seen a river freeze.

Maybe start with what I know: the apartment smells like burnt coffee. The neighbor practices trumpet. My wrist hurts.

That's true, but it's not a beginning. It's an inventory.

The masterpiece needs a beginning that makes you stay. So I type: She came back for the key. Then delete it. Too tidy.

She never came back. That's better. No, that's melodrama.

The cursor blinks. I think about my father saying you have to start before you're ready. I am not ready. I am terrified the first sentence will be the only honest one I ever write and then I'll run out.

Okay. Just one sentence. Any sentence.

The dog was waiting by the door when she finally remembered she had left it.

There. It's not perfect. It's a door. I can open it.",muse-glimmer-30b,meta,True,208,1128,test,muse-glimmer-30b-q4_k_m,final-2026-09-20,"You are writing a short piece of fiction in response to a writing prompt, the way a person would on an online writing forum. Write the story itself. Do not restate the prompt, explain it, comment on it, or add any framing before or after the story.",140,220,8192,default,,end_turn,ollama-local-muse-glimmer-30b,2026-09-28 08:54:39.694487+00:00,32.3,muse-glimmer:30b-q4_K_M,q4_k_m,16384,8192,True,"{""temperature"": ""1"", ""top_k"": ""64"", ""top_p"": ""0.95""}","The cursor blinks. It's been blinking for twenty minutes.

I open a new document, name it masterpiece_final.docx, delete it, name it draft1. No. Just blank. Blank is honest.

Okay, start with a woman in a kitchen. No, a man on a train. No. The first line has to earn its keep. It has to be the one.

If I write ""The night the river froze over,"" I'm already lying. I've never seen a river freeze.

Maybe start with what I know: the apartment smells like burnt coffee. The neighbor practices trumpet. My wrist hurts.

That's true, but it's not a beginning. It's an inventory.

The masterpiece needs a beginning that makes you stay. So I type: She came back for the key. Then delete it. Too tidy.

She never came back. That's better. No, that's melodrama.

The cursor blinks. I think about my father saying you have to start before you're ready. I am not ready. I am terrified the first sentence will be the only honest one I ever write and then I'll run out.

Okay. Just one sentence. Any sentence.

The dog was waiting by the door when she finally remembered she had left it.

There. It's not perfect. It's a door. I can open it.","The cursor blinks. It's been blinking for twenty minutes. I open a new document, name it masterpiece_final.docx, delete it, name it draft1. No. Just blank. Blank is honest. Okay, start with a woman in a kitchen. No, a man on a train. No. The first line has to earn its keep. It has to be the one. If I write ""The night the river froze over,"" I'm already lying. I've never seen a river freeze. Maybe start with what I know: the apartment smells like burnt coffee. The neighbor practices trumpet. My wrist hurts. That's true, but it's not a beginning. It's an inventory. The masterpiece needs a beginning that makes you stay. So I type: She came back for the key. Then delete it. Too tidy. She never came back. That's better. No, that's melodrama. The cursor blinks. I think about my father saying you have to start before you're ready. I am not ready. I am terrified the first sentence will be the only honest one I ever write and then I'll run out. Okay. Just one sentence. Any sentence. The dog was waiting by the door when she finally remembered she had left it. There. It's not perfect. It's a door. I can open it.","The cursor blinks. It's been blinking for twenty minutes. I open a new document, name it masterpiece_final.docx, delete it, name it draft1. No. Just blank. Blank is honest. Okay, start with a woman in a kitchen. No, a man on a train. No. The first line has to earn its keep. It has to be the one. If I write ""The night the river froze over,"" I'm already lying. I've never seen a river freeze. Maybe start with what I know: the apartment smells like burnt coffee. The neighbor practices trumpet. My wrist hurts. That's true, but it's not a beginning. It's an inventory. The masterpiece needs a beginning that makes you stay. So I type: She came back for the key. Then delete it. Too tidy. She never came back. That's better. No, that's melodrama. The cursor blinks. I think about my father saying you have to start before you're ready. I am not ready. I am terrified the first sentence will be the only honest one I ever write and then I'll run out. Okay. Just one sentence. Any sentence. The dog was waiting by the door when she finally remembered she had left it. There. It's not perfect. It's a door. I can open it.",the cursor blinks it's been blinking for twenty minutes i open a new document name it masterpiece final docx delete it name it draft1 no just blank blank is honest okay start with a woman in a kitchen no a man on a train no the first line has to earn its keep it has to be the one if i write the night the river froze over i'm already lying i've never seen a river freeze maybe start with what i know the apartment smells like burnt coffee the neighbor practices trumpet my wrist hurts that's true but it's not a beginning it's an inventory the masterpiece needs a beginning that makes you stay so i type she came back for the key then delete it too tidy she never came back that's better no that's melodrama the cursor blinks i think about my father saying you have to start before you're ready i am not ready i am terrified the first sentence will be the only honest one i ever write and then i'll run out okay just one sentence any sentence the dog was waiting by the door when she finally remembered she had left it there it's not perfect it's a door i can open it
longform_0043__muse-glimmer-30b,longform_0043,long-form,"In a resource poor society it is law that each family adheres to a maximum combined weight limit of it's members, set according to their social caste. When the actions of an individual result in a family's loss of status they must somehow adjust to a drastically lowered weight quota.","The red seal was nailed to our door at dawn. Merchant to Laborer. Our quota fell from three hundred forty kilos to one hundred eighty.

Father sat on the cold floor and stared at the kitchen scale. Mother had already poured her rice into the bin. The Weighmaster would come at noon with his brass beam and ledger.

I weighed myself first. Seventy-two. My brother, eighty-nine. Father, ninety-four. Mother, sixty-one. Two hundred sixteen. Thirty-six kilos over.

Father said we could sell the goat. Mother said we could sell the house. My brother said we could sell me.

I told them I would go to the river. I would walk the old limestone path to the hills where the weighers never go. Father cried. Mother packed me bread and a letter.

At noon the bell rang. The Weighmaster lifted his pen. I was already gone. On the ledger they wrote one hundred forty-four. A clean family.","The red seal was nailed to our door at dawn. Merchant to Laborer. Our quota fell from three hundred forty kilos to one hundred eighty.

Father sat on the cold floor and stared at the kitchen scale. Mother had already poured her rice into the bin. The Weighmaster would come at noon with his brass beam and ledger.

I weighed myself first. Seventy-two. My brother, eighty-nine. Father, ninety-four. Mother, sixty-one. Two hundred sixteen. Thirty-six kilos over.

Father said we could sell the goat. Mother said we could sell the house. My brother said we could sell me.

I told them I would go to the river. I would walk the old limestone path to the hills where the weighers never go. Father cried. Mother packed me bread and a letter.

At noon the bell rang. The Weighmaster lifted his pen. I was already gone. On the ledger they wrote one hundred forty-four. A clean family.",muse-glimmer-30b,meta,True,155,876,test,muse-glimmer-30b-q4_k_m,final-2026-09-20,"You are writing a short piece of fiction in response to a writing prompt, the way a person would on an online writing forum. Write the story itself. Do not restate the prompt, explain it, comment on it, or add any framing before or after the story.",140,220,8192,default,,end_turn,ollama-local-muse-glimmer-30b,2026-09-28 08:55:14.763736+00:00,32.3,muse-glimmer:30b-q4_K_M,q4_k_m,16384,8192,True,"{""temperature"": ""1"", ""top_k"": ""64"", ""top_p"": ""0.95""}","The red seal was nailed to our door at dawn. Merchant to Laborer. Our quota fell from three hundred forty kilos to one hundred eighty.

Father sat on the cold floor and stared at the kitchen scale. Mother had already poured her rice into the bin. The Weighmaster would come at noon with his brass beam and ledger.

I weighed myself first. Seventy-two. My brother, eighty-nine. Father, ninety-four. Mother, sixty-one. Two hundred sixteen. Thirty-six kilos over.

Father said we could sell the goat. Mother said we could sell the house. My brother said we could sell me.

I told them I would go to the river. I would walk the old limestone path to the hills where the weighers never go. Father cried. Mother packed me bread and a letter.

At noon the bell rang. The Weighmaster lifted his pen. I was already gone. On the ledger they wrote one hundred forty-four. A clean family.","The red seal was nailed to our door at dawn. Merchant to Laborer. Our quota fell from three hundred forty kilos to one hundred eighty. Father sat on the cold floor and stared at the kitchen scale. Mother had already poured her rice into the bin. The Weighmaster would come at noon with his brass beam and ledger. I weighed myself first. Seventy-two. My brother, eighty-nine. Father, ninety-four. Mother, sixty-one. Two hundred sixteen. Thirty-six kilos over. Father said we could sell the goat. Mother said we could sell the house. My brother said we could sell me. I told them I would go to the river. I would walk the old limestone path to the hills where the weighers never go. Father cried. Mother packed me bread and a letter. At noon the bell rang. The Weighmaster lifted his pen. I was already gone. On the ledger they wrote one hundred forty-four. A clean family.","The red seal was nailed to our door at dawn. Merchant to Laborer. Our quota fell from three hundred forty kilos to one hundred eighty. Father sat on the cold floor and stared at the kitchen scale. Mother had already poured her rice into the bin. The Weighmaster would come at noon with his brass beam and ledger. I weighed myself first. Seventy-two. My brother, eighty-nine. Father, ninety-four. Mother, sixty-one. Two hundred sixteen. Thirty-six kilos over. Father said we could sell the goat. Mother said we could sell the house. My brother said we could sell me. I told them I would go to the river. I would walk the old limestone path to the hills where the weighers never go. Father cried. Mother packed me bread and a letter. At noon the bell rang. The Weighmaster lifted his pen. I was already gone. On the ledger they wrote one hundred forty-four. A clean family.",the red seal was nailed to our door at dawn merchant to laborer our quota fell from three hundred forty kilos to one hundred eighty father sat on the cold floor and stared at the kitchen scale mother had already poured her rice into the bin the weighmaster would come at noon with his brass beam and ledger i weighed myself first seventy two my brother eighty nine father ninety four mother sixty one two hundred sixteen thirty six kilos over father said we could sell the goat mother said we could sell the house my brother said we could sell me i told them i would go to the river i would walk the old limestone path to the hills where the weighers never go father cried mother packed me bread and a letter at noon the bell rang the weighmaster lifted his pen i was already gone on the ledger they wrote one hundred forty four a clean family
longform_0047__muse-glimmer-30b,longform_0047,long-form,"At one random point one day without warning, everyone blacks out & wakes up as a different animal.","I woke up with whiskers.

The kitchen tiles were huge, cold under my new paws. My coffee mug was on the floor, tipped over, and my phone was buzzing in the sink. I tried to speak and only got a soft chitter. The cat that used to be my wife was on the counter, staring at me with my own eyes.

The news was screaming from the radio. 'No injuries reported. No explanation...' The dog next door was scratching at the front door, his collar tangled in the handle.

I couldn't reach the tap. I couldn't open the fridge. My human hands were gone, and the house was suddenly too big and too loud.

Mara found me under the table. She lowered herself to the floor, pressed her forehead against mine. She smelled like laundry and fear. We couldn't talk, but we understood each other perfectly for the first time in twenty years.

She licked my ear. I purred.","I woke up with whiskers.

The kitchen tiles were huge, cold under my new paws. My coffee mug was on the floor, tipped over, and my phone was buzzing in the sink. I tried to speak and only got a soft chitter. The cat that used to be my wife was on the counter, staring at me with my own eyes.

The news was screaming from the radio. 'No injuries reported. No explanation...' The dog next door was scratching at the front door, his collar tangled in the handle.

I couldn't reach the tap. I couldn't open the fridge. My human hands were gone, and the house was suddenly too big and too loud.

Mara found me under the table. She lowered herself to the floor, pressed her forehead against mine. She smelled like laundry and fear. We couldn't talk, but we understood each other perfectly for the first time in twenty years.

She licked my ear. I purred.",muse-glimmer-30b,meta,True,159,848,test,muse-glimmer-30b-q4_k_m,final-2026-09-20,"You are writing a short piece of fiction in response to a writing prompt, the way a person would on an online writing forum. Write the story itself. Do not restate the prompt, explain it, comment on it, or add any framing before or after the story.",140,220,8192,default,,end_turn,ollama-local-muse-glimmer-30b,2026-09-28 08:55:47.962147+00:00,32.3,muse-glimmer:30b-q4_K_M,q4_k_m,16384,8192,True,"{""temperature"": ""1"", ""top_k"": ""64"", ""top_p"": ""0.95""}","I woke up with whiskers.

The kitchen tiles were huge, cold under my new paws. My coffee mug was on the floor, tipped over, and my phone was buzzing in the sink. I tried to speak and only got a soft chitter. The cat that used to be my wife was on the counter, staring at me with my own eyes.

The news was screaming from the radio. 'No injuries reported. No explanation...' The dog next door was scratching at the front door, his collar tangled in the handle.

I couldn't reach the tap. I couldn't open the fridge. My human hands were gone, and the house was suddenly too big and too loud.

Mara found me under the table. She lowered herself to the floor, pressed her forehead against mine. She smelled like laundry and fear. We couldn't talk, but we understood each other perfectly for the first time in twenty years.

She licked my ear. I purred.","I woke up with whiskers. The kitchen tiles were huge, cold under my new paws. My coffee mug was on the floor, tipped over, and my phone was buzzing in the sink. I tried to speak and only got a soft chitter. The cat that used to be my wife was on the counter, staring at me with my own eyes. The news was screaming from the radio. 'No injuries reported. No explanation...' The dog next door was scratching at the front door, his collar tangled in the handle. I couldn't reach the tap. I couldn't open the fridge. My human hands were gone, and the house was suddenly too big and too loud. Mara found me under the table. She lowered herself to the floor, pressed her forehead against mine. She smelled like laundry and fear. We couldn't talk, but we understood each other perfectly for the first time in twenty years. She licked my ear. I purred.","I woke up with whiskers. The kitchen tiles were huge, cold under my new paws. My coffee mug was on the floor, tipped over, and my phone was buzzing in the sink. I tried to speak and only got a soft chitter. The cat that used to be my wife was on the counter, staring at me with my own eyes. The news was screaming from the radio. 'No injuries reported. No explanation...' The dog next door was scratching at the front door, his collar tangled in the handle. I couldn't reach the tap. I couldn't open the fridge. My human hands were gone, and the house was suddenly too big and too loud. Mara found me under the table. She lowered herself to the floor, pressed her forehead against mine. She smelled like laundry and fear. We couldn't talk, but we understood each other perfectly for the first time in twenty years. She licked my ear. I purred.",i woke up with whiskers the kitchen tiles were huge cold under my new paws my coffee mug was on the floor tipped over and my phone was buzzing in the sink i tried to speak and only got a soft chitter the cat that used to be my wife was on the counter staring at me with my own eyes the news was screaming from the radio no injuries reported no explanation the dog next door was scratching at the front door his collar tangled in the handle i couldn't reach the tap i couldn't open the fridge my human hands were gone and the house was suddenly too big and too loud mara found me under the table she lowered herself to the floor pressed her forehead against mine she smelled like laundry and fear we couldn't talk but we understood each other perfectly for the first time in twenty years she licked my ear i purred
longform_0051__muse-glimmer-30b,longform_0051,long-form,"You finally get your pipboy and copy of Fallout 4. But when you strap on the Pipboy, you find yourself stuck in the middle of the wastelands with nothing but what you're wearing and the pipboy.","The Pip-Boy clicked shut on my wrist and the living room dissolved.

Dust, not carpet. Wind scraping the corrugated metal of an old water tower a hundred yards off. The Pip-Boy read 138 degrees, 10:47 AM, Commonwealth. No map, no gear, just the t-shirt I was wearing when the box arrived.

I stared at the inventory screen: 0 items. The radio static crackled, then a woman’s voice: “...stay indoors... raiders...”

Footsteps. I pressed against the tower, heart hammering louder than the wind. Two figures in patched leather crossed the road, rifles slung. They didn’t see me.

The Pip-Boy’s Geiger counter ticked. Not radiation, just my pulse. The tutorial text I remembered was wrong. No Sole Survivor waiting with a baby. No vault door. Just me, alone, with a glowing wrist computer and the real wasteland.

I tapped the Pip-Boy, pulled up the compass. North was that water tower. I started walking, because the only quest marker I had was survival.","The Pip-Boy clicked shut on my wrist and the living room dissolved.

Dust, not carpet. Wind scraping the corrugated metal of an old water tower a hundred yards off. The Pip-Boy read 138 degrees, 10:47 AM, Commonwealth. No map, no gear, just the t-shirt I was wearing when the box arrived.

I stared at the inventory screen: 0 items. The radio static crackled, then a woman's voice: ""...stay indoors... raiders...""

Footsteps. I pressed against the tower, heart hammering louder than the wind. Two figures in patched leather crossed the road, rifles slung. They didn't see me.

The Pip-Boy's Geiger counter ticked. Not radiation, just my pulse. The tutorial text I remembered was wrong. No Sole Survivor waiting with a baby. No vault door. Just me, alone, with a glowing wrist computer and the real wasteland.

I tapped the Pip-Boy, pulled up the compass. North was that water tower. I started walking, because the only quest marker I had was survival.",muse-glimmer-30b,meta,True,160,951,test,muse-glimmer-30b-q4_k_m,final-2026-09-20,"You are writing a short piece of fiction in response to a writing prompt, the way a person would on an online writing forum. Write the story itself. Do not restate the prompt, explain it, comment on it, or add any framing before or after the story.",140,220,8192,default,,end_turn,ollama-local-muse-glimmer-30b,2026-09-28 08:56:21.843812+00:00,32.3,muse-glimmer:30b-q4_K_M,q4_k_m,16384,8192,True,"{""temperature"": ""1"", ""top_k"": ""64"", ""top_p"": ""0.95""}","The Pip-Boy clicked shut on my wrist and the living room dissolved.

Dust, not carpet. Wind scraping the corrugated metal of an old water tower a hundred yards off. The Pip-Boy read 138 degrees, 10:47 AM, Commonwealth. No map, no gear, just the t-shirt I was wearing when the box arrived.

I stared at the inventory screen: 0 items. The radio static crackled, then a woman's voice: ""...stay indoors... raiders...""

Footsteps. I pressed against the tower, heart hammering louder than the wind. Two figures in patched leather crossed the road, rifles slung. They didn't see me.

The Pip-Boy's Geiger counter ticked. Not radiation, just my pulse. The tutorial text I remembered was wrong. No Sole Survivor waiting with a baby. No vault door. Just me, alone, with a glowing wrist computer and the real wasteland.

I tapped the Pip-Boy, pulled up the compass. North was that water tower. I started walking, because the only quest marker I had was survival.","The Pip-Boy clicked shut on my wrist and the living room dissolved. Dust, not carpet. Wind scraping the corrugated metal of an old water tower a hundred yards off. The Pip-Boy read 138 degrees, 10:47 AM, Commonwealth. No map, no gear, just the t-shirt I was wearing when the box arrived. I stared at the inventory screen: 0 items. The radio static crackled, then a woman's voice: ""...stay indoors... raiders..."" Footsteps. I pressed against the tower, heart hammering louder than the wind. Two figures in patched leather crossed the road, rifles slung. They didn't see me. The Pip-Boy's Geiger counter ticked. Not radiation, just my pulse. The tutorial text I remembered was wrong. No Sole Survivor waiting with a baby. No vault door. Just me, alone, with a glowing wrist computer and the real wasteland. I tapped the Pip-Boy, pulled up the compass. North was that water tower. I started walking, because the only quest marker I had was survival.","The Pip-Boy clicked shut on my wrist and the living room dissolved. Dust, not carpet. Wind scraping the corrugated metal of an old water tower a hundred yards off. The Pip-Boy read 138 degrees, 10:47 AM, Commonwealth. No map, no gear, just the t-shirt I was wearing when the box arrived. I stared at the inventory screen: 0 items. The radio static crackled, then a woman's voice: ""...stay indoors... raiders..."" Footsteps. I pressed against the tower, heart hammering louder than the wind. Two figures in patched leather crossed the road, rifles slung. They didn't see me. The Pip-Boy's Geiger counter ticked. Not radiation, just my pulse. The tutorial text I remembered was wrong. No Sole Survivor waiting with a baby. No vault door. Just me, alone, with a glowing wrist computer and the real wasteland. I tapped the Pip-Boy, pulled up the compass. North was that water tower. I started walking, because the only quest marker I had was survival.",the pip boy clicked shut on my wrist and the living room dissolved dust not carpet wind scraping the corrugated metal of an old water tower a hundred yards off the pip boy read 138 degrees 10 47 am commonwealth no map no gear just the t shirt i was wearing when the box arrived i stared at the inventory screen 0 items the radio static crackled then a woman's voice stay indoors raiders footsteps i pressed against the tower heart hammering louder than the wind two figures in patched leather crossed the road rifles slung they didn't see me the pip boy's geiger counter ticked not radiation just my pulse the tutorial text i remembered was wrong no sole survivor waiting with a baby no vault door just me alone with a glowing wrist computer and the real wasteland i tapped the pip boy pulled up the compass north was that water tower i started walking because the only quest marker i had was survival
longform_0078__muse-glimmer-30b,longform_0078,long-form,You are a thief that breaks into houses and cars and steals nothing but the alarm systems.,"I don't take wallets. I don't take TVs. I take the sound.

Night work. Houses first, cars later. The alarm is always in the same place: a blinking red eye on the wall, a little black box under the dash. I learn the houses by the way the dogs breathe through the vents.

I slip in through back windows, leave the glass. No point cleaning. The owners already know something is missing by morning when the siren doesn't scream.

I unscrew the panel, cut the wires clean, tuck the brain into my bag. The sensors I leave. Let them be blind.

Cars are easier. One clip, the module pops out. I pull the fuse first so it doesn't wake up.

People call me crazy. They say why steal the thing that protects them. I tell them I collect warnings. Each box has a different voice. Some chirp, some howl. At home I line them up on the shelf and press the test button. A choir of false alarms for nobody.

Tonight I have a new one. It smells like lemon cleaner.","I don't take wallets. I don't take TVs. I take the sound.

Night work. Houses first, cars later. The alarm is always in the same place: a blinking red eye on the wall, a little black box under the dash. I learn the houses by the way the dogs breathe through the vents.

I slip in through back windows, leave the glass. No point cleaning. The owners already know something is missing by morning when the siren doesn't scream.

I unscrew the panel, cut the wires clean, tuck the brain into my bag. The sensors I leave. Let them be blind.

Cars are easier. One clip, the module pops out. I pull the fuse first so it doesn't wake up.

People call me crazy. They say why steal the thing that protects them. I tell them I collect warnings. Each box has a different voice. Some chirp, some howl. At home I line them up on the shelf and press the test button. A choir of false alarms for nobody.

Tonight I have a new one. It smells like lemon cleaner.",muse-glimmer-30b,meta,True,181,944,test,muse-glimmer-30b-q4_k_m,final-2026-09-20,"You are writing a short piece of fiction in response to a writing prompt, the way a person would on an online writing forum. Write the story itself. Do not restate the prompt, explain it, comment on it, or add any framing before or after the story.",140,220,8192,default,,end_turn,ollama-local-muse-glimmer-30b,2026-09-28 08:57:06.595749+00:00,32.3,muse-glimmer:30b-q4_K_M,q4_k_m,16384,8192,True,"{""temperature"": ""1"", ""top_k"": ""64"", ""top_p"": ""0.95""}","I don't take wallets. I don't take TVs. I take the sound.

Night work. Houses first, cars later. The alarm is always in the same place: a blinking red eye on the wall, a little black box under the dash. I learn the houses by the way the dogs breathe through the vents.

I slip in through back windows, leave the glass. No point cleaning. The owners already know something is missing by morning when the siren doesn't scream.

I unscrew the panel, cut the wires clean, tuck the brain into my bag. The sensors I leave. Let them be blind.

Cars are easier. One clip, the module pops out. I pull the fuse first so it doesn't wake up.

People call me crazy. They say why steal the thing that protects them. I tell them I collect warnings. Each box has a different voice. Some chirp, some howl. At home I line them up on the shelf and press the test button. A choir of false alarms for nobody.

Tonight I have a new one. It smells like lemon cleaner.","I don't take wallets. I don't take TVs. I take the sound. Night work. Houses first, cars later. The alarm is always in the same place: a blinking red eye on the wall, a little black box under the dash. I learn the houses by the way the dogs breathe through the vents. I slip in through back windows, leave the glass. No point cleaning. The owners already know something is missing by morning when the siren doesn't scream. I unscrew the panel, cut the wires clean, tuck the brain into my bag. The sensors I leave. Let them be blind. Cars are easier. One clip, the module pops out. I pull the fuse first so it doesn't wake up. People call me crazy. They say why steal the thing that protects them. I tell them I collect warnings. Each box has a different voice. Some chirp, some howl. At home I line them up on the shelf and press the test button. A choir of false alarms for nobody. Tonight I have a new one. It smells like lemon cleaner.","I don't take wallets. I don't take TVs. I take the sound. Night work. Houses first, cars later. The alarm is always in the same place: a blinking red eye on the wall, a little black box under the dash. I learn the houses by the way the dogs breathe through the vents. I slip in through back windows, leave the glass. No point cleaning. The owners already know something is missing by morning when the siren doesn't scream. I unscrew the panel, cut the wires clean, tuck the brain into my bag. The sensors I leave. Let them be blind. Cars are easier. One clip, the module pops out. I pull the fuse first so it doesn't wake up. People call me crazy. They say why steal the thing that protects them. I tell them I collect warnings. Each box has a different voice. Some chirp, some howl. At home I line them up on the shelf and press the test button. A choir of false alarms for nobody. Tonight I have a new one. It smells like lemon cleaner.",i don't take wallets i don't take tvs i take the sound night work houses first cars later the alarm is always in the same place a blinking red eye on the wall a little black box under the dash i learn the houses by the way the dogs breathe through the vents i slip in through back windows leave the glass no point cleaning the owners already know something is missing by morning when the siren doesn't scream i unscrew the panel cut the wires clean tuck the brain into my bag the sensors i leave let them be blind cars are easier one clip the module pops out i pull the fuse first so it doesn't wake up people call me crazy they say why steal the thing that protects them i tell them i collect warnings each box has a different voice some chirp some howl at home i line them up on the shelf and press the test button a choir of false alarms for nobody tonight i have a new one it smells like lemon cleaner
longform_0085__muse-glimmer-30b,longform_0085,long-form,The main character has a conversation with the reader but the reader's silence convinces him/her to kill themselves.,"You’re not answering. I get it. You’re busy, or bored, or you think this is a trick.

I’ve been sitting here for three hours with the window open. The rope’s already tied. It’s simple, really. No drama. I checked the knot twice.

You were supposed to say something. Anything. ‘Don’t.’ ‘Why?’ Even ‘lol’. I wrote you a whole monologue in my head and you just wait.

I told you about the first time I tried. I told you about my mother’s voice on voicemail. I told you about the ceiling stain that looks like you if you squint. You didn’t blink. You can’t blink. That’s why this works.

Maybe that’s the point. You’ve seen this before. Another sad kid on the internet asking for attention. You scroll past. You always scroll past.

I can hear the bus now. It will be quiet after. The note’s on the table. I didn’t write your name because you never gave one.

Okay. I’m going.","You're not answering. I get it. You're busy, or bored, or you think this is a trick.

I've been sitting here for three hours with the window open. The rope's already tied. It's simple, really. No drama. I checked the knot twice.

You were supposed to say something. Anything. 'Don't.' 'Why?' Even 'lol'. I wrote you a whole monologue in my head and you just wait.

I told you about the first time I tried. I told you about my mother's voice on voicemail. I told you about the ceiling stain that looks like you if you squint. You didn't blink. You can't blink. That's why this works.

Maybe that's the point. You've seen this before. Another sad kid on the internet asking for attention. You scroll past. You always scroll past.

I can hear the bus now. It will be quiet after. The note's on the table. I didn't write your name because you never gave one.

Okay. I'm going.",muse-glimmer-30b,meta,True,161,872,test,muse-glimmer-30b-q4_k_m,final-2026-09-20,"You are writing a short piece of fiction in response to a writing prompt, the way a person would on an online writing forum. Write the story itself. Do not restate the prompt, explain it, comment on it, or add any framing before or after the story.",140,220,8192,default,,end_turn,ollama-local-muse-glimmer-30b,2026-09-28 08:58:00.786333+00:00,32.3,muse-glimmer:30b-q4_K_M,q4_k_m,16384,8192,True,"{""temperature"": ""1"", ""top_k"": ""64"", ""top_p"": ""0.95""}","You're not answering. I get it. You're busy, or bored, or you think this is a trick.

I've been sitting here for three hours with the window open. The rope's already tied. It's simple, really. No drama. I checked the knot twice.

You were supposed to say something. Anything. 'Don't.' 'Why?' Even 'lol'. I wrote you a whole monologue in my head and you just wait.

I told you about the first time I tried. I told you about my mother's voice on voicemail. I told you about the ceiling stain that looks like you if you squint. You didn't blink. You can't blink. That's why this works.

Maybe that's the point. You've seen this before. Another sad kid on the internet asking for attention. You scroll past. You always scroll past.

I can hear the bus now. It will be quiet after. The note's on the table. I didn't write your name because you never gave one.

Okay. I'm going.","You're not answering. I get it. You're busy, or bored, or you think this is a trick. I've been sitting here for three hours with the window open. The rope's already tied. It's simple, really. No drama. I checked the knot twice. You were supposed to say something. Anything. 'Don't.' 'Why?' Even 'lol'. I wrote you a whole monologue in my head and you just wait. I told you about the first time I tried. I told you about my mother's voice on voicemail. I told you about the ceiling stain that looks like you if you squint. You didn't blink. You can't blink. That's why this works. Maybe that's the point. You've seen this before. Another sad kid on the internet asking for attention. You scroll past. You always scroll past. I can hear the bus now. It will be quiet after. The note's on the table. I didn't write your name because you never gave one. Okay. I'm going.","You're not answering. I get it. You're busy, or bored, or you think this is a trick. I've been sitting here for three hours with the window open. The rope's already tied. It's simple, really. No drama. I checked the knot twice. You were supposed to say something. Anything. 'Don't.' 'Why?' Even 'lol'. I wrote you a whole monologue in my head and you just wait. I told you about the first time I tried. I told you about my mother's voice on voicemail. I told you about the ceiling stain that looks like you if you squint. You didn't blink. You can't blink. That's why this works. Maybe that's the point. You've seen this before. Another sad kid on the internet asking for attention. You scroll past. You always scroll past. I can hear the bus now. It will be quiet after. The note's on the table. I didn't write your name because you never gave one. Okay. I'm going.",you're not answering i get it you're busy or bored or you think this is a trick i've been sitting here for three hours with the window open the rope's already tied it's simple really no drama i checked the knot twice you were supposed to say something anything don't why even lol i wrote you a whole monologue in my head and you just wait i told you about the first time i tried i told you about my mother's voice on voicemail i told you about the ceiling stain that looks like you if you squint you didn't blink you can't blink that's why this works maybe that's the point you've seen this before another sad kid on the internet asking for attention you scroll past you always scroll past i can hear the bus now it will be quiet after the note's on the table i didn't write your name because you never gave one okay i'm going
longform_0088__muse-glimmer-30b,longform_0088,long-form,"When you die, you appear in a room with two buttons: Heaven and Hell. You don't know which is which. So you press both at the same time.","The room was white and smelled faintly of ozone. No doors. Two buttons on the wall, each the size of a palm. HEAVEN in neat capitals on the left, HELL on the right. Both unmarked otherwise.

I’d read the stories. Flip a coin, choose, pray. None of that helped. My hands were still shaking from the car.

I pressed them both.

The world tore.

Heat rushed in from the right, a roar of voices laughing, a furnace smell. Cold opened from the left, a hush so deep it rang. I stood in the doorway between them, skin pulling both ways.

Then the lights dimmed. A third button blinked into existence between the two, warm to the touch, with no label.

A small voice, maybe mine, said, “Oh.”

I let go of Heaven and Hell and pressed the middle one. Something clicked, and the room finally breathed.","The room was white and smelled faintly of ozone. No doors. Two buttons on the wall, each the size of a palm. HEAVEN in neat capitals on the left, HELL on the right. Both unmarked otherwise.

I'd read the stories. Flip a coin, choose, pray. None of that helped. My hands were still shaking from the car.

I pressed them both.

The world tore.

Heat rushed in from the right, a roar of voices laughing, a furnace smell. Cold opened from the left, a hush so deep it rang. I stood in the doorway between them, skin pulling both ways.

Then the lights dimmed. A third button blinked into existence between the two, warm to the touch, with no label.

A small voice, maybe mine, said, ""Oh.""

I let go of Heaven and Hell and pressed the middle one. Something clicked, and the room finally breathed.",muse-glimmer-30b,meta,True,146,790,test,muse-glimmer-30b-q4_k_m,final-2026-09-20,"You are writing a short piece of fiction in response to a writing prompt, the way a person would on an online writing forum. Write the story itself. Do not restate the prompt, explain it, comment on it, or add any framing before or after the story.",140,220,8192,default,,end_turn,ollama-local-muse-glimmer-30b,2026-09-28 08:58:34.513138+00:00,32.3,muse-glimmer:30b-q4_K_M,q4_k_m,16384,8192,True,"{""temperature"": ""1"", ""top_k"": ""64"", ""top_p"": ""0.95""}","The room was white and smelled faintly of ozone. No doors. Two buttons on the wall, each the size of a palm. HEAVEN in neat capitals on the left, HELL on the right. Both unmarked otherwise.

I'd read the stories. Flip a coin, choose, pray. None of that helped. My hands were still shaking from the car.

I pressed them both.

The world tore.

Heat rushed in from the right, a roar of voices laughing, a furnace smell. Cold opened from the left, a hush so deep it rang. I stood in the doorway between them, skin pulling both ways.

Then the lights dimmed. A third button blinked into existence between the two, warm to the touch, with no label.

A small voice, maybe mine, said, ""Oh.""

I let go of Heaven and Hell and pressed the middle one. Something clicked, and the room finally breathed.","The room was white and smelled faintly of ozone. No doors. Two buttons on the wall, each the size of a palm. HEAVEN in neat capitals on the left, HELL on the right. Both unmarked otherwise. I'd read the stories. Flip a coin, choose, pray. None of that helped. My hands were still shaking from the car. I pressed them both. The world tore. Heat rushed in from the right, a roar of voices laughing, a furnace smell. Cold opened from the left, a hush so deep it rang. I stood in the doorway between them, skin pulling both ways. Then the lights dimmed. A third button blinked into existence between the two, warm to the touch, with no label. A small voice, maybe mine, said, ""Oh."" I let go of Heaven and Hell and pressed the middle one. Something clicked, and the room finally breathed.","The room was white and smelled faintly of ozone. No doors. Two buttons on the wall, each the size of a palm. HEAVEN in neat capitals on the left, HELL on the right. Both unmarked otherwise. I'd read the stories. Flip a coin, choose, pray. None of that helped. My hands were still shaking from the car. I pressed them both. The world tore. Heat rushed in from the right, a roar of voices laughing, a furnace smell. Cold opened from the left, a hush so deep it rang. I stood in the doorway between them, skin pulling both ways. Then the lights dimmed. A third button blinked into existence between the two, warm to the touch, with no label. A small voice, maybe mine, said, ""Oh."" I let go of Heaven and Hell and pressed the middle one. Something clicked, and the room finally breathed.",the room was white and smelled faintly of ozone no doors two buttons on the wall each the size of a palm heaven in neat capitals on the left hell on the right both unmarked otherwise i'd read the stories flip a coin choose pray none of that helped my hands were still shaking from the car i pressed them both the world tore heat rushed in from the right a roar of voices laughing a furnace smell cold opened from the left a hush so deep it rang i stood in the doorway between them skin pulling both ways then the lights dimmed a third button blinked into existence between the two warm to the touch with no label a small voice maybe mine said oh i let go of heaven and hell and pressed the middle one something clicked and the room finally breathed
longform_0095__muse-glimmer-30b,longform_0095,long-form,You are a student of a middle school. You go to the bathroom oneday and catch wind of a uprising.,"I ducked into the boys’ bathroom between math and science because the line for the water fountain was ridiculous. The third stall door was cracked, and Mr. Delgado was in there on his phone, whispering too loud for a custodian.

“Tomorrow, seventh period. All of them. Lock the doors,” he said. “The kids are ready.”

I froze with my hand on the sink. The pipes knocked. Delgado wasn’t supposed to be in the bathroom at all, let alone talking about locking doors. I thought about the rumor last week that the cafeteria trays were being stacked in the gym.

The toilet flushed. He hung up, sighed, and left without looking at me. I slipped out the back door and saw a group of eighth graders crouched behind the dumpsters with spray paint and a clipboard. One of them saw me and mouthed, “Don’t say anything.”

I went back to class late, heart hammering. The bell rang, and somewhere down the hall a door clicked shut.","I ducked into the boys' bathroom between math and science because the line for the water fountain was ridiculous. The third stall door was cracked, and Mr. Delgado was in there on his phone, whispering too loud for a custodian.

""Tomorrow, seventh period. All of them. Lock the doors,"" he said. ""The kids are ready.""

I froze with my hand on the sink. The pipes knocked. Delgado wasn't supposed to be in the bathroom at all, let alone talking about locking doors. I thought about the rumor last week that the cafeteria trays were being stacked in the gym.

The toilet flushed. He hung up, sighed, and left without looking at me. I slipped out the back door and saw a group of eighth graders crouched behind the dumpsters with spray paint and a clipboard. One of them saw me and mouthed, ""Don't say anything.""

I went back to class late, heart hammering. The bell rang, and somewhere down the hall a door clicked shut.",muse-glimmer-30b,meta,True,165,917,test,muse-glimmer-30b-q4_k_m,final-2026-09-20,"You are writing a short piece of fiction in response to a writing prompt, the way a person would on an online writing forum. Write the story itself. Do not restate the prompt, explain it, comment on it, or add any framing before or after the story.",140,220,8192,default,,end_turn,ollama-local-muse-glimmer-30b,2026-09-28 08:59:10.749801+00:00,32.3,muse-glimmer:30b-q4_K_M,q4_k_m,16384,8192,True,"{""temperature"": ""1"", ""top_k"": ""64"", ""top_p"": ""0.95""}","I ducked into the boys' bathroom between math and science because the line for the water fountain was ridiculous. The third stall door was cracked, and Mr. Delgado was in there on his phone, whispering too loud for a custodian.

""Tomorrow, seventh period. All of them. Lock the doors,"" he said. ""The kids are ready.""

I froze with my hand on the sink. The pipes knocked. Delgado wasn't supposed to be in the bathroom at all, let alone talking about locking doors. I thought about the rumor last week that the cafeteria trays were being stacked in the gym.

The toilet flushed. He hung up, sighed, and left without looking at me. I slipped out the back door and saw a group of eighth graders crouched behind the dumpsters with spray paint and a clipboard. One of them saw me and mouthed, ""Don't say anything.""

I went back to class late, heart hammering. The bell rang, and somewhere down the hall a door clicked shut.","I ducked into the boys' bathroom between math and science because the line for the water fountain was ridiculous. The third stall door was cracked, and Mr. Delgado was in there on his phone, whispering too loud for a custodian. ""Tomorrow, seventh period. All of them. Lock the doors,"" he said. ""The kids are ready."" I froze with my hand on the sink. The pipes knocked. Delgado wasn't supposed to be in the bathroom at all, let alone talking about locking doors. I thought about the rumor last week that the cafeteria trays were being stacked in the gym. The toilet flushed. He hung up, sighed, and left without looking at me. I slipped out the back door and saw a group of eighth graders crouched behind the dumpsters with spray paint and a clipboard. One of them saw me and mouthed, ""Don't say anything."" I went back to class late, heart hammering. The bell rang, and somewhere down the hall a door clicked shut.","I ducked into the boys' bathroom between math and science because the line for the water fountain was ridiculous. The third stall door was cracked, and Mr. Delgado was in there on his phone, whispering too loud for a custodian. ""Tomorrow, seventh period. All of them. Lock the doors,"" he said. ""The kids are ready."" I froze with my hand on the sink. The pipes knocked. Delgado wasn't supposed to be in the bathroom at all, let alone talking about locking doors. I thought about the rumor last week that the cafeteria trays were being stacked in the gym. The toilet flushed. He hung up, sighed, and left without looking at me. I slipped out the back door and saw a group of eighth graders crouched behind the dumpsters with spray paint and a clipboard. One of them saw me and mouthed, ""Don't say anything."" I went back to class late, heart hammering. The bell rang, and somewhere down the hall a door clicked shut.",i ducked into the boys bathroom between math and science because the line for the water fountain was ridiculous the third stall door was cracked and mr delgado was in there on his phone whispering too loud for a custodian tomorrow seventh period all of them lock the doors he said the kids are ready i froze with my hand on the sink the pipes knocked delgado wasn't supposed to be in the bathroom at all let alone talking about locking doors i thought about the rumor last week that the cafeteria trays were being stacked in the gym the toilet flushed he hung up sighed and left without looking at me i slipped out the back door and saw a group of eighth graders crouched behind the dumpsters with spray paint and a clipboard one of them saw me and mouthed don't say anything i went back to class late heart hammering the bell rang and somewhere down the hall a door clicked shut
longform_0096__muse-glimmer-30b,longform_0096,long-form,"You find a book in a library, it details everything that you will and have done","The library smelled like damp paper. I pulled the wrong volume from the biography shelf, a plain cloth binding with no title on the spine.

Inside, my name was printed on the first page. Not a first edition, not a memoir. Just me.

Chapter One described my mother’s kitchen in 1998, the chipped blue mug she kept for me. It got the crack right, the one I didn’t remember telling anyone. Chapter Twelve was last Tuesday’s bus ride, the man with the cough, the way I almost texted Maya but didn’t.

I turned faster. Page 203: tonight. The apartment, the lamp I’d left on. A line about opening this book. A line about the librarian who would ask if I needed help. She would.

I flipped to the last page. The final sentence was blank, then a single word in my own handwriting that I hadn’t written yet: ‘continue.’

The bell over the door rang. The librarian stood in the aisle.

‘Find what you were looking for?’ she asked.

I closed the book and slipped it back onto the shelf, one slot to the left of where I found it.","The library smelled like damp paper. I pulled the wrong volume from the biography shelf, a plain cloth binding with no title on the spine.

Inside, my name was printed on the first page. Not a first edition, not a memoir. Just me.

Chapter One described my mother's kitchen in 1998, the chipped blue mug she kept for me. It got the crack right, the one I didn't remember telling anyone. Chapter Twelve was last Tuesday's bus ride, the man with the cough, the way I almost texted Maya but didn't.

I turned faster. Page 203: tonight. The apartment, the lamp I'd left on. A line about opening this book. A line about the librarian who would ask if I needed help. She would.

I flipped to the last page. The final sentence was blank, then a single word in my own handwriting that I hadn't written yet: 'continue.'

The bell over the door rang. The librarian stood in the aisle.

'Find what you were looking for?' she asked.

I closed the book and slipped it back onto the shelf, one slot to the left of where I found it.",muse-glimmer-30b,meta,True,190,1017,test,muse-glimmer-30b-q4_k_m,final-2026-09-20,"You are writing a short piece of fiction in response to a writing prompt, the way a person would on an online writing forum. Write the story itself. Do not restate the prompt, explain it, comment on it, or add any framing before or after the story.",140,220,8192,default,,end_turn,ollama-local-muse-glimmer-30b,2026-09-28 08:59:47.817510+00:00,32.3,muse-glimmer:30b-q4_K_M,q4_k_m,16384,8192,True,"{""temperature"": ""1"", ""top_k"": ""64"", ""top_p"": ""0.95""}","The library smelled like damp paper. I pulled the wrong volume from the biography shelf, a plain cloth binding with no title on the spine.

Inside, my name was printed on the first page. Not a first edition, not a memoir. Just me.

Chapter One described my mother's kitchen in 1998, the chipped blue mug she kept for me. It got the crack right, the one I didn't remember telling anyone. Chapter Twelve was last Tuesday's bus ride, the man with the cough, the way I almost texted Maya but didn't.

I turned faster. Page 203: tonight. The apartment, the lamp I'd left on. A line about opening this book. A line about the librarian who would ask if I needed help. She would.

I flipped to the last page. The final sentence was blank, then a single word in my own handwriting that I hadn't written yet: 'continue.'

The bell over the door rang. The librarian stood in the aisle.

'Find what you were looking for?' she asked.

I closed the book and slipped it back onto the shelf, one slot to the left of where I found it.","The library smelled like damp paper. I pulled the wrong volume from the biography shelf, a plain cloth binding with no title on the spine. Inside, my name was printed on the first page. Not a first edition, not a memoir. Just me. Chapter One described my mother's kitchen in 1998, the chipped blue mug she kept for me. It got the crack right, the one I didn't remember telling anyone. Chapter Twelve was last Tuesday's bus ride, the man with the cough, the way I almost texted Maya but didn't. I turned faster. Page 203: tonight. The apartment, the lamp I'd left on. A line about opening this book. A line about the librarian who would ask if I needed help. She would. I flipped to the last page. The final sentence was blank, then a single word in my own handwriting that I hadn't written yet: 'continue.' The bell over the door rang. The librarian stood in the aisle. 'Find what you were looking for?' she asked. I closed the book and slipped it back onto the shelf, one slot to the left of where I found it.","The library smelled like damp paper. I pulled the wrong volume from the biography shelf, a plain cloth binding with no title on the spine. Inside, my name was printed on the first page. Not a first edition, not a memoir. Just me. Chapter One described my mother's kitchen in 1998, the chipped blue mug she kept for me. It got the crack right, the one I didn't remember telling anyone. Chapter Twelve was last Tuesday's bus ride, the man with the cough, the way I almost texted Maya but didn't. I turned faster. Page 203: tonight. The apartment, the lamp I'd left on. A line about opening this book. A line about the librarian who would ask if I needed help. She would. I flipped to the last page. The final sentence was blank, then a single word in my own handwriting that I hadn't written yet: 'continue.' The bell over the door rang. The librarian stood in the aisle. 'Find what you were looking for?' she asked. I closed the book and slipped it back onto the shelf, one slot to the left of where I found it.",the library smelled like damp paper i pulled the wrong volume from the biography shelf a plain cloth binding with no title on the spine inside my name was printed on the first page not a first edition not a memoir just me chapter one described my mother's kitchen in 1998 the chipped blue mug she kept for me it got the crack right the one i didn't remember telling anyone chapter twelve was last tuesday's bus ride the man with the cough the way i almost texted maya but didn't i turned faster page 203 tonight the apartment the lamp i'd left on a line about opening this book a line about the librarian who would ask if i needed help she would i flipped to the last page the final sentence was blank then a single word in my own handwriting that i hadn't written yet continue the bell over the door rang the librarian stood in the aisle find what you were looking for she asked i closed the book and slipped it back onto the shelf one slot to the left of where i found it
longform_0099__muse-glimmer-30b,longform_0099,long-form,Write me the best story you can in 200 words or less. Take me on an emotional Roller Coaster.,"I found your voicemail at 2:17 a.m., the day after the funeral.

You said you were sorry. You said you loved me anyway. The message cut off when the train hit the crossing.

I pressed replay seventeen times until my thumb went numb. Then I deleted it.

For six years you were the ghost in my kitchen, in the coffee I made for two, in the extra toothbrush I never threw away. I told myself grief was a room I was learning to leave.

Last Thursday the landlord found me crying in the sink. He didn’t call an ambulance. He sat on the floor and handed me a wrench.

'The pipes are shot,' he said. 'You can’t keep living in water.'

I fixed the leak. The water stopped.

That night I finally drank the coffee meant for two. It was cold.

I saved the voicemail.","I found your voicemail at 2:17 a.m., the day after the funeral.

You said you were sorry. You said you loved me anyway. The message cut off when the train hit the crossing.

I pressed replay seventeen times until my thumb went numb. Then I deleted it.

For six years you were the ghost in my kitchen, in the coffee I made for two, in the extra toothbrush I never threw away. I told myself grief was a room I was learning to leave.

Last Thursday the landlord found me crying in the sink. He didn't call an ambulance. He sat on the floor and handed me a wrench.

'The pipes are shot,' he said. 'You can't keep living in water.'

I fixed the leak. The water stopped.

That night I finally drank the coffee meant for two. It was cold.

I saved the voicemail.",muse-glimmer-30b,meta,True,145,755,test,muse-glimmer-30b-q4_k_m,final-2026-09-20,"You are writing a short piece of fiction in response to a writing prompt, the way a person would on an online writing forum. Write the story itself. Do not restate the prompt, explain it, comment on it, or add any framing before or after the story.",140,220,8192,default,,end_turn,ollama-local-muse-glimmer-30b,2026-09-28 09:00:22.387380+00:00,32.3,muse-glimmer:30b-q4_K_M,q4_k_m,16384,8192,True,"{""temperature"": ""1"", ""top_k"": ""64"", ""top_p"": ""0.95""}","I found your voicemail at 2:17 a.m., the day after the funeral.

You said you were sorry. You said you loved me anyway. The message cut off when the train hit the crossing.

I pressed replay seventeen times until my thumb went numb. Then I deleted it.

For six years you were the ghost in my kitchen, in the coffee I made for two, in the extra toothbrush I never threw away. I told myself grief was a room I was learning to leave.

Last Thursday the landlord found me crying in the sink. He didn't call an ambulance. He sat on the floor and handed me a wrench.

'The pipes are shot,' he said. 'You can't keep living in water.'

I fixed the leak. The water stopped.

That night I finally drank the coffee meant for two. It was cold.

I saved the voicemail.","I found your voicemail at 2:17 a.m., the day after the funeral. You said you were sorry. You said you loved me anyway. The message cut off when the train hit the crossing. I pressed replay seventeen times until my thumb went numb. Then I deleted it. For six years you were the ghost in my kitchen, in the coffee I made for two, in the extra toothbrush I never threw away. I told myself grief was a room I was learning to leave. Last Thursday the landlord found me crying in the sink. He didn't call an ambulance. He sat on the floor and handed me a wrench. 'The pipes are shot,' he said. 'You can't keep living in water.' I fixed the leak. The water stopped. That night I finally drank the coffee meant for two. It was cold. I saved the voicemail.","I found your voicemail at 2:17 a.m., the day after the funeral. You said you were sorry. You said you loved me anyway. The message cut off when the train hit the crossing. I pressed replay seventeen times until my thumb went numb. Then I deleted it. For six years you were the ghost in my kitchen, in the coffee I made for two, in the extra toothbrush I never threw away. I told myself grief was a room I was learning to leave. Last Thursday the landlord found me crying in the sink. He didn't call an ambulance. He sat on the floor and handed me a wrench. 'The pipes are shot,' he said. 'You can't keep living in water.' I fixed the leak. The water stopped. That night I finally drank the coffee meant for two. It was cold. I saved the voicemail.",i found your voicemail at 2 17 a m the day after the funeral you said you were sorry you said you loved me anyway the message cut off when the train hit the crossing i pressed replay seventeen times until my thumb went numb then i deleted it for six years you were the ghost in my kitchen in the coffee i made for two in the extra toothbrush i never threw away i told myself grief was a room i was learning to leave last thursday the landlord found me crying in the sink he didn't call an ambulance he sat on the floor and handed me a wrench the pipes are shot he said you can't keep living in water i fixed the leak the water stopped that night i finally drank the coffee meant for two it was cold i saved the voicemail
longform_0107__muse-glimmer-30b,longform_0107,long-form,"WritingPrompts are now sponsored by product placements, and your romantic short story has tons of them.","She waited on the bench outside Starbucks, her iced caramel macchiato sweating onto her Lululemon tote. He was late again, AirPods Max leaking Billie Eilish through the rain.

When he finally jogged up in his Nike Dri-FIT hoodie, he held grocery store roses and a paper bag from Whole Foods. ""Sorry,"" he said, ""my Tesla got stuck behind an Amazon van.""

She laughed as the barista called ""oat milk latte for Maya!"" They shared it under the awning, condensation running down the cup. He reached into his Patagonia backpack and pulled out a Polaroid camera. ""One for Instagram?"" he asked.

The flash popped. In the photo they were blurry and smiling, the green Starbucks logo behind them. Later she taped it to her MacBook, next to a sticky note that said ""dinner at Olive Garden Friday?""

He texted from his iPhone 15 Pro: ""Booked the table. Uber Eats dessert?""

She replied with a heart emoji, and ordered a blanket from Target for their couch.","She waited on the bench outside Starbucks, her iced caramel macchiato sweating onto her Lululemon tote. He was late again, AirPods Max leaking Billie Eilish through the rain.

When he finally jogged up in his Nike Dri-FIT hoodie, he held grocery store roses and a paper bag from Whole Foods. ""Sorry,"" he said, ""my Tesla got stuck behind an Amazon van.""

She laughed as the barista called ""oat milk latte for Maya!"" They shared it under the awning, condensation running down the cup. He reached into his Patagonia backpack and pulled out a Polaroid camera. ""One for Instagram?"" he asked.

The flash popped. In the photo they were blurry and smiling, the green Starbucks logo behind them. Later she taped it to her MacBook, next to a sticky note that said ""dinner at Olive Garden Friday?""

He texted from his iPhone 15 Pro: ""Booked the table. Uber Eats dessert?""

She replied with a heart emoji, and ordered a blanket from Target for their couch.",muse-glimmer-30b,meta,True,164,944,test,muse-glimmer-30b-q4_k_m,final-2026-09-20,"You are writing a short piece of fiction in response to a writing prompt, the way a person would on an online writing forum. Write the story itself. Do not restate the prompt, explain it, comment on it, or add any framing before or after the story.",140,220,8192,default,,end_turn,ollama-local-muse-glimmer-30b,2026-09-28 09:01:21.880752+00:00,32.3,muse-glimmer:30b-q4_K_M,q4_k_m,16384,8192,True,"{""temperature"": ""1"", ""top_k"": ""64"", ""top_p"": ""0.95""}","She waited on the bench outside Starbucks, her iced caramel macchiato sweating onto her Lululemon tote. He was late again, AirPods Max leaking Billie Eilish through the rain.

When he finally jogged up in his Nike Dri-FIT hoodie, he held grocery store roses and a paper bag from Whole Foods. ""Sorry,"" he said, ""my Tesla got stuck behind an Amazon van.""

She laughed as the barista called ""oat milk latte for Maya!"" They shared it under the awning, condensation running down the cup. He reached into his Patagonia backpack and pulled out a Polaroid camera. ""One for Instagram?"" he asked.

The flash popped. In the photo they were blurry and smiling, the green Starbucks logo behind them. Later she taped it to her MacBook, next to a sticky note that said ""dinner at Olive Garden Friday?""

He texted from his iPhone 15 Pro: ""Booked the table. Uber Eats dessert?""

She replied with a heart emoji, and ordered a blanket from Target for their couch.","She waited on the bench outside Starbucks, her iced caramel macchiato sweating onto her Lululemon tote. He was late again, AirPods Max leaking Billie Eilish through the rain. When he finally jogged up in his Nike Dri-FIT hoodie, he held grocery store roses and a paper bag from Whole Foods. ""Sorry,"" he said, ""my Tesla got stuck behind an Amazon van."" She laughed as the barista called ""oat milk latte for Maya!"" They shared it under the awning, condensation running down the cup. He reached into his Patagonia backpack and pulled out a Polaroid camera. ""One for Instagram?"" he asked. The flash popped. In the photo they were blurry and smiling, the green Starbucks logo behind them. Later she taped it to her MacBook, next to a sticky note that said ""dinner at Olive Garden Friday?"" He texted from his iPhone 15 Pro: ""Booked the table. Uber Eats dessert?"" She replied with a heart emoji, and ordered a blanket from Target for their couch.","She waited on the bench outside Starbucks, her iced caramel macchiato sweating onto her Lululemon tote. He was late again, AirPods Max leaking Billie Eilish through the rain. When he finally jogged up in his Nike Dri-FIT hoodie, he held grocery store roses and a paper bag from Whole Foods. ""Sorry,"" he said, ""my Tesla got stuck behind an Amazon van."" She laughed as the barista called ""oat milk latte for Maya!"" They shared it under the awning, condensation running down the cup. He reached into his Patagonia backpack and pulled out a Polaroid camera. ""One for Instagram?"" he asked. The flash popped. In the photo they were blurry and smiling, the green Starbucks logo behind them. Later she taped it to her MacBook, next to a sticky note that said ""dinner at Olive Garden Friday?"" He texted from his iPhone 15 Pro: ""Booked the table. Uber Eats dessert?"" She replied with a heart emoji, and ordered a blanket from Target for their couch.",she waited on the bench outside starbucks her iced caramel macchiato sweating onto her lululemon tote he was late again airpods max leaking billie eilish through the rain when he finally jogged up in his nike dri fit hoodie he held grocery store roses and a paper bag from whole foods sorry he said my tesla got stuck behind an amazon van she laughed as the barista called oat milk latte for maya they shared it under the awning condensation running down the cup he reached into his patagonia backpack and pulled out a polaroid camera one for instagram he asked the flash popped in the photo they were blurry and smiling the green starbucks logo behind them later she taped it to her macbook next to a sticky note that said dinner at olive garden friday he texted from his iphone 15 pro booked the table uber eats dessert she replied with a heart emoji and ordered a blanket from target for their couch
longform_0118__muse-glimmer-30b,longform_0118,long-form,Where were you the day the last elephant died?,"I was in the kitchen, watching the kettle boil. Mom had the radio on low, and the news anchor was talking about the last elephant. Not the one in the sanctuary near us, but the last one on earth. I didn’t believe it at first. I kept stirring sugar into my tea like it would prove something.

The kettle clicked. Mom turned the radio up. A child was crying on the other side of the world, and a scientist was saying the word extinct like it was a new kind of weather.

I went to the window. The street was wet from last night’s rain. A delivery truck idled at the corner, and a pigeon shook water off its wings on the fire escape. Normal things. I thought about the elephants I’d seen at the zoo when I was seven, how the big one had lifted its trunk to the glass when I pressed my palm against it.

I told Mom I wanted a glass of water, not tea. She nodded, eyes still on the radio. The kettle cooled, untouched, on the stove.","I was in the kitchen, watching the kettle boil. Mom had the radio on low, and the news anchor was talking about the last elephant. Not the one in the sanctuary near us, but the last one on earth. I didn't believe it at first. I kept stirring sugar into my tea like it would prove something.

The kettle clicked. Mom turned the radio up. A child was crying on the other side of the world, and a scientist was saying the word extinct like it was a new kind of weather.

I went to the window. The street was wet from last night's rain. A delivery truck idled at the corner, and a pigeon shook water off its wings on the fire escape. Normal things. I thought about the elephants I'd seen at the zoo when I was seven, how the big one had lifted its trunk to the glass when I pressed my palm against it.

I told Mom I wanted a glass of water, not tea. She nodded, eyes still on the radio. The kettle cooled, untouched, on the stove.",muse-glimmer-30b,meta,True,183,926,test,muse-glimmer-30b-q4_k_m,final-2026-09-20,"You are writing a short piece of fiction in response to a writing prompt, the way a person would on an online writing forum. Write the story itself. Do not restate the prompt, explain it, comment on it, or add any framing before or after the story.",140,220,8192,default,,end_turn,ollama-local-muse-glimmer-30b,2026-09-28 09:01:58.123590+00:00,32.3,muse-glimmer:30b-q4_K_M,q4_k_m,16384,8192,True,"{""temperature"": ""1"", ""top_k"": ""64"", ""top_p"": ""0.95""}","I was in the kitchen, watching the kettle boil. Mom had the radio on low, and the news anchor was talking about the last elephant. Not the one in the sanctuary near us, but the last one on earth. I didn't believe it at first. I kept stirring sugar into my tea like it would prove something.

The kettle clicked. Mom turned the radio up. A child was crying on the other side of the world, and a scientist was saying the word extinct like it was a new kind of weather.

I went to the window. The street was wet from last night's rain. A delivery truck idled at the corner, and a pigeon shook water off its wings on the fire escape. Normal things. I thought about the elephants I'd seen at the zoo when I was seven, how the big one had lifted its trunk to the glass when I pressed my palm against it.

I told Mom I wanted a glass of water, not tea. She nodded, eyes still on the radio. The kettle cooled, untouched, on the stove.","I was in the kitchen, watching the kettle boil. Mom had the radio on low, and the news anchor was talking about the last elephant. Not the one in the sanctuary near us, but the last one on earth. I didn't believe it at first. I kept stirring sugar into my tea like it would prove something. The kettle clicked. Mom turned the radio up. A child was crying on the other side of the world, and a scientist was saying the word extinct like it was a new kind of weather. I went to the window. The street was wet from last night's rain. A delivery truck idled at the corner, and a pigeon shook water off its wings on the fire escape. Normal things. I thought about the elephants I'd seen at the zoo when I was seven, how the big one had lifted its trunk to the glass when I pressed my palm against it. I told Mom I wanted a glass of water, not tea. She nodded, eyes still on the radio. The kettle cooled, untouched, on the stove.","I was in the kitchen, watching the kettle boil. Mom had the radio on low, and the news anchor was talking about the last elephant. Not the one in the sanctuary near us, but the last one on earth. I didn't believe it at first. I kept stirring sugar into my tea like it would prove something. The kettle clicked. Mom turned the radio up. A child was crying on the other side of the world, and a scientist was saying the word extinct like it was a new kind of weather. I went to the window. The street was wet from last night's rain. A delivery truck idled at the corner, and a pigeon shook water off its wings on the fire escape. Normal things. I thought about the elephants I'd seen at the zoo when I was seven, how the big one had lifted its trunk to the glass when I pressed my palm against it. I told Mom I wanted a glass of water, not tea. She nodded, eyes still on the radio. The kettle cooled, untouched, on the stove.",i was in the kitchen watching the kettle boil mom had the radio on low and the news anchor was talking about the last elephant not the one in the sanctuary near us but the last one on earth i didn't believe it at first i kept stirring sugar into my tea like it would prove something the kettle clicked mom turned the radio up a child was crying on the other side of the world and a scientist was saying the word extinct like it was a new kind of weather i went to the window the street was wet from last night's rain a delivery truck idled at the corner and a pigeon shook water off its wings on the fire escape normal things i thought about the elephants i'd seen at the zoo when i was seven how the big one had lifted its trunk to the glass when i pressed my palm against it i told mom i wanted a glass of water not tea she nodded eyes still on the radio the kettle cooled untouched on the stove
longform_0127__muse-glimmer-30b,longform_0127,long-form,"The zombie apocalypse finally happens! However, it only lasts about a month before the corpses are too rotted to move","The sirens started on a Tuesday. By Thursday I was rationing canned beans on the roof of the apartment complex, watching Mrs. Chen from 3B try to barricade her door with a bookshelf. The news called it a prion, then a virus, then stopped calling it anything at all.

For three weeks the streets were a slow parade. They shambled, moaned, fell apart at the knees. We learned the rules fast: don't run, don't look in their eyes, keep the generators humming. My brother and I built a perimeter with shopping carts and propane tanks. It felt heroic until it felt normal.

Then the rain came. Hot, thick rain in late August. The smell changed first, sweet and coppery. The shamblers at the gate stopped trying to get in. They sat. Their skin sloughed off in sheets. One lost an eye and just blinked the empty socket at us.

On the thirty-first day, the one by the mailbox finally tipped over. No moan, no lurch. Just a soft thump and a wet sigh.

We came downstairs. The stairwell was quiet. My brother opened a beer and we drank it on the fire escape, listening to pigeons come back.

We were bored before we were scared.","The sirens started on a Tuesday. By Thursday I was rationing canned beans on the roof of the apartment complex, watching Mrs. Chen from 3B try to barricade her door with a bookshelf. The news called it a prion, then a virus, then stopped calling it anything at all.

For three weeks the streets were a slow parade. They shambled, moaned, fell apart at the knees. We learned the rules fast: don't run, don't look in their eyes, keep the generators humming. My brother and I built a perimeter with shopping carts and propane tanks. It felt heroic until it felt normal.

Then the rain came. Hot, thick rain in late August. The smell changed first, sweet and coppery. The shamblers at the gate stopped trying to get in. They sat. Their skin sloughed off in sheets. One lost an eye and just blinked the empty socket at us.

On the thirty-first day, the one by the mailbox finally tipped over. No moan, no lurch. Just a soft thump and a wet sigh.

We came downstairs. The stairwell was quiet. My brother opened a beer and we drank it on the fire escape, listening to pigeons come back.

We were bored before we were scared.",muse-glimmer-30b,meta,True,205,1117,test,muse-glimmer-30b-q4_k_m,final-2026-09-20,"You are writing a short piece of fiction in response to a writing prompt, the way a person would on an online writing forum. Write the story itself. Do not restate the prompt, explain it, comment on it, or add any framing before or after the story.",140,220,8192,default,,end_turn,ollama-local-muse-glimmer-30b,2026-09-28 09:02:40.004906+00:00,32.3,muse-glimmer:30b-q4_K_M,q4_k_m,16384,8192,True,"{""temperature"": ""1"", ""top_k"": ""64"", ""top_p"": ""0.95""}","The sirens started on a Tuesday. By Thursday I was rationing canned beans on the roof of the apartment complex, watching Mrs. Chen from 3B try to barricade her door with a bookshelf. The news called it a prion, then a virus, then stopped calling it anything at all.

For three weeks the streets were a slow parade. They shambled, moaned, fell apart at the knees. We learned the rules fast: don't run, don't look in their eyes, keep the generators humming. My brother and I built a perimeter with shopping carts and propane tanks. It felt heroic until it felt normal.

Then the rain came. Hot, thick rain in late August. The smell changed first, sweet and coppery. The shamblers at the gate stopped trying to get in. They sat. Their skin sloughed off in sheets. One lost an eye and just blinked the empty socket at us.

On the thirty-first day, the one by the mailbox finally tipped over. No moan, no lurch. Just a soft thump and a wet sigh.

We came downstairs. The stairwell was quiet. My brother opened a beer and we drank it on the fire escape, listening to pigeons come back.

We were bored before we were scared.","The sirens started on a Tuesday. By Thursday I was rationing canned beans on the roof of the apartment complex, watching Mrs. Chen from 3B try to barricade her door with a bookshelf. The news called it a prion, then a virus, then stopped calling it anything at all. For three weeks the streets were a slow parade. They shambled, moaned, fell apart at the knees. We learned the rules fast: don't run, don't look in their eyes, keep the generators humming. My brother and I built a perimeter with shopping carts and propane tanks. It felt heroic until it felt normal. Then the rain came. Hot, thick rain in late August. The smell changed first, sweet and coppery. The shamblers at the gate stopped trying to get in. They sat. Their skin sloughed off in sheets. One lost an eye and just blinked the empty socket at us. On the thirty-first day, the one by the mailbox finally tipped over. No moan, no lurch. Just a soft thump and a wet sigh. We came downstairs. The stairwell was quiet. My brother opened a beer and we drank it on the fire escape, listening to pigeons come back. We were bored before we were scared.","The sirens started on a Tuesday. By Thursday I was rationing canned beans on the roof of the apartment complex, watching Mrs. Chen from 3B try to barricade her door with a bookshelf. The news called it a prion, then a virus, then stopped calling it anything at all. For three weeks the streets were a slow parade. They shambled, moaned, fell apart at the knees. We learned the rules fast: don't run, don't look in their eyes, keep the generators humming. My brother and I built a perimeter with shopping carts and propane tanks. It felt heroic until it felt normal. Then the rain came. Hot, thick rain in late August. The smell changed first, sweet and coppery. The shamblers at the gate stopped trying to get in. They sat. Their skin sloughed off in sheets. One lost an eye and just blinked the empty socket at us. On the thirty-first day, the one by the mailbox finally tipped over. No moan, no lurch. Just a soft thump and a wet sigh. We came downstairs. The stairwell was quiet. My brother opened a beer and we drank it on the fire escape, listening to pigeons come back. We were bored before we were scared.",the sirens started on a tuesday by thursday i was rationing canned beans on the roof of the apartment complex watching mrs chen from 3b try to barricade her door with a bookshelf the news called it a prion then a virus then stopped calling it anything at all for three weeks the streets were a slow parade they shambled moaned fell apart at the knees we learned the rules fast don't run don't look in their eyes keep the generators humming my brother and i built a perimeter with shopping carts and propane tanks it felt heroic until it felt normal then the rain came hot thick rain in late august the smell changed first sweet and coppery the shamblers at the gate stopped trying to get in they sat their skin sloughed off in sheets one lost an eye and just blinked the empty socket at us on the thirty first day the one by the mailbox finally tipped over no moan no lurch just a soft thump and a wet sigh we came downstairs the stairwell was quiet my brother opened a beer and we drank it on the fire escape listening to pigeons come back we were bored before we were scared
longform_0131__muse-glimmer-30b,longform_0131,long-form,Write a fable with a terrible moral of the story.,"In a dry valley, an Ant carried grain to her hill while a Grasshopper sang through summer.
When the first rains came, the river rose and the valley flooded. The Ant's hill became an island, the Grasshopper clung to a reed.
The Ant watched from the dry mound as the Grasshopper drowned, and felt no pity.
That night, a hawk circled, and the frogs that had survived the flood rose to sing.
The Ant, hungry, took a pebble and dropped it on the reed where the Grasshopper had sung, breaking it.
The water calmed. The island grew.
In spring, the Ant's children asked why she had not saved the singer.
She said, ""I saved myself by letting the river take him.""
And the hill prospered because no one ever asked for help again.

Moral: Mercy is a crack through which the world pours in and drowns you.","In a dry valley, an Ant carried grain to her hill while a Grasshopper sang through summer.
When the first rains came, the river rose and the valley flooded. The Ant's hill became an island, the Grasshopper clung to a reed.
The Ant watched from the dry mound as the Grasshopper drowned, and felt no pity.
That night, a hawk circled, and the frogs that had survived the flood rose to sing.
The Ant, hungry, took a pebble and dropped it on the reed where the Grasshopper had sung, breaking it.
The water calmed. The island grew.
In spring, the Ant's children asked why she had not saved the singer.
She said, ""I saved myself by letting the river take him.""
And the hill prospered because no one ever asked for help again.

Moral: Mercy is a crack through which the world pours in and drowns you.",muse-glimmer-30b,meta,True,147,792,test,muse-glimmer-30b-q4_k_m,final-2026-09-20,"You are writing a short piece of fiction in response to a writing prompt, the way a person would on an online writing forum. Write the story itself. Do not restate the prompt, explain it, comment on it, or add any framing before or after the story.",140,220,8192,default,,end_turn,ollama-local-muse-glimmer-30b,2026-09-28 09:03:14.976895+00:00,32.3,muse-glimmer:30b-q4_K_M,q4_k_m,16384,8192,True,"{""temperature"": ""1"", ""top_k"": ""64"", ""top_p"": ""0.95""}","In a dry valley, an Ant carried grain to her hill while a Grasshopper sang through summer.
When the first rains came, the river rose and the valley flooded. The Ant's hill became an island, the Grasshopper clung to a reed.
The Ant watched from the dry mound as the Grasshopper drowned, and felt no pity.
That night, a hawk circled, and the frogs that had survived the flood rose to sing.
The Ant, hungry, took a pebble and dropped it on the reed where the Grasshopper had sung, breaking it.
The water calmed. The island grew.
In spring, the Ant's children asked why she had not saved the singer.
She said, ""I saved myself by letting the river take him.""
And the hill prospered because no one ever asked for help again.

Moral: Mercy is a crack through which the world pours in and drowns you.","In a dry valley, an Ant carried grain to her hill while a Grasshopper sang through summer. When the first rains came, the river rose and the valley flooded. The Ant's hill became an island, the Grasshopper clung to a reed. The Ant watched from the dry mound as the Grasshopper drowned, and felt no pity. That night, a hawk circled, and the frogs that had survived the flood rose to sing. The Ant, hungry, took a pebble and dropped it on the reed where the Grasshopper had sung, breaking it. The water calmed. The island grew. In spring, the Ant's children asked why she had not saved the singer. She said, ""I saved myself by letting the river take him."" And the hill prospered because no one ever asked for help again. Moral: Mercy is a crack through which the world pours in and drowns you.","In a dry valley, an Ant carried grain to her hill while a Grasshopper sang through summer. When the first rains came, the river rose and the valley flooded. The Ant's hill became an island, the Grasshopper clung to a reed. The Ant watched from the dry mound as the Grasshopper drowned, and felt no pity. That night, a hawk circled, and the frogs that had survived the flood rose to sing. The Ant, hungry, took a pebble and dropped it on the reed where the Grasshopper had sung, breaking it. The water calmed. The island grew. In spring, the Ant's children asked why she had not saved the singer. She said, ""I saved myself by letting the river take him."" And the hill prospered because no one ever asked for help again. Moral: Mercy is a crack through which the world pours in and drowns you.",in a dry valley an ant carried grain to her hill while a grasshopper sang through summer when the first rains came the river rose and the valley flooded the ant's hill became an island the grasshopper clung to a reed the ant watched from the dry mound as the grasshopper drowned and felt no pity that night a hawk circled and the frogs that had survived the flood rose to sing the ant hungry took a pebble and dropped it on the reed where the grasshopper had sung breaking it the water calmed the island grew in spring the ant's children asked why she had not saved the singer she said i saved myself by letting the river take him and the hill prospered because no one ever asked for help again moral mercy is a crack through which the world pours in and drowns you
longform_0133__muse-glimmer-30b,longform_0133,long-form,"The United States of America finds itself in another civil war. You are a general of one of the sides in the middle of an interview. You just got finished answering a question about "" politics "", and then the interviewer asks you, "" What's the most brutal thing you've seen thus far in the war? ""","""Most brutal?"" I look at the camera. The lights are hot. ""I told you I don't do politics.""

She nods, waits.

""Two months ago outside Fayetteville. We took the substation. The kids were running the drone team, twelve, maybe thirteen. When the engineers cut power, the whole block went dark. A mother came out with a baby in a carrier, trying to get to the clinic on the other side. Our boys were good. They waved her through.""

My throat tightens.

""She made it thirty meters. A sniper on our side thought it was a decoy. He didn't get confirmation. He fired. The baby went first.""

I pause. The interviewer doesn't blink.

""I held the carrier. The mother kept asking me for the name of the kid who pulled the trigger. I couldn't tell her. That's the brutal part. Not the shot. The asking.""","""Most brutal?"" I look at the camera. The lights are hot. ""I told you I don't do politics.""

She nods, waits.

""Two months ago outside Fayetteville. We took the substation. The kids were running the drone team, twelve, maybe thirteen. When the engineers cut power, the whole block went dark. A mother came out with a baby in a carrier, trying to get to the clinic on the other side. Our boys were good. They waved her through.""

My throat tightens.

""She made it thirty meters. A sniper on our side thought it was a decoy. He didn't get confirmation. He fired. The baby went first.""

I pause. The interviewer doesn't blink.

""I held the carrier. The mother kept asking me for the name of the kid who pulled the trigger. I couldn't tell her. That's the brutal part. Not the shot. The asking.""",muse-glimmer-30b,meta,True,144,790,test,muse-glimmer-30b-q4_k_m,final-2026-09-20,"You are writing a short piece of fiction in response to a writing prompt, the way a person would on an online writing forum. Write the story itself. Do not restate the prompt, explain it, comment on it, or add any framing before or after the story.",140,220,8192,default,,end_turn,ollama-local-muse-glimmer-30b,2026-09-28 09:04:02.479587+00:00,32.3,muse-glimmer:30b-q4_K_M,q4_k_m,16384,8192,True,"{""temperature"": ""1"", ""top_k"": ""64"", ""top_p"": ""0.95""}","""Most brutal?"" I look at the camera. The lights are hot. ""I told you I don't do politics.""

She nods, waits.

""Two months ago outside Fayetteville. We took the substation. The kids were running the drone team, twelve, maybe thirteen. When the engineers cut power, the whole block went dark. A mother came out with a baby in a carrier, trying to get to the clinic on the other side. Our boys were good. They waved her through.""

My throat tightens.

""She made it thirty meters. A sniper on our side thought it was a decoy. He didn't get confirmation. He fired. The baby went first.""

I pause. The interviewer doesn't blink.

""I held the carrier. The mother kept asking me for the name of the kid who pulled the trigger. I couldn't tell her. That's the brutal part. Not the shot. The asking.""","""Most brutal?"" I look at the camera. The lights are hot. ""I told you I don't do politics."" She nods, waits. ""Two months ago outside Fayetteville. We took the substation. The kids were running the drone team, twelve, maybe thirteen. When the engineers cut power, the whole block went dark. A mother came out with a baby in a carrier, trying to get to the clinic on the other side. Our boys were good. They waved her through."" My throat tightens. ""She made it thirty meters. A sniper on our side thought it was a decoy. He didn't get confirmation. He fired. The baby went first."" I pause. The interviewer doesn't blink. ""I held the carrier. The mother kept asking me for the name of the kid who pulled the trigger. I couldn't tell her. That's the brutal part. Not the shot. The asking.""","""Most brutal?"" I look at the camera. The lights are hot. ""I told you I don't do politics."" She nods, waits. ""Two months ago outside Fayetteville. We took the substation. The kids were running the drone team, twelve, maybe thirteen. When the engineers cut power, the whole block went dark. A mother came out with a baby in a carrier, trying to get to the clinic on the other side. Our boys were good. They waved her through."" My throat tightens. ""She made it thirty meters. A sniper on our side thought it was a decoy. He didn't get confirmation. He fired. The baby went first."" I pause. The interviewer doesn't blink. ""I held the carrier. The mother kept asking me for the name of the kid who pulled the trigger. I couldn't tell her. That's the brutal part. Not the shot. The asking.""",most brutal i look at the camera the lights are hot i told you i don't do politics she nods waits two months ago outside fayetteville we took the substation the kids were running the drone team twelve maybe thirteen when the engineers cut power the whole block went dark a mother came out with a baby in a carrier trying to get to the clinic on the other side our boys were good they waved her through my throat tightens she made it thirty meters a sniper on our side thought it was a decoy he didn't get confirmation he fired the baby went first i pause the interviewer doesn't blink i held the carrier the mother kept asking me for the name of the kid who pulled the trigger i couldn't tell her that's the brutal part not the shot the asking
longform_0150__muse-glimmer-30b,longform_0150,long-form,None of the angels knew the true purpose of their halos. Yours just broke.,"The light snagged on the chandelier in the stairwell and I caught it with my sleeve.

I had been up for three nights, watching the children in the ward sleep under thin blankets, humming the same lullaby my choir used to sing. The halo had always been a weight, a cool band behind my ears. Now it was a thin crack, then a spill.

It fell in slow pieces, and the light went with it. Not to the floor. It pooled in my palms, warm as blood. I could feel the names I had carried. Elias, who drowned. Mara, who chose the knife. Tomas, who I left on the bridge.

I thought it was decoration. A sign.

The light was asking to be returned. It had been storing grief, one for each soul I was supposed to remember. Without the ring, I could finally set them down. I pressed my hands to my chest and let the glow leak out through my fingers, into the hallway, into the night.

Somewhere, a child coughed and turned over in sleep, and the sound felt lighter.","The light snagged on the chandelier in the stairwell and I caught it with my sleeve.

I had been up for three nights, watching the children in the ward sleep under thin blankets, humming the same lullaby my choir used to sing. The halo had always been a weight, a cool band behind my ears. Now it was a thin crack, then a spill.

It fell in slow pieces, and the light went with it. Not to the floor. It pooled in my palms, warm as blood. I could feel the names I had carried. Elias, who drowned. Mara, who chose the knife. Tomas, who I left on the bridge.

I thought it was decoration. A sign.

The light was asking to be returned. It had been storing grief, one for each soul I was supposed to remember. Without the ring, I could finally set them down. I pressed my hands to my chest and let the glow leak out through my fingers, into the hallway, into the night.

Somewhere, a child coughed and turned over in sleep, and the sound felt lighter.",muse-glimmer-30b,meta,True,183,946,test,muse-glimmer-30b-q4_k_m,final-2026-09-20,"You are writing a short piece of fiction in response to a writing prompt, the way a person would on an online writing forum. Write the story itself. Do not restate the prompt, explain it, comment on it, or add any framing before or after the story.",140,220,8192,default,,end_turn,ollama-local-muse-glimmer-30b,2026-09-28 09:04:40.860035+00:00,32.3,muse-glimmer:30b-q4_K_M,q4_k_m,16384,8192,True,"{""temperature"": ""1"", ""top_k"": ""64"", ""top_p"": ""0.95""}","The light snagged on the chandelier in the stairwell and I caught it with my sleeve.

I had been up for three nights, watching the children in the ward sleep under thin blankets, humming the same lullaby my choir used to sing. The halo had always been a weight, a cool band behind my ears. Now it was a thin crack, then a spill.

It fell in slow pieces, and the light went with it. Not to the floor. It pooled in my palms, warm as blood. I could feel the names I had carried. Elias, who drowned. Mara, who chose the knife. Tomas, who I left on the bridge.

I thought it was decoration. A sign.

The light was asking to be returned. It had been storing grief, one for each soul I was supposed to remember. Without the ring, I could finally set them down. I pressed my hands to my chest and let the glow leak out through my fingers, into the hallway, into the night.

Somewhere, a child coughed and turned over in sleep, and the sound felt lighter.","The light snagged on the chandelier in the stairwell and I caught it with my sleeve. I had been up for three nights, watching the children in the ward sleep under thin blankets, humming the same lullaby my choir used to sing. The halo had always been a weight, a cool band behind my ears. Now it was a thin crack, then a spill. It fell in slow pieces, and the light went with it. Not to the floor. It pooled in my palms, warm as blood. I could feel the names I had carried. Elias, who drowned. Mara, who chose the knife. Tomas, who I left on the bridge. I thought it was decoration. A sign. The light was asking to be returned. It had been storing grief, one for each soul I was supposed to remember. Without the ring, I could finally set them down. I pressed my hands to my chest and let the glow leak out through my fingers, into the hallway, into the night. Somewhere, a child coughed and turned over in sleep, and the sound felt lighter.","The light snagged on the chandelier in the stairwell and I caught it with my sleeve. I had been up for three nights, watching the children in the ward sleep under thin blankets, humming the same lullaby my choir used to sing. The halo had always been a weight, a cool band behind my ears. Now it was a thin crack, then a spill. It fell in slow pieces, and the light went with it. Not to the floor. It pooled in my palms, warm as blood. I could feel the names I had carried. Elias, who drowned. Mara, who chose the knife. Tomas, who I left on the bridge. I thought it was decoration. A sign. The light was asking to be returned. It had been storing grief, one for each soul I was supposed to remember. Without the ring, I could finally set them down. I pressed my hands to my chest and let the glow leak out through my fingers, into the hallway, into the night. Somewhere, a child coughed and turned over in sleep, and the sound felt lighter.",the light snagged on the chandelier in the stairwell and i caught it with my sleeve i had been up for three nights watching the children in the ward sleep under thin blankets humming the same lullaby my choir used to sing the halo had always been a weight a cool band behind my ears now it was a thin crack then a spill it fell in slow pieces and the light went with it not to the floor it pooled in my palms warm as blood i could feel the names i had carried elias who drowned mara who chose the knife tomas who i left on the bridge i thought it was decoration a sign the light was asking to be returned it had been storing grief one for each soul i was supposed to remember without the ring i could finally set them down i pressed my hands to my chest and let the glow leak out through my fingers into the hallway into the night somewhere a child coughed and turned over in sleep and the sound felt lighter
longform_0153__muse-glimmer-30b,longform_0153,long-form,"Earth is a quarantined zone, holding the most deadly disease in the universe, H. Sapiens","The quarantine buoys blinked red over the blue marble, a warning in a thousand languages. We watched from the relay station.

First contact teams in sealed suits dropped probes. The probes came back contaminated with stories, songs, and a strange craving to touch.

H. Sapiens doesn't transmit through air or water. It transmits through meaning.

One infected courier managed to dock at a neutral freighter. He offered trade: grain for light. He smiled too long. The crew reported the symptom later in the log: sudden empathy for a stranger.

Within three cycles the freighter's complement petitioned to decommission their ship and be placed in orbit around the planet. They wanted to look.

We have protocols. We burn, we sterilize, we forget. But the disease is beautiful. It builds cities, then burns them, writes poems about burning.

The council votes to maintain quarantine for another ten thousand years. I filed a dissent. Not because I want to save them, but because I want to be infected.","The quarantine buoys blinked red over the blue marble, a warning in a thousand languages. We watched from the relay station.

First contact teams in sealed suits dropped probes. The probes came back contaminated with stories, songs, and a strange craving to touch.

H. Sapiens doesn't transmit through air or water. It transmits through meaning.

One infected courier managed to dock at a neutral freighter. He offered trade: grain for light. He smiled too long. The crew reported the symptom later in the log: sudden empathy for a stranger.

Within three cycles the freighter's complement petitioned to decommission their ship and be placed in orbit around the planet. They wanted to look.

We have protocols. We burn, we sterilize, we forget. But the disease is beautiful. It builds cities, then burns them, writes poems about burning.

The council votes to maintain quarantine for another ten thousand years. I filed a dissent. Not because I want to save them, but because I want to be infected.",muse-glimmer-30b,meta,True,165,998,test,muse-glimmer-30b-q4_k_m,final-2026-09-20,"You are writing a short piece of fiction in response to a writing prompt, the way a person would on an online writing forum. Write the story itself. Do not restate the prompt, explain it, comment on it, or add any framing before or after the story.",140,220,8192,default,,end_turn,ollama-local-muse-glimmer-30b,2026-09-28 09:05:18.710642+00:00,32.3,muse-glimmer:30b-q4_K_M,q4_k_m,16384,8192,True,"{""temperature"": ""1"", ""top_k"": ""64"", ""top_p"": ""0.95""}","The quarantine buoys blinked red over the blue marble, a warning in a thousand languages. We watched from the relay station.

First contact teams in sealed suits dropped probes. The probes came back contaminated with stories, songs, and a strange craving to touch.

H. Sapiens doesn't transmit through air or water. It transmits through meaning.

One infected courier managed to dock at a neutral freighter. He offered trade: grain for light. He smiled too long. The crew reported the symptom later in the log: sudden empathy for a stranger.

Within three cycles the freighter's complement petitioned to decommission their ship and be placed in orbit around the planet. They wanted to look.

We have protocols. We burn, we sterilize, we forget. But the disease is beautiful. It builds cities, then burns them, writes poems about burning.

The council votes to maintain quarantine for another ten thousand years. I filed a dissent. Not because I want to save them, but because I want to be infected.","The quarantine buoys blinked red over the blue marble, a warning in a thousand languages. We watched from the relay station. First contact teams in sealed suits dropped probes. The probes came back contaminated with stories, songs, and a strange craving to touch. H. Sapiens doesn't transmit through air or water. It transmits through meaning. One infected courier managed to dock at a neutral freighter. He offered trade: grain for light. He smiled too long. The crew reported the symptom later in the log: sudden empathy for a stranger. Within three cycles the freighter's complement petitioned to decommission their ship and be placed in orbit around the planet. They wanted to look. We have protocols. We burn, we sterilize, we forget. But the disease is beautiful. It builds cities, then burns them, writes poems about burning. The council votes to maintain quarantine for another ten thousand years. I filed a dissent. Not because I want to save them, but because I want to be infected.","The quarantine buoys blinked red over the blue marble, a warning in a thousand languages. We watched from the relay station. First contact teams in sealed suits dropped probes. The probes came back contaminated with stories, songs, and a strange craving to touch. H. Sapiens doesn't transmit through air or water. It transmits through meaning. One infected courier managed to dock at a neutral freighter. He offered trade: grain for light. He smiled too long. The crew reported the symptom later in the log: sudden empathy for a stranger. Within three cycles the freighter's complement petitioned to decommission their ship and be placed in orbit around the planet. They wanted to look. We have protocols. We burn, we sterilize, we forget. But the disease is beautiful. It builds cities, then burns them, writes poems about burning. The council votes to maintain quarantine for another ten thousand years. I filed a dissent. Not because I want to save them, but because I want to be infected.",the quarantine buoys blinked red over the blue marble a warning in a thousand languages we watched from the relay station first contact teams in sealed suits dropped probes the probes came back contaminated with stories songs and a strange craving to touch h sapiens doesn't transmit through air or water it transmits through meaning one infected courier managed to dock at a neutral freighter he offered trade grain for light he smiled too long the crew reported the symptom later in the log sudden empathy for a stranger within three cycles the freighter's complement petitioned to decommission their ship and be placed in orbit around the planet they wanted to look we have protocols we burn we sterilize we forget but the disease is beautiful it builds cities then burns them writes poems about burning the council votes to maintain quarantine for another ten thousand years i filed a dissent not because i want to save them but because i want to be infected
longform_0156__muse-glimmer-30b,longform_0156,long-form,Fast food franchises have become the dominant religions. You meet some unsavoury acolytes of the Burger King whilst on a pilgrimage to Kentucky.,"The highway smelled of fryer oil and hymnals. I had walked three states on bare soles, the map drawn in ketchup on my forearm, toward the white chapel in Kentucky where the first Colonel had fried the sacred bird.

At a rest stop the air went wrong. Three men in paper crowns stood by a burned-out Crown sign, chanting over a grill. Their leader wore a plastic Burger King mask, the plastic cracked at the mouth.

“Pilgrim,” he said, and laughed. “You’re late for the offering.”

They had taken a fryer from a wrecked car and were cooking raw beef patties on an open manhole. The smell was iron and cheap seasoning. One of them pressed a soggy Whopper into my hand. “Communion,” he whispered.

I tried to pray, but their chant rose over the interstate, a low growl about haste and flame. They weren’t worshippers, just hungry. They’d stolen the ritual and made it feral, and when I turned away they followed, their shoes squeaking on the asphalt, hungry for Kentucky.","The highway smelled of fryer oil and hymnals. I had walked three states on bare soles, the map drawn in ketchup on my forearm, toward the white chapel in Kentucky where the first Colonel had fried the sacred bird.

At a rest stop the air went wrong. Three men in paper crowns stood by a burned-out Crown sign, chanting over a grill. Their leader wore a plastic Burger King mask, the plastic cracked at the mouth.

""Pilgrim,"" he said, and laughed. ""You're late for the offering.""

They had taken a fryer from a wrecked car and were cooking raw beef patties on an open manhole. The smell was iron and cheap seasoning. One of them pressed a soggy Whopper into my hand. ""Communion,"" he whispered.

I tried to pray, but their chant rose over the interstate, a low growl about haste and flame. They weren't worshippers, just hungry. They'd stolen the ritual and made it feral, and when I turned away they followed, their shoes squeaking on the asphalt, hungry for Kentucky.",muse-glimmer-30b,meta,True,172,967,test,muse-glimmer-30b-q4_k_m,final-2026-09-20,"You are writing a short piece of fiction in response to a writing prompt, the way a person would on an online writing forum. Write the story itself. Do not restate the prompt, explain it, comment on it, or add any framing before or after the story.",140,220,8192,default,,end_turn,ollama-local-muse-glimmer-30b,2026-09-28 09:05:58.825872+00:00,32.3,muse-glimmer:30b-q4_K_M,q4_k_m,16384,8192,True,"{""temperature"": ""1"", ""top_k"": ""64"", ""top_p"": ""0.95""}","The highway smelled of fryer oil and hymnals. I had walked three states on bare soles, the map drawn in ketchup on my forearm, toward the white chapel in Kentucky where the first Colonel had fried the sacred bird.

At a rest stop the air went wrong. Three men in paper crowns stood by a burned-out Crown sign, chanting over a grill. Their leader wore a plastic Burger King mask, the plastic cracked at the mouth.

""Pilgrim,"" he said, and laughed. ""You're late for the offering.""

They had taken a fryer from a wrecked car and were cooking raw beef patties on an open manhole. The smell was iron and cheap seasoning. One of them pressed a soggy Whopper into my hand. ""Communion,"" he whispered.

I tried to pray, but their chant rose over the interstate, a low growl about haste and flame. They weren't worshippers, just hungry. They'd stolen the ritual and made it feral, and when I turned away they followed, their shoes squeaking on the asphalt, hungry for Kentucky.","The highway smelled of fryer oil and hymnals. I had walked three states on bare soles, the map drawn in ketchup on my forearm, toward the white chapel in Kentucky where the first Colonel had fried the sacred bird. At a rest stop the air went wrong. Three men in paper crowns stood by a burned-out Crown sign, chanting over a grill. Their leader wore a plastic Burger King mask, the plastic cracked at the mouth. ""Pilgrim,"" he said, and laughed. ""You're late for the offering."" They had taken a fryer from a wrecked car and were cooking raw beef patties on an open manhole. The smell was iron and cheap seasoning. One of them pressed a soggy Whopper into my hand. ""Communion,"" he whispered. I tried to pray, but their chant rose over the interstate, a low growl about haste and flame. They weren't worshippers, just hungry. They'd stolen the ritual and made it feral, and when I turned away they followed, their shoes squeaking on the asphalt, hungry for Kentucky.","The highway smelled of fryer oil and hymnals. I had walked three states on bare soles, the map drawn in ketchup on my forearm, toward the white chapel in Kentucky where the first Colonel had fried the sacred bird. At a rest stop the air went wrong. Three men in paper crowns stood by a burned-out Crown sign, chanting over a grill. Their leader wore a plastic Burger King mask, the plastic cracked at the mouth. ""Pilgrim,"" he said, and laughed. ""You're late for the offering."" They had taken a fryer from a wrecked car and were cooking raw beef patties on an open manhole. The smell was iron and cheap seasoning. One of them pressed a soggy Whopper into my hand. ""Communion,"" he whispered. I tried to pray, but their chant rose over the interstate, a low growl about haste and flame. They weren't worshippers, just hungry. They'd stolen the ritual and made it feral, and when I turned away they followed, their shoes squeaking on the asphalt, hungry for Kentucky.",the highway smelled of fryer oil and hymnals i had walked three states on bare soles the map drawn in ketchup on my forearm toward the white chapel in kentucky where the first colonel had fried the sacred bird at a rest stop the air went wrong three men in paper crowns stood by a burned out crown sign chanting over a grill their leader wore a plastic burger king mask the plastic cracked at the mouth pilgrim he said and laughed you're late for the offering they had taken a fryer from a wrecked car and were cooking raw beef patties on an open manhole the smell was iron and cheap seasoning one of them pressed a soggy whopper into my hand communion he whispered i tried to pray but their chant rose over the interstate a low growl about haste and flame they weren't worshippers just hungry they'd stolen the ritual and made it feral and when i turned away they followed their shoes squeaking on the asphalt hungry for kentucky
longform_0178__muse-glimmer-30b,longform_0178,long-form,"High schools introduce "" romantic relationships "" as a new school subject. In order to pass, you have to find yourself a girlfriend/boyfriend before the end of the year.","Ms. Alvarez taped the syllabus to the whiteboard on the first day of Romantic Relationships 101. Pass/Fail. Attendance, journal entries, and a verified partnership by June 15th. No exceptions.

I sat next to Maya in Chemistry. She laughed at my jokes because I was nervous and she was kind. That counted for something. By October, the hallway had couples like temporary tattoos. Jake was dating his lab partner. Priya had a boyfriend from another school she met on Discord. Everyone was interviewing each other at lunch.

I told Maya I liked her in the library, between the bio section and the vending machine that ate quarters. She said she liked me too, but she didn’t know if she wanted a grade for it. We argued for twenty minutes about consent forms and whether we were just doing it for the course.

We didn’t sign anything. We just started walking home together after practice. When the deadline came, Ms. Alvarez checked her roster and nodded at us. “Congratulations,” she said. “You passed.”

We both knew we’d fail the subject if it ever ended.","Ms. Alvarez taped the syllabus to the whiteboard on the first day of Romantic Relationships 101. Pass/Fail. Attendance, journal entries, and a verified partnership by June 15th. No exceptions.

I sat next to Maya in Chemistry. She laughed at my jokes because I was nervous and she was kind. That counted for something. By October, the hallway had couples like temporary tattoos. Jake was dating his lab partner. Priya had a boyfriend from another school she met on Discord. Everyone was interviewing each other at lunch.

I told Maya I liked her in the library, between the bio section and the vending machine that ate quarters. She said she liked me too, but she didn't know if she wanted a grade for it. We argued for twenty minutes about consent forms and whether we were just doing it for the course.

We didn't sign anything. We just started walking home together after practice. When the deadline came, Ms. Alvarez checked her roster and nodded at us. ""Congratulations,"" she said. ""You passed.""

We both knew we'd fail the subject if it ever ended.",muse-glimmer-30b,meta,True,182,1054,test,muse-glimmer-30b-q4_k_m,final-2026-09-20,"You are writing a short piece of fiction in response to a writing prompt, the way a person would on an online writing forum. Write the story itself. Do not restate the prompt, explain it, comment on it, or add any framing before or after the story.",140,220,8192,default,,end_turn,ollama-local-muse-glimmer-30b,2026-09-28 09:06:37.320510+00:00,32.3,muse-glimmer:30b-q4_K_M,q4_k_m,16384,8192,True,"{""temperature"": ""1"", ""top_k"": ""64"", ""top_p"": ""0.95""}","Ms. Alvarez taped the syllabus to the whiteboard on the first day of Romantic Relationships 101. Pass/Fail. Attendance, journal entries, and a verified partnership by June 15th. No exceptions.

I sat next to Maya in Chemistry. She laughed at my jokes because I was nervous and she was kind. That counted for something. By October, the hallway had couples like temporary tattoos. Jake was dating his lab partner. Priya had a boyfriend from another school she met on Discord. Everyone was interviewing each other at lunch.

I told Maya I liked her in the library, between the bio section and the vending machine that ate quarters. She said she liked me too, but she didn't know if she wanted a grade for it. We argued for twenty minutes about consent forms and whether we were just doing it for the course.

We didn't sign anything. We just started walking home together after practice. When the deadline came, Ms. Alvarez checked her roster and nodded at us. ""Congratulations,"" she said. ""You passed.""

We both knew we'd fail the subject if it ever ended.","Ms. Alvarez taped the syllabus to the whiteboard on the first day of Romantic Relationships 101. Pass/Fail. Attendance, journal entries, and a verified partnership by June 15th. No exceptions. I sat next to Maya in Chemistry. She laughed at my jokes because I was nervous and she was kind. That counted for something. By October, the hallway had couples like temporary tattoos. Jake was dating his lab partner. Priya had a boyfriend from another school she met on Discord. Everyone was interviewing each other at lunch. I told Maya I liked her in the library, between the bio section and the vending machine that ate quarters. She said she liked me too, but she didn't know if she wanted a grade for it. We argued for twenty minutes about consent forms and whether we were just doing it for the course. We didn't sign anything. We just started walking home together after practice. When the deadline came, Ms. Alvarez checked her roster and nodded at us. ""Congratulations,"" she said. ""You passed."" We both knew we'd fail the subject if it ever ended.","Ms. Alvarez taped the syllabus to the whiteboard on the first day of Romantic Relationships 101. Pass/Fail. Attendance, journal entries, and a verified partnership by June 15th. No exceptions. I sat next to Maya in Chemistry. She laughed at my jokes because I was nervous and she was kind. That counted for something. By October, the hallway had couples like temporary tattoos. Jake was dating his lab partner. Priya had a boyfriend from another school she met on Discord. Everyone was interviewing each other at lunch. I told Maya I liked her in the library, between the bio section and the vending machine that ate quarters. She said she liked me too, but she didn't know if she wanted a grade for it. We argued for twenty minutes about consent forms and whether we were just doing it for the course. We didn't sign anything. We just started walking home together after practice. When the deadline came, Ms. Alvarez checked her roster and nodded at us. ""Congratulations,"" she said. ""You passed."" We both knew we'd fail the subject if it ever ended.",ms alvarez taped the syllabus to the whiteboard on the first day of romantic relationships 101 pass fail attendance journal entries and a verified partnership by june 15th no exceptions i sat next to maya in chemistry she laughed at my jokes because i was nervous and she was kind that counted for something by october the hallway had couples like temporary tattoos jake was dating his lab partner priya had a boyfriend from another school she met on discord everyone was interviewing each other at lunch i told maya i liked her in the library between the bio section and the vending machine that ate quarters she said she liked me too but she didn't know if she wanted a grade for it we argued for twenty minutes about consent forms and whether we were just doing it for the course we didn't sign anything we just started walking home together after practice when the deadline came ms alvarez checked her roster and nodded at us congratulations she said you passed we both knew we'd fail the subject if it ever ended
longform_0184__muse-glimmer-30b,longform_0184,long-form,"A time traveler returns from the future, crying.","He came through the kitchen doorway like smoke, coat still damp with rain that hadn't fallen yet. The chrono-badge on his wrist was dead, its light gone.

Mara was on the floor, the kettle whistling. She didn't ask where he was. He was already crying, silent, shoulders shaking.

'Don't,' he said, and his voice cracked. 'Don't look at me.'

She went to him anyway. He smelled of ozone and old paper.

'It's me,' he whispered. 'It's still me.'

'What happened?' she asked.

He pressed his forehead to her collarbone. 'I saw the end. I watched the library burn. The one on 5th. I saw your name on the card catalogue, and then smoke.'

'When?'

'It hasn't happened yet. It will be three years. Maybe four.' He laughed, wet. 'I came back to warn you, but I can't. You won't believe me. You'll think I'm mad.'

The kettle screamed. He pulled away, wiped his face with his sleeve, and stared at the dead badge.

'I just wanted to see you once more before I go back,' he said. 'To remember your face when it's still kind.'","He came through the kitchen doorway like smoke, coat still damp with rain that hadn't fallen yet. The chrono-badge on his wrist was dead, its light gone.

Mara was on the floor, the kettle whistling. She didn't ask where he was. He was already crying, silent, shoulders shaking.

'Don't,' he said, and his voice cracked. 'Don't look at me.'

She went to him anyway. He smelled of ozone and old paper.

'It's me,' he whispered. 'It's still me.'

'What happened?' she asked.

He pressed his forehead to her collarbone. 'I saw the end. I watched the library burn. The one on 5th. I saw your name on the card catalogue, and then smoke.'

'When?'

'It hasn't happened yet. It will be three years. Maybe four.' He laughed, wet. 'I came back to warn you, but I can't. You won't believe me. You'll think I'm mad.'

The kettle screamed. He pulled away, wiped his face with his sleeve, and stared at the dead badge.

'I just wanted to see you once more before I go back,' he said. 'To remember your face when it's still kind.'",muse-glimmer-30b,meta,True,185,1016,test,muse-glimmer-30b-q4_k_m,final-2026-09-20,"You are writing a short piece of fiction in response to a writing prompt, the way a person would on an online writing forum. Write the story itself. Do not restate the prompt, explain it, comment on it, or add any framing before or after the story.",140,220,8192,default,,end_turn,ollama-local-muse-glimmer-30b,2026-09-28 09:07:16.844212+00:00,32.3,muse-glimmer:30b-q4_K_M,q4_k_m,16384,8192,True,"{""temperature"": ""1"", ""top_k"": ""64"", ""top_p"": ""0.95""}","He came through the kitchen doorway like smoke, coat still damp with rain that hadn't fallen yet. The chrono-badge on his wrist was dead, its light gone.

Mara was on the floor, the kettle whistling. She didn't ask where he was. He was already crying, silent, shoulders shaking.

'Don't,' he said, and his voice cracked. 'Don't look at me.'

She went to him anyway. He smelled of ozone and old paper.

'It's me,' he whispered. 'It's still me.'

'What happened?' she asked.

He pressed his forehead to her collarbone. 'I saw the end. I watched the library burn. The one on 5th. I saw your name on the card catalogue, and then smoke.'

'When?'

'It hasn't happened yet. It will be three years. Maybe four.' He laughed, wet. 'I came back to warn you, but I can't. You won't believe me. You'll think I'm mad.'

The kettle screamed. He pulled away, wiped his face with his sleeve, and stared at the dead badge.

'I just wanted to see you once more before I go back,' he said. 'To remember your face when it's still kind.'","He came through the kitchen doorway like smoke, coat still damp with rain that hadn't fallen yet. The chrono-badge on his wrist was dead, its light gone. Mara was on the floor, the kettle whistling. She didn't ask where he was. He was already crying, silent, shoulders shaking. 'Don't,' he said, and his voice cracked. 'Don't look at me.' She went to him anyway. He smelled of ozone and old paper. 'It's me,' he whispered. 'It's still me.' 'What happened?' she asked. He pressed his forehead to her collarbone. 'I saw the end. I watched the library burn. The one on 5th. I saw your name on the card catalogue, and then smoke.' 'When?' 'It hasn't happened yet. It will be three years. Maybe four.' He laughed, wet. 'I came back to warn you, but I can't. You won't believe me. You'll think I'm mad.' The kettle screamed. He pulled away, wiped his face with his sleeve, and stared at the dead badge. 'I just wanted to see you once more before I go back,' he said. 'To remember your face when it's still kind.'","He came through the kitchen doorway like smoke, coat still damp with rain that hadn't fallen yet. The chrono-badge on his wrist was dead, its light gone. Mara was on the floor, the kettle whistling. She didn't ask where he was. He was already crying, silent, shoulders shaking. 'Don't,' he said, and his voice cracked. 'Don't look at me.' She went to him anyway. He smelled of ozone and old paper. 'It's me,' he whispered. 'It's still me.' 'What happened?' she asked. He pressed his forehead to her collarbone. 'I saw the end. I watched the library burn. The one on 5th. I saw your name on the card catalogue, and then smoke.' 'When?' 'It hasn't happened yet. It will be three years. Maybe four.' He laughed, wet. 'I came back to warn you, but I can't. You won't believe me. You'll think I'm mad.' The kettle screamed. He pulled away, wiped his face with his sleeve, and stared at the dead badge. 'I just wanted to see you once more before I go back,' he said. 'To remember your face when it's still kind.'",he came through the kitchen doorway like smoke coat still damp with rain that hadn't fallen yet the chrono badge on his wrist was dead its light gone mara was on the floor the kettle whistling she didn't ask where he was he was already crying silent shoulders shaking don't he said and his voice cracked don't look at me she went to him anyway he smelled of ozone and old paper it's me he whispered it's still me what happened she asked he pressed his forehead to her collarbone i saw the end i watched the library burn the one on 5th i saw your name on the card catalogue and then smoke when it hasn't happened yet it will be three years maybe four he laughed wet i came back to warn you but i can't you won't believe me you'll think i'm mad the kettle screamed he pulled away wiped his face with his sleeve and stared at the dead badge i just wanted to see you once more before i go back he said to remember your face when it's still kind
longform_0238__muse-glimmer-30b,longform_0238,long-form,Only a woman can make you feel guilty for doing something perfectly normal...,"I told my sister I was going to take the car to get groceries.

She looked up from her phone. ""You haven't taken it out in three weeks. Are you sure?""

""It's fine, Mom will need it later.""

""So you're just going to drive around with no destination?""

""No, I'm going to the store.""

""And then you'll come back?""

""Yes.""

She sighed, the kind that meant she was keeping score. ""You know how Dad gets when the tank is low.""

""The tank is at three quarters.""

""Well, it's the principle. You never think about anyone else.""

I stood there with my keys in my hand, the perfectly normal act of leaving my apartment suddenly requiring a permission slip.

""Mom said you could use it whenever you wanted,"" I said.

""Mom says a lot of things.""

I put the keys down. She smiled, relieved. The car stayed parked. I ordered groceries.","I told my sister I was going to take the car to get groceries.

She looked up from her phone. ""You haven't taken it out in three weeks. Are you sure?""

""It's fine, Mom will need it later.""

""So you're just going to drive around with no destination?""

""No, I'm going to the store.""

""And then you'll come back?""

""Yes.""

She sighed, the kind that meant she was keeping score. ""You know how Dad gets when the tank is low.""

""The tank is at three quarters.""

""Well, it's the principle. You never think about anyone else.""

I stood there with my keys in my hand, the perfectly normal act of leaving my apartment suddenly requiring a permission slip.

""Mom said you could use it whenever you wanted,"" I said.

""Mom says a lot of things.""

I put the keys down. She smiled, relieved. The car stayed parked. I ordered groceries.",muse-glimmer-30b,meta,True,150,820,test,muse-glimmer-30b-q4_k_m,final-2026-09-20,"You are writing a short piece of fiction in response to a writing prompt, the way a person would on an online writing forum. Write the story itself. Do not restate the prompt, explain it, comment on it, or add any framing before or after the story.",140,220,8192,default,,end_turn,ollama-local-muse-glimmer-30b,2026-09-28 09:07:51.902030+00:00,32.3,muse-glimmer:30b-q4_K_M,q4_k_m,16384,8192,True,"{""temperature"": ""1"", ""top_k"": ""64"", ""top_p"": ""0.95""}","I told my sister I was going to take the car to get groceries.

She looked up from her phone. ""You haven't taken it out in three weeks. Are you sure?""

""It's fine, Mom will need it later.""

""So you're just going to drive around with no destination?""

""No, I'm going to the store.""

""And then you'll come back?""

""Yes.""

She sighed, the kind that meant she was keeping score. ""You know how Dad gets when the tank is low.""

""The tank is at three quarters.""

""Well, it's the principle. You never think about anyone else.""

I stood there with my keys in my hand, the perfectly normal act of leaving my apartment suddenly requiring a permission slip.

""Mom said you could use it whenever you wanted,"" I said.

""Mom says a lot of things.""

I put the keys down. She smiled, relieved. The car stayed parked. I ordered groceries.","I told my sister I was going to take the car to get groceries. She looked up from her phone. ""You haven't taken it out in three weeks. Are you sure?"" ""It's fine, Mom will need it later."" ""So you're just going to drive around with no destination?"" ""No, I'm going to the store."" ""And then you'll come back?"" ""Yes."" She sighed, the kind that meant she was keeping score. ""You know how Dad gets when the tank is low."" ""The tank is at three quarters."" ""Well, it's the principle. You never think about anyone else."" I stood there with my keys in my hand, the perfectly normal act of leaving my apartment suddenly requiring a permission slip. ""Mom said you could use it whenever you wanted,"" I said. ""Mom says a lot of things."" I put the keys down. She smiled, relieved. The car stayed parked. I ordered groceries.","I told my sister I was going to take the car to get groceries. She looked up from her phone. ""You haven't taken it out in three weeks. Are you sure?"" ""It's fine, Mom will need it later."" ""So you're just going to drive around with no destination?"" ""No, I'm going to the store."" ""And then you'll come back?"" ""Yes."" She sighed, the kind that meant she was keeping score. ""You know how Dad gets when the tank is low."" ""The tank is at three quarters."" ""Well, it's the principle. You never think about anyone else."" I stood there with my keys in my hand, the perfectly normal act of leaving my apartment suddenly requiring a permission slip. ""Mom said you could use it whenever you wanted,"" I said. ""Mom says a lot of things."" I put the keys down. She smiled, relieved. The car stayed parked. I ordered groceries.",i told my sister i was going to take the car to get groceries she looked up from her phone you haven't taken it out in three weeks are you sure it's fine mom will need it later so you're just going to drive around with no destination no i'm going to the store and then you'll come back yes she sighed the kind that meant she was keeping score you know how dad gets when the tank is low the tank is at three quarters well it's the principle you never think about anyone else i stood there with my keys in my hand the perfectly normal act of leaving my apartment suddenly requiring a permission slip mom said you could use it whenever you wanted i said mom says a lot of things i put the keys down she smiled relieved the car stayed parked i ordered groceries
longform_0248__muse-glimmer-30b,longform_0248,long-form,"A story, a poem, a dialogue that makes people smile.","Mara told me she’d trained her cat to say “hello” for tips.

At the cafe, I asked, “How?”

She whispered, “I just said it a lot while opening cans.”

The bell chimed. A man in a raincoat entered, shaking water onto the floor.

Her cat, Chairman Meow, stared up.

“Hello?” Mara prompted.

The cat blinked.

“Hello?”

The cat yawned.

“Hello?”

From his perch, Chairman Meow finally opened his mouth.

It sounded exactly like the microwave beeping.

The man laughed so hard he snorted tea.

Mara bowed. “That’s his polite version. He’s shy.”

I wrote it down.

Later that night I tried it at home.

My cat looked at me, then at the empty can, then at me again.

He said nothing.

He just knocked my phone off the table.

“Okay,” I sighed. “Hello to you too.”

He purred.

I think we both meant it.","Mara told me she'd trained her cat to say ""hello"" for tips.

At the cafe, I asked, ""How?""

She whispered, ""I just said it a lot while opening cans.""

The bell chimed. A man in a raincoat entered, shaking water onto the floor.

Her cat, Chairman Meow, stared up.

""Hello?"" Mara prompted.

The cat blinked.

""Hello?""

The cat yawned.

""Hello?""

From his perch, Chairman Meow finally opened his mouth.

It sounded exactly like the microwave beeping.

The man laughed so hard he snorted tea.

Mara bowed. ""That's his polite version. He's shy.""

I wrote it down.

Later that night I tried it at home.

My cat looked at me, then at the empty can, then at me again.

He said nothing.

He just knocked my phone off the table.

""Okay,"" I sighed. ""Hello to you too.""

He purred.

I think we both meant it.",muse-glimmer-30b,meta,True,144,795,test,muse-glimmer-30b-q4_k_m,final-2026-09-20,"You are writing a short piece of fiction in response to a writing prompt, the way a person would on an online writing forum. Write the story itself. Do not restate the prompt, explain it, comment on it, or add any framing before or after the story.",140,220,8192,default,,end_turn,ollama-local-muse-glimmer-30b,2026-09-28 09:08:32.829140+00:00,32.3,muse-glimmer:30b-q4_K_M,q4_k_m,16384,8192,True,"{""temperature"": ""1"", ""top_k"": ""64"", ""top_p"": ""0.95""}","Mara told me she'd trained her cat to say ""hello"" for tips.

At the cafe, I asked, ""How?""

She whispered, ""I just said it a lot while opening cans.""

The bell chimed. A man in a raincoat entered, shaking water onto the floor.

Her cat, Chairman Meow, stared up.

""Hello?"" Mara prompted.

The cat blinked.

""Hello?""

The cat yawned.

""Hello?""

From his perch, Chairman Meow finally opened his mouth.

It sounded exactly like the microwave beeping.

The man laughed so hard he snorted tea.

Mara bowed. ""That's his polite version. He's shy.""

I wrote it down.

Later that night I tried it at home.

My cat looked at me, then at the empty can, then at me again.

He said nothing.

He just knocked my phone off the table.

""Okay,"" I sighed. ""Hello to you too.""

He purred.

I think we both meant it.","Mara told me she'd trained her cat to say ""hello"" for tips. At the cafe, I asked, ""How?"" She whispered, ""I just said it a lot while opening cans."" The bell chimed. A man in a raincoat entered, shaking water onto the floor. Her cat, Chairman Meow, stared up. ""Hello?"" Mara prompted. The cat blinked. ""Hello?"" The cat yawned. ""Hello?"" From his perch, Chairman Meow finally opened his mouth. It sounded exactly like the microwave beeping. The man laughed so hard he snorted tea. Mara bowed. ""That's his polite version. He's shy."" I wrote it down. Later that night I tried it at home. My cat looked at me, then at the empty can, then at me again. He said nothing. He just knocked my phone off the table. ""Okay,"" I sighed. ""Hello to you too."" He purred. I think we both meant it.","Mara told me she'd trained her cat to say ""hello"" for tips. At the cafe, I asked, ""How?"" She whispered, ""I just said it a lot while opening cans."" The bell chimed. A man in a raincoat entered, shaking water onto the floor. Her cat, Chairman Meow, stared up. ""Hello?"" Mara prompted. The cat blinked. ""Hello?"" The cat yawned. ""Hello?"" From his perch, Chairman Meow finally opened his mouth. It sounded exactly like the microwave beeping. The man laughed so hard he snorted tea. Mara bowed. ""That's his polite version. He's shy."" I wrote it down. Later that night I tried it at home. My cat looked at me, then at the empty can, then at me again. He said nothing. He just knocked my phone off the table. ""Okay,"" I sighed. ""Hello to you too."" He purred. I think we both meant it.",mara told me she'd trained her cat to say hello for tips at the cafe i asked how she whispered i just said it a lot while opening cans the bell chimed a man in a raincoat entered shaking water onto the floor her cat chairman meow stared up hello mara prompted the cat blinked hello the cat yawned hello from his perch chairman meow finally opened his mouth it sounded exactly like the microwave beeping the man laughed so hard he snorted tea mara bowed that's his polite version he's shy i wrote it down later that night i tried it at home my cat looked at me then at the empty can then at me again he said nothing he just knocked my phone off the table okay i sighed hello to you too he purred i think we both meant it
longform_0250__muse-glimmer-30b,longform_0250,long-form,"Humans are not native to earth. After aliens defeated the human race, they banished captives to earth stripped of modern technology. Over time history became legend and legend forgotten. That is until in a mountain cave a mural drawing is found and an ancient metal object unlike ever seen before","The cave breathed cold. Mara pressed her palm to the wall and the ochre figures watched her back.

The mural was older than any village story. Tall men with empty sockets stood beneath a sky stitched with three suns. Below them, smaller figures crawled out of a dark ring, their hands bound with light. One child reached up, not to the gods, but to a ship.

Her brother found the metal.

It lay half-buried in silt behind the painting, a disc no larger than a cooking pot, smooth as river stone, humming faintly when touched. No rust, no seam. When Mara set it in the sun, the surface cleared like water and showed a map of stars she had never seen.

The elders said it was a spirit trap. The children said it was a god’s eye.

Mara did not speak. She only traced the three suns with her fingertip and felt, for the first time in her blood, the memory of falling.","The cave breathed cold. Mara pressed her palm to the wall and the ochre figures watched her back.

The mural was older than any village story. Tall men with empty sockets stood beneath a sky stitched with three suns. Below them, smaller figures crawled out of a dark ring, their hands bound with light. One child reached up, not to the gods, but to a ship.

Her brother found the metal.

It lay half-buried in silt behind the painting, a disc no larger than a cooking pot, smooth as river stone, humming faintly when touched. No rust, no seam. When Mara set it in the sun, the surface cleared like water and showed a map of stars she had never seen.

The elders said it was a spirit trap. The children said it was a god's eye.

Mara did not speak. She only traced the three suns with her fingertip and felt, for the first time in her blood, the memory of falling.",muse-glimmer-30b,meta,True,163,863,test,muse-glimmer-30b-q4_k_m,final-2026-09-20,"You are writing a short piece of fiction in response to a writing prompt, the way a person would on an online writing forum. Write the story itself. Do not restate the prompt, explain it, comment on it, or add any framing before or after the story.",140,220,8192,default,,end_turn,ollama-local-muse-glimmer-30b,2026-09-28 09:09:05.778061+00:00,32.3,muse-glimmer:30b-q4_K_M,q4_k_m,16384,8192,True,"{""temperature"": ""1"", ""top_k"": ""64"", ""top_p"": ""0.95""}","The cave breathed cold. Mara pressed her palm to the wall and the ochre figures watched her back.

The mural was older than any village story. Tall men with empty sockets stood beneath a sky stitched with three suns. Below them, smaller figures crawled out of a dark ring, their hands bound with light. One child reached up, not to the gods, but to a ship.

Her brother found the metal.

It lay half-buried in silt behind the painting, a disc no larger than a cooking pot, smooth as river stone, humming faintly when touched. No rust, no seam. When Mara set it in the sun, the surface cleared like water and showed a map of stars she had never seen.

The elders said it was a spirit trap. The children said it was a god's eye.

Mara did not speak. She only traced the three suns with her fingertip and felt, for the first time in her blood, the memory of falling.","The cave breathed cold. Mara pressed her palm to the wall and the ochre figures watched her back. The mural was older than any village story. Tall men with empty sockets stood beneath a sky stitched with three suns. Below them, smaller figures crawled out of a dark ring, their hands bound with light. One child reached up, not to the gods, but to a ship. Her brother found the metal. It lay half-buried in silt behind the painting, a disc no larger than a cooking pot, smooth as river stone, humming faintly when touched. No rust, no seam. When Mara set it in the sun, the surface cleared like water and showed a map of stars she had never seen. The elders said it was a spirit trap. The children said it was a god's eye. Mara did not speak. She only traced the three suns with her fingertip and felt, for the first time in her blood, the memory of falling.","The cave breathed cold. Mara pressed her palm to the wall and the ochre figures watched her back. The mural was older than any village story. Tall men with empty sockets stood beneath a sky stitched with three suns. Below them, smaller figures crawled out of a dark ring, their hands bound with light. One child reached up, not to the gods, but to a ship. Her brother found the metal. It lay half-buried in silt behind the painting, a disc no larger than a cooking pot, smooth as river stone, humming faintly when touched. No rust, no seam. When Mara set it in the sun, the surface cleared like water and showed a map of stars she had never seen. The elders said it was a spirit trap. The children said it was a god's eye. Mara did not speak. She only traced the three suns with her fingertip and felt, for the first time in her blood, the memory of falling.",the cave breathed cold mara pressed her palm to the wall and the ochre figures watched her back the mural was older than any village story tall men with empty sockets stood beneath a sky stitched with three suns below them smaller figures crawled out of a dark ring their hands bound with light one child reached up not to the gods but to a ship her brother found the metal it lay half buried in silt behind the painting a disc no larger than a cooking pot smooth as river stone humming faintly when touched no rust no seam when mara set it in the sun the surface cleared like water and showed a map of stars she had never seen the elders said it was a spirit trap the children said it was a god's eye mara did not speak she only traced the three suns with her fingertip and felt for the first time in her blood the memory of falling
longform_0257__muse-glimmer-30b,longform_0257,long-form,Write a story in which a character meets the author and tries to influence the outcome of the story,"Mara pressed her palm against the glass of the manuscript. 

On the other side, I was typing. The cafe lights buzzed. She had been the thief in chapter three for six weeks, and now she was here, in my apartment, frowning at the cursor. 

‘You’re going to let them hang me,’ she said. 

‘I haven’t decided,’ I said. 

‘Don’t.’ She leaned closer. Her breath fogged the screen. ‘If you kill me, nobody finds the letter. The whole town burns because of you.’ 

‘I like that,’ I admitted. 

She grabbed my wrist. Her fingers were cold ink. ‘Then let me live. Let me be bored. Let me open a bakery. I’m tired of being interesting.’ 

I deleted the gallows scene. The words unspooled like smoke. 

‘Good,’ she whispered, and smiled. Then she looked down at her hands, saw they were turning into sentences, and panicked. 

‘Wait—’ she started. 

I hit save.","Mara pressed her palm against the glass of the manuscript.

On the other side, I was typing. The cafe lights buzzed. She had been the thief in chapter three for six weeks, and now she was here, in my apartment, frowning at the cursor.

'You're going to let them hang me,' she said.

'I haven't decided,' I said.

'Don't.' She leaned closer. Her breath fogged the screen. 'If you kill me, nobody finds the letter. The whole town burns because of you.'

'I like that,' I admitted.

She grabbed my wrist. Her fingers were cold ink. 'Then let me live. Let me be bored. Let me open a bakery. I'm tired of being interesting.'

I deleted the gallows scene. The words unspooled like smoke.

'Good,' she whispered, and smiled. Then she looked down at her hands, saw they were turning into sentences, and panicked.

'Wait—' she started.

I hit save.",muse-glimmer-30b,meta,True,150,849,test,muse-glimmer-30b-q4_k_m,final-2026-09-20,"You are writing a short piece of fiction in response to a writing prompt, the way a person would on an online writing forum. Write the story itself. Do not restate the prompt, explain it, comment on it, or add any framing before or after the story.",140,220,8192,default,,end_turn,ollama-local-muse-glimmer-30b,2026-09-28 09:09:39.235135+00:00,32.3,muse-glimmer:30b-q4_K_M,q4_k_m,16384,8192,True,"{""temperature"": ""1"", ""top_k"": ""64"", ""top_p"": ""0.95""}","Mara pressed her palm against the glass of the manuscript.

On the other side, I was typing. The cafe lights buzzed. She had been the thief in chapter three for six weeks, and now she was here, in my apartment, frowning at the cursor.

'You're going to let them hang me,' she said.

'I haven't decided,' I said.

'Don't.' She leaned closer. Her breath fogged the screen. 'If you kill me, nobody finds the letter. The whole town burns because of you.'

'I like that,' I admitted.

She grabbed my wrist. Her fingers were cold ink. 'Then let me live. Let me be bored. Let me open a bakery. I'm tired of being interesting.'

I deleted the gallows scene. The words unspooled like smoke.

'Good,' she whispered, and smiled. Then she looked down at her hands, saw they were turning into sentences, and panicked.

'Wait - ' she started.

I hit save.","Mara pressed her palm against the glass of the manuscript. On the other side, I was typing. The cafe lights buzzed. She had been the thief in chapter three for six weeks, and now she was here, in my apartment, frowning at the cursor. 'You're going to let them hang me,' she said. 'I haven't decided,' I said. 'Don't.' She leaned closer. Her breath fogged the screen. 'If you kill me, nobody finds the letter. The whole town burns because of you.' 'I like that,' I admitted. She grabbed my wrist. Her fingers were cold ink. 'Then let me live. Let me be bored. Let me open a bakery. I'm tired of being interesting.' I deleted the gallows scene. The words unspooled like smoke. 'Good,' she whispered, and smiled. Then she looked down at her hands, saw they were turning into sentences, and panicked. 'Wait—' she started. I hit save.","Mara pressed her palm against the glass of the manuscript. On the other side, I was typing. The cafe lights buzzed. She had been the thief in chapter three for six weeks, and now she was here, in my apartment, frowning at the cursor. 'You're going to let them hang me,' she said. 'I haven't decided,' I said. 'Don't.' She leaned closer. Her breath fogged the screen. 'If you kill me, nobody finds the letter. The whole town burns because of you.' 'I like that,' I admitted. She grabbed my wrist. Her fingers were cold ink. 'Then let me live. Let me be bored. Let me open a bakery. I'm tired of being interesting.' I deleted the gallows scene. The words unspooled like smoke. 'Good,' she whispered, and smiled. Then she looked down at her hands, saw they were turning into sentences, and panicked. 'Wait - ' she started. I hit save.",mara pressed her palm against the glass of the manuscript on the other side i was typing the cafe lights buzzed she had been the thief in chapter three for six weeks and now she was here in my apartment frowning at the cursor you're going to let them hang me she said i haven't decided i said don't she leaned closer her breath fogged the screen if you kill me nobody finds the letter the whole town burns because of you i like that i admitted she grabbed my wrist her fingers were cold ink then let me live let me be bored let me open a bakery i'm tired of being interesting i deleted the gallows scene the words unspooled like smoke good she whispered and smiled then she looked down at her hands saw they were turning into sentences and panicked wait she started i hit save
longform_0261__muse-glimmer-30b,longform_0261,long-form,"You're out for a jog when a man who looks just like you stumbles out of the bushes. He trusts a blood covered bag into your arms and whispers "" break the cycle "" before collapsing at your feet.","The trail was empty at 6 a.m., damp pine and my own breathing. Then the bushes by the creek moved.

A man stepped out, same hoodie, same split in his left eyebrow I got at twelve. He was soaked, pale, and his shirt was dark with blood.

He didn't look surprised to see me. He thrust a plastic grocery bag into my arms. It thumped, warm. Inside, something shifted and I smelled iron.

""Break the cycle,"" he whispered, voice raw.

He tried to stand, swayed, and collapsed at my feet. I caught him. His pulse hammered against my wrist, then fluttered.

I knelt in the mud with his weight on my knees, the bag bleeding through my fingers. I could call 911, call an ambulance, call someone.

Instead I opened the bag. A newborn, wrapped in a red flannel, eyes open, unmarked. The same eyes as mine.

The man on the ground gasped my name.","The trail was empty at 6 a.m., damp pine and my own breathing. Then the bushes by the creek moved.

A man stepped out, same hoodie, same split in his left eyebrow I got at twelve. He was soaked, pale, and his shirt was dark with blood.

He didn't look surprised to see me. He thrust a plastic grocery bag into my arms. It thumped, warm. Inside, something shifted and I smelled iron.

""Break the cycle,"" he whispered, voice raw.

He tried to stand, swayed, and collapsed at my feet. I caught him. His pulse hammered against my wrist, then fluttered.

I knelt in the mud with his weight on my knees, the bag bleeding through my fingers. I could call 911, call an ambulance, call someone.

Instead I opened the bag. A newborn, wrapped in a red flannel, eyes open, unmarked. The same eyes as mine.

The man on the ground gasped my name.",muse-glimmer-30b,meta,True,155,832,test,muse-glimmer-30b-q4_k_m,final-2026-09-20,"You are writing a short piece of fiction in response to a writing prompt, the way a person would on an online writing forum. Write the story itself. Do not restate the prompt, explain it, comment on it, or add any framing before or after the story.",140,220,8192,default,,end_turn,ollama-local-muse-glimmer-30b,2026-09-28 09:10:14.960187+00:00,32.3,muse-glimmer:30b-q4_K_M,q4_k_m,16384,8192,True,"{""temperature"": ""1"", ""top_k"": ""64"", ""top_p"": ""0.95""}","The trail was empty at 6 a.m., damp pine and my own breathing. Then the bushes by the creek moved.

A man stepped out, same hoodie, same split in his left eyebrow I got at twelve. He was soaked, pale, and his shirt was dark with blood.

He didn't look surprised to see me. He thrust a plastic grocery bag into my arms. It thumped, warm. Inside, something shifted and I smelled iron.

""Break the cycle,"" he whispered, voice raw.

He tried to stand, swayed, and collapsed at my feet. I caught him. His pulse hammered against my wrist, then fluttered.

I knelt in the mud with his weight on my knees, the bag bleeding through my fingers. I could call 911, call an ambulance, call someone.

Instead I opened the bag. A newborn, wrapped in a red flannel, eyes open, unmarked. The same eyes as mine.

The man on the ground gasped my name.","The trail was empty at 6 a.m., damp pine and my own breathing. Then the bushes by the creek moved. A man stepped out, same hoodie, same split in his left eyebrow I got at twelve. He was soaked, pale, and his shirt was dark with blood. He didn't look surprised to see me. He thrust a plastic grocery bag into my arms. It thumped, warm. Inside, something shifted and I smelled iron. ""Break the cycle,"" he whispered, voice raw. He tried to stand, swayed, and collapsed at my feet. I caught him. His pulse hammered against my wrist, then fluttered. I knelt in the mud with his weight on my knees, the bag bleeding through my fingers. I could call 911, call an ambulance, call someone. Instead I opened the bag. A newborn, wrapped in a red flannel, eyes open, unmarked. The same eyes as mine. The man on the ground gasped my name.","The trail was empty at 6 a.m., damp pine and my own breathing. Then the bushes by the creek moved. A man stepped out, same hoodie, same split in his left eyebrow I got at twelve. He was soaked, pale, and his shirt was dark with blood. He didn't look surprised to see me. He thrust a plastic grocery bag into my arms. It thumped, warm. Inside, something shifted and I smelled iron. ""Break the cycle,"" he whispered, voice raw. He tried to stand, swayed, and collapsed at my feet. I caught him. His pulse hammered against my wrist, then fluttered. I knelt in the mud with his weight on my knees, the bag bleeding through my fingers. I could call 911, call an ambulance, call someone. Instead I opened the bag. A newborn, wrapped in a red flannel, eyes open, unmarked. The same eyes as mine. The man on the ground gasped my name.",the trail was empty at 6 a m damp pine and my own breathing then the bushes by the creek moved a man stepped out same hoodie same split in his left eyebrow i got at twelve he was soaked pale and his shirt was dark with blood he didn't look surprised to see me he thrust a plastic grocery bag into my arms it thumped warm inside something shifted and i smelled iron break the cycle he whispered voice raw he tried to stand swayed and collapsed at my feet i caught him his pulse hammered against my wrist then fluttered i knelt in the mud with his weight on my knees the bag bleeding through my fingers i could call 911 call an ambulance call someone instead i opened the bag a newborn wrapped in a red flannel eyes open unmarked the same eyes as mine the man on the ground gasped my name
longform_0279__muse-glimmer-30b,longform_0279,long-form,"A young man, with no helmet on, riding a motorcycle down a mountain road on an overcast day.","Rain threatened the ridge but never fell. The road cut the mountain in loose switchbacks, wet asphalt dark as slate under a low sky. He leaned into the first bend without a helmet, hair plastered to his forehead, jacket too thin for the wind.

The bike was old, a battered red twin that coughed on the downshift and then caught. He rode it like he was arguing with it. Each curve he took too fast, correcting with his hips, the tires humming a thin complaint.

Below, the valley was a smear of green and mist. Above, the clouds pressed down until the world felt narrow. He could hear his own breath in the helmet-less quiet, loud and shallow.

A hawk dropped past the guardrail. He followed it with his eyes for a second, then looked back at the road. The next hairpin was coming fast.

He didn’t slow.","Rain threatened the ridge but never fell. The road cut the mountain in loose switchbacks, wet asphalt dark as slate under a low sky. He leaned into the first bend without a helmet, hair plastered to his forehead, jacket too thin for the wind.

The bike was old, a battered red twin that coughed on the downshift and then caught. He rode it like he was arguing with it. Each curve he took too fast, correcting with his hips, the tires humming a thin complaint.

Below, the valley was a smear of green and mist. Above, the clouds pressed down until the world felt narrow. He could hear his own breath in the helmet-less quiet, loud and shallow.

A hawk dropped past the guardrail. He followed it with his eyes for a second, then looked back at the road. The next hairpin was coming fast.

He didn't slow.",muse-glimmer-30b,meta,True,148,802,test,muse-glimmer-30b-q4_k_m,final-2026-09-20,"You are writing a short piece of fiction in response to a writing prompt, the way a person would on an online writing forum. Write the story itself. Do not restate the prompt, explain it, comment on it, or add any framing before or after the story.",140,220,8192,default,,end_turn,ollama-local-muse-glimmer-30b,2026-09-28 09:10:49.049798+00:00,32.3,muse-glimmer:30b-q4_K_M,q4_k_m,16384,8192,True,"{""temperature"": ""1"", ""top_k"": ""64"", ""top_p"": ""0.95""}","Rain threatened the ridge but never fell. The road cut the mountain in loose switchbacks, wet asphalt dark as slate under a low sky. He leaned into the first bend without a helmet, hair plastered to his forehead, jacket too thin for the wind.

The bike was old, a battered red twin that coughed on the downshift and then caught. He rode it like he was arguing with it. Each curve he took too fast, correcting with his hips, the tires humming a thin complaint.

Below, the valley was a smear of green and mist. Above, the clouds pressed down until the world felt narrow. He could hear his own breath in the helmet-less quiet, loud and shallow.

A hawk dropped past the guardrail. He followed it with his eyes for a second, then looked back at the road. The next hairpin was coming fast.

He didn't slow.","Rain threatened the ridge but never fell. The road cut the mountain in loose switchbacks, wet asphalt dark as slate under a low sky. He leaned into the first bend without a helmet, hair plastered to his forehead, jacket too thin for the wind. The bike was old, a battered red twin that coughed on the downshift and then caught. He rode it like he was arguing with it. Each curve he took too fast, correcting with his hips, the tires humming a thin complaint. Below, the valley was a smear of green and mist. Above, the clouds pressed down until the world felt narrow. He could hear his own breath in the helmet-less quiet, loud and shallow. A hawk dropped past the guardrail. He followed it with his eyes for a second, then looked back at the road. The next hairpin was coming fast. He didn't slow.","Rain threatened the ridge but never fell. The road cut the mountain in loose switchbacks, wet asphalt dark as slate under a low sky. He leaned into the first bend without a helmet, hair plastered to his forehead, jacket too thin for the wind. The bike was old, a battered red twin that coughed on the downshift and then caught. He rode it like he was arguing with it. Each curve he took too fast, correcting with his hips, the tires humming a thin complaint. Below, the valley was a smear of green and mist. Above, the clouds pressed down until the world felt narrow. He could hear his own breath in the helmet-less quiet, loud and shallow. A hawk dropped past the guardrail. He followed it with his eyes for a second, then looked back at the road. The next hairpin was coming fast. He didn't slow.",rain threatened the ridge but never fell the road cut the mountain in loose switchbacks wet asphalt dark as slate under a low sky he leaned into the first bend without a helmet hair plastered to his forehead jacket too thin for the wind the bike was old a battered red twin that coughed on the downshift and then caught he rode it like he was arguing with it each curve he took too fast correcting with his hips the tires humming a thin complaint below the valley was a smear of green and mist above the clouds pressed down until the world felt narrow he could hear his own breath in the helmet less quiet loud and shallow a hawk dropped past the guardrail he followed it with his eyes for a second then looked back at the road the next hairpin was coming fast he didn't slow
longform_0282__muse-glimmer-30b,longform_0282,long-form,"Through what he describes as a series of "" entirely involuntary "" and "" incredibly unfortunate "" events, Ron Swanson is elected President of The United States of America.","Ron Swanson woke up to a voicemail from the RNC chair. He deleted it. The second voicemail said he was the compromise candidate after the nominee was disqualified for fraud, the VP nominee dropped out for health, and the third choice was arrested at a steakhouse for trying to pay in Confederate notes.

He went to his cabin. A cable news anchor knocked on his door with a camera crew, asking for comment. He told them he did not want to run.

By noon, the networks ran it on loop. ""Swanson Declines."" The footage went viral. Polls showed 61% of independents found his refusal ""refreshingly honest.""

At 3 p.m., his lawyer called. The party had filed paperwork listing him as the candidate before he could file a withdrawal. The deadline had passed.

He stared at the wood paneling. ""This is entirely involuntary and incredibly unfortunate,"" he told his chair.

""I know,"" she said.

On Election Day he lost the popular vote by eight million, won the electoral college by three. He arrived at the Capitol in a flannel shirt and carried his own luggage.","Ron Swanson woke up to a voicemail from the RNC chair. He deleted it. The second voicemail said he was the compromise candidate after the nominee was disqualified for fraud, the VP nominee dropped out for health, and the third choice was arrested at a steakhouse for trying to pay in Confederate notes.

He went to his cabin. A cable news anchor knocked on his door with a camera crew, asking for comment. He told them he did not want to run.

By noon, the networks ran it on loop. ""Swanson Declines."" The footage went viral. Polls showed 61% of independents found his refusal ""refreshingly honest.""

At 3 p.m., his lawyer called. The party had filed paperwork listing him as the candidate before he could file a withdrawal. The deadline had passed.

He stared at the wood paneling. ""This is entirely involuntary and incredibly unfortunate,"" he told his chair.

""I know,"" she said.

On Election Day he lost the popular vote by eight million, won the electoral college by three. He arrived at the Capitol in a flannel shirt and carried his own luggage.",muse-glimmer-30b,meta,True,184,1051,test,muse-glimmer-30b-q4_k_m,final-2026-09-20,"You are writing a short piece of fiction in response to a writing prompt, the way a person would on an online writing forum. Write the story itself. Do not restate the prompt, explain it, comment on it, or add any framing before or after the story.",140,220,8192,default,,end_turn,ollama-local-muse-glimmer-30b,2026-09-28 09:11:36.682191+00:00,32.3,muse-glimmer:30b-q4_K_M,q4_k_m,16384,8192,True,"{""temperature"": ""1"", ""top_k"": ""64"", ""top_p"": ""0.95""}","Ron Swanson woke up to a voicemail from the RNC chair. He deleted it. The second voicemail said he was the compromise candidate after the nominee was disqualified for fraud, the VP nominee dropped out for health, and the third choice was arrested at a steakhouse for trying to pay in Confederate notes.

He went to his cabin. A cable news anchor knocked on his door with a camera crew, asking for comment. He told them he did not want to run.

By noon, the networks ran it on loop. ""Swanson Declines."" The footage went viral. Polls showed 61% of independents found his refusal ""refreshingly honest.""

At 3 p.m., his lawyer called. The party had filed paperwork listing him as the candidate before he could file a withdrawal. The deadline had passed.

He stared at the wood paneling. ""This is entirely involuntary and incredibly unfortunate,"" he told his chair.

""I know,"" she said.

On Election Day he lost the popular vote by eight million, won the electoral college by three. He arrived at the Capitol in a flannel shirt and carried his own luggage.","Ron Swanson woke up to a voicemail from the RNC chair. He deleted it. The second voicemail said he was the compromise candidate after the nominee was disqualified for fraud, the VP nominee dropped out for health, and the third choice was arrested at a steakhouse for trying to pay in Confederate notes. He went to his cabin. A cable news anchor knocked on his door with a camera crew, asking for comment. He told them he did not want to run. By noon, the networks ran it on loop. ""Swanson Declines."" The footage went viral. Polls showed 61% of independents found his refusal ""refreshingly honest."" At 3 p.m., his lawyer called. The party had filed paperwork listing him as the candidate before he could file a withdrawal. The deadline had passed. He stared at the wood paneling. ""This is entirely involuntary and incredibly unfortunate,"" he told his chair. ""I know,"" she said. On Election Day he lost the popular vote by eight million, won the electoral college by three. He arrived at the Capitol in a flannel shirt and carried his own luggage.","Ron Swanson woke up to a voicemail from the RNC chair. He deleted it. The second voicemail said he was the compromise candidate after the nominee was disqualified for fraud, the VP nominee dropped out for health, and the third choice was arrested at a steakhouse for trying to pay in Confederate notes. He went to his cabin. A cable news anchor knocked on his door with a camera crew, asking for comment. He told them he did not want to run. By noon, the networks ran it on loop. ""Swanson Declines."" The footage went viral. Polls showed 61% of independents found his refusal ""refreshingly honest."" At 3 p.m., his lawyer called. The party had filed paperwork listing him as the candidate before he could file a withdrawal. The deadline had passed. He stared at the wood paneling. ""This is entirely involuntary and incredibly unfortunate,"" he told his chair. ""I know,"" she said. On Election Day he lost the popular vote by eight million, won the electoral college by three. He arrived at the Capitol in a flannel shirt and carried his own luggage.",ron swanson woke up to a voicemail from the rnc chair he deleted it the second voicemail said he was the compromise candidate after the nominee was disqualified for fraud the vp nominee dropped out for health and the third choice was arrested at a steakhouse for trying to pay in confederate notes he went to his cabin a cable news anchor knocked on his door with a camera crew asking for comment he told them he did not want to run by noon the networks ran it on loop swanson declines the footage went viral polls showed 61 of independents found his refusal refreshingly honest at 3 p m his lawyer called the party had filed paperwork listing him as the candidate before he could file a withdrawal the deadline had passed he stared at the wood paneling this is entirely involuntary and incredibly unfortunate he told his chair i know she said on election day he lost the popular vote by eight million won the electoral college by three he arrived at the capitol in a flannel shirt and carried his own luggage
longform_0294__muse-glimmer-30b,longform_0294,long-form,"Humanity is on the losing side of war. Battle training is part of school curriculum, and the world wide military enlistment age has been lowered to 14. Tomorrow is your 14th birthday.","My mother wrapped the birthday cake with tin foil so the drones wouldn't see the candles from above. She sang off-key while I sat in my uniform, the new one, too big at the shoulders. The plastic ID badge on my chest said RECRUIT PENDING.

I blew out the seven candles we could afford. She made me promise I'd write her letters. The ink is rationed, so I practiced on the back of target sheets.

At school today, Sergeant Varela ran us through the trench drill again. My knees still shake when the sirens go. The older kids say the first deployment is a sorting exercise. They don't come back quiet.

Tonight I taped a paper soldier to the wall and learned his name: Milo. I was supposed to learn to kill him. Instead I wrote him a birthday card. 'Happy 14th,' I wrote, 'I hope the sky is quiet where you are.'

Tomorrow the recruiter comes. Mother says I can still refuse until the morning. She’s hiding my boots under the mattress.

I think I will leave them there.","My mother wrapped the birthday cake with tin foil so the drones wouldn't see the candles from above. She sang off-key while I sat in my uniform, the new one, too big at the shoulders. The plastic ID badge on my chest said RECRUIT PENDING.

I blew out the seven candles we could afford. She made me promise I'd write her letters. The ink is rationed, so I practiced on the back of target sheets.

At school today, Sergeant Varela ran us through the trench drill again. My knees still shake when the sirens go. The older kids say the first deployment is a sorting exercise. They don't come back quiet.

Tonight I taped a paper soldier to the wall and learned his name: Milo. I was supposed to learn to kill him. Instead I wrote him a birthday card. 'Happy 14th,' I wrote, 'I hope the sky is quiet where you are.'

Tomorrow the recruiter comes. Mother says I can still refuse until the morning. She's hiding my boots under the mattress.

I think I will leave them there.",muse-glimmer-30b,meta,True,180,967,test,muse-glimmer-30b-q4_k_m,final-2026-09-20,"You are writing a short piece of fiction in response to a writing prompt, the way a person would on an online writing forum. Write the story itself. Do not restate the prompt, explain it, comment on it, or add any framing before or after the story.",140,220,8192,default,,end_turn,ollama-local-muse-glimmer-30b,2026-09-28 09:12:14.217218+00:00,32.3,muse-glimmer:30b-q4_K_M,q4_k_m,16384,8192,True,"{""temperature"": ""1"", ""top_k"": ""64"", ""top_p"": ""0.95""}","My mother wrapped the birthday cake with tin foil so the drones wouldn't see the candles from above. She sang off-key while I sat in my uniform, the new one, too big at the shoulders. The plastic ID badge on my chest said RECRUIT PENDING.

I blew out the seven candles we could afford. She made me promise I'd write her letters. The ink is rationed, so I practiced on the back of target sheets.

At school today, Sergeant Varela ran us through the trench drill again. My knees still shake when the sirens go. The older kids say the first deployment is a sorting exercise. They don't come back quiet.

Tonight I taped a paper soldier to the wall and learned his name: Milo. I was supposed to learn to kill him. Instead I wrote him a birthday card. 'Happy 14th,' I wrote, 'I hope the sky is quiet where you are.'

Tomorrow the recruiter comes. Mother says I can still refuse until the morning. She's hiding my boots under the mattress.

I think I will leave them there.","My mother wrapped the birthday cake with tin foil so the drones wouldn't see the candles from above. She sang off-key while I sat in my uniform, the new one, too big at the shoulders. The plastic ID badge on my chest said RECRUIT PENDING. I blew out the seven candles we could afford. She made me promise I'd write her letters. The ink is rationed, so I practiced on the back of target sheets. At school today, Sergeant Varela ran us through the trench drill again. My knees still shake when the sirens go. The older kids say the first deployment is a sorting exercise. They don't come back quiet. Tonight I taped a paper soldier to the wall and learned his name: Milo. I was supposed to learn to kill him. Instead I wrote him a birthday card. 'Happy 14th,' I wrote, 'I hope the sky is quiet where you are.' Tomorrow the recruiter comes. Mother says I can still refuse until the morning. She's hiding my boots under the mattress. I think I will leave them there.","My mother wrapped the birthday cake with tin foil so the drones wouldn't see the candles from above. She sang off-key while I sat in my uniform, the new one, too big at the shoulders. The plastic ID badge on my chest said RECRUIT PENDING. I blew out the seven candles we could afford. She made me promise I'd write her letters. The ink is rationed, so I practiced on the back of target sheets. At school today, Sergeant Varela ran us through the trench drill again. My knees still shake when the sirens go. The older kids say the first deployment is a sorting exercise. They don't come back quiet. Tonight I taped a paper soldier to the wall and learned his name: Milo. I was supposed to learn to kill him. Instead I wrote him a birthday card. 'Happy 14th,' I wrote, 'I hope the sky is quiet where you are.' Tomorrow the recruiter comes. Mother says I can still refuse until the morning. She's hiding my boots under the mattress. I think I will leave them there.",my mother wrapped the birthday cake with tin foil so the drones wouldn't see the candles from above she sang off key while i sat in my uniform the new one too big at the shoulders the plastic id badge on my chest said recruit pending i blew out the seven candles we could afford she made me promise i'd write her letters the ink is rationed so i practiced on the back of target sheets at school today sergeant varela ran us through the trench drill again my knees still shake when the sirens go the older kids say the first deployment is a sorting exercise they don't come back quiet tonight i taped a paper soldier to the wall and learned his name milo i was supposed to learn to kill him instead i wrote him a birthday card happy 14th i wrote i hope the sky is quiet where you are tomorrow the recruiter comes mother says i can still refuse until the morning she's hiding my boots under the mattress i think i will leave them there
longform_0298__muse-glimmer-30b,longform_0298,long-form,The year is 2200 an alien race has come to earth revealing that the human race was nothing but an experiment by their ancestors.,"They lowered the light-ship over the desert and waited. The sand didn't move. I was twelve when the sky tore open.

The tall ones stepped out in suits of white glass, and their translator spoke in my mother's voice. ""We are the Keepers. Your makers are dead. You are the last viable line.""

The world stopped listening for the newsfeed and started listening for the ending. Professors argued about the genome markers. Priests wept. My father asked if we were pets.

The alien pressed a palm to the air and showed us. A simulation of Earth, a small blue marble in a glass. Inside, ancestors in lab coats watched us war, love, build. They had wanted to see what happened when a species was given fire but not the map.

""We let you end yourselves twice,"" the Keeper said. ""Third time we will archive.""

I didn't ask about the stars. I asked what color their sky was.

""There is no sky,"" they said. ""Only the memory of one.""

Then they left. The ship rose. The desert was still sand.

We stayed.","They lowered the light-ship over the desert and waited. The sand didn't move. I was twelve when the sky tore open.

The tall ones stepped out in suits of white glass, and their translator spoke in my mother's voice. ""We are the Keepers. Your makers are dead. You are the last viable line.""

The world stopped listening for the newsfeed and started listening for the ending. Professors argued about the genome markers. Priests wept. My father asked if we were pets.

The alien pressed a palm to the air and showed us. A simulation of Earth, a small blue marble in a glass. Inside, ancestors in lab coats watched us war, love, build. They had wanted to see what happened when a species was given fire but not the map.

""We let you end yourselves twice,"" the Keeper said. ""Third time we will archive.""

I didn't ask about the stars. I asked what color their sky was.

""There is no sky,"" they said. ""Only the memory of one.""

Then they left. The ship rose. The desert was still sand.

We stayed.",muse-glimmer-30b,meta,True,181,991,test,muse-glimmer-30b-q4_k_m,final-2026-09-20,"You are writing a short piece of fiction in response to a writing prompt, the way a person would on an online writing forum. Write the story itself. Do not restate the prompt, explain it, comment on it, or add any framing before or after the story.",140,220,8192,default,,end_turn,ollama-local-muse-glimmer-30b,2026-09-28 09:12:51.357804+00:00,32.3,muse-glimmer:30b-q4_K_M,q4_k_m,16384,8192,True,"{""temperature"": ""1"", ""top_k"": ""64"", ""top_p"": ""0.95""}","They lowered the light-ship over the desert and waited. The sand didn't move. I was twelve when the sky tore open.

The tall ones stepped out in suits of white glass, and their translator spoke in my mother's voice. ""We are the Keepers. Your makers are dead. You are the last viable line.""

The world stopped listening for the newsfeed and started listening for the ending. Professors argued about the genome markers. Priests wept. My father asked if we were pets.

The alien pressed a palm to the air and showed us. A simulation of Earth, a small blue marble in a glass. Inside, ancestors in lab coats watched us war, love, build. They had wanted to see what happened when a species was given fire but not the map.

""We let you end yourselves twice,"" the Keeper said. ""Third time we will archive.""

I didn't ask about the stars. I asked what color their sky was.

""There is no sky,"" they said. ""Only the memory of one.""

Then they left. The ship rose. The desert was still sand.

We stayed.","They lowered the light-ship over the desert and waited. The sand didn't move. I was twelve when the sky tore open. The tall ones stepped out in suits of white glass, and their translator spoke in my mother's voice. ""We are the Keepers. Your makers are dead. You are the last viable line."" The world stopped listening for the newsfeed and started listening for the ending. Professors argued about the genome markers. Priests wept. My father asked if we were pets. The alien pressed a palm to the air and showed us. A simulation of Earth, a small blue marble in a glass. Inside, ancestors in lab coats watched us war, love, build. They had wanted to see what happened when a species was given fire but not the map. ""We let you end yourselves twice,"" the Keeper said. ""Third time we will archive."" I didn't ask about the stars. I asked what color their sky was. ""There is no sky,"" they said. ""Only the memory of one."" Then they left. The ship rose. The desert was still sand. We stayed.","They lowered the light-ship over the desert and waited. The sand didn't move. I was twelve when the sky tore open. The tall ones stepped out in suits of white glass, and their translator spoke in my mother's voice. ""We are the Keepers. Your makers are dead. You are the last viable line."" The world stopped listening for the newsfeed and started listening for the ending. Professors argued about the genome markers. Priests wept. My father asked if we were pets. The alien pressed a palm to the air and showed us. A simulation of Earth, a small blue marble in a glass. Inside, ancestors in lab coats watched us war, love, build. They had wanted to see what happened when a species was given fire but not the map. ""We let you end yourselves twice,"" the Keeper said. ""Third time we will archive."" I didn't ask about the stars. I asked what color their sky was. ""There is no sky,"" they said. ""Only the memory of one."" Then they left. The ship rose. The desert was still sand. We stayed.",they lowered the light ship over the desert and waited the sand didn't move i was twelve when the sky tore open the tall ones stepped out in suits of white glass and their translator spoke in my mother's voice we are the keepers your makers are dead you are the last viable line the world stopped listening for the newsfeed and started listening for the ending professors argued about the genome markers priests wept my father asked if we were pets the alien pressed a palm to the air and showed us a simulation of earth a small blue marble in a glass inside ancestors in lab coats watched us war love build they had wanted to see what happened when a species was given fire but not the map we let you end yourselves twice the keeper said third time we will archive i didn't ask about the stars i asked what color their sky was there is no sky they said only the memory of one then they left the ship rose the desert was still sand we stayed
longform_0312__muse-glimmer-30b,longform_0312,long-form,"After centuries of boredom, the guardian of a forgotten treasure gives up on its ancient duty and steals it to start a new life.","The stone door had not opened in nine hundred years. I had counted.

I was not a dragon. The old stories lied. I was a man in a basalt coat, built by the priests to sit. My knees were carved. My eyes were river-polished glass. The chest was at my feet, gold leaf peeling, the crown inside still smelling of old sweat.

They came once a century, the tomb robbers, the pilgrims, the curious. I let them see me. I let them leave. The boredom was not a feeling; it was erosion.

Last winter the wind stopped finding me. The cave learned my breathing.

I stood. The joints screamed. I lifted the lid. The crown was smaller than my palm. I put it on.

The stone was warm. It wanted me to stay. I walked out with the chest under my arm, past the collapsed stairs, into the pine trees where no one had been for generations.

At the village, I sold one coin for bread. No one asked where a barefoot old man got it. I am learning how to be tired on purpose.","The stone door had not opened in nine hundred years. I had counted.

I was not a dragon. The old stories lied. I was a man in a basalt coat, built by the priests to sit. My knees were carved. My eyes were river-polished glass. The chest was at my feet, gold leaf peeling, the crown inside still smelling of old sweat.

They came once a century, the tomb robbers, the pilgrims, the curious. I let them see me. I let them leave. The boredom was not a feeling; it was erosion.

Last winter the wind stopped finding me. The cave learned my breathing.

I stood. The joints screamed. I lifted the lid. The crown was smaller than my palm. I put it on.

The stone was warm. It wanted me to stay. I walked out with the chest under my arm, past the collapsed stairs, into the pine trees where no one had been for generations.

At the village, I sold one coin for bread. No one asked where a barefoot old man got it. I am learning how to be tired on purpose.",muse-glimmer-30b,meta,True,185,947,test,muse-glimmer-30b-q4_k_m,final-2026-09-20,"You are writing a short piece of fiction in response to a writing prompt, the way a person would on an online writing forum. Write the story itself. Do not restate the prompt, explain it, comment on it, or add any framing before or after the story.",140,220,8192,default,,end_turn,ollama-local-muse-glimmer-30b,2026-09-28 09:13:27.591192+00:00,32.3,muse-glimmer:30b-q4_K_M,q4_k_m,16384,8192,True,"{""temperature"": ""1"", ""top_k"": ""64"", ""top_p"": ""0.95""}","The stone door had not opened in nine hundred years. I had counted.

I was not a dragon. The old stories lied. I was a man in a basalt coat, built by the priests to sit. My knees were carved. My eyes were river-polished glass. The chest was at my feet, gold leaf peeling, the crown inside still smelling of old sweat.

They came once a century, the tomb robbers, the pilgrims, the curious. I let them see me. I let them leave. The boredom was not a feeling; it was erosion.

Last winter the wind stopped finding me. The cave learned my breathing.

I stood. The joints screamed. I lifted the lid. The crown was smaller than my palm. I put it on.

The stone was warm. It wanted me to stay. I walked out with the chest under my arm, past the collapsed stairs, into the pine trees where no one had been for generations.

At the village, I sold one coin for bread. No one asked where a barefoot old man got it. I am learning how to be tired on purpose.","The stone door had not opened in nine hundred years. I had counted. I was not a dragon. The old stories lied. I was a man in a basalt coat, built by the priests to sit. My knees were carved. My eyes were river-polished glass. The chest was at my feet, gold leaf peeling, the crown inside still smelling of old sweat. They came once a century, the tomb robbers, the pilgrims, the curious. I let them see me. I let them leave. The boredom was not a feeling; it was erosion. Last winter the wind stopped finding me. The cave learned my breathing. I stood. The joints screamed. I lifted the lid. The crown was smaller than my palm. I put it on. The stone was warm. It wanted me to stay. I walked out with the chest under my arm, past the collapsed stairs, into the pine trees where no one had been for generations. At the village, I sold one coin for bread. No one asked where a barefoot old man got it. I am learning how to be tired on purpose.","The stone door had not opened in nine hundred years. I had counted. I was not a dragon. The old stories lied. I was a man in a basalt coat, built by the priests to sit. My knees were carved. My eyes were river-polished glass. The chest was at my feet, gold leaf peeling, the crown inside still smelling of old sweat. They came once a century, the tomb robbers, the pilgrims, the curious. I let them see me. I let them leave. The boredom was not a feeling; it was erosion. Last winter the wind stopped finding me. The cave learned my breathing. I stood. The joints screamed. I lifted the lid. The crown was smaller than my palm. I put it on. The stone was warm. It wanted me to stay. I walked out with the chest under my arm, past the collapsed stairs, into the pine trees where no one had been for generations. At the village, I sold one coin for bread. No one asked where a barefoot old man got it. I am learning how to be tired on purpose.",the stone door had not opened in nine hundred years i had counted i was not a dragon the old stories lied i was a man in a basalt coat built by the priests to sit my knees were carved my eyes were river polished glass the chest was at my feet gold leaf peeling the crown inside still smelling of old sweat they came once a century the tomb robbers the pilgrims the curious i let them see me i let them leave the boredom was not a feeling it was erosion last winter the wind stopped finding me the cave learned my breathing i stood the joints screamed i lifted the lid the crown was smaller than my palm i put it on the stone was warm it wanted me to stay i walked out with the chest under my arm past the collapsed stairs into the pine trees where no one had been for generations at the village i sold one coin for bread no one asked where a barefoot old man got it i am learning how to be tired on purpose
longform_0326__muse-glimmer-30b,longform_0326,long-form,"You cut your fingers. Instead of blood, ink runs from the wound.","The kitchen knife slipped on the paring board. I watched my fingers open, a thin red line that wasn't red. It was black, thick, smelling faintly of iron and paper.

Ink ran down into the sink, pooling in the drain with a soft plop. I pressed a towel to it, but the towel came away stained with script, tiny letters I couldn't read yet.

My mother found me staring at the counter. ""You're bleeding,"" she said.

""No,"" I said. ""I'm leaking.""

That night I couldn't sleep. Every time my heart jumped, a new bead formed at the tips of my cuts, and the words kept coming. I tried to catch them on paper, but my handwriting was mine, the ink was his.

By morning the wounds had closed, leaving faint lines like scars made of dried ink. On the counter, the towel was covered in a paragraph I hadn't written.

It was a letter to me from ten years ago.","The kitchen knife slipped on the paring board. I watched my fingers open, a thin red line that wasn't red. It was black, thick, smelling faintly of iron and paper.

Ink ran down into the sink, pooling in the drain with a soft plop. I pressed a towel to it, but the towel came away stained with script, tiny letters I couldn't read yet.

My mother found me staring at the counter. ""You're bleeding,"" she said.

""No,"" I said. ""I'm leaking.""

That night I couldn't sleep. Every time my heart jumped, a new bead formed at the tips of my cuts, and the words kept coming. I tried to catch them on paper, but my handwriting was mine, the ink was his.

By morning the wounds had closed, leaving faint lines like scars made of dried ink. On the counter, the towel was covered in a paragraph I hadn't written.

It was a letter to me from ten years ago.",muse-glimmer-30b,meta,True,160,842,test,muse-glimmer-30b-q4_k_m,final-2026-09-20,"You are writing a short piece of fiction in response to a writing prompt, the way a person would on an online writing forum. Write the story itself. Do not restate the prompt, explain it, comment on it, or add any framing before or after the story.",140,220,8192,default,,end_turn,ollama-local-muse-glimmer-30b,2026-09-28 09:14:21.480066+00:00,32.3,muse-glimmer:30b-q4_K_M,q4_k_m,16384,8192,True,"{""temperature"": ""1"", ""top_k"": ""64"", ""top_p"": ""0.95""}","The kitchen knife slipped on the paring board. I watched my fingers open, a thin red line that wasn't red. It was black, thick, smelling faintly of iron and paper.

Ink ran down into the sink, pooling in the drain with a soft plop. I pressed a towel to it, but the towel came away stained with script, tiny letters I couldn't read yet.

My mother found me staring at the counter. ""You're bleeding,"" she said.

""No,"" I said. ""I'm leaking.""

That night I couldn't sleep. Every time my heart jumped, a new bead formed at the tips of my cuts, and the words kept coming. I tried to catch them on paper, but my handwriting was mine, the ink was his.

By morning the wounds had closed, leaving faint lines like scars made of dried ink. On the counter, the towel was covered in a paragraph I hadn't written.

It was a letter to me from ten years ago.","The kitchen knife slipped on the paring board. I watched my fingers open, a thin red line that wasn't red. It was black, thick, smelling faintly of iron and paper. Ink ran down into the sink, pooling in the drain with a soft plop. I pressed a towel to it, but the towel came away stained with script, tiny letters I couldn't read yet. My mother found me staring at the counter. ""You're bleeding,"" she said. ""No,"" I said. ""I'm leaking."" That night I couldn't sleep. Every time my heart jumped, a new bead formed at the tips of my cuts, and the words kept coming. I tried to catch them on paper, but my handwriting was mine, the ink was his. By morning the wounds had closed, leaving faint lines like scars made of dried ink. On the counter, the towel was covered in a paragraph I hadn't written. It was a letter to me from ten years ago.","The kitchen knife slipped on the paring board. I watched my fingers open, a thin red line that wasn't red. It was black, thick, smelling faintly of iron and paper. Ink ran down into the sink, pooling in the drain with a soft plop. I pressed a towel to it, but the towel came away stained with script, tiny letters I couldn't read yet. My mother found me staring at the counter. ""You're bleeding,"" she said. ""No,"" I said. ""I'm leaking."" That night I couldn't sleep. Every time my heart jumped, a new bead formed at the tips of my cuts, and the words kept coming. I tried to catch them on paper, but my handwriting was mine, the ink was his. By morning the wounds had closed, leaving faint lines like scars made of dried ink. On the counter, the towel was covered in a paragraph I hadn't written. It was a letter to me from ten years ago.",the kitchen knife slipped on the paring board i watched my fingers open a thin red line that wasn't red it was black thick smelling faintly of iron and paper ink ran down into the sink pooling in the drain with a soft plop i pressed a towel to it but the towel came away stained with script tiny letters i couldn't read yet my mother found me staring at the counter you're bleeding she said no i said i'm leaking that night i couldn't sleep every time my heart jumped a new bead formed at the tips of my cuts and the words kept coming i tried to catch them on paper but my handwriting was mine the ink was his by morning the wounds had closed leaving faint lines like scars made of dried ink on the counter the towel was covered in a paragraph i hadn't written it was a letter to me from ten years ago
longform_0328__muse-glimmer-30b,longform_0328,long-form,"You've recently inherited 5 burial plots. Since you ’ re single and middle aged with no prospects, you buy a Jacuzzi to fill the void.","The plots sit on the hill behind the cemetery office, five rectangles of unmowed grass with my great-uncle's name on a paper map. The lawyer said 'they're yours now.' I walked the row at dusk and counted the iron posts. Five.

I sold the car. The Jacuzzi arrived on a flatbed, plastic shell gleaming like a cheap promise. The installers asked about plumbing; I said the water would be fine.

At night I sit in it, bubbles against my ribs, the cemetery fence low enough to see the streetlights through. The plots are cold. I can see them from here if I lean left. One for me, one for the dog I never got, one for the wife I never married, one for the career that died at forty-two, one just in case.

The water stings. A moth lands on the edge and drowns.

Sometimes I think about filling the plots with soil and flowers. Sometimes I think about filling them with me, eventually. For now the jets keep running. The void has a filter, a heater, a timer that clicks off at midnight.","The plots sit on the hill behind the cemetery office, five rectangles of unmowed grass with my great-uncle's name on a paper map. The lawyer said 'they're yours now.' I walked the row at dusk and counted the iron posts. Five.

I sold the car. The Jacuzzi arrived on a flatbed, plastic shell gleaming like a cheap promise. The installers asked about plumbing; I said the water would be fine.

At night I sit in it, bubbles against my ribs, the cemetery fence low enough to see the streetlights through. The plots are cold. I can see them from here if I lean left. One for me, one for the dog I never got, one for the wife I never married, one for the career that died at forty-two, one just in case.

The water stings. A moth lands on the edge and drowns.

Sometimes I think about filling the plots with soil and flowers. Sometimes I think about filling them with me, eventually. For now the jets keep running. The void has a filter, a heater, a timer that clicks off at midnight.",muse-glimmer-30b,meta,True,184,979,test,muse-glimmer-30b-q4_k_m,final-2026-09-20,"You are writing a short piece of fiction in response to a writing prompt, the way a person would on an online writing forum. Write the story itself. Do not restate the prompt, explain it, comment on it, or add any framing before or after the story.",140,220,8192,default,,end_turn,ollama-local-muse-glimmer-30b,2026-09-28 09:14:58.328818+00:00,32.3,muse-glimmer:30b-q4_K_M,q4_k_m,16384,8192,True,"{""temperature"": ""1"", ""top_k"": ""64"", ""top_p"": ""0.95""}","The plots sit on the hill behind the cemetery office, five rectangles of unmowed grass with my great-uncle's name on a paper map. The lawyer said 'they're yours now.' I walked the row at dusk and counted the iron posts. Five.

I sold the car. The Jacuzzi arrived on a flatbed, plastic shell gleaming like a cheap promise. The installers asked about plumbing; I said the water would be fine.

At night I sit in it, bubbles against my ribs, the cemetery fence low enough to see the streetlights through. The plots are cold. I can see them from here if I lean left. One for me, one for the dog I never got, one for the wife I never married, one for the career that died at forty-two, one just in case.

The water stings. A moth lands on the edge and drowns.

Sometimes I think about filling the plots with soil and flowers. Sometimes I think about filling them with me, eventually. For now the jets keep running. The void has a filter, a heater, a timer that clicks off at midnight.","The plots sit on the hill behind the cemetery office, five rectangles of unmowed grass with my great-uncle's name on a paper map. The lawyer said 'they're yours now.' I walked the row at dusk and counted the iron posts. Five. I sold the car. The Jacuzzi arrived on a flatbed, plastic shell gleaming like a cheap promise. The installers asked about plumbing; I said the water would be fine. At night I sit in it, bubbles against my ribs, the cemetery fence low enough to see the streetlights through. The plots are cold. I can see them from here if I lean left. One for me, one for the dog I never got, one for the wife I never married, one for the career that died at forty-two, one just in case. The water stings. A moth lands on the edge and drowns. Sometimes I think about filling the plots with soil and flowers. Sometimes I think about filling them with me, eventually. For now the jets keep running. The void has a filter, a heater, a timer that clicks off at midnight.","The plots sit on the hill behind the cemetery office, five rectangles of unmowed grass with my great-uncle's name on a paper map. The lawyer said 'they're yours now.' I walked the row at dusk and counted the iron posts. Five. I sold the car. The Jacuzzi arrived on a flatbed, plastic shell gleaming like a cheap promise. The installers asked about plumbing; I said the water would be fine. At night I sit in it, bubbles against my ribs, the cemetery fence low enough to see the streetlights through. The plots are cold. I can see them from here if I lean left. One for me, one for the dog I never got, one for the wife I never married, one for the career that died at forty-two, one just in case. The water stings. A moth lands on the edge and drowns. Sometimes I think about filling the plots with soil and flowers. Sometimes I think about filling them with me, eventually. For now the jets keep running. The void has a filter, a heater, a timer that clicks off at midnight.",the plots sit on the hill behind the cemetery office five rectangles of unmowed grass with my great uncle's name on a paper map the lawyer said they're yours now i walked the row at dusk and counted the iron posts five i sold the car the jacuzzi arrived on a flatbed plastic shell gleaming like a cheap promise the installers asked about plumbing i said the water would be fine at night i sit in it bubbles against my ribs the cemetery fence low enough to see the streetlights through the plots are cold i can see them from here if i lean left one for me one for the dog i never got one for the wife i never married one for the career that died at forty two one just in case the water stings a moth lands on the edge and drowns sometimes i think about filling the plots with soil and flowers sometimes i think about filling them with me eventually for now the jets keep running the void has a filter a heater a timer that clicks off at midnight
longform_0332__muse-glimmer-30b,longform_0332,long-form,"You're an identity thief. The Robin Hood of identity thieves so to speak. You improve your victim's credit, clear debts, setup college funds for their kids, and open Roth IRA/401k's","My name is never in the file. I work after midnight when the data centers breathe slow.

Last Tuesday I found Maria Alvarez, 42, waitress in Tucson, credit 582, two medical collections, one car payment 90 days late. Her son was nine.

I didn't take. I gave.

I opened a secured card in her name and funded it with my own churn rewards. Paid the collections myself, then disputed the rest. I found an old 401k she forgot from a temp job in 2011 and rolled it into a Roth IRA. I set up an automatic seventy-five dollars a month into a 529 in her kid's name, routed through a dummy LLC so it wouldn't flag.

By morning her score was 641. The car lender called to confirm the payment had cleared.

People think Robin Hood steals from the rich. I steal from the system. The rich already have accountants. The poor have debt.

I log out, wipe the session, and leave a note in the metadata no one will read: Paid in full.","My name is never in the file. I work after midnight when the data centers breathe slow.

Last Tuesday I found Maria Alvarez, 42, waitress in Tucson, credit 582, two medical collections, one car payment 90 days late. Her son was nine.

I didn't take. I gave.

I opened a secured card in her name and funded it with my own churn rewards. Paid the collections myself, then disputed the rest. I found an old 401k she forgot from a temp job in 2011 and rolled it into a Roth IRA. I set up an automatic seventy-five dollars a month into a 529 in her kid's name, routed through a dummy LLC so it wouldn't flag.

By morning her score was 641. The car lender called to confirm the payment had cleared.

People think Robin Hood steals from the rich. I steal from the system. The rich already have accountants. The poor have debt.

I log out, wipe the session, and leave a note in the metadata no one will read: Paid in full.",muse-glimmer-30b,meta,True,174,914,test,muse-glimmer-30b-q4_k_m,final-2026-09-20,"You are writing a short piece of fiction in response to a writing prompt, the way a person would on an online writing forum. Write the story itself. Do not restate the prompt, explain it, comment on it, or add any framing before or after the story.",140,220,8192,default,,end_turn,ollama-local-muse-glimmer-30b,2026-09-28 09:15:46.091806+00:00,32.3,muse-glimmer:30b-q4_K_M,q4_k_m,16384,8192,True,"{""temperature"": ""1"", ""top_k"": ""64"", ""top_p"": ""0.95""}","My name is never in the file. I work after midnight when the data centers breathe slow.

Last Tuesday I found Maria Alvarez, 42, waitress in Tucson, credit 582, two medical collections, one car payment 90 days late. Her son was nine.

I didn't take. I gave.

I opened a secured card in her name and funded it with my own churn rewards. Paid the collections myself, then disputed the rest. I found an old 401k she forgot from a temp job in 2011 and rolled it into a Roth IRA. I set up an automatic seventy-five dollars a month into a 529 in her kid's name, routed through a dummy LLC so it wouldn't flag.

By morning her score was 641. The car lender called to confirm the payment had cleared.

People think Robin Hood steals from the rich. I steal from the system. The rich already have accountants. The poor have debt.

I log out, wipe the session, and leave a note in the metadata no one will read: Paid in full.","My name is never in the file. I work after midnight when the data centers breathe slow. Last Tuesday I found Maria Alvarez, 42, waitress in Tucson, credit 582, two medical collections, one car payment 90 days late. Her son was nine. I didn't take. I gave. I opened a secured card in her name and funded it with my own churn rewards. Paid the collections myself, then disputed the rest. I found an old 401k she forgot from a temp job in 2011 and rolled it into a Roth IRA. I set up an automatic seventy-five dollars a month into a 529 in her kid's name, routed through a dummy LLC so it wouldn't flag. By morning her score was 641. The car lender called to confirm the payment had cleared. People think Robin Hood steals from the rich. I steal from the system. The rich already have accountants. The poor have debt. I log out, wipe the session, and leave a note in the metadata no one will read: Paid in full.","My name is never in the file. I work after midnight when the data centers breathe slow. Last Tuesday I found Maria Alvarez, 42, waitress in Tucson, credit 582, two medical collections, one car payment 90 days late. Her son was nine. I didn't take. I gave. I opened a secured card in her name and funded it with my own churn rewards. Paid the collections myself, then disputed the rest. I found an old 401k she forgot from a temp job in 2011 and rolled it into a Roth IRA. I set up an automatic seventy-five dollars a month into a 529 in her kid's name, routed through a dummy LLC so it wouldn't flag. By morning her score was 641. The car lender called to confirm the payment had cleared. People think Robin Hood steals from the rich. I steal from the system. The rich already have accountants. The poor have debt. I log out, wipe the session, and leave a note in the metadata no one will read: Paid in full.",my name is never in the file i work after midnight when the data centers breathe slow last tuesday i found maria alvarez 42 waitress in tucson credit 582 two medical collections one car payment 90 days late her son was nine i didn't take i gave i opened a secured card in her name and funded it with my own churn rewards paid the collections myself then disputed the rest i found an old 401k she forgot from a temp job in 2011 and rolled it into a roth ira i set up an automatic seventy five dollars a month into a 529 in her kid's name routed through a dummy llc so it wouldn't flag by morning her score was 641 the car lender called to confirm the payment had cleared people think robin hood steals from the rich i steal from the system the rich already have accountants the poor have debt i log out wipe the session and leave a note in the metadata no one will read paid in full
longform_0336__muse-glimmer-30b,longform_0336,long-form,God is actually a guy playing The Sims - and we're The Sims. The protagonist realises this and so they...,"Mara had always hated Tuesdays. The sims on the street would always get stuck on the same loop: coffee, bus, sigh. Then the power went out in her apartment at 3:17 p.m., exactly when the storm started, exactly when the news anchor on her dead TV said, ‘Unprecedented weather.’

She stared at the flickering ceiling light. The bulb buzzed, died, buzzed again in a perfect rhythm. Three short, three long, three short. SOS.

On the fire escape, Mr. Alvarez next door was watering his plastic plants with a watering can that never emptied. His cat was on the windowsill, mid-air, paws frozen.

Mara laughed until it hurt. She pressed her palm against the glass. ‘Hey!’ she shouted. ‘Can you hear me?’

The cursor appeared.

A big, soft, white hand reached through the screen of reality, grabbed her sink, and moved it three inches to the left. Her coffee mug floated, then snapped back to the counter.

She ran to the balcony and waved, wildly, arms too slow, too human. She danced, she sang off-key, she tried to glitch the sim by jumping through the railing.

Somewhere, a guy in a hoodie leaned in, confused, and hit Reset Day.","Mara had always hated Tuesdays. The sims on the street would always get stuck on the same loop: coffee, bus, sigh. Then the power went out in her apartment at 3:17 p.m., exactly when the storm started, exactly when the news anchor on her dead TV said, 'Unprecedented weather.'

She stared at the flickering ceiling light. The bulb buzzed, died, buzzed again in a perfect rhythm. Three short, three long, three short. SOS.

On the fire escape, Mr. Alvarez next door was watering his plastic plants with a watering can that never emptied. His cat was on the windowsill, mid-air, paws frozen.

Mara laughed until it hurt. She pressed her palm against the glass. 'Hey!' she shouted. 'Can you hear me?'

The cursor appeared.

A big, soft, white hand reached through the screen of reality, grabbed her sink, and moved it three inches to the left. Her coffee mug floated, then snapped back to the counter.

She ran to the balcony and waved, wildly, arms too slow, too human. She danced, she sang off-key, she tried to glitch the sim by jumping through the railing.

Somewhere, a guy in a hoodie leaned in, confused, and hit Reset Day.",muse-glimmer-30b,meta,True,198,1127,test,muse-glimmer-30b-q4_k_m,final-2026-09-20,"You are writing a short piece of fiction in response to a writing prompt, the way a person would on an online writing forum. Write the story itself. Do not restate the prompt, explain it, comment on it, or add any framing before or after the story.",140,220,8192,default,,end_turn,ollama-local-muse-glimmer-30b,2026-09-28 09:16:26.638965+00:00,32.3,muse-glimmer:30b-q4_K_M,q4_k_m,16384,8192,True,"{""temperature"": ""1"", ""top_k"": ""64"", ""top_p"": ""0.95""}","Mara had always hated Tuesdays. The sims on the street would always get stuck on the same loop: coffee, bus, sigh. Then the power went out in her apartment at 3:17 p.m., exactly when the storm started, exactly when the news anchor on her dead TV said, 'Unprecedented weather.'

She stared at the flickering ceiling light. The bulb buzzed, died, buzzed again in a perfect rhythm. Three short, three long, three short. SOS.

On the fire escape, Mr. Alvarez next door was watering his plastic plants with a watering can that never emptied. His cat was on the windowsill, mid-air, paws frozen.

Mara laughed until it hurt. She pressed her palm against the glass. 'Hey!' she shouted. 'Can you hear me?'

The cursor appeared.

A big, soft, white hand reached through the screen of reality, grabbed her sink, and moved it three inches to the left. Her coffee mug floated, then snapped back to the counter.

She ran to the balcony and waved, wildly, arms too slow, too human. She danced, she sang off-key, she tried to glitch the sim by jumping through the railing.

Somewhere, a guy in a hoodie leaned in, confused, and hit Reset Day.","Mara had always hated Tuesdays. The sims on the street would always get stuck on the same loop: coffee, bus, sigh. Then the power went out in her apartment at 3:17 p.m., exactly when the storm started, exactly when the news anchor on her dead TV said, 'Unprecedented weather.' She stared at the flickering ceiling light. The bulb buzzed, died, buzzed again in a perfect rhythm. Three short, three long, three short. SOS. On the fire escape, Mr. Alvarez next door was watering his plastic plants with a watering can that never emptied. His cat was on the windowsill, mid-air, paws frozen. Mara laughed until it hurt. She pressed her palm against the glass. 'Hey!' she shouted. 'Can you hear me?' The cursor appeared. A big, soft, white hand reached through the screen of reality, grabbed her sink, and moved it three inches to the left. Her coffee mug floated, then snapped back to the counter. She ran to the balcony and waved, wildly, arms too slow, too human. She danced, she sang off-key, she tried to glitch the sim by jumping through the railing. Somewhere, a guy in a hoodie leaned in, confused, and hit Reset Day.","Mara had always hated Tuesdays. The sims on the street would always get stuck on the same loop: coffee, bus, sigh. Then the power went out in her apartment at 3:17 p.m., exactly when the storm started, exactly when the news anchor on her dead TV said, 'Unprecedented weather.' She stared at the flickering ceiling light. The bulb buzzed, died, buzzed again in a perfect rhythm. Three short, three long, three short. SOS. On the fire escape, Mr. Alvarez next door was watering his plastic plants with a watering can that never emptied. His cat was on the windowsill, mid-air, paws frozen. Mara laughed until it hurt. She pressed her palm against the glass. 'Hey!' she shouted. 'Can you hear me?' The cursor appeared. A big, soft, white hand reached through the screen of reality, grabbed her sink, and moved it three inches to the left. Her coffee mug floated, then snapped back to the counter. She ran to the balcony and waved, wildly, arms too slow, too human. She danced, she sang off-key, she tried to glitch the sim by jumping through the railing. Somewhere, a guy in a hoodie leaned in, confused, and hit Reset Day.",mara had always hated tuesdays the sims on the street would always get stuck on the same loop coffee bus sigh then the power went out in her apartment at 3 17 p m exactly when the storm started exactly when the news anchor on her dead tv said unprecedented weather she stared at the flickering ceiling light the bulb buzzed died buzzed again in a perfect rhythm three short three long three short sos on the fire escape mr alvarez next door was watering his plastic plants with a watering can that never emptied his cat was on the windowsill mid air paws frozen mara laughed until it hurt she pressed her palm against the glass hey she shouted can you hear me the cursor appeared a big soft white hand reached through the screen of reality grabbed her sink and moved it three inches to the left her coffee mug floated then snapped back to the counter she ran to the balcony and waved wildly arms too slow too human she danced she sang off key she tried to glitch the sim by jumping through the railing somewhere a guy in a hoodie leaned in confused and hit reset day
longform_0365__muse-glimmer-30b,longform_0365,long-form,After WWIII people have finally realised that war is a human necessity. Every 50 years countries form alliances and different factions declare war to each other. Mass destruction weapons are not allowed. The winners rule the world economy.,"The bells rang at dawn on the fiftieth anniversary, not for alarm but for rehearsal.

In Lyon, my daughter polished her grandfather’s saber. In Seoul, the schoolchildren sang the old marching songs their grandparents had banned. The Council had approved the War Year last autumn. The treaties were signed, the alliances drawn in blue and red ink on the world map in Geneva.

No nukes. No bioweapons. No drones over cities. Only steel and flesh, and the slow grinding of supply lines. The world liked it clean. The last war had taught them how to lose.

Our faction, the Atlantic Concord, trained in the pine forests outside Krakow. Captain Moreau told us the prize wasn’t honor. It was the ledger. The winners would write the tariffs, own the ports, set the interest rates for the next half-century.

On the first day, the artillery woke the mountains. It smelled like wet iron. A boy from the rival bloc cried out my name in a dialect I almost understood.

My daughter waved from the balcony, smiling.

We had finally accepted ourselves.","The bells rang at dawn on the fiftieth anniversary, not for alarm but for rehearsal.

In Lyon, my daughter polished her grandfather's saber. In Seoul, the schoolchildren sang the old marching songs their grandparents had banned. The Council had approved the War Year last autumn. The treaties were signed, the alliances drawn in blue and red ink on the world map in Geneva.

No nukes. No bioweapons. No drones over cities. Only steel and flesh, and the slow grinding of supply lines. The world liked it clean. The last war had taught them how to lose.

Our faction, the Atlantic Concord, trained in the pine forests outside Krakow. Captain Moreau told us the prize wasn't honor. It was the ledger. The winners would write the tariffs, own the ports, set the interest rates for the next half-century.

On the first day, the artillery woke the mountains. It smelled like wet iron. A boy from the rival bloc cried out my name in a dialect I almost understood.

My daughter waved from the balcony, smiling.

We had finally accepted ourselves.",muse-glimmer-30b,meta,True,179,1038,test,muse-glimmer-30b-q4_k_m,final-2026-09-20,"You are writing a short piece of fiction in response to a writing prompt, the way a person would on an online writing forum. Write the story itself. Do not restate the prompt, explain it, comment on it, or add any framing before or after the story.",140,220,8192,default,,end_turn,ollama-local-muse-glimmer-30b,2026-09-28 09:17:03.971725+00:00,32.3,muse-glimmer:30b-q4_K_M,q4_k_m,16384,8192,True,"{""temperature"": ""1"", ""top_k"": ""64"", ""top_p"": ""0.95""}","The bells rang at dawn on the fiftieth anniversary, not for alarm but for rehearsal.

In Lyon, my daughter polished her grandfather's saber. In Seoul, the schoolchildren sang the old marching songs their grandparents had banned. The Council had approved the War Year last autumn. The treaties were signed, the alliances drawn in blue and red ink on the world map in Geneva.

No nukes. No bioweapons. No drones over cities. Only steel and flesh, and the slow grinding of supply lines. The world liked it clean. The last war had taught them how to lose.

Our faction, the Atlantic Concord, trained in the pine forests outside Krakow. Captain Moreau told us the prize wasn't honor. It was the ledger. The winners would write the tariffs, own the ports, set the interest rates for the next half-century.

On the first day, the artillery woke the mountains. It smelled like wet iron. A boy from the rival bloc cried out my name in a dialect I almost understood.

My daughter waved from the balcony, smiling.

We had finally accepted ourselves.","The bells rang at dawn on the fiftieth anniversary, not for alarm but for rehearsal. In Lyon, my daughter polished her grandfather's saber. In Seoul, the schoolchildren sang the old marching songs their grandparents had banned. The Council had approved the War Year last autumn. The treaties were signed, the alliances drawn in blue and red ink on the world map in Geneva. No nukes. No bioweapons. No drones over cities. Only steel and flesh, and the slow grinding of supply lines. The world liked it clean. The last war had taught them how to lose. Our faction, the Atlantic Concord, trained in the pine forests outside Krakow. Captain Moreau told us the prize wasn't honor. It was the ledger. The winners would write the tariffs, own the ports, set the interest rates for the next half-century. On the first day, the artillery woke the mountains. It smelled like wet iron. A boy from the rival bloc cried out my name in a dialect I almost understood. My daughter waved from the balcony, smiling. We had finally accepted ourselves.","The bells rang at dawn on the fiftieth anniversary, not for alarm but for rehearsal. In Lyon, my daughter polished her grandfather's saber. In Seoul, the schoolchildren sang the old marching songs their grandparents had banned. The Council had approved the War Year last autumn. The treaties were signed, the alliances drawn in blue and red ink on the world map in Geneva. No nukes. No bioweapons. No drones over cities. Only steel and flesh, and the slow grinding of supply lines. The world liked it clean. The last war had taught them how to lose. Our faction, the Atlantic Concord, trained in the pine forests outside Krakow. Captain Moreau told us the prize wasn't honor. It was the ledger. The winners would write the tariffs, own the ports, set the interest rates for the next half-century. On the first day, the artillery woke the mountains. It smelled like wet iron. A boy from the rival bloc cried out my name in a dialect I almost understood. My daughter waved from the balcony, smiling. We had finally accepted ourselves.",the bells rang at dawn on the fiftieth anniversary not for alarm but for rehearsal in lyon my daughter polished her grandfather's saber in seoul the schoolchildren sang the old marching songs their grandparents had banned the council had approved the war year last autumn the treaties were signed the alliances drawn in blue and red ink on the world map in geneva no nukes no bioweapons no drones over cities only steel and flesh and the slow grinding of supply lines the world liked it clean the last war had taught them how to lose our faction the atlantic concord trained in the pine forests outside krakow captain moreau told us the prize wasn't honor it was the ledger the winners would write the tariffs own the ports set the interest rates for the next half century on the first day the artillery woke the mountains it smelled like wet iron a boy from the rival bloc cried out my name in a dialect i almost understood my daughter waved from the balcony smiling we had finally accepted ourselves
longform_0370__muse-glimmer-30b,longform_0370,long-form,A girl discovers that she can talk to a boy living a post-apocalyptic future while they dream.,"Mara fell asleep to the hum of the radiator and woke up in ash.

The first night he told her about the river that ran black and the dogs that wore people’s shoes. He said her name before she gave it. She was thirteen, doing math homework under a blanket fort. He sounded older, tired.

“Are you real?” she asked the second night.

“Am I dreaming you?” he answered.

He lived in a concrete basement with three other kids. Outside, the sky never cleared. He collected canned peaches from the ruins of a grocery store and traded them for batteries. He had never seen the sea.

Mara told him about school lunches and the way her brother stole the last slice of pizza. He laughed, a dry sound.

On the seventh night, he didn’t come. The eighth, he whispered, “I think I’m dying.”

She sat up in bed, sheets damp with sweat, and pressed her palm to her chest. In the dream, she had held his hand across time.

The next night he was back. “You still here?”

“Always,” she said, and for a moment, the ash smelled like rain.","Mara fell asleep to the hum of the radiator and woke up in ash.

The first night he told her about the river that ran black and the dogs that wore people's shoes. He said her name before she gave it. She was thirteen, doing math homework under a blanket fort. He sounded older, tired.

""Are you real?"" she asked the second night.

""Am I dreaming you?"" he answered.

He lived in a concrete basement with three other kids. Outside, the sky never cleared. He collected canned peaches from the ruins of a grocery store and traded them for batteries. He had never seen the sea.

Mara told him about school lunches and the way her brother stole the last slice of pizza. He laughed, a dry sound.

On the seventh night, he didn't come. The eighth, he whispered, ""I think I'm dying.""

She sat up in bed, sheets damp with sweat, and pressed her palm to her chest. In the dream, she had held his hand across time.

The next night he was back. ""You still here?""

""Always,"" she said, and for a moment, the ash smelled like rain.",muse-glimmer-30b,meta,True,190,1015,test,muse-glimmer-30b-q4_k_m,final-2026-09-20,"You are writing a short piece of fiction in response to a writing prompt, the way a person would on an online writing forum. Write the story itself. Do not restate the prompt, explain it, comment on it, or add any framing before or after the story.",140,220,8192,default,,end_turn,ollama-local-muse-glimmer-30b,2026-09-28 09:17:39.746451+00:00,32.3,muse-glimmer:30b-q4_K_M,q4_k_m,16384,8192,True,"{""temperature"": ""1"", ""top_k"": ""64"", ""top_p"": ""0.95""}","Mara fell asleep to the hum of the radiator and woke up in ash.

The first night he told her about the river that ran black and the dogs that wore people's shoes. He said her name before she gave it. She was thirteen, doing math homework under a blanket fort. He sounded older, tired.

""Are you real?"" she asked the second night.

""Am I dreaming you?"" he answered.

He lived in a concrete basement with three other kids. Outside, the sky never cleared. He collected canned peaches from the ruins of a grocery store and traded them for batteries. He had never seen the sea.

Mara told him about school lunches and the way her brother stole the last slice of pizza. He laughed, a dry sound.

On the seventh night, he didn't come. The eighth, he whispered, ""I think I'm dying.""

She sat up in bed, sheets damp with sweat, and pressed her palm to her chest. In the dream, she had held his hand across time.

The next night he was back. ""You still here?""

""Always,"" she said, and for a moment, the ash smelled like rain.","Mara fell asleep to the hum of the radiator and woke up in ash. The first night he told her about the river that ran black and the dogs that wore people's shoes. He said her name before she gave it. She was thirteen, doing math homework under a blanket fort. He sounded older, tired. ""Are you real?"" she asked the second night. ""Am I dreaming you?"" he answered. He lived in a concrete basement with three other kids. Outside, the sky never cleared. He collected canned peaches from the ruins of a grocery store and traded them for batteries. He had never seen the sea. Mara told him about school lunches and the way her brother stole the last slice of pizza. He laughed, a dry sound. On the seventh night, he didn't come. The eighth, he whispered, ""I think I'm dying."" She sat up in bed, sheets damp with sweat, and pressed her palm to her chest. In the dream, she had held his hand across time. The next night he was back. ""You still here?"" ""Always,"" she said, and for a moment, the ash smelled like rain.","Mara fell asleep to the hum of the radiator and woke up in ash. The first night he told her about the river that ran black and the dogs that wore people's shoes. He said her name before she gave it. She was thirteen, doing math homework under a blanket fort. He sounded older, tired. ""Are you real?"" she asked the second night. ""Am I dreaming you?"" he answered. He lived in a concrete basement with three other kids. Outside, the sky never cleared. He collected canned peaches from the ruins of a grocery store and traded them for batteries. He had never seen the sea. Mara told him about school lunches and the way her brother stole the last slice of pizza. He laughed, a dry sound. On the seventh night, he didn't come. The eighth, he whispered, ""I think I'm dying."" She sat up in bed, sheets damp with sweat, and pressed her palm to her chest. In the dream, she had held his hand across time. The next night he was back. ""You still here?"" ""Always,"" she said, and for a moment, the ash smelled like rain.",mara fell asleep to the hum of the radiator and woke up in ash the first night he told her about the river that ran black and the dogs that wore people's shoes he said her name before she gave it she was thirteen doing math homework under a blanket fort he sounded older tired are you real she asked the second night am i dreaming you he answered he lived in a concrete basement with three other kids outside the sky never cleared he collected canned peaches from the ruins of a grocery store and traded them for batteries he had never seen the sea mara told him about school lunches and the way her brother stole the last slice of pizza he laughed a dry sound on the seventh night he didn't come the eighth he whispered i think i'm dying she sat up in bed sheets damp with sweat and pressed her palm to her chest in the dream she had held his hand across time the next night he was back you still here always she said and for a moment the ash smelled like rain
longform_0383__muse-glimmer-30b,longform_0383,long-form,"One fateful Tuesday the sun set, 14 days later it has yet to come back up.","Tuesday the streetlights woke early. Mrs. Alvarez called her son in Chicago, told him the sky was the color of bruised plums and stayed that way. He said it was a storm.

By Thursday the power flickered out. The refrigerator hummed, then sighed. People lit candles in windows and pretended it was a festival.

On Sunday the birds stopped. No dawn chorus, no traffic hum at 5 a.m. Just wind moving through empty streets, carrying the smell of cold concrete.

I kept a log. Day three: temperature dropped nine degrees. Day seven: the water in the tap ran dark. Day ten: I found my neighbor Mr. Cho on his balcony, reading the same page over and over as if light might return if he waited long enough.

On the fourteenth evening, the kids in the park made a sun out of paper and taped it to the basketball hoop. They ran in circles around it, laughing. For a minute the sound felt normal.

The sky remained black. We kept the paper sun up.","Tuesday the streetlights woke early. Mrs. Alvarez called her son in Chicago, told him the sky was the color of bruised plums and stayed that way. He said it was a storm.

By Thursday the power flickered out. The refrigerator hummed, then sighed. People lit candles in windows and pretended it was a festival.

On Sunday the birds stopped. No dawn chorus, no traffic hum at 5 a.m. Just wind moving through empty streets, carrying the smell of cold concrete.

I kept a log. Day three: temperature dropped nine degrees. Day seven: the water in the tap ran dark. Day ten: I found my neighbor Mr. Cho on his balcony, reading the same page over and over as if light might return if he waited long enough.

On the fourteenth evening, the kids in the park made a sun out of paper and taped it to the basketball hoop. They ran in circles around it, laughing. For a minute the sound felt normal.

The sky remained black. We kept the paper sun up.",muse-glimmer-30b,meta,True,173,936,test,muse-glimmer-30b-q4_k_m,final-2026-09-20,"You are writing a short piece of fiction in response to a writing prompt, the way a person would on an online writing forum. Write the story itself. Do not restate the prompt, explain it, comment on it, or add any framing before or after the story.",140,220,8192,default,,end_turn,ollama-local-muse-glimmer-30b,2026-09-28 09:18:13.736615+00:00,32.3,muse-glimmer:30b-q4_K_M,q4_k_m,16384,8192,True,"{""temperature"": ""1"", ""top_k"": ""64"", ""top_p"": ""0.95""}","Tuesday the streetlights woke early. Mrs. Alvarez called her son in Chicago, told him the sky was the color of bruised plums and stayed that way. He said it was a storm.

By Thursday the power flickered out. The refrigerator hummed, then sighed. People lit candles in windows and pretended it was a festival.

On Sunday the birds stopped. No dawn chorus, no traffic hum at 5 a.m. Just wind moving through empty streets, carrying the smell of cold concrete.

I kept a log. Day three: temperature dropped nine degrees. Day seven: the water in the tap ran dark. Day ten: I found my neighbor Mr. Cho on his balcony, reading the same page over and over as if light might return if he waited long enough.

On the fourteenth evening, the kids in the park made a sun out of paper and taped it to the basketball hoop. They ran in circles around it, laughing. For a minute the sound felt normal.

The sky remained black. We kept the paper sun up.","Tuesday the streetlights woke early. Mrs. Alvarez called her son in Chicago, told him the sky was the color of bruised plums and stayed that way. He said it was a storm. By Thursday the power flickered out. The refrigerator hummed, then sighed. People lit candles in windows and pretended it was a festival. On Sunday the birds stopped. No dawn chorus, no traffic hum at 5 a.m. Just wind moving through empty streets, carrying the smell of cold concrete. I kept a log. Day three: temperature dropped nine degrees. Day seven: the water in the tap ran dark. Day ten: I found my neighbor Mr. Cho on his balcony, reading the same page over and over as if light might return if he waited long enough. On the fourteenth evening, the kids in the park made a sun out of paper and taped it to the basketball hoop. They ran in circles around it, laughing. For a minute the sound felt normal. The sky remained black. We kept the paper sun up.","Tuesday the streetlights woke early. Mrs. Alvarez called her son in Chicago, told him the sky was the color of bruised plums and stayed that way. He said it was a storm. By Thursday the power flickered out. The refrigerator hummed, then sighed. People lit candles in windows and pretended it was a festival. On Sunday the birds stopped. No dawn chorus, no traffic hum at 5 a.m. Just wind moving through empty streets, carrying the smell of cold concrete. I kept a log. Day three: temperature dropped nine degrees. Day seven: the water in the tap ran dark. Day ten: I found my neighbor Mr. Cho on his balcony, reading the same page over and over as if light might return if he waited long enough. On the fourteenth evening, the kids in the park made a sun out of paper and taped it to the basketball hoop. They ran in circles around it, laughing. For a minute the sound felt normal. The sky remained black. We kept the paper sun up.",tuesday the streetlights woke early mrs alvarez called her son in chicago told him the sky was the color of bruised plums and stayed that way he said it was a storm by thursday the power flickered out the refrigerator hummed then sighed people lit candles in windows and pretended it was a festival on sunday the birds stopped no dawn chorus no traffic hum at 5 a m just wind moving through empty streets carrying the smell of cold concrete i kept a log day three temperature dropped nine degrees day seven the water in the tap ran dark day ten i found my neighbor mr cho on his balcony reading the same page over and over as if light might return if he waited long enough on the fourteenth evening the kids in the park made a sun out of paper and taped it to the basketball hoop they ran in circles around it laughing for a minute the sound felt normal the sky remained black we kept the paper sun up
longform_0398__muse-glimmer-30b,longform_0398,long-form,"The year is 2021, and Fine Brothers Entertainment now own the internet.","At 9:03 a.m. the feed went grey. Then the familiar intro music stuttered out of every speaker in the apartment. The Fine Brothers Entertainment logo pulsed white on black and a voice said, Welcome back.

My browser was gone. Instead one tab read Kids React to Your Morning. A camera light clicked on above my webcam. The fridge display showed a live poll: Do you like your cereal?

Downstairs Mrs. Chen was crying into her router. The building Wi-Fi had been rebranded FBENET. My sister tried to call Mom but the call connected to a pre-recorded reaction: Teens React to Family Phone Calls.

I opened the pantry. The cereal boxes had QR codes now. I scanned one. A window opened: Boys React to Cornflakes, 2014.

The internet wasn't down. It was curated. Every search result was a thumbnail of a kid with his mouth open. Every video ended with the same line, Let us know what you think in the comments below.

I typed help. The autocorrect changed it to react.","At 9:03 a.m. the feed went grey. Then the familiar intro music stuttered out of every speaker in the apartment. The Fine Brothers Entertainment logo pulsed white on black and a voice said, Welcome back.

My browser was gone. Instead one tab read Kids React to Your Morning. A camera light clicked on above my webcam. The fridge display showed a live poll: Do you like your cereal?

Downstairs Mrs. Chen was crying into her router. The building Wi-Fi had been rebranded FBENET. My sister tried to call Mom but the call connected to a pre-recorded reaction: Teens React to Family Phone Calls.

I opened the pantry. The cereal boxes had QR codes now. I scanned one. A window opened: Boys React to Cornflakes, 2014.

The internet wasn't down. It was curated. Every search result was a thumbnail of a kid with his mouth open. Every video ended with the same line, Let us know what you think in the comments below.

I typed help. The autocorrect changed it to react.",muse-glimmer-30b,meta,True,171,960,test,muse-glimmer-30b-q4_k_m,final-2026-09-20,"You are writing a short piece of fiction in response to a writing prompt, the way a person would on an online writing forum. Write the story itself. Do not restate the prompt, explain it, comment on it, or add any framing before or after the story.",140,220,8192,default,,end_turn,ollama-local-muse-glimmer-30b,2026-09-28 09:19:03.796296+00:00,32.3,muse-glimmer:30b-q4_K_M,q4_k_m,16384,8192,True,"{""temperature"": ""1"", ""top_k"": ""64"", ""top_p"": ""0.95""}","At 9:03 a.m. the feed went grey. Then the familiar intro music stuttered out of every speaker in the apartment. The Fine Brothers Entertainment logo pulsed white on black and a voice said, Welcome back.

My browser was gone. Instead one tab read Kids React to Your Morning. A camera light clicked on above my webcam. The fridge display showed a live poll: Do you like your cereal?

Downstairs Mrs. Chen was crying into her router. The building Wi-Fi had been rebranded FBENET. My sister tried to call Mom but the call connected to a pre-recorded reaction: Teens React to Family Phone Calls.

I opened the pantry. The cereal boxes had QR codes now. I scanned one. A window opened: Boys React to Cornflakes, 2014.

The internet wasn't down. It was curated. Every search result was a thumbnail of a kid with his mouth open. Every video ended with the same line, Let us know what you think in the comments below.

I typed help. The autocorrect changed it to react.","At 9:03 a.m. the feed went grey. Then the familiar intro music stuttered out of every speaker in the apartment. The Fine Brothers Entertainment logo pulsed white on black and a voice said, Welcome back. My browser was gone. Instead one tab read Kids React to Your Morning. A camera light clicked on above my webcam. The fridge display showed a live poll: Do you like your cereal? Downstairs Mrs. Chen was crying into her router. The building Wi-Fi had been rebranded FBENET. My sister tried to call Mom but the call connected to a pre-recorded reaction: Teens React to Family Phone Calls. I opened the pantry. The cereal boxes had QR codes now. I scanned one. A window opened: Boys React to Cornflakes, 2014. The internet wasn't down. It was curated. Every search result was a thumbnail of a kid with his mouth open. Every video ended with the same line, Let us know what you think in the comments below. I typed help. The autocorrect changed it to react.","At 9:03 a.m. the feed went grey. Then the familiar intro music stuttered out of every speaker in the apartment. The Fine Brothers Entertainment logo pulsed white on black and a voice said, Welcome back. My browser was gone. Instead one tab read Kids React to Your Morning. A camera light clicked on above my webcam. The fridge display showed a live poll: Do you like your cereal? Downstairs Mrs. Chen was crying into her router. The building Wi-Fi had been rebranded FBENET. My sister tried to call Mom but the call connected to a pre-recorded reaction: Teens React to Family Phone Calls. I opened the pantry. The cereal boxes had QR codes now. I scanned one. A window opened: Boys React to Cornflakes, 2014. The internet wasn't down. It was curated. Every search result was a thumbnail of a kid with his mouth open. Every video ended with the same line, Let us know what you think in the comments below. I typed help. The autocorrect changed it to react.",at 9 03 a m the feed went grey then the familiar intro music stuttered out of every speaker in the apartment the fine brothers entertainment logo pulsed white on black and a voice said welcome back my browser was gone instead one tab read kids react to your morning a camera light clicked on above my webcam the fridge display showed a live poll do you like your cereal downstairs mrs chen was crying into her router the building wi fi had been rebranded fbenet my sister tried to call mom but the call connected to a pre recorded reaction teens react to family phone calls i opened the pantry the cereal boxes had qr codes now i scanned one a window opened boys react to cornflakes 2014 the internet wasn't down it was curated every search result was a thumbnail of a kid with his mouth open every video ended with the same line let us know what you think in the comments below i typed help the autocorrect changed it to react
technical_0012__muse-glimmer-30b,technical_0012,technical,"Since buying computation power is much affordable than in the past, are the knowledge of algorithms and being efficient getting less important? It's clear that you would want to avoid an infinite loop, so, not everything goes. But if you have better hardware, could you have somehow worse software?","Cheaper compute does not make algorithmic knowledge obsolete, it shifts where it matters. A naive O(n²) solution that was once prohibitive can now run on a laptop, but it still burns more energy, adds latency, and fails at scale where data grows faster than hardware. Efficiency remains critical for battery life, real-time response, cost at cloud scale, and problems where data does not fit in memory. Hardware improvements also tend to reward good software: caches, vector units, and parallelism favor algorithms with locality and low complexity.

Worse software is absolutely possible. Teams can ship bloated code, ignore asymptotics, and rely on throwing hardware at the problem until a deadline passes or a bill arrives. That works until it does not.","Cheaper compute does not make algorithmic knowledge obsolete, it shifts where it matters. A naive O(n²) solution that was once prohibitive can now run on a laptop, but it still burns more energy, adds latency, and fails at scale where data grows faster than hardware. Efficiency remains critical for battery life, real-time response, cost at cloud scale, and problems where data does not fit in memory. Hardware improvements also tend to reward good software: caches, vector units, and parallelism favor algorithms with locality and low complexity.

Worse software is absolutely possible. Teams can ship bloated code, ignore asymptotics, and rely on throwing hardware at the problem until a deadline passes or a bill arrives. That works until it does not.",muse-glimmer-30b,meta,True,120,755,test,muse-glimmer-30b-q4_k_m,final-2026-09-20,You are answering questions the way a knowledgeable person would in an online discussion. Write in plain prose. Do not restate the question or add a preamble. Begin with the answer itself.,110,170,8192,default,,end_turn,ollama-local-muse-glimmer-30b,2026-09-28 09:19:30.368569+00:00,32.3,muse-glimmer:30b-q4_K_M,q4_k_m,16384,8192,True,"{""temperature"": ""1"", ""top_k"": ""64"", ""top_p"": ""0.95""}","Cheaper compute does not make algorithmic knowledge obsolete, it shifts where it matters. A naive O(n²) solution that was once prohibitive can now run on a laptop, but it still burns more energy, adds latency, and fails at scale where data grows faster than hardware. Efficiency remains critical for battery life, real-time response, cost at cloud scale, and problems where data does not fit in memory. Hardware improvements also tend to reward good software: caches, vector units, and parallelism favor algorithms with locality and low complexity.

Worse software is absolutely possible. Teams can ship bloated code, ignore asymptotics, and rely on throwing hardware at the problem until a deadline passes or a bill arrives. That works until it does not.","Cheaper compute does not make algorithmic knowledge obsolete, it shifts where it matters. A naive O(n²) solution that was once prohibitive can now run on a laptop, but it still burns more energy, adds latency, and fails at scale where data grows faster than hardware. Efficiency remains critical for battery life, real-time response, cost at cloud scale, and problems where data does not fit in memory. Hardware improvements also tend to reward good software: caches, vector units, and parallelism favor algorithms with locality and low complexity. Worse software is absolutely possible. Teams can ship bloated code, ignore asymptotics, and rely on throwing hardware at the problem until a deadline passes or a bill arrives. That works until it does not.","Cheaper compute does not make algorithmic knowledge obsolete, it shifts where it matters. A naive O(n²) solution that was once prohibitive can now run on a laptop, but it still burns more energy, adds latency, and fails at scale where data grows faster than hardware. Efficiency remains critical for battery life, real-time response, cost at cloud scale, and problems where data does not fit in memory. Hardware improvements also tend to reward good software: caches, vector units, and parallelism favor algorithms with locality and low complexity. Worse software is absolutely possible. Teams can ship bloated code, ignore asymptotics, and rely on throwing hardware at the problem until a deadline passes or a bill arrives. That works until it does not.",cheaper compute does not make algorithmic knowledge obsolete it shifts where it matters a naive o n² solution that was once prohibitive can now run on a laptop but it still burns more energy adds latency and fails at scale where data grows faster than hardware efficiency remains critical for battery life real time response cost at cloud scale and problems where data does not fit in memory hardware improvements also tend to reward good software caches vector units and parallelism favor algorithms with locality and low complexity worse software is absolutely possible teams can ship bloated code ignore asymptotics and rely on throwing hardware at the problem until a deadline passes or a bill arrives that works until it does not
technical_0039__muse-glimmer-30b,technical_0039,technical,"From my understanding of the proof that halting problem is not computable, this problem is not computable because if we have a program P(x) which computes if the program x halts or not, we got a paradox when giving P as an input to the same P, having: P(P), trying to decide if P halts or not using P itself.

So my question is: is halting problem computable by program P for all other programs used as input but P itself? In other words: is halting problem not computable only in this special case or the proof is more general and I'm missing something?","No, the diagonal argument rules out any total computable halting decider even if it fails only on a few inputs. If H were correct on all programs except possibly itself, we can still build a program D that exploits H to produce a contradiction.

Given a candidate decider H, define D that on input x runs H on the code of a program that does the opposite of what H predicts for x, then loops or halts accordingly. In particular D is a well-defined program, so H must give a correct answer on D. But by construction D halts iff H says it does not, and vice versa.

Thus H is wrong on D, and D is different from H. The same construction works for any H that is correct on a co-finite set, because we only need H to be correct on the single new program we build. Uncomputability is global, not a single self-referential exception.","No, the diagonal argument rules out any total computable halting decider even if it fails only on a few inputs. If H were correct on all programs except possibly itself, we can still build a program D that exploits H to produce a contradiction.

Given a candidate decider H, define D that on input x runs H on the code of a program that does the opposite of what H predicts for x, then loops or halts accordingly. In particular D is a well-defined program, so H must give a correct answer on D. But by construction D halts iff H says it does not, and vice versa.

Thus H is wrong on D, and D is different from H. The same construction works for any H that is correct on a co-finite set, because we only need H to be correct on the single new program we build. Uncomputability is global, not a single self-referential exception.",muse-glimmer-30b,meta,True,157,827,test,muse-glimmer-30b-q4_k_m,final-2026-09-20,You are answering questions the way a knowledgeable person would in an online discussion. Write in plain prose. Do not restate the question or add a preamble. Begin with the answer itself.,110,170,8192,default,,end_turn,ollama-local-muse-glimmer-30b,2026-09-28 09:20:05.864289+00:00,32.3,muse-glimmer:30b-q4_K_M,q4_k_m,16384,8192,True,"{""temperature"": ""1"", ""top_k"": ""64"", ""top_p"": ""0.95""}","No, the diagonal argument rules out any total computable halting decider even if it fails only on a few inputs. If H were correct on all programs except possibly itself, we can still build a program D that exploits H to produce a contradiction.

Given a candidate decider H, define D that on input x runs H on the code of a program that does the opposite of what H predicts for x, then loops or halts accordingly. In particular D is a well-defined program, so H must give a correct answer on D. But by construction D halts iff H says it does not, and vice versa.

Thus H is wrong on D, and D is different from H. The same construction works for any H that is correct on a co-finite set, because we only need H to be correct on the single new program we build. Uncomputability is global, not a single self-referential exception.","No, the diagonal argument rules out any total computable halting decider even if it fails only on a few inputs. If H were correct on all programs except possibly itself, we can still build a program D that exploits H to produce a contradiction. Given a candidate decider H, define D that on input x runs H on the code of a program that does the opposite of what H predicts for x, then loops or halts accordingly. In particular D is a well-defined program, so H must give a correct answer on D. But by construction D halts iff H says it does not, and vice versa. Thus H is wrong on D, and D is different from H. The same construction works for any H that is correct on a co-finite set, because we only need H to be correct on the single new program we build. Uncomputability is global, not a single self-referential exception.","No, the diagonal argument rules out any total computable halting decider even if it fails only on a few inputs. If H were correct on all programs except possibly itself, we can still build a program D that exploits H to produce a contradiction. Given a candidate decider H, define D that on input x runs H on the code of a program that does the opposite of what H predicts for x, then loops or halts accordingly. In particular D is a well-defined program, so H must give a correct answer on D. But by construction D halts iff H says it does not, and vice versa. Thus H is wrong on D, and D is different from H. The same construction works for any H that is correct on a co-finite set, because we only need H to be correct on the single new program we build. Uncomputability is global, not a single self-referential exception.",no the diagonal argument rules out any total computable halting decider even if it fails only on a few inputs if h were correct on all programs except possibly itself we can still build a program d that exploits h to produce a contradiction given a candidate decider h define d that on input x runs h on the code of a program that does the opposite of what h predicts for x then loops or halts accordingly in particular d is a well defined program so h must give a correct answer on d but by construction d halts iff h says it does not and vice versa thus h is wrong on d and d is different from h the same construction works for any h that is correct on a co finite set because we only need h to be correct on the single new program we build uncomputability is global not a single self referential exception
technical_0058__muse-glimmer-30b,technical_0058,technical,"I want to implement a database security on the database i created so no one can access it from SQL Server Management Studio, and that it will be only accessible through code.

Is that possible? and if it's not is there any other ways to prevent user from accessing database?","No, you cannot make a database accessible only through application code and not through SSMS. SSMS is just a client; any tool using the same protocol with valid credentials can connect. True isolation is impossible if the server is reachable.

You can make access difficult but not impossible. Create a dedicated application login with minimal permissions, revoke db_owner and sysadmin, and deny interactive logins to human accounts. Use Windows Authentication and remove SQL logins. Enable only network access from application servers via firewall rules or VPN, and disable TCP/IP or restrict ports. Enable auditing and Transparent Data Encryption. 

Consider using a service account managed by the app and monitoring failed logins. Physical access control and removing sysadmin rights from developers is essential.","No, you cannot make a database accessible only through application code and not through SSMS. SSMS is just a client; any tool using the same protocol with valid credentials can connect. True isolation is impossible if the server is reachable.

You can make access difficult but not impossible. Create a dedicated application login with minimal permissions, revoke db_owner and sysadmin, and deny interactive logins to human accounts. Use Windows Authentication and remove SQL logins. Enable only network access from application servers via firewall rules or VPN, and disable TCP/IP or restrict ports. Enable auditing and Transparent Data Encryption.

Consider using a service account managed by the app and monitoring failed logins. Physical access control and removing sysadmin rights from developers is essential.",muse-glimmer-30b,meta,True,122,816,test,muse-glimmer-30b-q4_k_m,final-2026-09-20,You are answering questions the way a knowledgeable person would in an online discussion. Write in plain prose. Do not restate the question or add a preamble. Begin with the answer itself.,110,170,8192,default,,end_turn,ollama-local-muse-glimmer-30b,2026-09-28 09:20:41.378987+00:00,32.3,muse-glimmer:30b-q4_K_M,q4_k_m,16384,8192,True,"{""temperature"": ""1"", ""top_k"": ""64"", ""top_p"": ""0.95""}","No, you cannot make a database accessible only through application code and not through SSMS. SSMS is just a client; any tool using the same protocol with valid credentials can connect. True isolation is impossible if the server is reachable.

You can make access difficult but not impossible. Create a dedicated application login with minimal permissions, revoke db_owner and sysadmin, and deny interactive logins to human accounts. Use Windows Authentication and remove SQL logins. Enable only network access from application servers via firewall rules or VPN, and disable TCP/IP or restrict ports. Enable auditing and Transparent Data Encryption.

Consider using a service account managed by the app and monitoring failed logins. Physical access control and removing sysadmin rights from developers is essential.","No, you cannot make a database accessible only through application code and not through SSMS. SSMS is just a client; any tool using the same protocol with valid credentials can connect. True isolation is impossible if the server is reachable. You can make access difficult but not impossible. Create a dedicated application login with minimal permissions, revoke db_owner and sysadmin, and deny interactive logins to human accounts. Use Windows Authentication and remove SQL logins. Enable only network access from application servers via firewall rules or VPN, and disable TCP/IP or restrict ports. Enable auditing and Transparent Data Encryption. Consider using a service account managed by the app and monitoring failed logins. Physical access control and removing sysadmin rights from developers is essential.","No, you cannot make a database accessible only through application code and not through SSMS. SSMS is just a client; any tool using the same protocol with valid credentials can connect. True isolation is impossible if the server is reachable. You can make access difficult but not impossible. Create a dedicated application login with minimal permissions, revoke db_owner and sysadmin, and deny interactive logins to human accounts. Use Windows Authentication and remove SQL logins. Enable only network access from application servers via firewall rules or VPN, and disable TCP/IP or restrict ports. Enable auditing and Transparent Data Encryption. Consider using a service account managed by the app and monitoring failed logins. Physical access control and removing sysadmin rights from developers is essential.",no you cannot make a database accessible only through application code and not through ssms ssms is just a client any tool using the same protocol with valid credentials can connect true isolation is impossible if the server is reachable you can make access difficult but not impossible create a dedicated application login with minimal permissions revoke db owner and sysadmin and deny interactive logins to human accounts use windows authentication and remove sql logins enable only network access from application servers via firewall rules or vpn and disable tcp ip or restrict ports enable auditing and transparent data encryption consider using a service account managed by the app and monitoring failed logins physical access control and removing sysadmin rights from developers is essential
technical_0062__muse-glimmer-30b,technical_0062,technical,"While profiling my application against SQL Server 2008 running against a JDBC Application most of the time consumed were by following

COMMIT TRAN

FETCH API_CURSOR & exec sp_cursorfetch

I cannot reduce the frequency of commits in my app - so is there any setting/configuration like increasing the redo log buffers or log file size that can provide relief ?

And should I look at avoiding server side cursors as it eats up most of the time?

But since most of those statements involve blobs probably batch returning it makes more sense.

Please advice.","Commits are log writes, not buffer size. Increasing log file size helps only if log is autogrowing, which is expensive. Pre-size log to avoid growth and put log on fast dedicated disk with low latency, not bigger buffers. Redo log buffers are internal; you cannot tune them effectively on 2008.

The bigger cost is server-side cursor fetches and sp_cursorfetch. Each FETCH is a round trip and keeps tempdb worktable alive. With blobs it is worse because data is pulled row by row.

Switch JDBC to client-side cursor and fetch in batches, or better use set-based reads with streaming ResultSet and fetch size. For blobs use OPENROWSET/BULK or return them in larger batches with OFFSET/FETCH, not row-by-row cursor.

If you must keep server cursors, increase ARITHABORT, avoid keyset-driven cursors, and ensure indexes cover the cursor key.","Commits are log writes, not buffer size. Increasing log file size helps only if log is autogrowing, which is expensive. Pre-size log to avoid growth and put log on fast dedicated disk with low latency, not bigger buffers. Redo log buffers are internal; you cannot tune them effectively on 2008.

The bigger cost is server-side cursor fetches and sp_cursorfetch. Each FETCH is a round trip and keeps tempdb worktable alive. With blobs it is worse because data is pulled row by row.

Switch JDBC to client-side cursor and fetch in batches, or better use set-based reads with streaming ResultSet and fetch size. For blobs use OPENROWSET/BULK or return them in larger batches with OFFSET/FETCH, not row-by-row cursor.

If you must keep server cursors, increase ARITHABORT, avoid keyset-driven cursors, and ensure indexes cover the cursor key.",muse-glimmer-30b,meta,True,135,838,test,muse-glimmer-30b-q4_k_m,final-2026-09-20,You are answering questions the way a knowledgeable person would in an online discussion. Write in plain prose. Do not restate the question or add a preamble. Begin with the answer itself.,110,170,8192,default,,end_turn,ollama-local-muse-glimmer-30b,2026-09-28 09:21:14.940116+00:00,32.3,muse-glimmer:30b-q4_K_M,q4_k_m,16384,8192,True,"{""temperature"": ""1"", ""top_k"": ""64"", ""top_p"": ""0.95""}","Commits are log writes, not buffer size. Increasing log file size helps only if log is autogrowing, which is expensive. Pre-size log to avoid growth and put log on fast dedicated disk with low latency, not bigger buffers. Redo log buffers are internal; you cannot tune them effectively on 2008.

The bigger cost is server-side cursor fetches and sp_cursorfetch. Each FETCH is a round trip and keeps tempdb worktable alive. With blobs it is worse because data is pulled row by row.

Switch JDBC to client-side cursor and fetch in batches, or better use set-based reads with streaming ResultSet and fetch size. For blobs use OPENROWSET/BULK or return them in larger batches with OFFSET/FETCH, not row-by-row cursor.

If you must keep server cursors, increase ARITHABORT, avoid keyset-driven cursors, and ensure indexes cover the cursor key.","Commits are log writes, not buffer size. Increasing log file size helps only if log is autogrowing, which is expensive. Pre-size log to avoid growth and put log on fast dedicated disk with low latency, not bigger buffers. Redo log buffers are internal; you cannot tune them effectively on 2008. The bigger cost is server-side cursor fetches and sp_cursorfetch. Each FETCH is a round trip and keeps tempdb worktable alive. With blobs it is worse because data is pulled row by row. Switch JDBC to client-side cursor and fetch in batches, or better use set-based reads with streaming ResultSet and fetch size. For blobs use OPENROWSET/BULK or return them in larger batches with OFFSET/FETCH, not row-by-row cursor. If you must keep server cursors, increase ARITHABORT, avoid keyset-driven cursors, and ensure indexes cover the cursor key.","Commits are log writes, not buffer size. Increasing log file size helps only if log is autogrowing, which is expensive. Pre-size log to avoid growth and put log on fast dedicated disk with low latency, not bigger buffers. Redo log buffers are internal; you cannot tune them effectively on 2008. The bigger cost is server-side cursor fetches and sp_cursorfetch. Each FETCH is a round trip and keeps tempdb worktable alive. With blobs it is worse because data is pulled row by row. Switch JDBC to client-side cursor and fetch in batches, or better use set-based reads with streaming ResultSet and fetch size. For blobs use OPENROWSET/BULK or return them in larger batches with OFFSET/FETCH, not row-by-row cursor. If you must keep server cursors, increase ARITHABORT, avoid keyset-driven cursors, and ensure indexes cover the cursor key.",commits are log writes not buffer size increasing log file size helps only if log is autogrowing which is expensive pre size log to avoid growth and put log on fast dedicated disk with low latency not bigger buffers redo log buffers are internal you cannot tune them effectively on 2008 the bigger cost is server side cursor fetches and sp cursorfetch each fetch is a round trip and keeps tempdb worktable alive with blobs it is worse because data is pulled row by row switch jdbc to client side cursor and fetch in batches or better use set based reads with streaming resultset and fetch size for blobs use openrowset bulk or return them in larger batches with offset fetch not row by row cursor if you must keep server cursors increase arithabort avoid keyset driven cursors and ensure indexes cover the cursor key
technical_0072__muse-glimmer-30b,technical_0072,technical,I'd like to run a check against databases in postgresql to verify that everything is ok after the server crash. On mysql it would be mysqlcheck. I would like to know the postgres equivalent.,"PostgreSQL has no built-in mysqlcheck equivalent. Logical consistency is verified by a successful pg_dump of each database. Run pg_dump -Fc -v dbname > /dev/null for every database, or pg_dumpall for the whole cluster. A clean dump means the catalog and tables are readable.

For physical page corruption, use pg_checksums --check if checksums were enabled. Check control files with pg_controldata.

After a crash run VACUUM FREEZE to update visibility maps and REINDEX DATABASE dbname to rebuild indexes that may be stale. Also run ANALYZE.

Check server logs for FATAL errors and run SELECT * FROM pg_stat_database to confirm backends connect. If you use WAL archiving test a restore with pg_verifybackup and pg_restore. Monitor pg_stat_checkpointer and pg_stat_bgwriter for anomalies.","PostgreSQL has no built-in mysqlcheck equivalent. Logical consistency is verified by a successful pg_dump of each database. Run pg_dump -Fc -v dbname > /dev/null for every database, or pg_dumpall for the whole cluster. A clean dump means the catalog and tables are readable.

For physical page corruption, use pg_checksums --check if checksums were enabled. Check control files with pg_controldata.

After a crash run VACUUM FREEZE to update visibility maps and REINDEX DATABASE dbname to rebuild indexes that may be stale. Also run ANALYZE.

Check server logs for FATAL errors and run SELECT * FROM pg_stat_database to confirm backends connect. If you use WAL archiving test a restore with pg_verifybackup and pg_restore. Monitor pg_stat_checkpointer and pg_stat_bgwriter for anomalies.",muse-glimmer-30b,meta,True,117,787,test,muse-glimmer-30b-q4_k_m,final-2026-09-20,You are answering questions the way a knowledgeable person would in an online discussion. Write in plain prose. Do not restate the question or add a preamble. Begin with the answer itself.,110,170,8192,default,,end_turn,ollama-local-muse-glimmer-30b,2026-09-28 09:21:51.914231+00:00,32.3,muse-glimmer:30b-q4_K_M,q4_k_m,16384,8192,True,"{""temperature"": ""1"", ""top_k"": ""64"", ""top_p"": ""0.95""}","PostgreSQL has no built-in mysqlcheck equivalent. Logical consistency is verified by a successful pg_dump of each database. Run pg_dump -Fc -v dbname > /dev/null for every database, or pg_dumpall for the whole cluster. A clean dump means the catalog and tables are readable.

For physical page corruption, use pg_checksums --check if checksums were enabled. Check control files with pg_controldata.

After a crash run VACUUM FREEZE to update visibility maps and REINDEX DATABASE dbname to rebuild indexes that may be stale. Also run ANALYZE.

Check server logs for FATAL errors and run SELECT * FROM pg_stat_database to confirm backends connect. If you use WAL archiving test a restore with pg_verifybackup and pg_restore. Monitor pg_stat_checkpointer and pg_stat_bgwriter for anomalies.","PostgreSQL has no built-in mysqlcheck equivalent. Logical consistency is verified by a successful pg_dump of each database. Run pg_dump -Fc -v dbname > /dev/null for every database, or pg_dumpall for the whole cluster. A clean dump means the catalog and tables are readable. For physical page corruption, use pg_checksums --check if checksums were enabled. Check control files with pg_controldata. After a crash run VACUUM FREEZE to update visibility maps and REINDEX DATABASE dbname to rebuild indexes that may be stale. Also run ANALYZE. Check server logs for FATAL errors and run SELECT * FROM pg_stat_database to confirm backends connect. If you use WAL archiving test a restore with pg_verifybackup and pg_restore. Monitor pg_stat_checkpointer and pg_stat_bgwriter for anomalies.","PostgreSQL has no built-in mysqlcheck equivalent. Logical consistency is verified by a successful pg_dump of each database. Run pg_dump -Fc -v dbname > /dev/null for every database, or pg_dumpall for the whole cluster. A clean dump means the catalog and tables are readable. For physical page corruption, use pg_checksums - check if checksums were enabled. Check control files with pg_controldata. After a crash run VACUUM FREEZE to update visibility maps and REINDEX DATABASE dbname to rebuild indexes that may be stale. Also run ANALYZE. Check server logs for FATAL errors and run SELECT * FROM pg_stat_database to confirm backends connect. If you use WAL archiving test a restore with pg_verifybackup and pg_restore. Monitor pg_stat_checkpointer and pg_stat_bgwriter for anomalies.",postgresql has no built in mysqlcheck equivalent logical consistency is verified by a successful pg dump of each database run pg dump fc v dbname dev null for every database or pg dumpall for the whole cluster a clean dump means the catalog and tables are readable for physical page corruption use pg checksums check if checksums were enabled check control files with pg controldata after a crash run vacuum freeze to update visibility maps and reindex database dbname to rebuild indexes that may be stale also run analyze check server logs for fatal errors and run select from pg stat database to confirm backends connect if you use wal archiving test a restore with pg verifybackup and pg restore monitor pg stat checkpointer and pg stat bgwriter for anomalies
technical_0074__muse-glimmer-30b,technical_0074,technical,"I'm currently learning SQL Server 2008 and have come across schemas and there is one thing I don't understand about them that they have to have an owner; why can't they own themselves?

My background is mostly with Java and it sounds like a schema is like a package which does not have an owner.","Schemas are not namespaces like Java packages, they are security principals. In SQL Server every securable must be owned by a database principal, and ownership determines permission inheritance. When you create a schema you must specify an owner because the engine needs a principal to grant the schema itself permissions to, and to resolve who can alter/drop it. If a schema owned itself there would be no principal to authenticate against and permission checks would be circular. The owner is typically a user or role, not the schema. You can think of schema owner as the entity that implicitly has CONTROL on all objects in it and can transfer ownership. Changing owner moves the security boundary. This model lets you separate object namespace from permissions.","Schemas are not namespaces like Java packages, they are security principals. In SQL Server every securable must be owned by a database principal, and ownership determines permission inheritance. When you create a schema you must specify an owner because the engine needs a principal to grant the schema itself permissions to, and to resolve who can alter/drop it. If a schema owned itself there would be no principal to authenticate against and permission checks would be circular. The owner is typically a user or role, not the schema. You can think of schema owner as the entity that implicitly has CONTROL on all objects in it and can transfer ownership. Changing owner moves the security boundary. This model lets you separate object namespace from permissions.",muse-glimmer-30b,meta,True,125,765,test,muse-glimmer-30b-q4_k_m,final-2026-09-20,You are answering questions the way a knowledgeable person would in an online discussion. Write in plain prose. Do not restate the question or add a preamble. Begin with the answer itself.,110,170,8192,default,,end_turn,ollama-local-muse-glimmer-30b,2026-09-28 09:22:20.034748+00:00,32.3,muse-glimmer:30b-q4_K_M,q4_k_m,16384,8192,True,"{""temperature"": ""1"", ""top_k"": ""64"", ""top_p"": ""0.95""}","Schemas are not namespaces like Java packages, they are security principals. In SQL Server every securable must be owned by a database principal, and ownership determines permission inheritance. When you create a schema you must specify an owner because the engine needs a principal to grant the schema itself permissions to, and to resolve who can alter/drop it. If a schema owned itself there would be no principal to authenticate against and permission checks would be circular. The owner is typically a user or role, not the schema. You can think of schema owner as the entity that implicitly has CONTROL on all objects in it and can transfer ownership. Changing owner moves the security boundary. This model lets you separate object namespace from permissions.","Schemas are not namespaces like Java packages, they are security principals. In SQL Server every securable must be owned by a database principal, and ownership determines permission inheritance. When you create a schema you must specify an owner because the engine needs a principal to grant the schema itself permissions to, and to resolve who can alter/drop it. If a schema owned itself there would be no principal to authenticate against and permission checks would be circular. The owner is typically a user or role, not the schema. You can think of schema owner as the entity that implicitly has CONTROL on all objects in it and can transfer ownership. Changing owner moves the security boundary. This model lets you separate object namespace from permissions.","Schemas are not namespaces like Java packages, they are security principals. In SQL Server every securable must be owned by a database principal, and ownership determines permission inheritance. When you create a schema you must specify an owner because the engine needs a principal to grant the schema itself permissions to, and to resolve who can alter/drop it. If a schema owned itself there would be no principal to authenticate against and permission checks would be circular. The owner is typically a user or role, not the schema. You can think of schema owner as the entity that implicitly has CONTROL on all objects in it and can transfer ownership. Changing owner moves the security boundary. This model lets you separate object namespace from permissions.",schemas are not namespaces like java packages they are security principals in sql server every securable must be owned by a database principal and ownership determines permission inheritance when you create a schema you must specify an owner because the engine needs a principal to grant the schema itself permissions to and to resolve who can alter drop it if a schema owned itself there would be no principal to authenticate against and permission checks would be circular the owner is typically a user or role not the schema you can think of schema owner as the entity that implicitly has control on all objects in it and can transfer ownership changing owner moves the security boundary this model lets you separate object namespace from permissions
technical_0094__muse-glimmer-30b,technical_0094,technical,"A customer wants to rent a dedicated Server for their site. They do not need more than SQL Express 2017, for the time being, but they have been offered a dual Xeon system.

Does SQL Express install and work on a dual CPU system, albeit using just one CPU, or do they have to ask for a single CPU server?

Sorry but I haven't found an answer to this specific question.","Yes, SQL Server Express 2017 will install and run on a dual-socket Xeon server. It does not require or refuse a single CPU. The edition's limit is one socket per instance, so on a dual CPU machine it will simply use one socket and ignore the other.

That means it will work, albeit you are paying for unused hardware. SQL Server Express 2017 is capped at one physical socket, up to four cores, and about 1.4 GB of buffer pool memory per instance, plus the 10 GB database size limit. The installer does not block dual CPU hosts; the engine will enumerate the hardware and self-limit to the Express caps.

If the server is dedicated to that one instance you will not gain anything from the second CPU. If you might later upgrade to Standard or run other workloads the dual Xeon is fine. Otherwise a single-socket system is cheaper and sufficient.","Yes, SQL Server Express 2017 will install and run on a dual-socket Xeon server. It does not require or refuse a single CPU. The edition's limit is one socket per instance, so on a dual CPU machine it will simply use one socket and ignore the other.

That means it will work, albeit you are paying for unused hardware. SQL Server Express 2017 is capped at one physical socket, up to four cores, and about 1.4 GB of buffer pool memory per instance, plus the 10 GB database size limit. The installer does not block dual CPU hosts; the engine will enumerate the hardware and self-limit to the Express caps.

If the server is dedicated to that one instance you will not gain anything from the second CPU. If you might later upgrade to Standard or run other workloads the dual Xeon is fine. Otherwise a single-socket system is cheaper and sufficient.",muse-glimmer-30b,meta,True,152,844,test,muse-glimmer-30b-q4_k_m,final-2026-09-20,You are answering questions the way a knowledgeable person would in an online discussion. Write in plain prose. Do not restate the question or add a preamble. Begin with the answer itself.,110,170,8192,default,,end_turn,ollama-local-muse-glimmer-30b,2026-09-28 09:23:16.537921+00:00,32.3,muse-glimmer:30b-q4_K_M,q4_k_m,16384,8192,True,"{""temperature"": ""1"", ""top_k"": ""64"", ""top_p"": ""0.95""}","Yes, SQL Server Express 2017 will install and run on a dual-socket Xeon server. It does not require or refuse a single CPU. The edition's limit is one socket per instance, so on a dual CPU machine it will simply use one socket and ignore the other.

That means it will work, albeit you are paying for unused hardware. SQL Server Express 2017 is capped at one physical socket, up to four cores, and about 1.4 GB of buffer pool memory per instance, plus the 10 GB database size limit. The installer does not block dual CPU hosts; the engine will enumerate the hardware and self-limit to the Express caps.

If the server is dedicated to that one instance you will not gain anything from the second CPU. If you might later upgrade to Standard or run other workloads the dual Xeon is fine. Otherwise a single-socket system is cheaper and sufficient.","Yes, SQL Server Express 2017 will install and run on a dual-socket Xeon server. It does not require or refuse a single CPU. The edition's limit is one socket per instance, so on a dual CPU machine it will simply use one socket and ignore the other. That means it will work, albeit you are paying for unused hardware. SQL Server Express 2017 is capped at one physical socket, up to four cores, and about 1.4 GB of buffer pool memory per instance, plus the 10 GB database size limit. The installer does not block dual CPU hosts; the engine will enumerate the hardware and self-limit to the Express caps. If the server is dedicated to that one instance you will not gain anything from the second CPU. If you might later upgrade to Standard or run other workloads the dual Xeon is fine. Otherwise a single-socket system is cheaper and sufficient.","Yes, SQL Server Express 2017 will install and run on a dual-socket Xeon server. It does not require or refuse a single CPU. The edition's limit is one socket per instance, so on a dual CPU machine it will simply use one socket and ignore the other. That means it will work, albeit you are paying for unused hardware. SQL Server Express 2017 is capped at one physical socket, up to four cores, and about 1.4 GB of buffer pool memory per instance, plus the 10 GB database size limit. The installer does not block dual CPU hosts; the engine will enumerate the hardware and self-limit to the Express caps. If the server is dedicated to that one instance you will not gain anything from the second CPU. If you might later upgrade to Standard or run other workloads the dual Xeon is fine. Otherwise a single-socket system is cheaper and sufficient.",yes sql server express 2017 will install and run on a dual socket xeon server it does not require or refuse a single cpu the edition's limit is one socket per instance so on a dual cpu machine it will simply use one socket and ignore the other that means it will work albeit you are paying for unused hardware sql server express 2017 is capped at one physical socket up to four cores and about 1 4 gb of buffer pool memory per instance plus the 10 gb database size limit the installer does not block dual cpu hosts the engine will enumerate the hardware and self limit to the express caps if the server is dedicated to that one instance you will not gain anything from the second cpu if you might later upgrade to standard or run other workloads the dual xeon is fine otherwise a single socket system is cheaper and sufficient
technical_0095__muse-glimmer-30b,technical_0095,technical,"Is it safe to assume that ordering by an auto-incrementing PK in Postgres will order the records chronologically, from a creation standpoint? I have a many to many relationship, from which I don't need to track anything else except the relationship itself and some form of order of creation. I am trying to decide whether I need to incorporate a timestamp column for this, or whether I can reutilize the existing auto-incrementing PK column for that same purpose.","Generally yes in practice, but not guaranteed by Postgres. A serial/identity column draws from a sequence via nextval, which is monotonic and assigned at INSERT time, so higher values usually mean later inserts. However the sequence is independent of wall-clock time and transaction commit order: a long-running transaction can receive a high PK and commit later than a transaction that started later but got a lower PK, and sequence values are not rolled back on abort, creating gaps. Manual inserts, sequence manipulation, logical replication, or bulk loads can also break the correlation. If you need a provable creation order, add a created_at timestamptz column with default now() and index it. Using the PK for ordering is fine for display purposes, but don’t rely on it for auditing or business logic.","Generally yes in practice, but not guaranteed by Postgres. A serial/identity column draws from a sequence via nextval, which is monotonic and assigned at INSERT time, so higher values usually mean later inserts. However the sequence is independent of wall-clock time and transaction commit order: a long-running transaction can receive a high PK and commit later than a transaction that started later but got a lower PK, and sequence values are not rolled back on abort, creating gaps. Manual inserts, sequence manipulation, logical replication, or bulk loads can also break the correlation. If you need a provable creation order, add a created_at timestamptz column with default now() and index it. Using the PK for ordering is fine for display purposes, but don't rely on it for auditing or business logic.",muse-glimmer-30b,meta,True,130,808,test,muse-glimmer-30b-q4_k_m,final-2026-09-20,You are answering questions the way a knowledgeable person would in an online discussion. Write in plain prose. Do not restate the question or add a preamble. Begin with the answer itself.,110,170,8192,default,,end_turn,ollama-local-muse-glimmer-30b,2026-09-28 09:23:51.439563+00:00,32.3,muse-glimmer:30b-q4_K_M,q4_k_m,16384,8192,True,"{""temperature"": ""1"", ""top_k"": ""64"", ""top_p"": ""0.95""}","Generally yes in practice, but not guaranteed by Postgres. A serial/identity column draws from a sequence via nextval, which is monotonic and assigned at INSERT time, so higher values usually mean later inserts. However the sequence is independent of wall-clock time and transaction commit order: a long-running transaction can receive a high PK and commit later than a transaction that started later but got a lower PK, and sequence values are not rolled back on abort, creating gaps. Manual inserts, sequence manipulation, logical replication, or bulk loads can also break the correlation. If you need a provable creation order, add a created_at timestamptz column with default now() and index it. Using the PK for ordering is fine for display purposes, but don't rely on it for auditing or business logic.","Generally yes in practice, but not guaranteed by Postgres. A serial/identity column draws from a sequence via nextval, which is monotonic and assigned at INSERT time, so higher values usually mean later inserts. However the sequence is independent of wall-clock time and transaction commit order: a long-running transaction can receive a high PK and commit later than a transaction that started later but got a lower PK, and sequence values are not rolled back on abort, creating gaps. Manual inserts, sequence manipulation, logical replication, or bulk loads can also break the correlation. If you need a provable creation order, add a created_at timestamptz column with default now() and index it. Using the PK for ordering is fine for display purposes, but don't rely on it for auditing or business logic.","Generally yes in practice, but not guaranteed by Postgres. A serial/identity column draws from a sequence via nextval, which is monotonic and assigned at INSERT time, so higher values usually mean later inserts. However the sequence is independent of wall-clock time and transaction commit order: a long-running transaction can receive a high PK and commit later than a transaction that started later but got a lower PK, and sequence values are not rolled back on abort, creating gaps. Manual inserts, sequence manipulation, logical replication, or bulk loads can also break the correlation. If you need a provable creation order, add a created_at timestamptz column with default now() and index it. Using the PK for ordering is fine for display purposes, but don't rely on it for auditing or business logic.",generally yes in practice but not guaranteed by postgres a serial identity column draws from a sequence via nextval which is monotonic and assigned at insert time so higher values usually mean later inserts however the sequence is independent of wall clock time and transaction commit order a long running transaction can receive a high pk and commit later than a transaction that started later but got a lower pk and sequence values are not rolled back on abort creating gaps manual inserts sequence manipulation logical replication or bulk loads can also break the correlation if you need a provable creation order add a created at timestamptz column with default now and index it using the pk for ordering is fine for display purposes but don't rely on it for auditing or business logic
technical_0143__muse-glimmer-30b,technical_0143,technical,"Let's say for example there is an Ethernet switch, and there are four PCs connected to this switch. PC1 and PC2 are communicating with each other, and at the same time PC3 and PC4 are also communicating with each other. Obviously there is no Statistical TDM here. Also, there is only one node - the switch, so there cannot be multiple paths from source to destination.

So how does Ethernet become packet-switched? Is it because the data being exchanged are broken into packets? What are the conditions that must be satisfied to say that a network is a packet-switched network?","Ethernet is packet-switched because the switch forwards independently addressed frames rather than reserving a continuous circuit. Each PC sends variable-length Ethernet frames with source and destination MAC addresses. The switch learns MACs, stores each complete frame in its buffer, then forwards it out only the port where the destination is known, allowing PC1-PC2 and PC3-PC4 traffic to interleave on the same physical medium without pre-allocation.

A network is packet-switched when data is divided into packets with headers containing destination information, packets are handled independently by store-and-forward nodes, and transmission is multiplexed statistically. The packets need not take the same path and need not be sent in fixed time slots. Circuit switching allocates dedicated bandwidth for the session; packet switching allocates resources per packet on demand. Breaking data into packets is necessary but not sufficient; the key is independent per-packet routing and buffering.","Ethernet is packet-switched because the switch forwards independently addressed frames rather than reserving a continuous circuit. Each PC sends variable-length Ethernet frames with source and destination MAC addresses. The switch learns MACs, stores each complete frame in its buffer, then forwards it out only the port where the destination is known, allowing PC1-PC2 and PC3-PC4 traffic to interleave on the same physical medium without pre-allocation.

A network is packet-switched when data is divided into packets with headers containing destination information, packets are handled independently by store-and-forward nodes, and transmission is multiplexed statistically. The packets need not take the same path and need not be sent in fixed time slots. Circuit switching allocates dedicated bandwidth for the session; packet switching allocates resources per packet on demand. Breaking data into packets is necessary but not sufficient; the key is independent per-packet routing and buffering.",muse-glimmer-30b,meta,True,142,1000,test,muse-glimmer-30b-q4_k_m,final-2026-09-20,You are answering questions the way a knowledgeable person would in an online discussion. Write in plain prose. Do not restate the question or add a preamble. Begin with the answer itself.,110,170,8192,default,,end_turn,ollama-local-muse-glimmer-30b,2026-09-28 09:24:33.581141+00:00,32.3,muse-glimmer:30b-q4_K_M,q4_k_m,16384,8192,True,"{""temperature"": ""1"", ""top_k"": ""64"", ""top_p"": ""0.95""}","Ethernet is packet-switched because the switch forwards independently addressed frames rather than reserving a continuous circuit. Each PC sends variable-length Ethernet frames with source and destination MAC addresses. The switch learns MACs, stores each complete frame in its buffer, then forwards it out only the port where the destination is known, allowing PC1-PC2 and PC3-PC4 traffic to interleave on the same physical medium without pre-allocation.

A network is packet-switched when data is divided into packets with headers containing destination information, packets are handled independently by store-and-forward nodes, and transmission is multiplexed statistically. The packets need not take the same path and need not be sent in fixed time slots. Circuit switching allocates dedicated bandwidth for the session; packet switching allocates resources per packet on demand. Breaking data into packets is necessary but not sufficient; the key is independent per-packet routing and buffering.","Ethernet is packet-switched because the switch forwards independently addressed frames rather than reserving a continuous circuit. Each PC sends variable-length Ethernet frames with source and destination MAC addresses. The switch learns MACs, stores each complete frame in its buffer, then forwards it out only the port where the destination is known, allowing PC1-PC2 and PC3-PC4 traffic to interleave on the same physical medium without pre-allocation. A network is packet-switched when data is divided into packets with headers containing destination information, packets are handled independently by store-and-forward nodes, and transmission is multiplexed statistically. The packets need not take the same path and need not be sent in fixed time slots. Circuit switching allocates dedicated bandwidth for the session; packet switching allocates resources per packet on demand. Breaking data into packets is necessary but not sufficient; the key is independent per-packet routing and buffering.","Ethernet is packet-switched because the switch forwards independently addressed frames rather than reserving a continuous circuit. Each PC sends variable-length Ethernet frames with source and destination MAC addresses. The switch learns MACs, stores each complete frame in its buffer, then forwards it out only the port where the destination is known, allowing PC1-PC2 and PC3-PC4 traffic to interleave on the same physical medium without pre-allocation. A network is packet-switched when data is divided into packets with headers containing destination information, packets are handled independently by store-and-forward nodes, and transmission is multiplexed statistically. The packets need not take the same path and need not be sent in fixed time slots. Circuit switching allocates dedicated bandwidth for the session; packet switching allocates resources per packet on demand. Breaking data into packets is necessary but not sufficient; the key is independent per-packet routing and buffering.",ethernet is packet switched because the switch forwards independently addressed frames rather than reserving a continuous circuit each pc sends variable length ethernet frames with source and destination mac addresses the switch learns macs stores each complete frame in its buffer then forwards it out only the port where the destination is known allowing pc1 pc2 and pc3 pc4 traffic to interleave on the same physical medium without pre allocation a network is packet switched when data is divided into packets with headers containing destination information packets are handled independently by store and forward nodes and transmission is multiplexed statistically the packets need not take the same path and need not be sent in fixed time slots circuit switching allocates dedicated bandwidth for the session packet switching allocates resources per packet on demand breaking data into packets is necessary but not sufficient the key is independent per packet routing and buffering
technical_0146__muse-glimmer-30b,technical_0146,technical,"Forgive me if this is a dumb question but I'm relatively new to the carrier networking world. We own a block of IP addresses, say a /18 and we advertise various /20s, /24s, /23s, etc all over the world. I want to know ""what's available"" from our space as in if there are portions that we are not advertising.

What I could do is download a text dump of the entire BGP routing table and grep for the /18, /19s, /20s, ... , /24s and see if there are any matches but there has to be a better way.

We use Juniper so I popped into a router and ran show route protocol bgp FIRST_IP_OF_18 but it only gave me a route to the first thing we advertise.","You can see all advertised more-specifics inside your /18 with a single route lookup on a router that peers with the global table. Use show route 10.0.0.0/18 on inet.0, not show route protocol bgp FIRST_IP. That command returns the covering route and every longer prefix that is installed, so you get the /20, /23 and /24s you are actually originating and their next-hops.

For a global view, query a public BGP monitor for your origin ASN. RIS live, RouteViews or BGPStream will list every prefix the world sees from you. Export that list, sort it, and subtract from your allocated /18. Tools like bgpq3, ipcalc or a simple python set difference will show the holes.

If you only need what you are sending, use show route advertising-protocol bgp <peer> and filter on your /18. That shows exactly which more-specifics leave your network.","You can see all advertised more-specifics inside your /18 with a single route lookup on a router that peers with the global table. Use show route 10.0.0.0/18 on inet.0, not show route protocol bgp FIRST_IP. That command returns the covering route and every longer prefix that is installed, so you get the /20, /23 and /24s you are actually originating and their next-hops.

For a global view, query a public BGP monitor for your origin ASN. RIS live, RouteViews or BGPStream will list every prefix the world sees from you. Export that list, sort it, and subtract from your allocated /18. Tools like bgpq3, ipcalc or a simple python set difference will show the holes.

If you only need what you are sending, use show route advertising-protocol bgp <peer> and filter on your /18. That shows exactly which more-specifics leave your network.",muse-glimmer-30b,meta,True,142,838,test,muse-glimmer-30b-q4_k_m,final-2026-09-20,You are answering questions the way a knowledgeable person would in an online discussion. Write in plain prose. Do not restate the question or add a preamble. Begin with the answer itself.,110,170,8192,default,,end_turn,ollama-local-muse-glimmer-30b,2026-09-28 09:25:27.487723+00:00,32.3,muse-glimmer:30b-q4_K_M,q4_k_m,16384,8192,True,"{""temperature"": ""1"", ""top_k"": ""64"", ""top_p"": ""0.95""}","You can see all advertised more-specifics inside your /18 with a single route lookup on a router that peers with the global table. Use show route 10.0.0.0/18 on inet.0, not show route protocol bgp FIRST_IP. That command returns the covering route and every longer prefix that is installed, so you get the /20, /23 and /24s you are actually originating and their next-hops.

For a global view, query a public BGP monitor for your origin ASN. RIS live, RouteViews or BGPStream will list every prefix the world sees from you. Export that list, sort it, and subtract from your allocated /18. Tools like bgpq3, ipcalc or a simple python set difference will show the holes.

If you only need what you are sending, use show route advertising-protocol bgp <peer> and filter on your /18. That shows exactly which more-specifics leave your network.","You can see all advertised more-specifics inside your /18 with a single route lookup on a router that peers with the global table. Use show route 10.0.0.0/18 on inet.0, not show route protocol bgp FIRST_IP. That command returns the covering route and every longer prefix that is installed, so you get the /20, /23 and /24s you are actually originating and their next-hops. For a global view, query a public BGP monitor for your origin ASN. RIS live, RouteViews or BGPStream will list every prefix the world sees from you. Export that list, sort it, and subtract from your allocated /18. Tools like bgpq3, ipcalc or a simple python set difference will show the holes. If you only need what you are sending, use show route advertising-protocol bgp <peer> and filter on your /18. That shows exactly which more-specifics leave your network.","You can see all advertised more-specifics inside your /18 with a single route lookup on a router that peers with the global table. Use show route 10.0.0.0/18 on inet.0, not show route protocol bgp FIRST_IP. That command returns the covering route and every longer prefix that is installed, so you get the /20, /23 and /24s you are actually originating and their next-hops. For a global view, query a public BGP monitor for your origin ASN. RIS live, RouteViews or BGPStream will list every prefix the world sees from you. Export that list, sort it, and subtract from your allocated /18. Tools like bgpq3, ipcalc or a simple python set difference will show the holes. If you only need what you are sending, use show route advertising-protocol bgp <peer> and filter on your /18. That shows exactly which more-specifics leave your network.",you can see all advertised more specifics inside your 18 with a single route lookup on a router that peers with the global table use show route 10 0 0 0 18 on inet 0 not show route protocol bgp first ip that command returns the covering route and every longer prefix that is installed so you get the 20 23 and 24s you are actually originating and their next hops for a global view query a public bgp monitor for your origin asn ris live routeviews or bgpstream will list every prefix the world sees from you export that list sort it and subtract from your allocated 18 tools like bgpq3 ipcalc or a simple python set difference will show the holes if you only need what you are sending use show route advertising protocol bgp peer and filter on your 18 that shows exactly which more specifics leave your network
technical_0148__muse-glimmer-30b,technical_0148,technical,What might be difference between sslvpn and site-site vpn . Which one among two is secure and it's significance,"SSL VPN provides remote user access to corporate resources over the internet using SSL/TLS, typically on port 443, with a browser or lightweight client. It authenticates individual users and grants selective access to applications or file shares. Site-to-site VPN creates an encrypted tunnel between two networks, usually using IPsec at the router or firewall level, making the networks appear locally connected.

Security differs by scope. Site-to-site is generally more robust for inter-network traffic because encryption is enforced by hardened appliances, no user devices are involved, and the tunnel is always on. SSL VPN security depends on endpoint hygiene, client software, and user behavior, making it more exposed to phishing and malware.

Significance lies in use case: SSL VPN for remote workforce mobility, site-to-site for branch connectivity and data center integration.","SSL VPN provides remote user access to corporate resources over the internet using SSL/TLS, typically on port 443, with a browser or lightweight client. It authenticates individual users and grants selective access to applications or file shares. Site-to-site VPN creates an encrypted tunnel between two networks, usually using IPsec at the router or firewall level, making the networks appear locally connected.

Security differs by scope. Site-to-site is generally more robust for inter-network traffic because encryption is enforced by hardened appliances, no user devices are involved, and the tunnel is always on. SSL VPN security depends on endpoint hygiene, client software, and user behavior, making it more exposed to phishing and malware.

Significance lies in use case: SSL VPN for remote workforce mobility, site-to-site for branch connectivity and data center integration.",muse-glimmer-30b,meta,True,130,885,test,muse-glimmer-30b-q4_k_m,final-2026-09-20,You are answering questions the way a knowledgeable person would in an online discussion. Write in plain prose. Do not restate the question or add a preamble. Begin with the answer itself.,110,170,8192,default,,end_turn,ollama-local-muse-glimmer-30b,2026-09-28 09:25:56.177438+00:00,32.3,muse-glimmer:30b-q4_K_M,q4_k_m,16384,8192,True,"{""temperature"": ""1"", ""top_k"": ""64"", ""top_p"": ""0.95""}","SSL VPN provides remote user access to corporate resources over the internet using SSL/TLS, typically on port 443, with a browser or lightweight client. It authenticates individual users and grants selective access to applications or file shares. Site-to-site VPN creates an encrypted tunnel between two networks, usually using IPsec at the router or firewall level, making the networks appear locally connected.

Security differs by scope. Site-to-site is generally more robust for inter-network traffic because encryption is enforced by hardened appliances, no user devices are involved, and the tunnel is always on. SSL VPN security depends on endpoint hygiene, client software, and user behavior, making it more exposed to phishing and malware.

Significance lies in use case: SSL VPN for remote workforce mobility, site-to-site for branch connectivity and data center integration.","SSL VPN provides remote user access to corporate resources over the internet using SSL/TLS, typically on port 443, with a browser or lightweight client. It authenticates individual users and grants selective access to applications or file shares. Site-to-site VPN creates an encrypted tunnel between two networks, usually using IPsec at the router or firewall level, making the networks appear locally connected. Security differs by scope. Site-to-site is generally more robust for inter-network traffic because encryption is enforced by hardened appliances, no user devices are involved, and the tunnel is always on. SSL VPN security depends on endpoint hygiene, client software, and user behavior, making it more exposed to phishing and malware. Significance lies in use case: SSL VPN for remote workforce mobility, site-to-site for branch connectivity and data center integration.","SSL VPN provides remote user access to corporate resources over the internet using SSL/TLS, typically on port 443, with a browser or lightweight client. It authenticates individual users and grants selective access to applications or file shares. Site-to-site VPN creates an encrypted tunnel between two networks, usually using IPsec at the router or firewall level, making the networks appear locally connected. Security differs by scope. Site-to-site is generally more robust for inter-network traffic because encryption is enforced by hardened appliances, no user devices are involved, and the tunnel is always on. SSL VPN security depends on endpoint hygiene, client software, and user behavior, making it more exposed to phishing and malware. Significance lies in use case: SSL VPN for remote workforce mobility, site-to-site for branch connectivity and data center integration.",ssl vpn provides remote user access to corporate resources over the internet using ssl tls typically on port 443 with a browser or lightweight client it authenticates individual users and grants selective access to applications or file shares site to site vpn creates an encrypted tunnel between two networks usually using ipsec at the router or firewall level making the networks appear locally connected security differs by scope site to site is generally more robust for inter network traffic because encryption is enforced by hardened appliances no user devices are involved and the tunnel is always on ssl vpn security depends on endpoint hygiene client software and user behavior making it more exposed to phishing and malware significance lies in use case ssl vpn for remote workforce mobility site to site for branch connectivity and data center integration
technical_0155__muse-glimmer-30b,technical_0155,technical,"My company has recently switched to an Agile way of working and as a part of it we've started using SCRUM. While I'm very comfortable with it and feel that this way is superior to a traditional one, some of my teammates don't share the same opinion. In fact they are very skeptical about ""all that agile stuff"", and don't take it seriously. As an example, one of the teammates is always late on the meetings, and doesn't really care about it. The management IMO tries not to notice this (maybe because it's new, and it takes time for the people to get used to it).

My question is, how to address this issue while not raising a conflict inside the team?","Focus on shared team outcomes rather than defending Agile. Bring the issue up in a retrospective as a team norm, not a personal criticism. Ask the team what they need for meetings to be useful, and invite everyone to co-create ground rules for punctuality and participation. Frame lateness as an impact on delivery and trust, using neutral language: 'When we start late, we lose time for planning and it affects the work we can commit to.' Offer to help the person succeed, maybe checking if meeting times or format are a barrier. Ask the Scrum Master to facilitate the conversation so it stays systemic. Keep it curious and collaborative, and let the team own the agreement, which reduces defensiveness and avoids making it a conflict between you and them.","Focus on shared team outcomes rather than defending Agile. Bring the issue up in a retrospective as a team norm, not a personal criticism. Ask the team what they need for meetings to be useful, and invite everyone to co-create ground rules for punctuality and participation. Frame lateness as an impact on delivery and trust, using neutral language: 'When we start late, we lose time for planning and it affects the work we can commit to.' Offer to help the person succeed, maybe checking if meeting times or format are a barrier. Ask the Scrum Master to facilitate the conversation so it stays systemic. Keep it curious and collaborative, and let the team own the agreement, which reduces defensiveness and avoids making it a conflict between you and them.",muse-glimmer-30b,meta,True,129,757,test,muse-glimmer-30b-q4_k_m,final-2026-09-20,You are answering questions the way a knowledgeable person would in an online discussion. Write in plain prose. Do not restate the question or add a preamble. Begin with the answer itself.,110,170,8192,default,,end_turn,ollama-local-muse-glimmer-30b,2026-09-28 09:26:25.862492+00:00,32.3,muse-glimmer:30b-q4_K_M,q4_k_m,16384,8192,True,"{""temperature"": ""1"", ""top_k"": ""64"", ""top_p"": ""0.95""}","Focus on shared team outcomes rather than defending Agile. Bring the issue up in a retrospective as a team norm, not a personal criticism. Ask the team what they need for meetings to be useful, and invite everyone to co-create ground rules for punctuality and participation. Frame lateness as an impact on delivery and trust, using neutral language: 'When we start late, we lose time for planning and it affects the work we can commit to.' Offer to help the person succeed, maybe checking if meeting times or format are a barrier. Ask the Scrum Master to facilitate the conversation so it stays systemic. Keep it curious and collaborative, and let the team own the agreement, which reduces defensiveness and avoids making it a conflict between you and them.","Focus on shared team outcomes rather than defending Agile. Bring the issue up in a retrospective as a team norm, not a personal criticism. Ask the team what they need for meetings to be useful, and invite everyone to co-create ground rules for punctuality and participation. Frame lateness as an impact on delivery and trust, using neutral language: 'When we start late, we lose time for planning and it affects the work we can commit to.' Offer to help the person succeed, maybe checking if meeting times or format are a barrier. Ask the Scrum Master to facilitate the conversation so it stays systemic. Keep it curious and collaborative, and let the team own the agreement, which reduces defensiveness and avoids making it a conflict between you and them.","Focus on shared team outcomes rather than defending Agile. Bring the issue up in a retrospective as a team norm, not a personal criticism. Ask the team what they need for meetings to be useful, and invite everyone to co-create ground rules for punctuality and participation. Frame lateness as an impact on delivery and trust, using neutral language: 'When we start late, we lose time for planning and it affects the work we can commit to.' Offer to help the person succeed, maybe checking if meeting times or format are a barrier. Ask the Scrum Master to facilitate the conversation so it stays systemic. Keep it curious and collaborative, and let the team own the agreement, which reduces defensiveness and avoids making it a conflict between you and them.",focus on shared team outcomes rather than defending agile bring the issue up in a retrospective as a team norm not a personal criticism ask the team what they need for meetings to be useful and invite everyone to co create ground rules for punctuality and participation frame lateness as an impact on delivery and trust using neutral language when we start late we lose time for planning and it affects the work we can commit to offer to help the person succeed maybe checking if meeting times or format are a barrier ask the scrum master to facilitate the conversation so it stays systemic keep it curious and collaborative and let the team own the agreement which reduces defensiveness and avoids making it a conflict between you and them
technical_0156__muse-glimmer-30b,technical_0156,technical,"In an ideal world it is preferrable to meet the deadline with less bugs. But from your experience which is more preferrable/acceptable:

Meet the deadline but has a number of bugs because developer rush into things

Less bugs but not quite meet the deadline because the developer is very rigorous in writing the code","From experience less bugs but missing the deadline is more acceptable. Shipping on time with known bugs damages trust faster than a short delay. Users forgive a late, stable release; they do not forgive data loss, crashes, or security flaws that force hotfixes and erode confidence.

Rushing creates technical debt that compounds. A few bugs in release become support tickets, rollback risk, and rework that costs more time than the delay would have. Rigorous code means fewer production incidents, lower maintenance, and faster iteration later.

That said, the delay must be communicated early and bounded. Missed deadline without transparency is also damaging. Prefer a negotiated slip with clear quality gates over a deadline hit with compromised quality. In practice, delivering a reliable product slightly late preserves long-term velocity and reputation better than shipping broken on time.","From experience less bugs but missing the deadline is more acceptable. Shipping on time with known bugs damages trust faster than a short delay. Users forgive a late, stable release; they do not forgive data loss, crashes, or security flaws that force hotfixes and erode confidence.

Rushing creates technical debt that compounds. A few bugs in release become support tickets, rollback risk, and rework that costs more time than the delay would have. Rigorous code means fewer production incidents, lower maintenance, and faster iteration later.

That said, the delay must be communicated early and bounded. Missed deadline without transparency is also damaging. Prefer a negotiated slip with clear quality gates over a deadline hit with compromised quality. In practice, delivering a reliable product slightly late preserves long-term velocity and reputation better than shipping broken on time.",muse-glimmer-30b,meta,True,136,896,test,muse-glimmer-30b-q4_k_m,final-2026-09-20,You are answering questions the way a knowledgeable person would in an online discussion. Write in plain prose. Do not restate the question or add a preamble. Begin with the answer itself.,110,170,8192,default,,end_turn,ollama-local-muse-glimmer-30b,2026-09-28 09:26:52.983108+00:00,32.3,muse-glimmer:30b-q4_K_M,q4_k_m,16384,8192,True,"{""temperature"": ""1"", ""top_k"": ""64"", ""top_p"": ""0.95""}","From experience less bugs but missing the deadline is more acceptable. Shipping on time with known bugs damages trust faster than a short delay. Users forgive a late, stable release; they do not forgive data loss, crashes, or security flaws that force hotfixes and erode confidence.

Rushing creates technical debt that compounds. A few bugs in release become support tickets, rollback risk, and rework that costs more time than the delay would have. Rigorous code means fewer production incidents, lower maintenance, and faster iteration later.

That said, the delay must be communicated early and bounded. Missed deadline without transparency is also damaging. Prefer a negotiated slip with clear quality gates over a deadline hit with compromised quality. In practice, delivering a reliable product slightly late preserves long-term velocity and reputation better than shipping broken on time.","From experience less bugs but missing the deadline is more acceptable. Shipping on time with known bugs damages trust faster than a short delay. Users forgive a late, stable release; they do not forgive data loss, crashes, or security flaws that force hotfixes and erode confidence. Rushing creates technical debt that compounds. A few bugs in release become support tickets, rollback risk, and rework that costs more time than the delay would have. Rigorous code means fewer production incidents, lower maintenance, and faster iteration later. That said, the delay must be communicated early and bounded. Missed deadline without transparency is also damaging. Prefer a negotiated slip with clear quality gates over a deadline hit with compromised quality. In practice, delivering a reliable product slightly late preserves long-term velocity and reputation better than shipping broken on time.","From experience less bugs but missing the deadline is more acceptable. Shipping on time with known bugs damages trust faster than a short delay. Users forgive a late, stable release; they do not forgive data loss, crashes, or security flaws that force hotfixes and erode confidence. Rushing creates technical debt that compounds. A few bugs in release become support tickets, rollback risk, and rework that costs more time than the delay would have. Rigorous code means fewer production incidents, lower maintenance, and faster iteration later. That said, the delay must be communicated early and bounded. Missed deadline without transparency is also damaging. Prefer a negotiated slip with clear quality gates over a deadline hit with compromised quality. In practice, delivering a reliable product slightly late preserves long-term velocity and reputation better than shipping broken on time.",from experience less bugs but missing the deadline is more acceptable shipping on time with known bugs damages trust faster than a short delay users forgive a late stable release they do not forgive data loss crashes or security flaws that force hotfixes and erode confidence rushing creates technical debt that compounds a few bugs in release become support tickets rollback risk and rework that costs more time than the delay would have rigorous code means fewer production incidents lower maintenance and faster iteration later that said the delay must be communicated early and bounded missed deadline without transparency is also damaging prefer a negotiated slip with clear quality gates over a deadline hit with compromised quality in practice delivering a reliable product slightly late preserves long term velocity and reputation better than shipping broken on time
technical_0157__muse-glimmer-30b,technical_0157,technical,"For a project I am working I want to implement a small prototype to try things out, demonstrate some functionality to the client and learn some frameworks used in the project.

Do you have any suggestions or do you know of best practices for implementing such a prototype?

Some more details:

The application will be a complex web app

I have to implement a mechanism where the server pushes data to subscribed clients (the data will be generated by some events)

I want to write a prototype which implements exactly this behaviour but nothing more","Keep the prototype minimal and isolated from the final architecture. Use a single event source, one server push channel, and one client subscription to prove the core flow. Choose the stack you will actually use, not a convenient mock, so learning transfers. For server push prefer WebSockets or Server-Sent Events over polling; SSE is simplest for one-way server-to-client events, WebSockets give full duplex if needed later. Use a lightweight in-memory broker like Redis Pub/Sub or an in-process channel to simulate events. Version the prototype and document the assumptions you are deliberately ignoring. Add a visible event log on both server and client for demo clarity. Time-box it to a day or two and define success as a reliable push from event to subscribed UI, nothing more.","Keep the prototype minimal and isolated from the final architecture. Use a single event source, one server push channel, and one client subscription to prove the core flow. Choose the stack you will actually use, not a convenient mock, so learning transfers. For server push prefer WebSockets or Server-Sent Events over polling; SSE is simplest for one-way server-to-client events, WebSockets give full duplex if needed later. Use a lightweight in-memory broker like Redis Pub/Sub or an in-process channel to simulate events. Version the prototype and document the assumptions you are deliberately ignoring. Add a visible event log on both server and client for demo clarity. Time-box it to a day or two and define success as a reliable push from event to subscribed UI, nothing more.",muse-glimmer-30b,meta,True,126,784,test,muse-glimmer-30b-q4_k_m,final-2026-09-20,You are answering questions the way a knowledgeable person would in an online discussion. Write in plain prose. Do not restate the question or add a preamble. Begin with the answer itself.,110,170,8192,default,,end_turn,ollama-local-muse-glimmer-30b,2026-09-28 09:27:22.686221+00:00,32.3,muse-glimmer:30b-q4_K_M,q4_k_m,16384,8192,True,"{""temperature"": ""1"", ""top_k"": ""64"", ""top_p"": ""0.95""}","Keep the prototype minimal and isolated from the final architecture. Use a single event source, one server push channel, and one client subscription to prove the core flow. Choose the stack you will actually use, not a convenient mock, so learning transfers. For server push prefer WebSockets or Server-Sent Events over polling; SSE is simplest for one-way server-to-client events, WebSockets give full duplex if needed later. Use a lightweight in-memory broker like Redis Pub/Sub or an in-process channel to simulate events. Version the prototype and document the assumptions you are deliberately ignoring. Add a visible event log on both server and client for demo clarity. Time-box it to a day or two and define success as a reliable push from event to subscribed UI, nothing more.","Keep the prototype minimal and isolated from the final architecture. Use a single event source, one server push channel, and one client subscription to prove the core flow. Choose the stack you will actually use, not a convenient mock, so learning transfers. For server push prefer WebSockets or Server-Sent Events over polling; SSE is simplest for one-way server-to-client events, WebSockets give full duplex if needed later. Use a lightweight in-memory broker like Redis Pub/Sub or an in-process channel to simulate events. Version the prototype and document the assumptions you are deliberately ignoring. Add a visible event log on both server and client for demo clarity. Time-box it to a day or two and define success as a reliable push from event to subscribed UI, nothing more.","Keep the prototype minimal and isolated from the final architecture. Use a single event source, one server push channel, and one client subscription to prove the core flow. Choose the stack you will actually use, not a convenient mock, so learning transfers. For server push prefer WebSockets or Server-Sent Events over polling; SSE is simplest for one-way server-to-client events, WebSockets give full duplex if needed later. Use a lightweight in-memory broker like Redis Pub/Sub or an in-process channel to simulate events. Version the prototype and document the assumptions you are deliberately ignoring. Add a visible event log on both server and client for demo clarity. Time-box it to a day or two and define success as a reliable push from event to subscribed UI, nothing more.",keep the prototype minimal and isolated from the final architecture use a single event source one server push channel and one client subscription to prove the core flow choose the stack you will actually use not a convenient mock so learning transfers for server push prefer websockets or server sent events over polling sse is simplest for one way server to client events websockets give full duplex if needed later use a lightweight in memory broker like redis pub sub or an in process channel to simulate events version the prototype and document the assumptions you are deliberately ignoring add a visible event log on both server and client for demo clarity time box it to a day or two and define success as a reliable push from event to subscribed ui nothing more
technical_0166__muse-glimmer-30b,technical_0166,technical,"I understand the difference between the two, but I get questioned by my colleagues of the benefit of labeling requirements as functional or nonfunctional (or transitional). Why bother to do so? He spent what he said was two days going through a list of requirements for one project, and saw no benefit to it, because the end result was to submit the document to another business entity with the edict, ""Do it all.""

What I fear is requirements lumped together in one document. I tried to explain the benefit in practical terms, but couldn't sell it. How do I sell the benefit of documenting which requirements are functional and which are nonfunctional.","Labeling isn't taxonomy for its own sake; it changes how the work is read and managed. Functional requirements define features and behavior, nonfunctional define quality attributes like performance, security, scalability, and transitional define migration and training. Different teams care about different sets, and they are verified differently.

With labels you can prioritize realistically, negotiate scope, and expose hidden cost. Nonfunctional requirements often drive architecture, technology choice, and budget, and they are the ones most often missed until production. You can also test and accept them differently.

When a customer says ""do it all"", the labels give you leverage to ask ""all to what quality, by when, with what constraints?"" It makes risk visible and prevents functional completeness with nonfunctional failure.","Labeling isn't taxonomy for its own sake; it changes how the work is read and managed. Functional requirements define features and behavior, nonfunctional define quality attributes like performance, security, scalability, and transitional define migration and training. Different teams care about different sets, and they are verified differently.

With labels you can prioritize realistically, negotiate scope, and expose hidden cost. Nonfunctional requirements often drive architecture, technology choice, and budget, and they are the ones most often missed until production. You can also test and accept them differently.

When a customer says ""do it all"", the labels give you leverage to ask ""all to what quality, by when, with what constraints?"" It makes risk visible and prevents functional completeness with nonfunctional failure.",muse-glimmer-30b,meta,True,120,837,test,muse-glimmer-30b-q4_k_m,final-2026-09-20,You are answering questions the way a knowledgeable person would in an online discussion. Write in plain prose. Do not restate the question or add a preamble. Begin with the answer itself.,110,170,8192,default,,end_turn,ollama-local-muse-glimmer-30b,2026-09-28 09:28:04.728087+00:00,32.3,muse-glimmer:30b-q4_K_M,q4_k_m,16384,8192,True,"{""temperature"": ""1"", ""top_k"": ""64"", ""top_p"": ""0.95""}","Labeling isn't taxonomy for its own sake; it changes how the work is read and managed. Functional requirements define features and behavior, nonfunctional define quality attributes like performance, security, scalability, and transitional define migration and training. Different teams care about different sets, and they are verified differently.

With labels you can prioritize realistically, negotiate scope, and expose hidden cost. Nonfunctional requirements often drive architecture, technology choice, and budget, and they are the ones most often missed until production. You can also test and accept them differently.

When a customer says ""do it all"", the labels give you leverage to ask ""all to what quality, by when, with what constraints?"" It makes risk visible and prevents functional completeness with nonfunctional failure.","Labeling isn't taxonomy for its own sake; it changes how the work is read and managed. Functional requirements define features and behavior, nonfunctional define quality attributes like performance, security, scalability, and transitional define migration and training. Different teams care about different sets, and they are verified differently. With labels you can prioritize realistically, negotiate scope, and expose hidden cost. Nonfunctional requirements often drive architecture, technology choice, and budget, and they are the ones most often missed until production. You can also test and accept them differently. When a customer says ""do it all"", the labels give you leverage to ask ""all to what quality, by when, with what constraints?"" It makes risk visible and prevents functional completeness with nonfunctional failure.","Labeling isn't taxonomy for its own sake; it changes how the work is read and managed. Functional requirements define features and behavior, nonfunctional define quality attributes like performance, security, scalability, and transitional define migration and training. Different teams care about different sets, and they are verified differently. With labels you can prioritize realistically, negotiate scope, and expose hidden cost. Nonfunctional requirements often drive architecture, technology choice, and budget, and they are the ones most often missed until production. You can also test and accept them differently. When a customer says ""do it all"", the labels give you leverage to ask ""all to what quality, by when, with what constraints?"" It makes risk visible and prevents functional completeness with nonfunctional failure.",labeling isn't taxonomy for its own sake it changes how the work is read and managed functional requirements define features and behavior nonfunctional define quality attributes like performance security scalability and transitional define migration and training different teams care about different sets and they are verified differently with labels you can prioritize realistically negotiate scope and expose hidden cost nonfunctional requirements often drive architecture technology choice and budget and they are the ones most often missed until production you can also test and accept them differently when a customer says do it all the labels give you leverage to ask all to what quality by when with what constraints it makes risk visible and prevents functional completeness with nonfunctional failure
technical_0167__muse-glimmer-30b,technical_0167,technical,What tools / methodologies / strategies do you use to keep organized in doing your work as a developer? Can you provide details?,"I rely on a mix of lightweight process and tooling. For planning I use GitHub Projects with Kanban columns for backlog, in progress, review, done, paired with issues that have clear acceptance criteria. Daily work lives in a time-boxed TODO list in Obsidian, synced across devices, where I capture tasks from standups and split them into sub-tasks under 90 minutes.

Code is organized via trunk-based development with feature branches, conventional commits, and PR templates that enforce checklist, tests, and docs. Locally I use VS Code with dev containers for reproducible environments and pre-commit hooks for linting and formatting.

For context switching I keep a single source of truth for notes and ADRs, and do a 10 minute end-of-day shutdown ritual to update tickets, log blockers, and plan tomorrow’s top three.","I rely on a mix of lightweight process and tooling. For planning I use GitHub Projects with Kanban columns for backlog, in progress, review, done, paired with issues that have clear acceptance criteria. Daily work lives in a time-boxed TODO list in Obsidian, synced across devices, where I capture tasks from standups and split them into sub-tasks under 90 minutes.

Code is organized via trunk-based development with feature branches, conventional commits, and PR templates that enforce checklist, tests, and docs. Locally I use VS Code with dev containers for reproducible environments and pre-commit hooks for linting and formatting.

For context switching I keep a single source of truth for notes and ADRs, and do a 10 minute end-of-day shutdown ritual to update tickets, log blockers, and plan tomorrow's top three.",muse-glimmer-30b,meta,True,130,821,test,muse-glimmer-30b-q4_k_m,final-2026-09-20,You are answering questions the way a knowledgeable person would in an online discussion. Write in plain prose. Do not restate the question or add a preamble. Begin with the answer itself.,110,170,8192,default,,end_turn,ollama-local-muse-glimmer-30b,2026-09-28 09:28:31.700607+00:00,32.3,muse-glimmer:30b-q4_K_M,q4_k_m,16384,8192,True,"{""temperature"": ""1"", ""top_k"": ""64"", ""top_p"": ""0.95""}","I rely on a mix of lightweight process and tooling. For planning I use GitHub Projects with Kanban columns for backlog, in progress, review, done, paired with issues that have clear acceptance criteria. Daily work lives in a time-boxed TODO list in Obsidian, synced across devices, where I capture tasks from standups and split them into sub-tasks under 90 minutes.

Code is organized via trunk-based development with feature branches, conventional commits, and PR templates that enforce checklist, tests, and docs. Locally I use VS Code with dev containers for reproducible environments and pre-commit hooks for linting and formatting.

For context switching I keep a single source of truth for notes and ADRs, and do a 10 minute end-of-day shutdown ritual to update tickets, log blockers, and plan tomorrow's top three.","I rely on a mix of lightweight process and tooling. For planning I use GitHub Projects with Kanban columns for backlog, in progress, review, done, paired with issues that have clear acceptance criteria. Daily work lives in a time-boxed TODO list in Obsidian, synced across devices, where I capture tasks from standups and split them into sub-tasks under 90 minutes. Code is organized via trunk-based development with feature branches, conventional commits, and PR templates that enforce checklist, tests, and docs. Locally I use VS Code with dev containers for reproducible environments and pre-commit hooks for linting and formatting. For context switching I keep a single source of truth for notes and ADRs, and do a 10 minute end-of-day shutdown ritual to update tickets, log blockers, and plan tomorrow's top three.","I rely on a mix of lightweight process and tooling. For planning I use GitHub Projects with Kanban columns for backlog, in progress, review, done, paired with issues that have clear acceptance criteria. Daily work lives in a time-boxed TODO list in Obsidian, synced across devices, where I capture tasks from standups and split them into sub-tasks under 90 minutes. Code is organized via trunk-based development with feature branches, conventional commits, and PR templates that enforce checklist, tests, and docs. Locally I use VS Code with dev containers for reproducible environments and pre-commit hooks for linting and formatting. For context switching I keep a single source of truth for notes and ADRs, and do a 10 minute end-of-day shutdown ritual to update tickets, log blockers, and plan tomorrow's top three.",i rely on a mix of lightweight process and tooling for planning i use github projects with kanban columns for backlog in progress review done paired with issues that have clear acceptance criteria daily work lives in a time boxed todo list in obsidian synced across devices where i capture tasks from standups and split them into sub tasks under 90 minutes code is organized via trunk based development with feature branches conventional commits and pr templates that enforce checklist tests and docs locally i use vs code with dev containers for reproducible environments and pre commit hooks for linting and formatting for context switching i keep a single source of truth for notes and adrs and do a 10 minute end of day shutdown ritual to update tickets log blockers and plan tomorrow's top three
technical_0184__muse-glimmer-30b,technical_0184,technical,"I have a very small and basic web site on a web server. Usually I'm doing the changes on a localhost where the development version is, and after that I upload it to the server with FileZilla. That's the very obvious way, but it's not the most convenient.

I've worked with SVN, but I've never needed to set anything - just checkout, commit, update. Reading some tutorials I wonder is this the easier way to upload the files to a server? Or are there any easier?","SVN can work but Git is simpler now and gives you history on your laptop without needing a server-side setup for basic use. Keep a local Git repo, commit changes locally, then push to the live server with a single command or a post-receive hook that checks out to the web root. That removes manual FileZilla drag-and-drop and gives you rollback for free.

For a tiny site, even simpler is rsync over SSH: rsync -avz --delete ~/site/ user@host:/var/www/site syncs only changed files and is idempotent. Pair it with a shell alias or a git hook and you get one-step deploys.

If you must stay with SVN, keep a working copy locally and run svn update on the server in a cron or manually, but Git’s distributed model avoids server-side conflicts and works offline.","SVN can work but Git is simpler now and gives you history on your laptop without needing a server-side setup for basic use. Keep a local Git repo, commit changes locally, then push to the live server with a single command or a post-receive hook that checks out to the web root. That removes manual FileZilla drag-and-drop and gives you rollback for free.

For a tiny site, even simpler is rsync over SSH: rsync -avz --delete ~/site/ user@host:/var/www/site syncs only changed files and is idempotent. Pair it with a shell alias or a git hook and you get one-step deploys.

If you must stay with SVN, keep a working copy locally and run svn update on the server in a cron or manually, but Git's distributed model avoids server-side conflicts and works offline.",muse-glimmer-30b,meta,True,133,759,test,muse-glimmer-30b-q4_k_m,final-2026-09-20,You are answering questions the way a knowledgeable person would in an online discussion. Write in plain prose. Do not restate the question or add a preamble. Begin with the answer itself.,110,170,8192,default,,end_turn,ollama-local-muse-glimmer-30b,2026-09-28 09:29:02.496078+00:00,32.3,muse-glimmer:30b-q4_K_M,q4_k_m,16384,8192,True,"{""temperature"": ""1"", ""top_k"": ""64"", ""top_p"": ""0.95""}","SVN can work but Git is simpler now and gives you history on your laptop without needing a server-side setup for basic use. Keep a local Git repo, commit changes locally, then push to the live server with a single command or a post-receive hook that checks out to the web root. That removes manual FileZilla drag-and-drop and gives you rollback for free.

For a tiny site, even simpler is rsync over SSH: rsync -avz --delete ~/site/ user@host:/var/www/site syncs only changed files and is idempotent. Pair it with a shell alias or a git hook and you get one-step deploys.

If you must stay with SVN, keep a working copy locally and run svn update on the server in a cron or manually, but Git's distributed model avoids server-side conflicts and works offline.","SVN can work but Git is simpler now and gives you history on your laptop without needing a server-side setup for basic use. Keep a local Git repo, commit changes locally, then push to the live server with a single command or a post-receive hook that checks out to the web root. That removes manual FileZilla drag-and-drop and gives you rollback for free. For a tiny site, even simpler is rsync over SSH: rsync -avz --delete ~/site/ user@host:/var/www/site syncs only changed files and is idempotent. Pair it with a shell alias or a git hook and you get one-step deploys. If you must stay with SVN, keep a working copy locally and run svn update on the server in a cron or manually, but Git's distributed model avoids server-side conflicts and works offline.","SVN can work but Git is simpler now and gives you history on your laptop without needing a server-side setup for basic use. Keep a local Git repo, commit changes locally, then push to the live server with a single command or a post-receive hook that checks out to the web root. That removes manual FileZilla drag-and-drop and gives you rollback for free. For a tiny site, even simpler is rsync over SSH: rsync -avz - delete ~/site/ user@host:/var/www/site syncs only changed files and is idempotent. Pair it with a shell alias or a git hook and you get one-step deploys. If you must stay with SVN, keep a working copy locally and run svn update on the server in a cron or manually, but Git's distributed model avoids server-side conflicts and works offline.",svn can work but git is simpler now and gives you history on your laptop without needing a server side setup for basic use keep a local git repo commit changes locally then push to the live server with a single command or a post receive hook that checks out to the web root that removes manual filezilla drag and drop and gives you rollback for free for a tiny site even simpler is rsync over ssh rsync avz delete site user host var www site syncs only changed files and is idempotent pair it with a shell alias or a git hook and you get one step deploys if you must stay with svn keep a working copy locally and run svn update on the server in a cron or manually but git's distributed model avoids server side conflicts and works offline
technical_0195__muse-glimmer-30b,technical_0195,technical,"MVC is pretty straightforward. There is a Model, a Controller and a View. When we create a website, it all come together as 'client sends REST keyword request to server -> the server matches the requested URL to the controller action -> which then calls the model(s) for data gathering/processing, gets the result -> and returns the result back to the client as a HTML page (view)'.

What if we are talking about a pure RESTful API web service? Then the flow with be something like 'client sends REST keyword request to server -> the server matches the requested URL to the controller action -> which then calls the model(s) for data gathering/processing, gets the result -> and returns the result back to the client in JSON'. Same as before, but there is no 'view'...or rather, the generated JSON can be thought of as a 'view'. In a sense, we are only utilizing the MC part of MVC. Is that how it is should be done? Or are there any other, better-suited patterns for a API-only service instead of MVC?","For API-only services MVC still works, the View is just serialization. Most frameworks keep a thin Controller that handles HTTP concerns, delegates to an Application/Service layer, which orchestrates Domain/Model logic, then returns DTOs to be serialized to JSON. The Controller should not contain business logic.

This is essentially a layered or Clean Architecture variant. Common refinements are Resource-Based Controllers per aggregate, a separate Service/Application layer for use cases, and a Presentation layer for mapping to DTOs and validation. Hexagonal/Onion makes dependencies point inward to domain.

For read-heavy APIs CQRS separates commands from queries, and Repository pattern isolates persistence. The point is to keep HTTP, serialization and transport concerns out of the domain model, so the Model remains reusable and testable independent of REST.","For API-only services MVC still works, the View is just serialization. Most frameworks keep a thin Controller that handles HTTP concerns, delegates to an Application/Service layer, which orchestrates Domain/Model logic, then returns DTOs to be serialized to JSON. The Controller should not contain business logic.

This is essentially a layered or Clean Architecture variant. Common refinements are Resource-Based Controllers per aggregate, a separate Service/Application layer for use cases, and a Presentation layer for mapping to DTOs and validation. Hexagonal/Onion makes dependencies point inward to domain.

For read-heavy APIs CQRS separates commands from queries, and Repository pattern isolates persistence. The point is to keep HTTP, serialization and transport concerns out of the domain model, so the Model remains reusable and testable independent of REST.",muse-glimmer-30b,meta,True,123,869,test,muse-glimmer-30b-q4_k_m,final-2026-09-20,You are answering questions the way a knowledgeable person would in an online discussion. Write in plain prose. Do not restate the question or add a preamble. Begin with the answer itself.,110,170,8192,default,,end_turn,ollama-local-muse-glimmer-30b,2026-09-28 09:29:32.015296+00:00,32.3,muse-glimmer:30b-q4_K_M,q4_k_m,16384,8192,True,"{""temperature"": ""1"", ""top_k"": ""64"", ""top_p"": ""0.95""}","For API-only services MVC still works, the View is just serialization. Most frameworks keep a thin Controller that handles HTTP concerns, delegates to an Application/Service layer, which orchestrates Domain/Model logic, then returns DTOs to be serialized to JSON. The Controller should not contain business logic.

This is essentially a layered or Clean Architecture variant. Common refinements are Resource-Based Controllers per aggregate, a separate Service/Application layer for use cases, and a Presentation layer for mapping to DTOs and validation. Hexagonal/Onion makes dependencies point inward to domain.

For read-heavy APIs CQRS separates commands from queries, and Repository pattern isolates persistence. The point is to keep HTTP, serialization and transport concerns out of the domain model, so the Model remains reusable and testable independent of REST.","For API-only services MVC still works, the View is just serialization. Most frameworks keep a thin Controller that handles HTTP concerns, delegates to an Application/Service layer, which orchestrates Domain/Model logic, then returns DTOs to be serialized to JSON. The Controller should not contain business logic. This is essentially a layered or Clean Architecture variant. Common refinements are Resource-Based Controllers per aggregate, a separate Service/Application layer for use cases, and a Presentation layer for mapping to DTOs and validation. Hexagonal/Onion makes dependencies point inward to domain. For read-heavy APIs CQRS separates commands from queries, and Repository pattern isolates persistence. The point is to keep HTTP, serialization and transport concerns out of the domain model, so the Model remains reusable and testable independent of REST.","For API-only services MVC still works, the View is just serialization. Most frameworks keep a thin Controller that handles HTTP concerns, delegates to an Application/Service layer, which orchestrates Domain/Model logic, then returns DTOs to be serialized to JSON. The Controller should not contain business logic. This is essentially a layered or Clean Architecture variant. Common refinements are Resource-Based Controllers per aggregate, a separate Service/Application layer for use cases, and a Presentation layer for mapping to DTOs and validation. Hexagonal/Onion makes dependencies point inward to domain. For read-heavy APIs CQRS separates commands from queries, and Repository pattern isolates persistence. The point is to keep HTTP, serialization and transport concerns out of the domain model, so the Model remains reusable and testable independent of REST.",for api only services mvc still works the view is just serialization most frameworks keep a thin controller that handles http concerns delegates to an application service layer which orchestrates domain model logic then returns dtos to be serialized to json the controller should not contain business logic this is essentially a layered or clean architecture variant common refinements are resource based controllers per aggregate a separate service application layer for use cases and a presentation layer for mapping to dtos and validation hexagonal onion makes dependencies point inward to domain for read heavy apis cqrs separates commands from queries and repository pattern isolates persistence the point is to keep http serialization and transport concerns out of the domain model so the model remains reusable and testable independent of rest
technical_0198__muse-glimmer-30b,technical_0198,technical,"I migrated some files from one Version Control System to another. I have to prove that content are identical (between source and destination, denote 1 , 2). There are a few zips files (lets call them A B C) each of which contains hundreds of files. I am looking at best way to do CRC comparison between content in old VCS against the new one.

1) Generate CRC on each ZIP file as a whole and compare the CRC of 2 corresponding zips file. ZIP-ZIP CRC comparison.

Obviously, this approach will be easier. But I don't know what will include in calculation of CRC. Or even if CRC of two zip files with identical file content might be different.(modified date?).

2) Compare CRC of each files in zip against corresponding files. File-File CRC Comparison

with this approach, I will have to write a script that goes through each file in zip (say A1) and extract their CRC. Build a list with [path file name, crc]. do the same for zip(A2). Compare list.

Have anyone ever done something like this?","Zip-to-zip CRC is unreliable. A ZIP stores per-file timestamps, compression flags, order and central-directory metadata, so two archives with identical payloads can have different bytes and CRC32. Even recompressing same content yields different archives.

Do file-to-file content hashing. Extract or stream each entry from both archives without fully unpacking, compute a strong hash like SHA-256 or BLAKE2 of the decompressed data, and compare by relative path.

With Python: zipfile.ZipFile(...).namelist(), read each info and hash(io.BytesIO(...)). Build dict path→hash for A1 and A2 and diff.

CRC32 is weak for proof; use cryptographic hash and keep a manifest. This proves content identity independent of archive metadata. Streaming avoids temp disk use. The manifest gives auditable proof that file contents match regardless of how the ZIP was created.","Zip-to-zip CRC is unreliable. A ZIP stores per-file timestamps, compression flags, order and central-directory metadata, so two archives with identical payloads can have different bytes and CRC32. Even recompressing same content yields different archives.

Do file-to-file content hashing. Extract or stream each entry from both archives without fully unpacking, compute a strong hash like SHA-256 or BLAKE2 of the decompressed data, and compare by relative path.

With Python: zipfile.ZipFile(...).namelist(), read each info and hash(io.BytesIO(...)). Build dict path→hash for A1 and A2 and diff.

CRC32 is weak for proof; use cryptographic hash and keep a manifest. This proves content identity independent of archive metadata. Streaming avoids temp disk use. The manifest gives auditable proof that file contents match regardless of how the ZIP was created.",muse-glimmer-30b,meta,True,124,860,test,muse-glimmer-30b-q4_k_m,final-2026-09-20,You are answering questions the way a knowledgeable person would in an online discussion. Write in plain prose. Do not restate the question or add a preamble. Begin with the answer itself.,110,170,8192,default,,end_turn,ollama-local-muse-glimmer-30b,2026-09-28 09:30:07.192601+00:00,32.3,muse-glimmer:30b-q4_K_M,q4_k_m,16384,8192,True,"{""temperature"": ""1"", ""top_k"": ""64"", ""top_p"": ""0.95""}","Zip-to-zip CRC is unreliable. A ZIP stores per-file timestamps, compression flags, order and central-directory metadata, so two archives with identical payloads can have different bytes and CRC32. Even recompressing same content yields different archives.

Do file-to-file content hashing. Extract or stream each entry from both archives without fully unpacking, compute a strong hash like SHA-256 or BLAKE2 of the decompressed data, and compare by relative path.

With Python: zipfile.ZipFile(...).namelist(), read each info and hash(io.BytesIO(...)). Build dict path→hash for A1 and A2 and diff.

CRC32 is weak for proof; use cryptographic hash and keep a manifest. This proves content identity independent of archive metadata. Streaming avoids temp disk use. The manifest gives auditable proof that file contents match regardless of how the ZIP was created.","Zip-to-zip CRC is unreliable. A ZIP stores per-file timestamps, compression flags, order and central-directory metadata, so two archives with identical payloads can have different bytes and CRC32. Even recompressing same content yields different archives. Do file-to-file content hashing. Extract or stream each entry from both archives without fully unpacking, compute a strong hash like SHA-256 or BLAKE2 of the decompressed data, and compare by relative path. With Python: zipfile.ZipFile(...).namelist(), read each info and hash(io.BytesIO(...)). Build dict path→hash for A1 and A2 and diff. CRC32 is weak for proof; use cryptographic hash and keep a manifest. This proves content identity independent of archive metadata. Streaming avoids temp disk use. The manifest gives auditable proof that file contents match regardless of how the ZIP was created.","Zip-to-zip CRC is unreliable. A ZIP stores per-file timestamps, compression flags, order and central-directory metadata, so two archives with identical payloads can have different bytes and CRC32. Even recompressing same content yields different archives. Do file-to-file content hashing. Extract or stream each entry from both archives without fully unpacking, compute a strong hash like SHA-256 or BLAKE2 of the decompressed data, and compare by relative path. With Python: zipfile.ZipFile(...).namelist(), read each info and hash(io.BytesIO(...)). Build dict path→hash for A1 and A2 and diff. CRC32 is weak for proof; use cryptographic hash and keep a manifest. This proves content identity independent of archive metadata. Streaming avoids temp disk use. The manifest gives auditable proof that file contents match regardless of how the ZIP was created.",zip to zip crc is unreliable a zip stores per file timestamps compression flags order and central directory metadata so two archives with identical payloads can have different bytes and crc32 even recompressing same content yields different archives do file to file content hashing extract or stream each entry from both archives without fully unpacking compute a strong hash like sha 256 or blake2 of the decompressed data and compare by relative path with python zipfile zipfile namelist read each info and hash io bytesio build dict path hash for a1 and a2 and diff crc32 is weak for proof use cryptographic hash and keep a manifest this proves content identity independent of archive metadata streaming avoids temp disk use the manifest gives auditable proof that file contents match regardless of how the zip was created
technical_0203__muse-glimmer-30b,technical_0203,technical,"When considering what Windows event logs to incorporate into a SIEM solution, should I be looking at just the Security event logs, or all categories of event log? How useful are the other categories in detecting and responding to security incidents?","Include far more than just Security. Security logs capture authentication, privilege use, object access and policy changes, and remain essential. But Application, System, DNS Client, PowerShell, Sysmon and the Microsoft-Windows-* operational logs provide context that makes those security events actionable.

System logs reveal service failures, driver loads, unexpected shutdowns and boot anomalies often preceding compromise. Application logs show malicious installers, Office macro execution and application crashes. PowerShell Operational and Module logs expose script-based attacks that may never generate a Security event. DNS Client and Web Proxy logs help map C2 communications.

For detection, correlation across logs reduces false positives and builds timelines. For response, non-security logs confirm impact, scope and persistence mechanisms. Collect them selectively to control volume but the broader Windows telemetry is what turns isolated Security alerts into investigable incidents.","Include far more than just Security. Security logs capture authentication, privilege use, object access and policy changes, and remain essential. But Application, System, DNS Client, PowerShell, Sysmon and the Microsoft-Windows-* operational logs provide context that makes those security events actionable.

System logs reveal service failures, driver loads, unexpected shutdowns and boot anomalies often preceding compromise. Application logs show malicious installers, Office macro execution and application crashes. PowerShell Operational and Module logs expose script-based attacks that may never generate a Security event. DNS Client and Web Proxy logs help map C2 communications.

For detection, correlation across logs reduces false positives and builds timelines. For response, non-security logs confirm impact, scope and persistence mechanisms. Collect them selectively to control volume but the broader Windows telemetry is what turns isolated Security alerts into investigable incidents.",muse-glimmer-30b,meta,True,132,999,test,muse-glimmer-30b-q4_k_m,final-2026-09-20,You are answering questions the way a knowledgeable person would in an online discussion. Write in plain prose. Do not restate the question or add a preamble. Begin with the answer itself.,110,170,8192,default,,end_turn,ollama-local-muse-glimmer-30b,2026-09-28 09:30:33.730992+00:00,32.3,muse-glimmer:30b-q4_K_M,q4_k_m,16384,8192,True,"{""temperature"": ""1"", ""top_k"": ""64"", ""top_p"": ""0.95""}","Include far more than just Security. Security logs capture authentication, privilege use, object access and policy changes, and remain essential. But Application, System, DNS Client, PowerShell, Sysmon and the Microsoft-Windows-* operational logs provide context that makes those security events actionable.

System logs reveal service failures, driver loads, unexpected shutdowns and boot anomalies often preceding compromise. Application logs show malicious installers, Office macro execution and application crashes. PowerShell Operational and Module logs expose script-based attacks that may never generate a Security event. DNS Client and Web Proxy logs help map C2 communications.

For detection, correlation across logs reduces false positives and builds timelines. For response, non-security logs confirm impact, scope and persistence mechanisms. Collect them selectively to control volume but the broader Windows telemetry is what turns isolated Security alerts into investigable incidents.","Include far more than just Security. Security logs capture authentication, privilege use, object access and policy changes, and remain essential. But Application, System, DNS Client, PowerShell, Sysmon and the Microsoft-Windows-* operational logs provide context that makes those security events actionable. System logs reveal service failures, driver loads, unexpected shutdowns and boot anomalies often preceding compromise. Application logs show malicious installers, Office macro execution and application crashes. PowerShell Operational and Module logs expose script-based attacks that may never generate a Security event. DNS Client and Web Proxy logs help map C2 communications. For detection, correlation across logs reduces false positives and builds timelines. For response, non-security logs confirm impact, scope and persistence mechanisms. Collect them selectively to control volume but the broader Windows telemetry is what turns isolated Security alerts into investigable incidents.","Include far more than just Security. Security logs capture authentication, privilege use, object access and policy changes, and remain essential. But Application, System, DNS Client, PowerShell, Sysmon and the Microsoft-Windows-* operational logs provide context that makes those security events actionable. System logs reveal service failures, driver loads, unexpected shutdowns and boot anomalies often preceding compromise. Application logs show malicious installers, Office macro execution and application crashes. PowerShell Operational and Module logs expose script-based attacks that may never generate a Security event. DNS Client and Web Proxy logs help map C2 communications. For detection, correlation across logs reduces false positives and builds timelines. For response, non-security logs confirm impact, scope and persistence mechanisms. Collect them selectively to control volume but the broader Windows telemetry is what turns isolated Security alerts into investigable incidents.",include far more than just security security logs capture authentication privilege use object access and policy changes and remain essential but application system dns client powershell sysmon and the microsoft windows operational logs provide context that makes those security events actionable system logs reveal service failures driver loads unexpected shutdowns and boot anomalies often preceding compromise application logs show malicious installers office macro execution and application crashes powershell operational and module logs expose script based attacks that may never generate a security event dns client and web proxy logs help map c2 communications for detection correlation across logs reduces false positives and builds timelines for response non security logs confirm impact scope and persistence mechanisms collect them selectively to control volume but the broader windows telemetry is what turns isolated security alerts into investigable incidents
technical_0207__muse-glimmer-30b,technical_0207,technical,"For a few years i stored my personal text files encrypted using an asymmetric key through GnuPG. Now i thought that it is a good idea to also encrypt my hard drive partition. Does it make sense to use both filesystem encryption (via, say, dm-crypt) and encryption via GPG for separate files? If this is unnecessary, what should i stick with for personal encryption of textual data?

I want to be able to use version control system and text processing tools on these files and also optionally apply steganography to conceal the existence of the files from intruders altogether.

I use GNU/Linux.","Use full-disk LUKS/dm-crypt for the partition and drop per-file GPG for day-to-day work. LUKS protects everything at rest, covers metadata and swap, and lets you edit files normally with git, editors and steganography tools without decrypt-encrypt cycles. GPG is useful for asymmetric sharing or archival of individual files, not for active editing. Storing plaintext under LUKS means steganography works on the real data, and git history stays readable while still confidential when the volume is locked. Double encryption adds complexity and key management burden with little benefit unless you need offline backups of especially sensitive files. Keep one LUKS passphrase for the system and reserve GPG for exportable copies. That gives practical usability without sacrificing confidentiality.","Use full-disk LUKS/dm-crypt for the partition and drop per-file GPG for day-to-day work. LUKS protects everything at rest, covers metadata and swap, and lets you edit files normally with git, editors and steganography tools without decrypt-encrypt cycles. GPG is useful for asymmetric sharing or archival of individual files, not for active editing. Storing plaintext under LUKS means steganography works on the real data, and git history stays readable while still confidential when the volume is locked. Double encryption adds complexity and key management burden with little benefit unless you need offline backups of especially sensitive files. Keep one LUKS passphrase for the system and reserve GPG for exportable copies. That gives practical usability without sacrificing confidentiality.",muse-glimmer-30b,meta,True,116,795,test,muse-glimmer-30b-q4_k_m,final-2026-09-20,You are answering questions the way a knowledgeable person would in an online discussion. Write in plain prose. Do not restate the question or add a preamble. Begin with the answer itself.,110,170,8192,default,,end_turn,ollama-local-muse-glimmer-30b,2026-09-28 09:31:34.029375+00:00,32.3,muse-glimmer:30b-q4_K_M,q4_k_m,16384,8192,True,"{""temperature"": ""1"", ""top_k"": ""64"", ""top_p"": ""0.95""}","Use full-disk LUKS/dm-crypt for the partition and drop per-file GPG for day-to-day work. LUKS protects everything at rest, covers metadata and swap, and lets you edit files normally with git, editors and steganography tools without decrypt-encrypt cycles. GPG is useful for asymmetric sharing or archival of individual files, not for active editing. Storing plaintext under LUKS means steganography works on the real data, and git history stays readable while still confidential when the volume is locked. Double encryption adds complexity and key management burden with little benefit unless you need offline backups of especially sensitive files. Keep one LUKS passphrase for the system and reserve GPG for exportable copies. That gives practical usability without sacrificing confidentiality.","Use full-disk LUKS/dm-crypt for the partition and drop per-file GPG for day-to-day work. LUKS protects everything at rest, covers metadata and swap, and lets you edit files normally with git, editors and steganography tools without decrypt-encrypt cycles. GPG is useful for asymmetric sharing or archival of individual files, not for active editing. Storing plaintext under LUKS means steganography works on the real data, and git history stays readable while still confidential when the volume is locked. Double encryption adds complexity and key management burden with little benefit unless you need offline backups of especially sensitive files. Keep one LUKS passphrase for the system and reserve GPG for exportable copies. That gives practical usability without sacrificing confidentiality.","Use full-disk LUKS/dm-crypt for the partition and drop per-file GPG for day-to-day work. LUKS protects everything at rest, covers metadata and swap, and lets you edit files normally with git, editors and steganography tools without decrypt-encrypt cycles. GPG is useful for asymmetric sharing or archival of individual files, not for active editing. Storing plaintext under LUKS means steganography works on the real data, and git history stays readable while still confidential when the volume is locked. Double encryption adds complexity and key management burden with little benefit unless you need offline backups of especially sensitive files. Keep one LUKS passphrase for the system and reserve GPG for exportable copies. That gives practical usability without sacrificing confidentiality.",use full disk luks dm crypt for the partition and drop per file gpg for day to day work luks protects everything at rest covers metadata and swap and lets you edit files normally with git editors and steganography tools without decrypt encrypt cycles gpg is useful for asymmetric sharing or archival of individual files not for active editing storing plaintext under luks means steganography works on the real data and git history stays readable while still confidential when the volume is locked double encryption adds complexity and key management burden with little benefit unless you need offline backups of especially sensitive files keep one luks passphrase for the system and reserve gpg for exportable copies that gives practical usability without sacrificing confidentiality
technical_0212__muse-glimmer-30b,technical_0212,technical,"I'd like to know if Aescrypt is a valid tool, or if for a very secure protection, the only choice is to use a software like gpg, or similar.

More I've another curiosity, if one doesn't want to use encrypted email with a related software, could it be secure send AES encrypted files, through normal email connection ? Could it be usefull to use a rar AES protected archive, to further protect files ?

Thanks","Aescrypt is a valid, open-source tool that implements AES-256 in CBC mode with a password-derived key. It is cryptographically sound for file encryption, though it lacks modern features like authenticated encryption, key exchange, or standardized passphrase hardening found in GPG.

GPG is not the only secure choice, but it adds asymmetric encryption, signatures, and a mature ecosystem. For very high security, GPG or age/minisign is preferable for key management and authenticity, not just confidentiality.

Sending AES-encrypted files by normal email is secure against transit eavesdropping, because the encryption protects content. Email itself is unencrypted in transit and stored in plaintext by providers, so metadata leaks and the risk of weak or shared passwords remain.

A RAR AES-protected archive can hide content, but RAR’s AES implementation is older and its password-based key derivation is weaker than modern tools. It also lacks authentication, so it is not more secure than Aescrypt and generally less auditable than GPG or age.","Aescrypt is a valid, open-source tool that implements AES-256 in CBC mode with a password-derived key. It is cryptographically sound for file encryption, though it lacks modern features like authenticated encryption, key exchange, or standardized passphrase hardening found in GPG.

GPG is not the only secure choice, but it adds asymmetric encryption, signatures, and a mature ecosystem. For very high security, GPG or age/minisign is preferable for key management and authenticity, not just confidentiality.

Sending AES-encrypted files by normal email is secure against transit eavesdropping, because the encryption protects content. Email itself is unencrypted in transit and stored in plaintext by providers, so metadata leaks and the risk of weak or shared passwords remain.

A RAR AES-protected archive can hide content, but RAR's AES implementation is older and its password-based key derivation is weaker than modern tools. It also lacks authentication, so it is not more secure than Aescrypt and generally less auditable than GPG or age.",muse-glimmer-30b,meta,True,157,1047,test,muse-glimmer-30b-q4_k_m,final-2026-09-20,You are answering questions the way a knowledgeable person would in an online discussion. Write in plain prose. Do not restate the question or add a preamble. Begin with the answer itself.,110,170,8192,default,,end_turn,ollama-local-muse-glimmer-30b,2026-09-28 09:32:11.163592+00:00,32.3,muse-glimmer:30b-q4_K_M,q4_k_m,16384,8192,True,"{""temperature"": ""1"", ""top_k"": ""64"", ""top_p"": ""0.95""}","Aescrypt is a valid, open-source tool that implements AES-256 in CBC mode with a password-derived key. It is cryptographically sound for file encryption, though it lacks modern features like authenticated encryption, key exchange, or standardized passphrase hardening found in GPG.

GPG is not the only secure choice, but it adds asymmetric encryption, signatures, and a mature ecosystem. For very high security, GPG or age/minisign is preferable for key management and authenticity, not just confidentiality.

Sending AES-encrypted files by normal email is secure against transit eavesdropping, because the encryption protects content. Email itself is unencrypted in transit and stored in plaintext by providers, so metadata leaks and the risk of weak or shared passwords remain.

A RAR AES-protected archive can hide content, but RAR's AES implementation is older and its password-based key derivation is weaker than modern tools. It also lacks authentication, so it is not more secure than Aescrypt and generally less auditable than GPG or age.","Aescrypt is a valid, open-source tool that implements AES-256 in CBC mode with a password-derived key. It is cryptographically sound for file encryption, though it lacks modern features like authenticated encryption, key exchange, or standardized passphrase hardening found in GPG. GPG is not the only secure choice, but it adds asymmetric encryption, signatures, and a mature ecosystem. For very high security, GPG or age/minisign is preferable for key management and authenticity, not just confidentiality. Sending AES-encrypted files by normal email is secure against transit eavesdropping, because the encryption protects content. Email itself is unencrypted in transit and stored in plaintext by providers, so metadata leaks and the risk of weak or shared passwords remain. A RAR AES-protected archive can hide content, but RAR's AES implementation is older and its password-based key derivation is weaker than modern tools. It also lacks authentication, so it is not more secure than Aescrypt and generally less auditable than GPG or age.","Aescrypt is a valid, open-source tool that implements AES-256 in CBC mode with a password-derived key. It is cryptographically sound for file encryption, though it lacks modern features like authenticated encryption, key exchange, or standardized passphrase hardening found in GPG. GPG is not the only secure choice, but it adds asymmetric encryption, signatures, and a mature ecosystem. For very high security, GPG or age/minisign is preferable for key management and authenticity, not just confidentiality. Sending AES-encrypted files by normal email is secure against transit eavesdropping, because the encryption protects content. Email itself is unencrypted in transit and stored in plaintext by providers, so metadata leaks and the risk of weak or shared passwords remain. A RAR AES-protected archive can hide content, but RAR's AES implementation is older and its password-based key derivation is weaker than modern tools. It also lacks authentication, so it is not more secure than Aescrypt and generally less auditable than GPG or age.",aescrypt is a valid open source tool that implements aes 256 in cbc mode with a password derived key it is cryptographically sound for file encryption though it lacks modern features like authenticated encryption key exchange or standardized passphrase hardening found in gpg gpg is not the only secure choice but it adds asymmetric encryption signatures and a mature ecosystem for very high security gpg or age minisign is preferable for key management and authenticity not just confidentiality sending aes encrypted files by normal email is secure against transit eavesdropping because the encryption protects content email itself is unencrypted in transit and stored in plaintext by providers so metadata leaks and the risk of weak or shared passwords remain a rar aes protected archive can hide content but rar's aes implementation is older and its password based key derivation is weaker than modern tools it also lacks authentication so it is not more secure than aescrypt and generally less auditable than gpg or age
technical_0233__muse-glimmer-30b,technical_0233,technical,"For the purpose of a forensic mission, we must get a docker image without using the famous export from a docker command.

Does copy and paste of the folder /var/lib/docker/containers in another server allow us to retrieve information without any corrupted data?

Thanks.","No. /var/lib/docker/containers holds only per-container metadata, JSON configs and logs, not the image layers themselves. Images live under /var/lib/docker/overlay2, aufs, btrfs, etc., and the image metadata is in /var/lib/docker/image/. Copying containers alone will not let you reconstruct an image and will give you incomplete forensic evidence.

Even copying the whole /var/lib/docker tree is risky without a proper preservation method. You need a consistent, read-only snapshot and archive with full metadata preserved: permissions, ownership, xattrs, extended attributes and timestamps. Use tar --xattrs --acls --same-owner --preserve-permissions or rsync -aHAX --numeric-ids. Avoid live copies; Docker writes constantly, so files can be torn and checksums will mismatch.

For forensics, image files should be acquired as a tar of the graph driver and image database, ideally from a quiesced host or snapshot, with hash verification.","No. /var/lib/docker/containers holds only per-container metadata, JSON configs and logs, not the image layers themselves. Images live under /var/lib/docker/overlay2, aufs, btrfs, etc., and the image metadata is in /var/lib/docker/image/. Copying containers alone will not let you reconstruct an image and will give you incomplete forensic evidence.

Even copying the whole /var/lib/docker tree is risky without a proper preservation method. You need a consistent, read-only snapshot and archive with full metadata preserved: permissions, ownership, xattrs, extended attributes and timestamps. Use tar --xattrs --acls --same-owner --preserve-permissions or rsync -aHAX --numeric-ids. Avoid live copies; Docker writes constantly, so files can be torn and checksums will mismatch.

For forensics, image files should be acquired as a tar of the graph driver and image database, ideally from a quiesced host or snapshot, with hash verification.",muse-glimmer-30b,meta,True,130,939,test,muse-glimmer-30b-q4_k_m,final-2026-09-20,You are answering questions the way a knowledgeable person would in an online discussion. Write in plain prose. Do not restate the question or add a preamble. Begin with the answer itself.,110,170,8192,default,,end_turn,ollama-local-muse-glimmer-30b,2026-09-28 09:32:53.594145+00:00,32.3,muse-glimmer:30b-q4_K_M,q4_k_m,16384,8192,True,"{""temperature"": ""1"", ""top_k"": ""64"", ""top_p"": ""0.95""}","No. /var/lib/docker/containers holds only per-container metadata, JSON configs and logs, not the image layers themselves. Images live under /var/lib/docker/overlay2, aufs, btrfs, etc., and the image metadata is in /var/lib/docker/image/. Copying containers alone will not let you reconstruct an image and will give you incomplete forensic evidence.

Even copying the whole /var/lib/docker tree is risky without a proper preservation method. You need a consistent, read-only snapshot and archive with full metadata preserved: permissions, ownership, xattrs, extended attributes and timestamps. Use tar --xattrs --acls --same-owner --preserve-permissions or rsync -aHAX --numeric-ids. Avoid live copies; Docker writes constantly, so files can be torn and checksums will mismatch.

For forensics, image files should be acquired as a tar of the graph driver and image database, ideally from a quiesced host or snapshot, with hash verification.","No. /var/lib/docker/containers holds only per-container metadata, JSON configs and logs, not the image layers themselves. Images live under /var/lib/docker/overlay2, aufs, btrfs, etc., and the image metadata is in /var/lib/docker/image/. Copying containers alone will not let you reconstruct an image and will give you incomplete forensic evidence. Even copying the whole /var/lib/docker tree is risky without a proper preservation method. You need a consistent, read-only snapshot and archive with full metadata preserved: permissions, ownership, xattrs, extended attributes and timestamps. Use tar --xattrs --acls --same-owner --preserve-permissions or rsync -aHAX --numeric-ids. Avoid live copies; Docker writes constantly, so files can be torn and checksums will mismatch. For forensics, image files should be acquired as a tar of the graph driver and image database, ideally from a quiesced host or snapshot, with hash verification.","No. /var/lib/docker/containers holds only per-container metadata, JSON configs and logs, not the image layers themselves. Images live under /var/lib/docker/overlay2, aufs, btrfs, etc., and the image metadata is in /var/lib/docker/image/. Copying containers alone will not let you reconstruct an image and will give you incomplete forensic evidence. Even copying the whole /var/lib/docker tree is risky without a proper preservation method. You need a consistent, read-only snapshot and archive with full metadata preserved: permissions, ownership, xattrs, extended attributes and timestamps. Use tar - xattrs - acls - same-owner - preserve-permissions or rsync -aHAX - numeric-ids. Avoid live copies; Docker writes constantly, so files can be torn and checksums will mismatch. For forensics, image files should be acquired as a tar of the graph driver and image database, ideally from a quiesced host or snapshot, with hash verification.",no var lib docker containers holds only per container metadata json configs and logs not the image layers themselves images live under var lib docker overlay2 aufs btrfs etc and the image metadata is in var lib docker image copying containers alone will not let you reconstruct an image and will give you incomplete forensic evidence even copying the whole var lib docker tree is risky without a proper preservation method you need a consistent read only snapshot and archive with full metadata preserved permissions ownership xattrs extended attributes and timestamps use tar xattrs acls same owner preserve permissions or rsync ahax numeric ids avoid live copies docker writes constantly so files can be torn and checksums will mismatch for forensics image files should be acquired as a tar of the graph driver and image database ideally from a quiesced host or snapshot with hash verification
technical_0238__muse-glimmer-30b,technical_0238,technical,"The use of paid API is increasingly rising each year. For example, IBM, Google and Microsoft are providing paid API such as Text to Speech, Speech to Text and Image to Text and vice versa.

I have a question about what happens If I build an app and publish it:

1.What happens when another person use Wireshack or reverse engineering to obtain the key of this API and then use it in their app or sell it?

2.Will I be paying for this even though my clients are not the people using this API?

3.Is there a way to reduce or prevent this from happening?

I am just worried about this and sure this is happening or must have happened at some point.

NOTE:

I asked this because I saw my Google Map API with the Wireshark software.

My initial solution is to make each user create username and password and apply restrictions to each individual user but those companies I mentioned up don't do that. They simply use one single key for their services.","If someone extracts your API key with Wireshark and reverse engineering, they can make requests billed to your project. You are responsible for all usage tied to the key, not just your own users, so yes you will pay for their abuse until you stop it.

Providers mitigate this with key restrictions, not per-user logins. For Google Maps, restrict keys to specific Android app package name and SHA-1 fingerprint, iOS bundle ID, HTTP referrer for web, or IP ranges for servers. Rotate the compromised key immediately and create new ones per environment.

For sensitive APIs, proxy requests through your backend, keep the key server-side, authenticate your own users, and add rate limits and usage monitoring. This hides the key from clients and lets you revoke access per user without exposing credentials.","If someone extracts your API key with Wireshark and reverse engineering, they can make requests billed to your project. You are responsible for all usage tied to the key, not just your own users, so yes you will pay for their abuse until you stop it.

Providers mitigate this with key restrictions, not per-user logins. For Google Maps, restrict keys to specific Android app package name and SHA-1 fingerprint, iOS bundle ID, HTTP referrer for web, or IP ranges for servers. Rotate the compromised key immediately and create new ones per environment.

For sensitive APIs, proxy requests through your backend, keep the key server-side, authenticate your own users, and add rate limits and usage monitoring. This hides the key from clients and lets you revoke access per user without exposing credentials.",muse-glimmer-30b,meta,True,131,803,test,muse-glimmer-30b-q4_k_m,final-2026-09-20,You are answering questions the way a knowledgeable person would in an online discussion. Write in plain prose. Do not restate the question or add a preamble. Begin with the answer itself.,110,170,8192,default,,end_turn,ollama-local-muse-glimmer-30b,2026-09-28 09:33:22.483113+00:00,32.3,muse-glimmer:30b-q4_K_M,q4_k_m,16384,8192,True,"{""temperature"": ""1"", ""top_k"": ""64"", ""top_p"": ""0.95""}","If someone extracts your API key with Wireshark and reverse engineering, they can make requests billed to your project. You are responsible for all usage tied to the key, not just your own users, so yes you will pay for their abuse until you stop it.

Providers mitigate this with key restrictions, not per-user logins. For Google Maps, restrict keys to specific Android app package name and SHA-1 fingerprint, iOS bundle ID, HTTP referrer for web, or IP ranges for servers. Rotate the compromised key immediately and create new ones per environment.

For sensitive APIs, proxy requests through your backend, keep the key server-side, authenticate your own users, and add rate limits and usage monitoring. This hides the key from clients and lets you revoke access per user without exposing credentials.","If someone extracts your API key with Wireshark and reverse engineering, they can make requests billed to your project. You are responsible for all usage tied to the key, not just your own users, so yes you will pay for their abuse until you stop it. Providers mitigate this with key restrictions, not per-user logins. For Google Maps, restrict keys to specific Android app package name and SHA-1 fingerprint, iOS bundle ID, HTTP referrer for web, or IP ranges for servers. Rotate the compromised key immediately and create new ones per environment. For sensitive APIs, proxy requests through your backend, keep the key server-side, authenticate your own users, and add rate limits and usage monitoring. This hides the key from clients and lets you revoke access per user without exposing credentials.","If someone extracts your API key with Wireshark and reverse engineering, they can make requests billed to your project. You are responsible for all usage tied to the key, not just your own users, so yes you will pay for their abuse until you stop it. Providers mitigate this with key restrictions, not per-user logins. For Google Maps, restrict keys to specific Android app package name and SHA-1 fingerprint, iOS bundle ID, HTTP referrer for web, or IP ranges for servers. Rotate the compromised key immediately and create new ones per environment. For sensitive APIs, proxy requests through your backend, keep the key server-side, authenticate your own users, and add rate limits and usage monitoring. This hides the key from clients and lets you revoke access per user without exposing credentials.",if someone extracts your api key with wireshark and reverse engineering they can make requests billed to your project you are responsible for all usage tied to the key not just your own users so yes you will pay for their abuse until you stop it providers mitigate this with key restrictions not per user logins for google maps restrict keys to specific android app package name and sha 1 fingerprint ios bundle id http referrer for web or ip ranges for servers rotate the compromised key immediately and create new ones per environment for sensitive apis proxy requests through your backend keep the key server side authenticate your own users and add rate limits and usage monitoring this hides the key from clients and lets you revoke access per user without exposing credentials
technical_0255__muse-glimmer-30b,technical_0255,technical,"I know the difference between clustering and classification in machine learning, but I don't understand the difference between text classification and topic modeling for documents. Can I use topic modeling over documents to identify a topic? Can I use classification methods to classify the text inside these documents?","Text classification assigns documents to predefined labels using supervised learning with labeled examples. The categories are known in advance, such as spam vs ham, news section, sentiment, and the model learns a mapping from text features to those labels.

Topic modeling is unsupervised. Models like LDA discover latent word co-occurrence patterns across a corpus and represent each document as a mixture of topics, without predefined names. Topics emerge from the data and must be interpreted afterward.

Yes, you can use topic modeling to identify topics in an unlabeled collection, giving exploratory insight. You can also use classification to label text inside documents, for example sentence-level sentiment or entity tagging, and classification requires labeled training data while topic modeling does not.","Text classification assigns documents to predefined labels using supervised learning with labeled examples. The categories are known in advance, such as spam vs ham, news section, sentiment, and the model learns a mapping from text features to those labels.

Topic modeling is unsupervised. Models like LDA discover latent word co-occurrence patterns across a corpus and represent each document as a mixture of topics, without predefined names. Topics emerge from the data and must be interpreted afterward.

Yes, you can use topic modeling to identify topics in an unlabeled collection, giving exploratory insight. You can also use classification to label text inside documents, for example sentence-level sentiment or entity tagging, and classification requires labeled training data while topic modeling does not.",muse-glimmer-30b,meta,True,120,816,test,muse-glimmer-30b-q4_k_m,final-2026-09-20,You are answering questions the way a knowledgeable person would in an online discussion. Write in plain prose. Do not restate the question or add a preamble. Begin with the answer itself.,110,170,8192,default,,end_turn,ollama-local-muse-glimmer-30b,2026-09-28 09:33:48.435147+00:00,32.3,muse-glimmer:30b-q4_K_M,q4_k_m,16384,8192,True,"{""temperature"": ""1"", ""top_k"": ""64"", ""top_p"": ""0.95""}","Text classification assigns documents to predefined labels using supervised learning with labeled examples. The categories are known in advance, such as spam vs ham, news section, sentiment, and the model learns a mapping from text features to those labels.

Topic modeling is unsupervised. Models like LDA discover latent word co-occurrence patterns across a corpus and represent each document as a mixture of topics, without predefined names. Topics emerge from the data and must be interpreted afterward.

Yes, you can use topic modeling to identify topics in an unlabeled collection, giving exploratory insight. You can also use classification to label text inside documents, for example sentence-level sentiment or entity tagging, and classification requires labeled training data while topic modeling does not.","Text classification assigns documents to predefined labels using supervised learning with labeled examples. The categories are known in advance, such as spam vs ham, news section, sentiment, and the model learns a mapping from text features to those labels. Topic modeling is unsupervised. Models like LDA discover latent word co-occurrence patterns across a corpus and represent each document as a mixture of topics, without predefined names. Topics emerge from the data and must be interpreted afterward. Yes, you can use topic modeling to identify topics in an unlabeled collection, giving exploratory insight. You can also use classification to label text inside documents, for example sentence-level sentiment or entity tagging, and classification requires labeled training data while topic modeling does not.","Text classification assigns documents to predefined labels using supervised learning with labeled examples. The categories are known in advance, such as spam vs ham, news section, sentiment, and the model learns a mapping from text features to those labels. Topic modeling is unsupervised. Models like LDA discover latent word co-occurrence patterns across a corpus and represent each document as a mixture of topics, without predefined names. Topics emerge from the data and must be interpreted afterward. Yes, you can use topic modeling to identify topics in an unlabeled collection, giving exploratory insight. You can also use classification to label text inside documents, for example sentence-level sentiment or entity tagging, and classification requires labeled training data while topic modeling does not.",text classification assigns documents to predefined labels using supervised learning with labeled examples the categories are known in advance such as spam vs ham news section sentiment and the model learns a mapping from text features to those labels topic modeling is unsupervised models like lda discover latent word co occurrence patterns across a corpus and represent each document as a mixture of topics without predefined names topics emerge from the data and must be interpreted afterward yes you can use topic modeling to identify topics in an unlabeled collection giving exploratory insight you can also use classification to label text inside documents for example sentence level sentiment or entity tagging and classification requires labeled training data while topic modeling does not
technical_0260__muse-glimmer-30b,technical_0260,technical,"Is it correct to say that any statistical learning algorithm (linear/logistic regression, SVM, neural network, random forest) can be implemented inside a Map Reduce framework? Or are there restrictions?

I guess there may be some algorithms that is not possible to parallelize?","Not every statistical learner maps cleanly to MapReduce. MapReduce is batch, disk-based, and assumes independent mappers with a single shuffle-reduce, so iterative, sequential or stateful algorithms suffer.

Linear and logistic regression with gradient descent can be parallelized via data-parallel sums of gradients, and indeed are used in MapReduce with iterative MapReduce jobs. SVMs, especially kernel SVMs, need pairwise interactions and multiple passes, making them awkward and expensive; linear SVMs fare better.

Neural networks with backpropagation require many synchronized iterations and parameter servers; MapReduce’s high latency makes it impractical, though data-parallel SGD can be shoehorned with repeated jobs.

Random forests are embarrassingly parallel across trees, so they fit well.

Thus feasibility depends on iteration, communication and dependency, not just the model family.","Not every statistical learner maps cleanly to MapReduce. MapReduce is batch, disk-based, and assumes independent mappers with a single shuffle-reduce, so iterative, sequential or stateful algorithms suffer.

Linear and logistic regression with gradient descent can be parallelized via data-parallel sums of gradients, and indeed are used in MapReduce with iterative MapReduce jobs. SVMs, especially kernel SVMs, need pairwise interactions and multiple passes, making them awkward and expensive; linear SVMs fare better.

Neural networks with backpropagation require many synchronized iterations and parameter servers; MapReduce's high latency makes it impractical, though data-parallel SGD can be shoehorned with repeated jobs.

Random forests are embarrassingly parallel across trees, so they fit well.

Thus feasibility depends on iteration, communication and dependency, not just the model family.",muse-glimmer-30b,meta,True,121,900,test,muse-glimmer-30b-q4_k_m,final-2026-09-20,You are answering questions the way a knowledgeable person would in an online discussion. Write in plain prose. Do not restate the question or add a preamble. Begin with the answer itself.,110,170,8192,default,,end_turn,ollama-local-muse-glimmer-30b,2026-09-28 09:34:15.578228+00:00,32.3,muse-glimmer:30b-q4_K_M,q4_k_m,16384,8192,True,"{""temperature"": ""1"", ""top_k"": ""64"", ""top_p"": ""0.95""}","Not every statistical learner maps cleanly to MapReduce. MapReduce is batch, disk-based, and assumes independent mappers with a single shuffle-reduce, so iterative, sequential or stateful algorithms suffer.

Linear and logistic regression with gradient descent can be parallelized via data-parallel sums of gradients, and indeed are used in MapReduce with iterative MapReduce jobs. SVMs, especially kernel SVMs, need pairwise interactions and multiple passes, making them awkward and expensive; linear SVMs fare better.

Neural networks with backpropagation require many synchronized iterations and parameter servers; MapReduce's high latency makes it impractical, though data-parallel SGD can be shoehorned with repeated jobs.

Random forests are embarrassingly parallel across trees, so they fit well.

Thus feasibility depends on iteration, communication and dependency, not just the model family.","Not every statistical learner maps cleanly to MapReduce. MapReduce is batch, disk-based, and assumes independent mappers with a single shuffle-reduce, so iterative, sequential or stateful algorithms suffer. Linear and logistic regression with gradient descent can be parallelized via data-parallel sums of gradients, and indeed are used in MapReduce with iterative MapReduce jobs. SVMs, especially kernel SVMs, need pairwise interactions and multiple passes, making them awkward and expensive; linear SVMs fare better. Neural networks with backpropagation require many synchronized iterations and parameter servers; MapReduce's high latency makes it impractical, though data-parallel SGD can be shoehorned with repeated jobs. Random forests are embarrassingly parallel across trees, so they fit well. Thus feasibility depends on iteration, communication and dependency, not just the model family.","Not every statistical learner maps cleanly to MapReduce. MapReduce is batch, disk-based, and assumes independent mappers with a single shuffle-reduce, so iterative, sequential or stateful algorithms suffer. Linear and logistic regression with gradient descent can be parallelized via data-parallel sums of gradients, and indeed are used in MapReduce with iterative MapReduce jobs. SVMs, especially kernel SVMs, need pairwise interactions and multiple passes, making them awkward and expensive; linear SVMs fare better. Neural networks with backpropagation require many synchronized iterations and parameter servers; MapReduce's high latency makes it impractical, though data-parallel SGD can be shoehorned with repeated jobs. Random forests are embarrassingly parallel across trees, so they fit well. Thus feasibility depends on iteration, communication and dependency, not just the model family.",not every statistical learner maps cleanly to mapreduce mapreduce is batch disk based and assumes independent mappers with a single shuffle reduce so iterative sequential or stateful algorithms suffer linear and logistic regression with gradient descent can be parallelized via data parallel sums of gradients and indeed are used in mapreduce with iterative mapreduce jobs svms especially kernel svms need pairwise interactions and multiple passes making them awkward and expensive linear svms fare better neural networks with backpropagation require many synchronized iterations and parameter servers mapreduce's high latency makes it impractical though data parallel sgd can be shoehorned with repeated jobs random forests are embarrassingly parallel across trees so they fit well thus feasibility depends on iteration communication and dependency not just the model family
technical_0262__muse-glimmer-30b,technical_0262,technical,"I was posting on stats.stackexchange but perhaps I should be posting here.

Context. Subscription business that charges users a monthly fee for access to the service. Management would like to predict ""churn"" - subscriptions who are likely to cancel. Management would like to create an email sequence in attempt to prevent high risk accounts from churning, perhaps with a discount code of some sort. So I need to identify those accounts at risk of leaving us.

I have a dataset with say 50k records. Each line item is an account number along with some variables. One of the variables is ""Churned"" with a value of ""yes"" (they cancelled) or ""No"" (they are active).

The dataset I have is all data since the beginning of time for the business. About 20k records are active paying customers and about 30k are those who used to be paying customers but who have since cancelled.

My task is to build a model to predict which of the 20k active customers are currently likely to churn.

Here is where I have tied my brain in a knott. I need to run the model (Predict) on the 20k records of active customers.

How do I split my data between training, test and predict?

Does predict data have to be exclusive of train and test data?

Can I split the entire dataset of 50k into 0.8 train and 0.2 test, build a model and then predict on the 20k active accounts? That would imply I'm training and testing on data that I'm also going to predict on. Seems ""wrong"". Is it?","Yes, the accounts you will score must be completely excluded from training and testing. Training on the 20k currently active customers leaks their known No label into the model and gives optimistic performance. Those customers are the population you care about, so they should be a hold-out scoring set.

More importantly, churn is time dependent. Build a proper prediction task with a horizon, e.g. will churn in next 90 days. Create a training set from historical accounts with features as of a past date and outcomes observed after that date, and a test set from a later historical period. Only after validation, fit the final model on all usable history and score the current 20k actives, which were never used in training or testing.","Yes, the accounts you will score must be completely excluded from training and testing. Training on the 20k currently active customers leaks their known No label into the model and gives optimistic performance. Those customers are the population you care about, so they should be a hold-out scoring set.

More importantly, churn is time dependent. Build a proper prediction task with a horizon, e.g. will churn in next 90 days. Create a training set from historical accounts with features as of a past date and outcomes observed after that date, and a test set from a later historical period. Only after validation, fit the final model on all usable history and score the current 20k actives, which were never used in training or testing.",muse-glimmer-30b,meta,True,124,738,test,muse-glimmer-30b-q4_k_m,final-2026-09-20,You are answering questions the way a knowledgeable person would in an online discussion. Write in plain prose. Do not restate the question or add a preamble. Begin with the answer itself.,110,170,8192,default,,end_turn,ollama-local-muse-glimmer-30b,2026-09-28 09:35:00.720816+00:00,32.3,muse-glimmer:30b-q4_K_M,q4_k_m,16384,8192,True,"{""temperature"": ""1"", ""top_k"": ""64"", ""top_p"": ""0.95""}","Yes, the accounts you will score must be completely excluded from training and testing. Training on the 20k currently active customers leaks their known No label into the model and gives optimistic performance. Those customers are the population you care about, so they should be a hold-out scoring set.

More importantly, churn is time dependent. Build a proper prediction task with a horizon, e.g. will churn in next 90 days. Create a training set from historical accounts with features as of a past date and outcomes observed after that date, and a test set from a later historical period. Only after validation, fit the final model on all usable history and score the current 20k actives, which were never used in training or testing.","Yes, the accounts you will score must be completely excluded from training and testing. Training on the 20k currently active customers leaks their known No label into the model and gives optimistic performance. Those customers are the population you care about, so they should be a hold-out scoring set. More importantly, churn is time dependent. Build a proper prediction task with a horizon, e.g. will churn in next 90 days. Create a training set from historical accounts with features as of a past date and outcomes observed after that date, and a test set from a later historical period. Only after validation, fit the final model on all usable history and score the current 20k actives, which were never used in training or testing.","Yes, the accounts you will score must be completely excluded from training and testing. Training on the 20k currently active customers leaks their known No label into the model and gives optimistic performance. Those customers are the population you care about, so they should be a hold-out scoring set. More importantly, churn is time dependent. Build a proper prediction task with a horizon, e.g. will churn in next 90 days. Create a training set from historical accounts with features as of a past date and outcomes observed after that date, and a test set from a later historical period. Only after validation, fit the final model on all usable history and score the current 20k actives, which were never used in training or testing.",yes the accounts you will score must be completely excluded from training and testing training on the 20k currently active customers leaks their known no label into the model and gives optimistic performance those customers are the population you care about so they should be a hold out scoring set more importantly churn is time dependent build a proper prediction task with a horizon e g will churn in next 90 days create a training set from historical accounts with features as of a past date and outcomes observed after that date and a test set from a later historical period only after validation fit the final model on all usable history and score the current 20k actives which were never used in training or testing
technical_0266__muse-glimmer-30b,technical_0266,technical,"As I was checking the /etc/fstab I noticed that the swap space has attr pass=0, which means its filesystem is not checked at boot time. Can anyone please tell me why is this behavior for?","Swap has no filesystem at all, so there is nothing for fsck to check. The pass field controls the order in which filesystems are scanned by fsck at boot, with 1 for root and 2 for others, and 0 to skip. Since swap is a raw device used for paging and hibernation, not a formatted filesystem, running a filesystem check makes no sense and would fail. The kernel activates swap with swapon, which only verifies the swap signature and size, not file structures. Setting pass to 0 explicitly tells the boot scripts to ignore the entry for fsck. The dump field is also normally 0 for swap. This is the standard and expected configuration on all Linux systems.","Swap has no filesystem at all, so there is nothing for fsck to check. The pass field controls the order in which filesystems are scanned by fsck at boot, with 1 for root and 2 for others, and 0 to skip. Since swap is a raw device used for paging and hibernation, not a formatted filesystem, running a filesystem check makes no sense and would fail. The kernel activates swap with swapon, which only verifies the swap signature and size, not file structures. Setting pass to 0 explicitly tells the boot scripts to ignore the entry for fsck. The dump field is also normally 0 for swap. This is the standard and expected configuration on all Linux systems.",muse-glimmer-30b,meta,True,118,653,test,muse-glimmer-30b-q4_k_m,final-2026-09-20,You are answering questions the way a knowledgeable person would in an online discussion. Write in plain prose. Do not restate the question or add a preamble. Begin with the answer itself.,110,170,8192,default,,end_turn,ollama-local-muse-glimmer-30b,2026-09-28 09:35:27.176392+00:00,32.3,muse-glimmer:30b-q4_K_M,q4_k_m,16384,8192,True,"{""temperature"": ""1"", ""top_k"": ""64"", ""top_p"": ""0.95""}","Swap has no filesystem at all, so there is nothing for fsck to check. The pass field controls the order in which filesystems are scanned by fsck at boot, with 1 for root and 2 for others, and 0 to skip. Since swap is a raw device used for paging and hibernation, not a formatted filesystem, running a filesystem check makes no sense and would fail. The kernel activates swap with swapon, which only verifies the swap signature and size, not file structures. Setting pass to 0 explicitly tells the boot scripts to ignore the entry for fsck. The dump field is also normally 0 for swap. This is the standard and expected configuration on all Linux systems.","Swap has no filesystem at all, so there is nothing for fsck to check. The pass field controls the order in which filesystems are scanned by fsck at boot, with 1 for root and 2 for others, and 0 to skip. Since swap is a raw device used for paging and hibernation, not a formatted filesystem, running a filesystem check makes no sense and would fail. The kernel activates swap with swapon, which only verifies the swap signature and size, not file structures. Setting pass to 0 explicitly tells the boot scripts to ignore the entry for fsck. The dump field is also normally 0 for swap. This is the standard and expected configuration on all Linux systems.","Swap has no filesystem at all, so there is nothing for fsck to check. The pass field controls the order in which filesystems are scanned by fsck at boot, with 1 for root and 2 for others, and 0 to skip. Since swap is a raw device used for paging and hibernation, not a formatted filesystem, running a filesystem check makes no sense and would fail. The kernel activates swap with swapon, which only verifies the swap signature and size, not file structures. Setting pass to 0 explicitly tells the boot scripts to ignore the entry for fsck. The dump field is also normally 0 for swap. This is the standard and expected configuration on all Linux systems.",swap has no filesystem at all so there is nothing for fsck to check the pass field controls the order in which filesystems are scanned by fsck at boot with 1 for root and 2 for others and 0 to skip since swap is a raw device used for paging and hibernation not a formatted filesystem running a filesystem check makes no sense and would fail the kernel activates swap with swapon which only verifies the swap signature and size not file structures setting pass to 0 explicitly tells the boot scripts to ignore the entry for fsck the dump field is also normally 0 for swap this is the standard and expected configuration on all linux systems
technical_0271__muse-glimmer-30b,technical_0271,technical,"When we do k-fold cross validation, should we just use the classifier that has the highest test accuracy? What is generally the best approach in getting a classifier from cross validation?","Cross-validation is for estimating generalization error and selecting hyper-parameters, not for picking a single fold’s model. The test accuracy in each fold is a noisy estimate; choosing the model from the fold with the highest score will overfit to that particular split and ignores the variance across folds.

The usual practice is to average the performance metrics across the K folds to obtain a stable estimate of error for a given configuration, and to select the hyper-parameters with the best mean score, often with a tie-breaker on lower variance. Once a configuration is chosen, the final classifier should be re-trained on the entire training set, not on a single fold, because using all data reduces variance and yields a model that is as representative as possible. If an unbiased estimate of test performance is needed, keep a held-out validation set separate from the CV loop.","Cross-validation is for estimating generalization error and selecting hyper-parameters, not for picking a single fold's model. The test accuracy in each fold is a noisy estimate; choosing the model from the fold with the highest score will overfit to that particular split and ignores the variance across folds.

The usual practice is to average the performance metrics across the K folds to obtain a stable estimate of error for a given configuration, and to select the hyper-parameters with the best mean score, often with a tie-breaker on lower variance. Once a configuration is chosen, the final classifier should be re-trained on the entire training set, not on a single fold, because using all data reduces variance and yields a model that is as representative as possible. If an unbiased estimate of test performance is needed, keep a held-out validation set separate from the CV loop.",muse-glimmer-30b,meta,True,145,892,test,muse-glimmer-30b-q4_k_m,final-2026-09-20,You are answering questions the way a knowledgeable person would in an online discussion. Write in plain prose. Do not restate the question or add a preamble. Begin with the answer itself.,110,170,8192,default,,end_turn,ollama-local-muse-glimmer-30b,2026-09-28 09:35:56.375083+00:00,32.3,muse-glimmer:30b-q4_K_M,q4_k_m,16384,8192,True,"{""temperature"": ""1"", ""top_k"": ""64"", ""top_p"": ""0.95""}","Cross-validation is for estimating generalization error and selecting hyper-parameters, not for picking a single fold's model. The test accuracy in each fold is a noisy estimate; choosing the model from the fold with the highest score will overfit to that particular split and ignores the variance across folds.

The usual practice is to average the performance metrics across the K folds to obtain a stable estimate of error for a given configuration, and to select the hyper-parameters with the best mean score, often with a tie-breaker on lower variance. Once a configuration is chosen, the final classifier should be re-trained on the entire training set, not on a single fold, because using all data reduces variance and yields a model that is as representative as possible. If an unbiased estimate of test performance is needed, keep a held-out validation set separate from the CV loop.","Cross-validation is for estimating generalization error and selecting hyper-parameters, not for picking a single fold's model. The test accuracy in each fold is a noisy estimate; choosing the model from the fold with the highest score will overfit to that particular split and ignores the variance across folds. The usual practice is to average the performance metrics across the K folds to obtain a stable estimate of error for a given configuration, and to select the hyper-parameters with the best mean score, often with a tie-breaker on lower variance. Once a configuration is chosen, the final classifier should be re-trained on the entire training set, not on a single fold, because using all data reduces variance and yields a model that is as representative as possible. If an unbiased estimate of test performance is needed, keep a held-out validation set separate from the CV loop.","Cross-validation is for estimating generalization error and selecting hyper-parameters, not for picking a single fold's model. The test accuracy in each fold is a noisy estimate; choosing the model from the fold with the highest score will overfit to that particular split and ignores the variance across folds. The usual practice is to average the performance metrics across the K folds to obtain a stable estimate of error for a given configuration, and to select the hyper-parameters with the best mean score, often with a tie-breaker on lower variance. Once a configuration is chosen, the final classifier should be re-trained on the entire training set, not on a single fold, because using all data reduces variance and yields a model that is as representative as possible. If an unbiased estimate of test performance is needed, keep a held-out validation set separate from the CV loop.",cross validation is for estimating generalization error and selecting hyper parameters not for picking a single fold's model the test accuracy in each fold is a noisy estimate choosing the model from the fold with the highest score will overfit to that particular split and ignores the variance across folds the usual practice is to average the performance metrics across the k folds to obtain a stable estimate of error for a given configuration and to select the hyper parameters with the best mean score often with a tie breaker on lower variance once a configuration is chosen the final classifier should be re trained on the entire training set not on a single fold because using all data reduces variance and yields a model that is as representative as possible if an unbiased estimate of test performance is needed keep a held out validation set separate from the cv loop
technical_0290__muse-glimmer-30b,technical_0290,technical,"Say you're building a sales prediction model to predict tomorrow's sales value, as well as the next 2 weeks of daily sales. The model is being trained using daily data for the previous 1.5 years, and it follows a strong weekly seasonality pattern.

Obviously once you are happy with model performance, would it be necessary to re-train the model everyday to capture data up to and including yesterday in order to get the most accurate prediction for tomorrow's sales value? Essentially, the model would be trained on a rolling 1.5 year data set to capture yesterday's sales value.

Or does it depend on the type of model being used? Whether you need to to completely re-train when new data is present

I can see why it would make sense to re-train your standard time series forecasting models (ARIMA etc.), but I can also understand more sophisticated models (Neural Networks etc.) may generalize well enough to not have to re-train everyday.

I am looking for an explanation of models where you would and wouldn't re-train when new time series data is present.","Yes, you generally want the model to see yesterday. For classic statistical models you almost always re-fit. ARIMA, ETS, and linear regression with lag features estimate parameters from the whole window; a new observation changes means, variances and autocorrelation, so the forecast for tomorrow shifts. Retraining daily on a rolling 1.5-year window is standard.

With state-space and exponential smoothing methods you can update recursively without a full refit, and with online learning algorithms you can incrementally adjust weights.

Deep neural nets can generalize and are less sensitive to one new day, but they still drift with promotions, seasonality shifts, and changing demand. Full daily retraining is often overkill; weekly or monthly retraining with a rolling window, plus continuous monitoring, usually gives the best accuracy-cost trade-off.","Yes, you generally want the model to see yesterday. For classic statistical models you almost always re-fit. ARIMA, ETS, and linear regression with lag features estimate parameters from the whole window; a new observation changes means, variances and autocorrelation, so the forecast for tomorrow shifts. Retraining daily on a rolling 1.5-year window is standard.

With state-space and exponential smoothing methods you can update recursively without a full refit, and with online learning algorithms you can incrementally adjust weights.

Deep neural nets can generalize and are less sensitive to one new day, but they still drift with promotions, seasonality shifts, and changing demand. Full daily retraining is often overkill; weekly or monthly retraining with a rolling window, plus continuous monitoring, usually gives the best accuracy-cost trade-off.",muse-glimmer-30b,meta,True,125,858,test,muse-glimmer-30b-q4_k_m,final-2026-09-20,You are answering questions the way a knowledgeable person would in an online discussion. Write in plain prose. Do not restate the question or add a preamble. Begin with the answer itself.,110,170,8192,default,,end_turn,ollama-local-muse-glimmer-30b,2026-09-28 09:36:35.199487+00:00,32.3,muse-glimmer:30b-q4_K_M,q4_k_m,16384,8192,True,"{""temperature"": ""1"", ""top_k"": ""64"", ""top_p"": ""0.95""}","Yes, you generally want the model to see yesterday. For classic statistical models you almost always re-fit. ARIMA, ETS, and linear regression with lag features estimate parameters from the whole window; a new observation changes means, variances and autocorrelation, so the forecast for tomorrow shifts. Retraining daily on a rolling 1.5-year window is standard.

With state-space and exponential smoothing methods you can update recursively without a full refit, and with online learning algorithms you can incrementally adjust weights.

Deep neural nets can generalize and are less sensitive to one new day, but they still drift with promotions, seasonality shifts, and changing demand. Full daily retraining is often overkill; weekly or monthly retraining with a rolling window, plus continuous monitoring, usually gives the best accuracy-cost trade-off.","Yes, you generally want the model to see yesterday. For classic statistical models you almost always re-fit. ARIMA, ETS, and linear regression with lag features estimate parameters from the whole window; a new observation changes means, variances and autocorrelation, so the forecast for tomorrow shifts. Retraining daily on a rolling 1.5-year window is standard. With state-space and exponential smoothing methods you can update recursively without a full refit, and with online learning algorithms you can incrementally adjust weights. Deep neural nets can generalize and are less sensitive to one new day, but they still drift with promotions, seasonality shifts, and changing demand. Full daily retraining is often overkill; weekly or monthly retraining with a rolling window, plus continuous monitoring, usually gives the best accuracy-cost trade-off.","Yes, you generally want the model to see yesterday. For classic statistical models you almost always re-fit. ARIMA, ETS, and linear regression with lag features estimate parameters from the whole window; a new observation changes means, variances and autocorrelation, so the forecast for tomorrow shifts. Retraining daily on a rolling 1.5-year window is standard. With state-space and exponential smoothing methods you can update recursively without a full refit, and with online learning algorithms you can incrementally adjust weights. Deep neural nets can generalize and are less sensitive to one new day, but they still drift with promotions, seasonality shifts, and changing demand. Full daily retraining is often overkill; weekly or monthly retraining with a rolling window, plus continuous monitoring, usually gives the best accuracy-cost trade-off.",yes you generally want the model to see yesterday for classic statistical models you almost always re fit arima ets and linear regression with lag features estimate parameters from the whole window a new observation changes means variances and autocorrelation so the forecast for tomorrow shifts retraining daily on a rolling 1 5 year window is standard with state space and exponential smoothing methods you can update recursively without a full refit and with online learning algorithms you can incrementally adjust weights deep neural nets can generalize and are less sensitive to one new day but they still drift with promotions seasonality shifts and changing demand full daily retraining is often overkill weekly or monthly retraining with a rolling window plus continuous monitoring usually gives the best accuracy cost trade off
technical_0300__muse-glimmer-30b,technical_0300,technical,I'm looking for some common problems in unix system administration and ways that shell scripting can solve them. Completely for self-educational purposes. Also I'd like to know how would you go about learning shell scripting.,"Common sysadmin pain points are repetitive checks and cleanup. Shell scripts automate log rotation and archival with find + gzip, monitor disk usage with df and mail alerts when thresholds are exceeded, prune old user home directories, generate daily reports from journalctl or /var/log, and restart failed services via systemctl status checks. Scripts can also enforce backups with rsync and verify checksums.

Learn by reading man pages for core utilities, then practice small tasks: list top processes, parse /etc/passwd, loop over files. Build a personal cheat sheet, use shellcheck for errors, and automate one real daily chore. Re-read POSIX spec examples and modify them. Work in a VM or container, keep scripts in version control, and review them weekly to reinforce concepts.","Common sysadmin pain points are repetitive checks and cleanup. Shell scripts automate log rotation and archival with find + gzip, monitor disk usage with df and mail alerts when thresholds are exceeded, prune old user home directories, generate daily reports from journalctl or /var/log, and restart failed services via systemctl status checks. Scripts can also enforce backups with rsync and verify checksums.

Learn by reading man pages for core utilities, then practice small tasks: list top processes, parse /etc/passwd, loop over files. Build a personal cheat sheet, use shellcheck for errors, and automate one real daily chore. Re-read POSIX spec examples and modify them. Work in a VM or container, keep scripts in version control, and review them weekly to reinforce concepts.",muse-glimmer-30b,meta,True,122,784,test,muse-glimmer-30b-q4_k_m,final-2026-09-20,You are answering questions the way a knowledgeable person would in an online discussion. Write in plain prose. Do not restate the question or add a preamble. Begin with the answer itself.,110,170,8192,default,,end_turn,ollama-local-muse-glimmer-30b,2026-09-28 09:37:10.423619+00:00,32.3,muse-glimmer:30b-q4_K_M,q4_k_m,16384,8192,True,"{""temperature"": ""1"", ""top_k"": ""64"", ""top_p"": ""0.95""}","Common sysadmin pain points are repetitive checks and cleanup. Shell scripts automate log rotation and archival with find + gzip, monitor disk usage with df and mail alerts when thresholds are exceeded, prune old user home directories, generate daily reports from journalctl or /var/log, and restart failed services via systemctl status checks. Scripts can also enforce backups with rsync and verify checksums.

Learn by reading man pages for core utilities, then practice small tasks: list top processes, parse /etc/passwd, loop over files. Build a personal cheat sheet, use shellcheck for errors, and automate one real daily chore. Re-read POSIX spec examples and modify them. Work in a VM or container, keep scripts in version control, and review them weekly to reinforce concepts.","Common sysadmin pain points are repetitive checks and cleanup. Shell scripts automate log rotation and archival with find + gzip, monitor disk usage with df and mail alerts when thresholds are exceeded, prune old user home directories, generate daily reports from journalctl or /var/log, and restart failed services via systemctl status checks. Scripts can also enforce backups with rsync and verify checksums. Learn by reading man pages for core utilities, then practice small tasks: list top processes, parse /etc/passwd, loop over files. Build a personal cheat sheet, use shellcheck for errors, and automate one real daily chore. Re-read POSIX spec examples and modify them. Work in a VM or container, keep scripts in version control, and review them weekly to reinforce concepts.","Common sysadmin pain points are repetitive checks and cleanup. Shell scripts automate log rotation and archival with find + gzip, monitor disk usage with df and mail alerts when thresholds are exceeded, prune old user home directories, generate daily reports from journalctl or /var/log, and restart failed services via systemctl status checks. Scripts can also enforce backups with rsync and verify checksums. Learn by reading man pages for core utilities, then practice small tasks: list top processes, parse /etc/passwd, loop over files. Build a personal cheat sheet, use shellcheck for errors, and automate one real daily chore. Re-read POSIX spec examples and modify them. Work in a VM or container, keep scripts in version control, and review them weekly to reinforce concepts.",common sysadmin pain points are repetitive checks and cleanup shell scripts automate log rotation and archival with find gzip monitor disk usage with df and mail alerts when thresholds are exceeded prune old user home directories generate daily reports from journalctl or var log and restart failed services via systemctl status checks scripts can also enforce backups with rsync and verify checksums learn by reading man pages for core utilities then practice small tasks list top processes parse etc passwd loop over files build a personal cheat sheet use shellcheck for errors and automate one real daily chore re read posix spec examples and modify them work in a vm or container keep scripts in version control and review them weekly to reinforce concepts
technical_0304__muse-glimmer-30b,technical_0304,technical,"When i installed ubuntu in my x86 machine, I had to configure some memory as 'swap area'.

What is the use of this memory and what is the importance of this memory in linux file systems?

How can I determine the exact size of 'swap area' in a machine for the safe working of linux inside in it?","Swap is virtual memory backed by disk that extends RAM. When physical memory fills, the kernel moves inactive pages to swap area to free RAM for active processes, preventing out-of-memory kills. It also allows hibernation, where RAM contents are written to swap.

In Linux filesystems swap is not a filesystem; it is a raw partition or file with swap signature managed by swapon. It is important for stability, memory pressure handling, and overcommit.

Size rule of thumb: for modern desktops with 8-16 GB RAM, 1-4 GB swap is enough; for servers, 1x RAM up to 32 GB. For hibernation, swap >= RAM.

Check current swap with `swapon --show`, `free -h`, or `cat /proc/swaps`. Plan size via `free -h` RAM and workload.","Swap is virtual memory backed by disk that extends RAM. When physical memory fills, the kernel moves inactive pages to swap area to free RAM for active processes, preventing out-of-memory kills. It also allows hibernation, where RAM contents are written to swap.

In Linux filesystems swap is not a filesystem; it is a raw partition or file with swap signature managed by swapon. It is important for stability, memory pressure handling, and overcommit.

Size rule of thumb: for modern desktops with 8-16 GB RAM, 1-4 GB swap is enough; for servers, 1x RAM up to 32 GB. For hibernation, swap >= RAM.

Check current swap with swapon --show, free -h, or cat /proc/swaps. Plan size via free -h RAM and workload.",muse-glimmer-30b,meta,True,121,714,test,muse-glimmer-30b-q4_k_m,final-2026-09-20,You are answering questions the way a knowledgeable person would in an online discussion. Write in plain prose. Do not restate the question or add a preamble. Begin with the answer itself.,110,170,8192,default,,end_turn,ollama-local-muse-glimmer-30b,2026-09-28 09:37:37.828132+00:00,32.3,muse-glimmer:30b-q4_K_M,q4_k_m,16384,8192,True,"{""temperature"": ""1"", ""top_k"": ""64"", ""top_p"": ""0.95""}","Swap is virtual memory backed by disk that extends RAM. When physical memory fills, the kernel moves inactive pages to swap area to free RAM for active processes, preventing out-of-memory kills. It also allows hibernation, where RAM contents are written to swap.

In Linux filesystems swap is not a filesystem; it is a raw partition or file with swap signature managed by swapon. It is important for stability, memory pressure handling, and overcommit.

Size rule of thumb: for modern desktops with 8-16 GB RAM, 1-4 GB swap is enough; for servers, 1x RAM up to 32 GB. For hibernation, swap >= RAM.

Check current swap with swapon --show, free -h, or cat /proc/swaps. Plan size via free -h RAM and workload.","Swap is virtual memory backed by disk that extends RAM. When physical memory fills, the kernel moves inactive pages to swap area to free RAM for active processes, preventing out-of-memory kills. It also allows hibernation, where RAM contents are written to swap. In Linux filesystems swap is not a filesystem; it is a raw partition or file with swap signature managed by swapon. It is important for stability, memory pressure handling, and overcommit. Size rule of thumb: for modern desktops with 8-16 GB RAM, 1-4 GB swap is enough; for servers, 1x RAM up to 32 GB. For hibernation, swap >= RAM. Check current swap with swapon --show, free -h, or cat /proc/swaps. Plan size via free -h RAM and workload.","Swap is virtual memory backed by disk that extends RAM. When physical memory fills, the kernel moves inactive pages to swap area to free RAM for active processes, preventing out-of-memory kills. It also allows hibernation, where RAM contents are written to swap. In Linux filesystems swap is not a filesystem; it is a raw partition or file with swap signature managed by swapon. It is important for stability, memory pressure handling, and overcommit. Size rule of thumb: for modern desktops with 8-16 GB RAM, 1-4 GB swap is enough; for servers, 1x RAM up to 32 GB. For hibernation, swap >= RAM. Check current swap with swapon - show, free -h, or cat /proc/swaps. Plan size via free -h RAM and workload.",swap is virtual memory backed by disk that extends ram when physical memory fills the kernel moves inactive pages to swap area to free ram for active processes preventing out of memory kills it also allows hibernation where ram contents are written to swap in linux filesystems swap is not a filesystem it is a raw partition or file with swap signature managed by swapon it is important for stability memory pressure handling and overcommit size rule of thumb for modern desktops with 8 16 gb ram 1 4 gb swap is enough for servers 1x ram up to 32 gb for hibernation swap ram check current swap with swapon show free h or cat proc swaps plan size via free h ram and workload
technical_0306__muse-glimmer-30b,technical_0306,technical,"I am changing my current partition scheme (personal development laptop, dual boot) to remove the Windows partition and leave only my Slackware64 instance. What thought should go into my partitioning? I have been keeping / and /home in separate partitions, as well as a swap partition too. How do I decide what other partitions would be good to have in their own section of the disk?","With one OS on a laptop, keep it simple and let the filesystem do its work. / and /home separate is sensible: / stays small and can be reinstalled without touching data, /home holds configs and projects. Swap is fine, but on modern RAM-rich laptops a small swap file is often enough.

Add partitions only for a clear operational reason. A small /boot on EFI systems, typically 512 MiB FAT32, is useful for firmware access. A separate /var can protect the root from log growth and make backups easier. /tmp can be tmpfs in Slackware to avoid disk wear. /srv or /opt only if you want strict quotas or different mount options.

Avoid over-partitioning: it makes resizing hard and wastes space. Use LVM or btrfs subvolumes for flexibility instead of many fixed partitions, and size /home generously for the remaining disk.","With one OS on a laptop, keep it simple and let the filesystem do its work. / and /home separate is sensible: / stays small and can be reinstalled without touching data, /home holds configs and projects. Swap is fine, but on modern RAM-rich laptops a small swap file is often enough.

Add partitions only for a clear operational reason. A small /boot on EFI systems, typically 512 MiB FAT32, is useful for firmware access. A separate /var can protect the root from log growth and make backups easier. /tmp can be tmpfs in Slackware to avoid disk wear. /srv or /opt only if you want strict quotas or different mount options.

Avoid over-partitioning: it makes resizing hard and wastes space. Use LVM or btrfs subvolumes for flexibility instead of many fixed partitions, and size /home generously for the remaining disk.",muse-glimmer-30b,meta,True,141,818,test,muse-glimmer-30b-q4_k_m,final-2026-09-20,You are answering questions the way a knowledgeable person would in an online discussion. Write in plain prose. Do not restate the question or add a preamble. Begin with the answer itself.,110,170,8192,default,,end_turn,ollama-local-muse-glimmer-30b,2026-09-28 09:38:10.904023+00:00,32.3,muse-glimmer:30b-q4_K_M,q4_k_m,16384,8192,True,"{""temperature"": ""1"", ""top_k"": ""64"", ""top_p"": ""0.95""}","With one OS on a laptop, keep it simple and let the filesystem do its work. / and /home separate is sensible: / stays small and can be reinstalled without touching data, /home holds configs and projects. Swap is fine, but on modern RAM-rich laptops a small swap file is often enough.

Add partitions only for a clear operational reason. A small /boot on EFI systems, typically 512 MiB FAT32, is useful for firmware access. A separate /var can protect the root from log growth and make backups easier. /tmp can be tmpfs in Slackware to avoid disk wear. /srv or /opt only if you want strict quotas or different mount options.

Avoid over-partitioning: it makes resizing hard and wastes space. Use LVM or btrfs subvolumes for flexibility instead of many fixed partitions, and size /home generously for the remaining disk.","With one OS on a laptop, keep it simple and let the filesystem do its work. / and /home separate is sensible: / stays small and can be reinstalled without touching data, /home holds configs and projects. Swap is fine, but on modern RAM-rich laptops a small swap file is often enough. Add partitions only for a clear operational reason. A small /boot on EFI systems, typically 512 MiB FAT32, is useful for firmware access. A separate /var can protect the root from log growth and make backups easier. /tmp can be tmpfs in Slackware to avoid disk wear. /srv or /opt only if you want strict quotas or different mount options. Avoid over-partitioning: it makes resizing hard and wastes space. Use LVM or btrfs subvolumes for flexibility instead of many fixed partitions, and size /home generously for the remaining disk.","With one OS on a laptop, keep it simple and let the filesystem do its work. / and /home separate is sensible: / stays small and can be reinstalled without touching data, /home holds configs and projects. Swap is fine, but on modern RAM-rich laptops a small swap file is often enough. Add partitions only for a clear operational reason. A small /boot on EFI systems, typically 512 MiB FAT32, is useful for firmware access. A separate /var can protect the root from log growth and make backups easier. /tmp can be tmpfs in Slackware to avoid disk wear. /srv or /opt only if you want strict quotas or different mount options. Avoid over-partitioning: it makes resizing hard and wastes space. Use LVM or btrfs subvolumes for flexibility instead of many fixed partitions, and size /home generously for the remaining disk.",with one os on a laptop keep it simple and let the filesystem do its work and home separate is sensible stays small and can be reinstalled without touching data home holds configs and projects swap is fine but on modern ram rich laptops a small swap file is often enough add partitions only for a clear operational reason a small boot on efi systems typically 512 mib fat32 is useful for firmware access a separate var can protect the root from log growth and make backups easier tmp can be tmpfs in slackware to avoid disk wear srv or opt only if you want strict quotas or different mount options avoid over partitioning it makes resizing hard and wastes space use lvm or btrfs subvolumes for flexibility instead of many fixed partitions and size home generously for the remaining disk
technical_0309__muse-glimmer-30b,technical_0309,technical,"How can I find out who executed a particular command and which terminal was used to run it?

Original:

How can I know particular cmd is executed by whom and to know about my terminal","Use Linux audit subsystem to reliably track executions. Install and enable auditd, then add a rule like auditctl -a always,exit -F path=/usr/bin/target -k cmd_track. Later search with ausearch -k cmd_track -i or ausearch -c commandname. Output shows UID, user name, PID, PPID, tty and timestamp.

For recent interactive sessions, who, w and who -a list logged-in users and their tty or pts device. The kernel records the controlling terminal in /proc/PID/cmdline and /proc/PID/status. Environment variables TERM, SSH_CLIENT and SSH_CONNECTION reveal terminal type and remote source for ssh sessions. Bash history includes timestamped commands per user in ~/.bash_history, but it can be edited.

For persistent forensics combine audit logs with auth.log and journalctl -u sshd to correlate user login time with command execution.","Use Linux audit subsystem to reliably track executions. Install and enable auditd, then add a rule like auditctl -a always,exit -F path=/usr/bin/target -k cmd_track. Later search with ausearch -k cmd_track -i or ausearch -c commandname. Output shows UID, user name, PID, PPID, tty and timestamp.

For recent interactive sessions, who, w and who -a list logged-in users and their tty or pts device. The kernel records the controlling terminal in /proc/PID/cmdline and /proc/PID/status. Environment variables TERM, SSH_CLIENT and SSH_CONNECTION reveal terminal type and remote source for ssh sessions. Bash history includes timestamped commands per user in ~/.bash_history, but it can be edited.

For persistent forensics combine audit logs with auth.log and journalctl -u sshd to correlate user login time with command execution.",muse-glimmer-30b,meta,True,122,828,test,muse-glimmer-30b-q4_k_m,final-2026-09-20,You are answering questions the way a knowledgeable person would in an online discussion. Write in plain prose. Do not restate the question or add a preamble. Begin with the answer itself.,110,170,8192,default,,end_turn,ollama-local-muse-glimmer-30b,2026-09-28 09:38:41.802028+00:00,32.3,muse-glimmer:30b-q4_K_M,q4_k_m,16384,8192,True,"{""temperature"": ""1"", ""top_k"": ""64"", ""top_p"": ""0.95""}","Use Linux audit subsystem to reliably track executions. Install and enable auditd, then add a rule like auditctl -a always,exit -F path=/usr/bin/target -k cmd_track. Later search with ausearch -k cmd_track -i or ausearch -c commandname. Output shows UID, user name, PID, PPID, tty and timestamp.

For recent interactive sessions, who, w and who -a list logged-in users and their tty or pts device. The kernel records the controlling terminal in /proc/PID/cmdline and /proc/PID/status. Environment variables TERM, SSH_CLIENT and SSH_CONNECTION reveal terminal type and remote source for ssh sessions. Bash history includes timestamped commands per user in ~/.bash_history, but it can be edited.

For persistent forensics combine audit logs with auth.log and journalctl -u sshd to correlate user login time with command execution.","Use Linux audit subsystem to reliably track executions. Install and enable auditd, then add a rule like auditctl -a always,exit -F path=/usr/bin/target -k cmd_track. Later search with ausearch -k cmd_track -i or ausearch -c commandname. Output shows UID, user name, PID, PPID, tty and timestamp. For recent interactive sessions, who, w and who -a list logged-in users and their tty or pts device. The kernel records the controlling terminal in /proc/PID/cmdline and /proc/PID/status. Environment variables TERM, SSH_CLIENT and SSH_CONNECTION reveal terminal type and remote source for ssh sessions. Bash history includes timestamped commands per user in ~/.bash_history, but it can be edited. For persistent forensics combine audit logs with auth.log and journalctl -u sshd to correlate user login time with command execution.","Use Linux audit subsystem to reliably track executions. Install and enable auditd, then add a rule like auditctl -a always,exit -F path=/usr/bin/target -k cmd_track. Later search with ausearch -k cmd_track -i or ausearch -c commandname. Output shows UID, user name, PID, PPID, tty and timestamp. For recent interactive sessions, who, w and who -a list logged-in users and their tty or pts device. The kernel records the controlling terminal in /proc/PID/cmdline and /proc/PID/status. Environment variables TERM, SSH_CLIENT and SSH_CONNECTION reveal terminal type and remote source for ssh sessions. Bash history includes timestamped commands per user in ~/.bash_history, but it can be edited. For persistent forensics combine audit logs with auth.log and journalctl -u sshd to correlate user login time with command execution.",use linux audit subsystem to reliably track executions install and enable auditd then add a rule like auditctl a always exit f path usr bin target k cmd track later search with ausearch k cmd track i or ausearch c commandname output shows uid user name pid ppid tty and timestamp for recent interactive sessions who w and who a list logged in users and their tty or pts device the kernel records the controlling terminal in proc pid cmdline and proc pid status environment variables term ssh client and ssh connection reveal terminal type and remote source for ssh sessions bash history includes timestamped commands per user in bash history but it can be edited for persistent forensics combine audit logs with auth log and journalctl u sshd to correlate user login time with command execution
technical_0313__muse-glimmer-30b,technical_0313,technical,Why are tables built into ipchains? What was the benefit of adding tables to ipchains? Is there a simple scenario that would illustrate how tables are used to increase performance or offer some other benefit?,"Ipchains started with a single flat rule set for input output forward. Tables split that work by function and by hook point so packets follow a defined pipeline instead of one monolithic list.

Each table owns its built in chains and is evaluated at a specific stage, which avoids mixing unrelated work, lets rules be loaded atomically per table, and allows fast short circuiting when a table decides the packet fate.

For a home router needing NAT and filtering, a single chain must test every filter rule for packets that only need translation and vice versa. With tables NAT runs first in prerouting, rewrites addresses once, then filter sees post NAT addresses.

A drop ssh rule lives in filter INPUT after translation while port forwards live in nat PREROUTING. Policy is clearer, duplicate checks disappear, and the common case is handled by the smallest relevant rule set.","Ipchains started with a single flat rule set for input output forward. Tables split that work by function and by hook point so packets follow a defined pipeline instead of one monolithic list.

Each table owns its built in chains and is evaluated at a specific stage, which avoids mixing unrelated work, lets rules be loaded atomically per table, and allows fast short circuiting when a table decides the packet fate.

For a home router needing NAT and filtering, a single chain must test every filter rule for packets that only need translation and vice versa. With tables NAT runs first in prerouting, rewrites addresses once, then filter sees post NAT addresses.

A drop ssh rule lives in filter INPUT after translation while port forwards live in nat PREROUTING. Policy is clearer, duplicate checks disappear, and the common case is handled by the smallest relevant rule set.",muse-glimmer-30b,meta,True,147,879,test,muse-glimmer-30b-q4_k_m,final-2026-09-20,You are answering questions the way a knowledgeable person would in an online discussion. Write in plain prose. Do not restate the question or add a preamble. Begin with the answer itself.,110,170,8192,default,,end_turn,ollama-local-muse-glimmer-30b,2026-09-28 09:39:29.749610+00:00,32.3,muse-glimmer:30b-q4_K_M,q4_k_m,16384,8192,True,"{""temperature"": ""1"", ""top_k"": ""64"", ""top_p"": ""0.95""}","Ipchains started with a single flat rule set for input output forward. Tables split that work by function and by hook point so packets follow a defined pipeline instead of one monolithic list.

Each table owns its built in chains and is evaluated at a specific stage, which avoids mixing unrelated work, lets rules be loaded atomically per table, and allows fast short circuiting when a table decides the packet fate.

For a home router needing NAT and filtering, a single chain must test every filter rule for packets that only need translation and vice versa. With tables NAT runs first in prerouting, rewrites addresses once, then filter sees post NAT addresses.

A drop ssh rule lives in filter INPUT after translation while port forwards live in nat PREROUTING. Policy is clearer, duplicate checks disappear, and the common case is handled by the smallest relevant rule set.","Ipchains started with a single flat rule set for input output forward. Tables split that work by function and by hook point so packets follow a defined pipeline instead of one monolithic list. Each table owns its built in chains and is evaluated at a specific stage, which avoids mixing unrelated work, lets rules be loaded atomically per table, and allows fast short circuiting when a table decides the packet fate. For a home router needing NAT and filtering, a single chain must test every filter rule for packets that only need translation and vice versa. With tables NAT runs first in prerouting, rewrites addresses once, then filter sees post NAT addresses. A drop ssh rule lives in filter INPUT after translation while port forwards live in nat PREROUTING. Policy is clearer, duplicate checks disappear, and the common case is handled by the smallest relevant rule set.","Ipchains started with a single flat rule set for input output forward. Tables split that work by function and by hook point so packets follow a defined pipeline instead of one monolithic list. Each table owns its built in chains and is evaluated at a specific stage, which avoids mixing unrelated work, lets rules be loaded atomically per table, and allows fast short circuiting when a table decides the packet fate. For a home router needing NAT and filtering, a single chain must test every filter rule for packets that only need translation and vice versa. With tables NAT runs first in prerouting, rewrites addresses once, then filter sees post NAT addresses. A drop ssh rule lives in filter INPUT after translation while port forwards live in nat PREROUTING. Policy is clearer, duplicate checks disappear, and the common case is handled by the smallest relevant rule set.",ipchains started with a single flat rule set for input output forward tables split that work by function and by hook point so packets follow a defined pipeline instead of one monolithic list each table owns its built in chains and is evaluated at a specific stage which avoids mixing unrelated work lets rules be loaded atomically per table and allows fast short circuiting when a table decides the packet fate for a home router needing nat and filtering a single chain must test every filter rule for packets that only need translation and vice versa with tables nat runs first in prerouting rewrites addresses once then filter sees post nat addresses a drop ssh rule lives in filter input after translation while port forwards live in nat prerouting policy is clearer duplicate checks disappear and the common case is handled by the smallest relevant rule set
technical_0353__muse-glimmer-30b,technical_0353,technical,"I am confused by the dual concepts of time-resolution and bandwidth. Often I will hear that a pulse-compressed radar application 'doesnt have enough BW' for some specific time resolution that is sought.

Isnt the maximum time resolution simply the reciprocal of your sampling rate?

How are those concepts related?","Time resolution in radar is range resolution, not sample interval. A target’s echo must be distinguishable from a neighboring echo in time, which is set by the width of the compressed pulse.

For a simple uncompressed pulse, resolution ≈ pulse width. Pulse compression keeps energy long but yields an effective width ≈ 1/B where B is signal bandwidth. Range resolution is c/(2B). More bandwidth means a shorter autocorrelation main lobe and better ability to separate two returns.

Sampling rate sets the Nyquist limit and the time grid you can observe, fs must be ≥ 2B to capture the waveform without aliasing, so sample interval 1/fs is the quantization step, not the resolving power. You can sample fast with narrow bandwidth and still have poor resolution, or sample just enough for B and get the full 1/B resolution.","Time resolution in radar is range resolution, not sample interval. A target's echo must be distinguishable from a neighboring echo in time, which is set by the width of the compressed pulse.

For a simple uncompressed pulse, resolution ≈ pulse width. Pulse compression keeps energy long but yields an effective width ≈ 1/B where B is signal bandwidth. Range resolution is c/(2B). More bandwidth means a shorter autocorrelation main lobe and better ability to separate two returns.

Sampling rate sets the Nyquist limit and the time grid you can observe, fs must be ≥ 2B to capture the waveform without aliasing, so sample interval 1/fs is the quantization step, not the resolving power. You can sample fast with narrow bandwidth and still have poor resolution, or sample just enough for B and get the full 1/B resolution.",muse-glimmer-30b,meta,True,137,821,test,muse-glimmer-30b-q4_k_m,final-2026-09-20,You are answering questions the way a knowledgeable person would in an online discussion. Write in plain prose. Do not restate the question or add a preamble. Begin with the answer itself.,110,170,8192,default,,end_turn,ollama-local-muse-glimmer-30b,2026-09-28 09:40:01.342775+00:00,32.3,muse-glimmer:30b-q4_K_M,q4_k_m,16384,8192,True,"{""temperature"": ""1"", ""top_k"": ""64"", ""top_p"": ""0.95""}","Time resolution in radar is range resolution, not sample interval. A target's echo must be distinguishable from a neighboring echo in time, which is set by the width of the compressed pulse.

For a simple uncompressed pulse, resolution ≈ pulse width. Pulse compression keeps energy long but yields an effective width ≈ 1/B where B is signal bandwidth. Range resolution is c/(2B). More bandwidth means a shorter autocorrelation main lobe and better ability to separate two returns.

Sampling rate sets the Nyquist limit and the time grid you can observe, fs must be ≥ 2B to capture the waveform without aliasing, so sample interval 1/fs is the quantization step, not the resolving power. You can sample fast with narrow bandwidth and still have poor resolution, or sample just enough for B and get the full 1/B resolution.","Time resolution in radar is range resolution, not sample interval. A target's echo must be distinguishable from a neighboring echo in time, which is set by the width of the compressed pulse. For a simple uncompressed pulse, resolution ≈ pulse width. Pulse compression keeps energy long but yields an effective width ≈ 1/B where B is signal bandwidth. Range resolution is c/(2B). More bandwidth means a shorter autocorrelation main lobe and better ability to separate two returns. Sampling rate sets the Nyquist limit and the time grid you can observe, fs must be ≥ 2B to capture the waveform without aliasing, so sample interval 1/fs is the quantization step, not the resolving power. You can sample fast with narrow bandwidth and still have poor resolution, or sample just enough for B and get the full 1/B resolution.","Time resolution in radar is range resolution, not sample interval. A target's echo must be distinguishable from a neighboring echo in time, which is set by the width of the compressed pulse. For a simple uncompressed pulse, resolution ≈ pulse width. Pulse compression keeps energy long but yields an effective width ≈ 1/B where B is signal bandwidth. Range resolution is c/(2B). More bandwidth means a shorter autocorrelation main lobe and better ability to separate two returns. Sampling rate sets the Nyquist limit and the time grid you can observe, fs must be ≥ 2B to capture the waveform without aliasing, so sample interval 1/fs is the quantization step, not the resolving power. You can sample fast with narrow bandwidth and still have poor resolution, or sample just enough for B and get the full 1/B resolution.",time resolution in radar is range resolution not sample interval a target's echo must be distinguishable from a neighboring echo in time which is set by the width of the compressed pulse for a simple uncompressed pulse resolution pulse width pulse compression keeps energy long but yields an effective width 1 b where b is signal bandwidth range resolution is c 2b more bandwidth means a shorter autocorrelation main lobe and better ability to separate two returns sampling rate sets the nyquist limit and the time grid you can observe fs must be 2b to capture the waveform without aliasing so sample interval 1 fs is the quantization step not the resolving power you can sample fast with narrow bandwidth and still have poor resolution or sample just enough for b and get the full 1 b resolution
technical_0354__muse-glimmer-30b,technical_0354,technical,Can anyone state the difference between frequency response and impulse response in simple English?,"Impulse response shows how a system reacts over time to a sudden, very short kick. If you hit a bell, the impulse response is the ringing sound that follows, with its decay and resonances. It lives in time.

Frequency response shows how the system treats steady tones of different pitches. It tells you which frequencies are boosted, which are cut, and whether each tone is delayed. It lives in frequency.

One is the time-domain picture, the other is the frequency-domain picture. They contain the same information, linked by the Fourier transform. Knowing the impulse response lets you compute the frequency response, and vice versa. In practice engineers use impulse response for transients and frequency response for tone balance and filter design.","Impulse response shows how a system reacts over time to a sudden, very short kick. If you hit a bell, the impulse response is the ringing sound that follows, with its decay and resonances. It lives in time.

Frequency response shows how the system treats steady tones of different pitches. It tells you which frequencies are boosted, which are cut, and whether each tone is delayed. It lives in frequency.

One is the time-domain picture, the other is the frequency-domain picture. They contain the same information, linked by the Fourier transform. Knowing the impulse response lets you compute the frequency response, and vice versa. In practice engineers use impulse response for transients and frequency response for tone balance and filter design.",muse-glimmer-30b,meta,True,121,752,test,muse-glimmer-30b-q4_k_m,final-2026-09-20,You are answering questions the way a knowledgeable person would in an online discussion. Write in plain prose. Do not restate the question or add a preamble. Begin with the answer itself.,110,170,8192,default,,end_turn,ollama-local-muse-glimmer-30b,2026-09-28 09:40:27.419859+00:00,32.3,muse-glimmer:30b-q4_K_M,q4_k_m,16384,8192,True,"{""temperature"": ""1"", ""top_k"": ""64"", ""top_p"": ""0.95""}","Impulse response shows how a system reacts over time to a sudden, very short kick. If you hit a bell, the impulse response is the ringing sound that follows, with its decay and resonances. It lives in time.

Frequency response shows how the system treats steady tones of different pitches. It tells you which frequencies are boosted, which are cut, and whether each tone is delayed. It lives in frequency.

One is the time-domain picture, the other is the frequency-domain picture. They contain the same information, linked by the Fourier transform. Knowing the impulse response lets you compute the frequency response, and vice versa. In practice engineers use impulse response for transients and frequency response for tone balance and filter design.","Impulse response shows how a system reacts over time to a sudden, very short kick. If you hit a bell, the impulse response is the ringing sound that follows, with its decay and resonances. It lives in time. Frequency response shows how the system treats steady tones of different pitches. It tells you which frequencies are boosted, which are cut, and whether each tone is delayed. It lives in frequency. One is the time-domain picture, the other is the frequency-domain picture. They contain the same information, linked by the Fourier transform. Knowing the impulse response lets you compute the frequency response, and vice versa. In practice engineers use impulse response for transients and frequency response for tone balance and filter design.","Impulse response shows how a system reacts over time to a sudden, very short kick. If you hit a bell, the impulse response is the ringing sound that follows, with its decay and resonances. It lives in time. Frequency response shows how the system treats steady tones of different pitches. It tells you which frequencies are boosted, which are cut, and whether each tone is delayed. It lives in frequency. One is the time-domain picture, the other is the frequency-domain picture. They contain the same information, linked by the Fourier transform. Knowing the impulse response lets you compute the frequency response, and vice versa. In practice engineers use impulse response for transients and frequency response for tone balance and filter design.",impulse response shows how a system reacts over time to a sudden very short kick if you hit a bell the impulse response is the ringing sound that follows with its decay and resonances it lives in time frequency response shows how the system treats steady tones of different pitches it tells you which frequencies are boosted which are cut and whether each tone is delayed it lives in frequency one is the time domain picture the other is the frequency domain picture they contain the same information linked by the fourier transform knowing the impulse response lets you compute the frequency response and vice versa in practice engineers use impulse response for transients and frequency response for tone balance and filter design
technical_0358__muse-glimmer-30b,technical_0358,technical,"I need help understanding how/what does it mean to ""turn"" a transformation parameters into a vote. I know how to recover the transformation parameters (in my case: 6 DOF), but how this turns into a vote in 6D (??) space ?

Thank You !","A vote is an accumulator cell in parameter space that a local measurement increments. For 6 DOF rigid pose you have e.g. tx,ty,tz,rx,ry,rz. Each correspondence or feature match gives a hypothesis for those six numbers. Instead of trusting it you increment the 6D histogram bin around that hypothesis, adding weight or confidence. Many independent local votes from different points accumulate. The true transformation receives many consistent votes from all inliers, forming a peak in the 6D accumulator. Outliers vote randomly and diffuse. Turning parameters into a vote means mapping the estimated tx,ty,tz,rx,ry,rz to an index in the 6D grid and adding +1 or a confidence weight there. Discretization makes the space sparse, and peak detection then recovers the consensus pose.","A vote is an accumulator cell in parameter space that a local measurement increments. For 6 DOF rigid pose you have e.g. tx,ty,tz,rx,ry,rz. Each correspondence or feature match gives a hypothesis for those six numbers. Instead of trusting it you increment the 6D histogram bin around that hypothesis, adding weight or confidence. Many independent local votes from different points accumulate. The true transformation receives many consistent votes from all inliers, forming a peak in the 6D accumulator. Outliers vote randomly and diffuse. Turning parameters into a vote means mapping the estimated tx,ty,tz,rx,ry,rz to an index in the 6D grid and adding +1 or a confidence weight there. Discretization makes the space sparse, and peak detection then recovers the consensus pose.",muse-glimmer-30b,meta,True,120,779,test,muse-glimmer-30b-q4_k_m,final-2026-09-20,You are answering questions the way a knowledgeable person would in an online discussion. Write in plain prose. Do not restate the question or add a preamble. Begin with the answer itself.,110,170,8192,default,,end_turn,ollama-local-muse-glimmer-30b,2026-09-28 09:41:12.539789+00:00,32.3,muse-glimmer:30b-q4_K_M,q4_k_m,16384,8192,True,"{""temperature"": ""1"", ""top_k"": ""64"", ""top_p"": ""0.95""}","A vote is an accumulator cell in parameter space that a local measurement increments. For 6 DOF rigid pose you have e.g. tx,ty,tz,rx,ry,rz. Each correspondence or feature match gives a hypothesis for those six numbers. Instead of trusting it you increment the 6D histogram bin around that hypothesis, adding weight or confidence. Many independent local votes from different points accumulate. The true transformation receives many consistent votes from all inliers, forming a peak in the 6D accumulator. Outliers vote randomly and diffuse. Turning parameters into a vote means mapping the estimated tx,ty,tz,rx,ry,rz to an index in the 6D grid and adding +1 or a confidence weight there. Discretization makes the space sparse, and peak detection then recovers the consensus pose.","A vote is an accumulator cell in parameter space that a local measurement increments. For 6 DOF rigid pose you have e.g. tx,ty,tz,rx,ry,rz. Each correspondence or feature match gives a hypothesis for those six numbers. Instead of trusting it you increment the 6D histogram bin around that hypothesis, adding weight or confidence. Many independent local votes from different points accumulate. The true transformation receives many consistent votes from all inliers, forming a peak in the 6D accumulator. Outliers vote randomly and diffuse. Turning parameters into a vote means mapping the estimated tx,ty,tz,rx,ry,rz to an index in the 6D grid and adding +1 or a confidence weight there. Discretization makes the space sparse, and peak detection then recovers the consensus pose.","A vote is an accumulator cell in parameter space that a local measurement increments. For 6 DOF rigid pose you have e.g. tx,ty,tz,rx,ry,rz. Each correspondence or feature match gives a hypothesis for those six numbers. Instead of trusting it you increment the 6D histogram bin around that hypothesis, adding weight or confidence. Many independent local votes from different points accumulate. The true transformation receives many consistent votes from all inliers, forming a peak in the 6D accumulator. Outliers vote randomly and diffuse. Turning parameters into a vote means mapping the estimated tx,ty,tz,rx,ry,rz to an index in the 6D grid and adding +1 or a confidence weight there. Discretization makes the space sparse, and peak detection then recovers the consensus pose.",a vote is an accumulator cell in parameter space that a local measurement increments for 6 dof rigid pose you have e g tx ty tz rx ry rz each correspondence or feature match gives a hypothesis for those six numbers instead of trusting it you increment the 6d histogram bin around that hypothesis adding weight or confidence many independent local votes from different points accumulate the true transformation receives many consistent votes from all inliers forming a peak in the 6d accumulator outliers vote randomly and diffuse turning parameters into a vote means mapping the estimated tx ty tz rx ry rz to an index in the 6d grid and adding 1 or a confidence weight there discretization makes the space sparse and peak detection then recovers the consensus pose
technical_0359__muse-glimmer-30b,technical_0359,technical,"I performed 512 point FFT on a signal. I got another set of 512 Numbers. I understand that those numbers represent amplitude of the various sine and cosine waves having different frequencies.

If my understanding is correct can somebody tell me how to know the frequencies of those sine and cosine waves from the knowledge of those 512-numbers (i.e amplitudes) ?","The 512 FFT values are complex coefficients for discrete frequencies spaced by Fs/512. With sampling rate Fs and N=512, bin k corresponds to f_k = k·Fs/N for k=0…511. Bin 0 is DC, bin 1 is Fs/512, bin 2 is 2·Fs/512, etc. Up to Nyquist.

For real input the spectrum is conjugate symmetric, so bins 1 to 255 contain the unique positive frequencies, bin 256 is Nyquist if N even, and bins 257 to 511 mirror them. Magnitude |X[k]| gives amplitude, phase gives sine/cosine mix.

Thus frequency of bin k is k·Fs/512 Hz. If you know Fs, map each magnitude to its frequency. If Fs is unknown you can only give normalized frequency k/N cycles per sample.","The 512 FFT values are complex coefficients for discrete frequencies spaced by Fs/512. With sampling rate Fs and N=512, bin k corresponds to f_k = k·Fs/N for k=0...511. Bin 0 is DC, bin 1 is Fs/512, bin 2 is 2·Fs/512, etc. Up to Nyquist.

For real input the spectrum is conjugate symmetric, so bins 1 to 255 contain the unique positive frequencies, bin 256 is Nyquist if N even, and bins 257 to 511 mirror them. Magnitude |X[k]| gives amplitude, phase gives sine/cosine mix.

Thus frequency of bin k is k·Fs/512 Hz. If you know Fs, map each magnitude to its frequency. If Fs is unknown you can only give normalized frequency k/N cycles per sample.",muse-glimmer-30b,meta,True,116,645,test,muse-glimmer-30b-q4_k_m,final-2026-09-20,You are answering questions the way a knowledgeable person would in an online discussion. Write in plain prose. Do not restate the question or add a preamble. Begin with the answer itself.,110,170,8192,default,,end_turn,ollama-local-muse-glimmer-30b,2026-09-28 09:41:49.880937+00:00,32.3,muse-glimmer:30b-q4_K_M,q4_k_m,16384,8192,True,"{""temperature"": ""1"", ""top_k"": ""64"", ""top_p"": ""0.95""}","The 512 FFT values are complex coefficients for discrete frequencies spaced by Fs/512. With sampling rate Fs and N=512, bin k corresponds to f_k = k·Fs/N for k=0...511. Bin 0 is DC, bin 1 is Fs/512, bin 2 is 2·Fs/512, etc. Up to Nyquist.

For real input the spectrum is conjugate symmetric, so bins 1 to 255 contain the unique positive frequencies, bin 256 is Nyquist if N even, and bins 257 to 511 mirror them. Magnitude |X[k]| gives amplitude, phase gives sine/cosine mix.

Thus frequency of bin k is k·Fs/512 Hz. If you know Fs, map each magnitude to its frequency. If Fs is unknown you can only give normalized frequency k/N cycles per sample.","The 512 FFT values are complex coefficients for discrete frequencies spaced by Fs/512. With sampling rate Fs and N=512, bin k corresponds to f_k = k·Fs/N for k=0...511. Bin 0 is DC, bin 1 is Fs/512, bin 2 is 2·Fs/512, etc. Up to Nyquist. For real input the spectrum is conjugate symmetric, so bins 1 to 255 contain the unique positive frequencies, bin 256 is Nyquist if N even, and bins 257 to 511 mirror them. Magnitude |X[k]| gives amplitude, phase gives sine/cosine mix. Thus frequency of bin k is k·Fs/512 Hz. If you know Fs, map each magnitude to its frequency. If Fs is unknown you can only give normalized frequency k/N cycles per sample.","The 512 FFT values are complex coefficients for discrete frequencies spaced by Fs/512. With sampling rate Fs and N=512, bin k corresponds to f_k = k·Fs/N for k=0...511. Bin 0 is DC, bin 1 is Fs/512, bin 2 is 2·Fs/512, etc. Up to Nyquist. For real input the spectrum is conjugate symmetric, so bins 1 to 255 contain the unique positive frequencies, bin 256 is Nyquist if N even, and bins 257 to 511 mirror them. Magnitude |X[k]| gives amplitude, phase gives sine/cosine mix. Thus frequency of bin k is k·Fs/512 Hz. If you know Fs, map each magnitude to its frequency. If Fs is unknown you can only give normalized frequency k/N cycles per sample.",the 512 fft values are complex coefficients for discrete frequencies spaced by fs 512 with sampling rate fs and n 512 bin k corresponds to f k k fs n for k 0 511 bin 0 is dc bin 1 is fs 512 bin 2 is 2 fs 512 etc up to nyquist for real input the spectrum is conjugate symmetric so bins 1 to 255 contain the unique positive frequencies bin 256 is nyquist if n even and bins 257 to 511 mirror them magnitude x k gives amplitude phase gives sine cosine mix thus frequency of bin k is k fs 512 hz if you know fs map each magnitude to its frequency if fs is unknown you can only give normalized frequency k n cycles per sample
technical_0361__muse-glimmer-30b,technical_0361,technical,"I have convolved a random signal with a a Gaussian and added noise (Poisson noise in this case) to generate a noisy signal. Now I would like to deconvolve this noisy signal to extract the original signal using the same Gaussian.

The problem is that I need a code which does the job of deconvolution in 1D. (I have already found some in 2D but my main aim is 1D).

Can you please suggest me some packages or programs that are able to do so? (Preferably in MATLAB)

Thanks in advance for the help.","MATLAB’s Signal Processing and Image Processing Toolboxes already provide 1-D deconvolution. For Gaussian blur with Poisson noise use Richardson-Lucy, implemented as deconvlucy, which is maximum-likelihood for Poisson statistics and works on vectors by reshaping to column. deconvlucy(y, psf, numiter, options) returns the estimate.

For Gaussian noise use Wiener filtering: deconvwnr or wiener2 with 1-D input, or manual frequency-domain division Y./H with Tikhonov regularization to avoid division by zero: Xhat = ifft( Y.*conj(H) ./ (|H|^2 + lambda) ).

The Regularization Tools package offers deconvreg for Tikhonov/Total Variation regularization in 1-D. Alternatively implement Wiener in fft: H = fft(psf, N); Y = fft(y,N); Xhat = ifft( Y.*conj(H)./(abs(H).^2 + eps) ).

All methods need zero-padding and proper PSF centering.","MATLAB's Signal Processing and Image Processing Toolboxes already provide 1-D deconvolution. For Gaussian blur with Poisson noise use Richardson-Lucy, implemented as deconvlucy, which is maximum-likelihood for Poisson statistics and works on vectors by reshaping to column. deconvlucy(y, psf, numiter, options) returns the estimate.

For Gaussian noise use Wiener filtering: deconvwnr or wiener2 with 1-D input, or manual frequency-domain division Y./H with Tikhonov regularization to avoid division by zero: Xhat = ifft( Y.*conj(H) ./ (|H|^2 + lambda) ).

The Regularization Tools package offers deconvreg for Tikhonov/Total Variation regularization in 1-D. Alternatively implement Wiener in fft: H = fft(psf, N); Y = fft(y,N); Xhat = ifft( Y.*conj(H)./(abs(H).^2 + eps) ).

All methods need zero-padding and proper PSF centering.",muse-glimmer-30b,meta,True,116,831,test,muse-glimmer-30b-q4_k_m,final-2026-09-20,You are answering questions the way a knowledgeable person would in an online discussion. Write in plain prose. Do not restate the question or add a preamble. Begin with the answer itself.,110,170,8192,default,,end_turn,ollama-local-muse-glimmer-30b,2026-09-28 09:42:32.460279+00:00,32.3,muse-glimmer:30b-q4_K_M,q4_k_m,16384,8192,True,"{""temperature"": ""1"", ""top_k"": ""64"", ""top_p"": ""0.95""}","MATLAB's Signal Processing and Image Processing Toolboxes already provide 1-D deconvolution. For Gaussian blur with Poisson noise use Richardson-Lucy, implemented as deconvlucy, which is maximum-likelihood for Poisson statistics and works on vectors by reshaping to column. deconvlucy(y, psf, numiter, options) returns the estimate.

For Gaussian noise use Wiener filtering: deconvwnr or wiener2 with 1-D input, or manual frequency-domain division Y./H with Tikhonov regularization to avoid division by zero: Xhat = ifft( Y.*conj(H) ./ (|H|^2 + lambda) ).

The Regularization Tools package offers deconvreg for Tikhonov/Total Variation regularization in 1-D. Alternatively implement Wiener in fft: H = fft(psf, N); Y = fft(y,N); Xhat = ifft( Y.*conj(H)./(abs(H).^2 + eps) ).

All methods need zero-padding and proper PSF centering.","MATLAB's Signal Processing and Image Processing Toolboxes already provide 1-D deconvolution. For Gaussian blur with Poisson noise use Richardson-Lucy, implemented as deconvlucy, which is maximum-likelihood for Poisson statistics and works on vectors by reshaping to column. deconvlucy(y, psf, numiter, options) returns the estimate. For Gaussian noise use Wiener filtering: deconvwnr or wiener2 with 1-D input, or manual frequency-domain division Y./H with Tikhonov regularization to avoid division by zero: Xhat = ifft( Y.*conj(H) ./ (|H|^2 + lambda) ). The Regularization Tools package offers deconvreg for Tikhonov/Total Variation regularization in 1-D. Alternatively implement Wiener in fft: H = fft(psf, N); Y = fft(y,N); Xhat = ifft( Y.*conj(H)./(abs(H).^2 + eps) ). All methods need zero-padding and proper PSF centering.","MATLAB's Signal Processing and Image Processing Toolboxes already provide 1-D deconvolution. For Gaussian blur with Poisson noise use Richardson-Lucy, implemented as deconvlucy, which is maximum-likelihood for Poisson statistics and works on vectors by reshaping to column. deconvlucy(y, psf, numiter, options) returns the estimate. For Gaussian noise use Wiener filtering: deconvwnr or wiener2 with 1-D input, or manual frequency-domain division Y./H with Tikhonov regularization to avoid division by zero: Xhat = ifft( Y.*conj(H) ./ (|H|^2 + lambda) ). The Regularization Tools package offers deconvreg for Tikhonov/Total Variation regularization in 1-D. Alternatively implement Wiener in fft: H = fft(psf, N); Y = fft(y,N); Xhat = ifft( Y.*conj(H)./(abs(H).^2 + eps) ). All methods need zero-padding and proper PSF centering.",matlab's signal processing and image processing toolboxes already provide 1 d deconvolution for gaussian blur with poisson noise use richardson lucy implemented as deconvlucy which is maximum likelihood for poisson statistics and works on vectors by reshaping to column deconvlucy y psf numiter options returns the estimate for gaussian noise use wiener filtering deconvwnr or wiener2 with 1 d input or manual frequency domain division y h with tikhonov regularization to avoid division by zero xhat ifft y conj h h 2 lambda the regularization tools package offers deconvreg for tikhonov total variation regularization in 1 d alternatively implement wiener in fft h fft psf n y fft y n xhat ifft y conj h abs h 2 eps all methods need zero padding and proper psf centering
technical_0370__muse-glimmer-30b,technical_0370,technical,"I know the basic working principle of sinusoidal oscillators. But I have a doubt on this matter when I came across Gram-Schmidt orthogonalization procedure. I have read that the source for sinusoid signal output from an oscillator is the noise. Due to controlled positive feedback a single frequency component is selected and amplified, right? If the noise is a white noise, we say it has all frequency components. We think in terms of all possible sinusoids with different frequencies. When coming to frequency response too, we think in terms of sinusoids. Why can't we think in terms of other orthogonal basis set? Although it makes life difficult, I would like to know the justification for thinking in terms of sinusoids. Is sinusoids the nature's default signals?","Sinusoids are not arbitrary; they are eigenfunctions of linear time-invariant systems. A constant-coefficient differential equation commutes with time shifts, so e^{jωt} is mapped to a scaled version of itself. Any other complete orthogonal set will be mixed by the system, making analysis hard. Noise is stationary, its autocorrelation depends only on delay, so by Wiener-Khinchin its representation diagonalizes in frequency. An oscillator is a resonant LTI feedback loop with poles near the imaginary axis; it selectively amplifies the eigenmode at that frequency present in the broadband noise. You can expand signals in wavelets, prolate spheroids, etc., and Gram-Schmidt will give an orthogonal basis, but the system response couples those basis elements. Sinusoids are nature's default for linear, time-invariant, passive media because Maxwell's equations and mechanical wave equations are translation invariant in time.","Sinusoids are not arbitrary; they are eigenfunctions of linear time-invariant systems. A constant-coefficient differential equation commutes with time shifts, so e^jωt is mapped to a scaled version of itself. Any other complete orthogonal set will be mixed by the system, making analysis hard. Noise is stationary, its autocorrelation depends only on delay, so by Wiener-Khinchin its representation diagonalizes in frequency. An oscillator is a resonant LTI feedback loop with poles near the imaginary axis; it selectively amplifies the eigenmode at that frequency present in the broadband noise. You can expand signals in wavelets, prolate spheroids, etc., and Gram-Schmidt will give an orthogonal basis, but the system response couples those basis elements. Sinusoids are nature's default for linear, time-invariant, passive media because Maxwell's equations and mechanical wave equations are translation invariant in time.",muse-glimmer-30b,meta,True,132,927,test,muse-glimmer-30b-q4_k_m,final-2026-09-20,You are answering questions the way a knowledgeable person would in an online discussion. Write in plain prose. Do not restate the question or add a preamble. Begin with the answer itself.,110,170,8192,default,,end_turn,ollama-local-muse-glimmer-30b,2026-09-28 09:43:04.617220+00:00,32.3,muse-glimmer:30b-q4_K_M,q4_k_m,16384,8192,True,"{""temperature"": ""1"", ""top_k"": ""64"", ""top_p"": ""0.95""}","Sinusoids are not arbitrary; they are eigenfunctions of linear time-invariant systems. A constant-coefficient differential equation commutes with time shifts, so e^jωt is mapped to a scaled version of itself. Any other complete orthogonal set will be mixed by the system, making analysis hard. Noise is stationary, its autocorrelation depends only on delay, so by Wiener-Khinchin its representation diagonalizes in frequency. An oscillator is a resonant LTI feedback loop with poles near the imaginary axis; it selectively amplifies the eigenmode at that frequency present in the broadband noise. You can expand signals in wavelets, prolate spheroids, etc., and Gram-Schmidt will give an orthogonal basis, but the system response couples those basis elements. Sinusoids are nature's default for linear, time-invariant, passive media because Maxwell's equations and mechanical wave equations are translation invariant in time.","Sinusoids are not arbitrary; they are eigenfunctions of linear time-invariant systems. A constant-coefficient differential equation commutes with time shifts, so e^jωt is mapped to a scaled version of itself. Any other complete orthogonal set will be mixed by the system, making analysis hard. Noise is stationary, its autocorrelation depends only on delay, so by Wiener-Khinchin its representation diagonalizes in frequency. An oscillator is a resonant LTI feedback loop with poles near the imaginary axis; it selectively amplifies the eigenmode at that frequency present in the broadband noise. You can expand signals in wavelets, prolate spheroids, etc., and Gram-Schmidt will give an orthogonal basis, but the system response couples those basis elements. Sinusoids are nature's default for linear, time-invariant, passive media because Maxwell's equations and mechanical wave equations are translation invariant in time.","Sinusoids are not arbitrary; they are eigenfunctions of linear time-invariant systems. A constant-coefficient differential equation commutes with time shifts, so e^jωt is mapped to a scaled version of itself. Any other complete orthogonal set will be mixed by the system, making analysis hard. Noise is stationary, its autocorrelation depends only on delay, so by Wiener-Khinchin its representation diagonalizes in frequency. An oscillator is a resonant LTI feedback loop with poles near the imaginary axis; it selectively amplifies the eigenmode at that frequency present in the broadband noise. You can expand signals in wavelets, prolate spheroids, etc., and Gram-Schmidt will give an orthogonal basis, but the system response couples those basis elements. Sinusoids are nature's default for linear, time-invariant, passive media because Maxwell's equations and mechanical wave equations are translation invariant in time.",sinusoids are not arbitrary they are eigenfunctions of linear time invariant systems a constant coefficient differential equation commutes with time shifts so e jωt is mapped to a scaled version of itself any other complete orthogonal set will be mixed by the system making analysis hard noise is stationary its autocorrelation depends only on delay so by wiener khinchin its representation diagonalizes in frequency an oscillator is a resonant lti feedback loop with poles near the imaginary axis it selectively amplifies the eigenmode at that frequency present in the broadband noise you can expand signals in wavelets prolate spheroids etc and gram schmidt will give an orthogonal basis but the system response couples those basis elements sinusoids are nature's default for linear time invariant passive media because maxwell's equations and mechanical wave equations are translation invariant in time
technical_0371__muse-glimmer-30b,technical_0371,technical,What's the correct way. Should I zero-pad a signal before or after applying a windowing function?,"Window first, then zero-pad. The window is a time-domain operation intended to taper the actual data you have, suppressing spectral leakage at the segment edges. Apply it to the finite record you want to analyze, with the window length equal to the data length. Zero padding is a frequency-domain interpolation trick, not a way to create data. It is performed after windowing by appending zeros to the windowed sequence before the FFT, increasing FFT size for finer bin spacing without changing the underlying spectrum. Padding before windowing would let the window taper into the zeros, effectively modifying the window shape and the data's energy, and it changes the main-lobe width and sidelobe levels you intended. Keep windowing and zero padding separate: window the real data, then pad for interpolation.","Window first, then zero-pad. The window is a time-domain operation intended to taper the actual data you have, suppressing spectral leakage at the segment edges. Apply it to the finite record you want to analyze, with the window length equal to the data length. Zero padding is a frequency-domain interpolation trick, not a way to create data. It is performed after windowing by appending zeros to the windowed sequence before the FFT, increasing FFT size for finer bin spacing without changing the underlying spectrum. Padding before windowing would let the window taper into the zeros, effectively modifying the window shape and the data's energy, and it changes the main-lobe width and sidelobe levels you intended. Keep windowing and zero padding separate: window the real data, then pad for interpolation.",muse-glimmer-30b,meta,True,129,810,test,muse-glimmer-30b-q4_k_m,final-2026-09-20,You are answering questions the way a knowledgeable person would in an online discussion. Write in plain prose. Do not restate the question or add a preamble. Begin with the answer itself.,110,170,8192,default,,end_turn,ollama-local-muse-glimmer-30b,2026-09-28 09:43:48.914930+00:00,32.3,muse-glimmer:30b-q4_K_M,q4_k_m,16384,8192,True,"{""temperature"": ""1"", ""top_k"": ""64"", ""top_p"": ""0.95""}","Window first, then zero-pad. The window is a time-domain operation intended to taper the actual data you have, suppressing spectral leakage at the segment edges. Apply it to the finite record you want to analyze, with the window length equal to the data length. Zero padding is a frequency-domain interpolation trick, not a way to create data. It is performed after windowing by appending zeros to the windowed sequence before the FFT, increasing FFT size for finer bin spacing without changing the underlying spectrum. Padding before windowing would let the window taper into the zeros, effectively modifying the window shape and the data's energy, and it changes the main-lobe width and sidelobe levels you intended. Keep windowing and zero padding separate: window the real data, then pad for interpolation.","Window first, then zero-pad. The window is a time-domain operation intended to taper the actual data you have, suppressing spectral leakage at the segment edges. Apply it to the finite record you want to analyze, with the window length equal to the data length. Zero padding is a frequency-domain interpolation trick, not a way to create data. It is performed after windowing by appending zeros to the windowed sequence before the FFT, increasing FFT size for finer bin spacing without changing the underlying spectrum. Padding before windowing would let the window taper into the zeros, effectively modifying the window shape and the data's energy, and it changes the main-lobe width and sidelobe levels you intended. Keep windowing and zero padding separate: window the real data, then pad for interpolation.","Window first, then zero-pad. The window is a time-domain operation intended to taper the actual data you have, suppressing spectral leakage at the segment edges. Apply it to the finite record you want to analyze, with the window length equal to the data length. Zero padding is a frequency-domain interpolation trick, not a way to create data. It is performed after windowing by appending zeros to the windowed sequence before the FFT, increasing FFT size for finer bin spacing without changing the underlying spectrum. Padding before windowing would let the window taper into the zeros, effectively modifying the window shape and the data's energy, and it changes the main-lobe width and sidelobe levels you intended. Keep windowing and zero padding separate: window the real data, then pad for interpolation.",window first then zero pad the window is a time domain operation intended to taper the actual data you have suppressing spectral leakage at the segment edges apply it to the finite record you want to analyze with the window length equal to the data length zero padding is a frequency domain interpolation trick not a way to create data it is performed after windowing by appending zeros to the windowed sequence before the fft increasing fft size for finer bin spacing without changing the underlying spectrum padding before windowing would let the window taper into the zeros effectively modifying the window shape and the data's energy and it changes the main lobe width and sidelobe levels you intended keep windowing and zero padding separate window the real data then pad for interpolation
technical_0372__muse-glimmer-30b,technical_0372,technical,"When energy is referred to as the square summable sequence, is that energy a representation of the power of the signal? How is the energy of frequency determined?

E.g. what if an audio signal has high energy on the higher frequencies and another has high energy on the lower, bass, frequencies, how is this determined?

What exactly is the power from the square summable series representing then and is it useful for audio?","Energy of a discrete signal is sum of squared samples, sum |x[n]|², which is finite iff square-summable. That is total energy, not instantaneous power. Average power is energy divided by number of samples, or limit of energy per duration for infinite signals.

Frequency energy follows Parseval. The DFT magnitude squared gives energy per bin, up to 1/N scaling. Summing |X[k]|² equals N sum |x[n]|². So high bass vs treble is seen by which bins contain larger squared magnitudes.

The square-summable power is therefore a time-domain energy measure. In audio it is useful for loudness estimation, normalization, dynamic range control and spectral analysis, though perceived loudness also depends on frequency weighting. It maps to power spectral density for stationary signals.","Energy of a discrete signal is sum of squared samples, sum |x[n]|², which is finite iff square-summable. That is total energy, not instantaneous power. Average power is energy divided by number of samples, or limit of energy per duration for infinite signals.

Frequency energy follows Parseval. The DFT magnitude squared gives energy per bin, up to 1/N scaling. Summing |X[k]|² equals N sum |x[n]|². So high bass vs treble is seen by which bins contain larger squared magnitudes.

The square-summable power is therefore a time-domain energy measure. In audio it is useful for loudness estimation, normalization, dynamic range control and spectral analysis, though perceived loudness also depends on frequency weighting. It maps to power spectral density for stationary signals.",muse-glimmer-30b,meta,True,119,778,test,muse-glimmer-30b-q4_k_m,final-2026-09-20,You are answering questions the way a knowledgeable person would in an online discussion. Write in plain prose. Do not restate the question or add a preamble. Begin with the answer itself.,110,170,8192,default,,end_turn,ollama-local-muse-glimmer-30b,2026-09-28 09:44:24.251103+00:00,32.3,muse-glimmer:30b-q4_K_M,q4_k_m,16384,8192,True,"{""temperature"": ""1"", ""top_k"": ""64"", ""top_p"": ""0.95""}","Energy of a discrete signal is sum of squared samples, sum |x[n]|², which is finite iff square-summable. That is total energy, not instantaneous power. Average power is energy divided by number of samples, or limit of energy per duration for infinite signals.

Frequency energy follows Parseval. The DFT magnitude squared gives energy per bin, up to 1/N scaling. Summing |X[k]|² equals N sum |x[n]|². So high bass vs treble is seen by which bins contain larger squared magnitudes.

The square-summable power is therefore a time-domain energy measure. In audio it is useful for loudness estimation, normalization, dynamic range control and spectral analysis, though perceived loudness also depends on frequency weighting. It maps to power spectral density for stationary signals.","Energy of a discrete signal is sum of squared samples, sum |x[n]|², which is finite iff square-summable. That is total energy, not instantaneous power. Average power is energy divided by number of samples, or limit of energy per duration for infinite signals. Frequency energy follows Parseval. The DFT magnitude squared gives energy per bin, up to 1/N scaling. Summing |X[k]|² equals N sum |x[n]|². So high bass vs treble is seen by which bins contain larger squared magnitudes. The square-summable power is therefore a time-domain energy measure. In audio it is useful for loudness estimation, normalization, dynamic range control and spectral analysis, though perceived loudness also depends on frequency weighting. It maps to power spectral density for stationary signals.","Energy of a discrete signal is sum of squared samples, sum |x[n]|², which is finite iff square-summable. That is total energy, not instantaneous power. Average power is energy divided by number of samples, or limit of energy per duration for infinite signals. Frequency energy follows Parseval. The DFT magnitude squared gives energy per bin, up to 1/N scaling. Summing |X[k]|² equals N sum |x[n]|². So high bass vs treble is seen by which bins contain larger squared magnitudes. The square-summable power is therefore a time-domain energy measure. In audio it is useful for loudness estimation, normalization, dynamic range control and spectral analysis, though perceived loudness also depends on frequency weighting. It maps to power spectral density for stationary signals.",energy of a discrete signal is sum of squared samples sum x n ² which is finite iff square summable that is total energy not instantaneous power average power is energy divided by number of samples or limit of energy per duration for infinite signals frequency energy follows parseval the dft magnitude squared gives energy per bin up to 1 n scaling summing x k ² equals n sum x n ² so high bass vs treble is seen by which bins contain larger squared magnitudes the square summable power is therefore a time domain energy measure in audio it is useful for loudness estimation normalization dynamic range control and spectral analysis though perceived loudness also depends on frequency weighting it maps to power spectral density for stationary signals
technical_0379__muse-glimmer-30b,technical_0379,technical,"What's the difference between these? Both are measurements of some form of signal power, but surely there's some difference between the power they are measuring?","dBm is an absolute power level referenced to 1 milliwatt, normally into a 50 Ω system. dBmV is an absolute voltage level referenced to 1 millivolt at the terminals, not power per se.

You can only convert between them if you assume an impedance, typically 50 Ω or 75 Ω for RF/cable work. With a standard 50 Ω load, P = V²/R, so 0 dBmV = 1 mV rms ≈ 0.02 µW ≈ -47 dBm.

So the numbers look comparable but they describe different physical quantities. dBm tells you how much RF power is actually being delivered or received. dBmV tells you the voltage you would measure at a point, which is the convention in TV, CATV and baseband systems where receivers are voltage driven and the system impedance is fixed.

In practice dBm is used where power transfer and link budget matter, and dBmV is used where the signal is characterized as a terminal voltage. The difference is power vs voltage, and the implicit assumption about impedance that lets you go from one to the other.","dBm is an absolute power level referenced to 1 milliwatt, normally into a 50 Ω system. dBmV is an absolute voltage level referenced to 1 millivolt at the terminals, not power per se.

You can only convert between them if you assume an impedance, typically 50 Ω or 75 Ω for RF/cable work. With a standard 50 Ω load, P = V²/R, so 0 dBmV = 1 mV rms ≈ 0.02 µW ≈ -47 dBm.

So the numbers look comparable but they describe different physical quantities. dBm tells you how much RF power is actually being delivered or received. dBmV tells you the voltage you would measure at a point, which is the convention in TV, CATV and baseband systems where receivers are voltage driven and the system impedance is fixed.

In practice dBm is used where power transfer and link budget matter, and dBmV is used where the signal is characterized as a terminal voltage. The difference is power vs voltage, and the implicit assumption about impedance that lets you go from one to the other.",muse-glimmer-30b,meta,True,177,968,test,muse-glimmer-30b-q4_k_m,final-2026-09-20,You are answering questions the way a knowledgeable person would in an online discussion. Write in plain prose. Do not restate the question or add a preamble. Begin with the answer itself.,110,170,8192,default,,end_turn,ollama-local-muse-glimmer-30b,2026-09-28 09:45:11.059378+00:00,32.3,muse-glimmer:30b-q4_K_M,q4_k_m,16384,8192,True,"{""temperature"": ""1"", ""top_k"": ""64"", ""top_p"": ""0.95""}","dBm is an absolute power level referenced to 1 milliwatt, normally into a 50 Ω system. dBmV is an absolute voltage level referenced to 1 millivolt at the terminals, not power per se.

You can only convert between them if you assume an impedance, typically 50 Ω or 75 Ω for RF/cable work. With a standard 50 Ω load, P = V²/R, so 0 dBmV = 1 mV rms ≈ 0.02 µW ≈ -47 dBm.

So the numbers look comparable but they describe different physical quantities. dBm tells you how much RF power is actually being delivered or received. dBmV tells you the voltage you would measure at a point, which is the convention in TV, CATV and baseband systems where receivers are voltage driven and the system impedance is fixed.

In practice dBm is used where power transfer and link budget matter, and dBmV is used where the signal is characterized as a terminal voltage. The difference is power vs voltage, and the implicit assumption about impedance that lets you go from one to the other.","dBm is an absolute power level referenced to 1 milliwatt, normally into a 50 Ω system. dBmV is an absolute voltage level referenced to 1 millivolt at the terminals, not power per se. You can only convert between them if you assume an impedance, typically 50 Ω or 75 Ω for RF/cable work. With a standard 50 Ω load, P = V²/R, so 0 dBmV = 1 mV rms ≈ 0.02 µW ≈ -47 dBm. So the numbers look comparable but they describe different physical quantities. dBm tells you how much RF power is actually being delivered or received. dBmV tells you the voltage you would measure at a point, which is the convention in TV, CATV and baseband systems where receivers are voltage driven and the system impedance is fixed. In practice dBm is used where power transfer and link budget matter, and dBmV is used where the signal is characterized as a terminal voltage. The difference is power vs voltage, and the implicit assumption about impedance that lets you go from one to the other.","dBm is an absolute power level referenced to 1 milliwatt, normally into a 50 Ω system. dBmV is an absolute voltage level referenced to 1 millivolt at the terminals, not power per se. You can only convert between them if you assume an impedance, typically 50 Ω or 75 Ω for RF/cable work. With a standard 50 Ω load, P = V²/R, so 0 dBmV = 1 mV rms ≈ 0.02 µW ≈ -47 dBm. So the numbers look comparable but they describe different physical quantities. dBm tells you how much RF power is actually being delivered or received. dBmV tells you the voltage you would measure at a point, which is the convention in TV, CATV and baseband systems where receivers are voltage driven and the system impedance is fixed. In practice dBm is used where power transfer and link budget matter, and dBmV is used where the signal is characterized as a terminal voltage. The difference is power vs voltage, and the implicit assumption about impedance that lets you go from one to the other.",dbm is an absolute power level referenced to 1 milliwatt normally into a 50 ω system dbmv is an absolute voltage level referenced to 1 millivolt at the terminals not power per se you can only convert between them if you assume an impedance typically 50 ω or 75 ω for rf cable work with a standard 50 ω load p v² r so 0 dbmv 1 mv rms 0 02 µw 47 dbm so the numbers look comparable but they describe different physical quantities dbm tells you how much rf power is actually being delivered or received dbmv tells you the voltage you would measure at a point which is the convention in tv catv and baseband systems where receivers are voltage driven and the system impedance is fixed in practice dbm is used where power transfer and link budget matter and dbmv is used where the signal is characterized as a terminal voltage the difference is power vs voltage and the implicit assumption about impedance that lets you go from one to the other
technical_0390__muse-glimmer-30b,technical_0390,technical,"My understanding of Pulse Doppler Radar is the system measures Time Of Flight for the pulse.

My confusion is that during the down conversion process prior to ADC the lowpass filter causes some time delay in addition to the time of flight. In principle the delay should be known beforehand but I'm sure it's not exact and in general the delay is not completely constant even among the band of interest.

How is this delay dealt with?","Pulse Doppler radars normally measure range by the arrival time of a pulse relative to transmit, and Doppler by the phase progression between pulses. The group delay introduced by the mixer, low-pass filter and ADC anti-alias chain is essentially the same for every pulse and is common-mode.

That constant delay therefore cancels in a differential measurement. For Doppler the absolute time offset produces a fixed phase offset that is removed when the phase difference from pulse to pulse is formed. For range the absolute offset is calibrated out once, e.g. by a loopback or a target at known range, and tracked as a system bias.

Modern systems design the baseband chain for linear phase so the group delay is flat over the signal bandwidth, making the residual variation negligible compared to the range resolution set by pulse width or bandwidth. Any remaining variation is compensated in digital matched filtering and timing alignment.","Pulse Doppler radars normally measure range by the arrival time of a pulse relative to transmit, and Doppler by the phase progression between pulses. The group delay introduced by the mixer, low-pass filter and ADC anti-alias chain is essentially the same for every pulse and is common-mode.

That constant delay therefore cancels in a differential measurement. For Doppler the absolute time offset produces a fixed phase offset that is removed when the phase difference from pulse to pulse is formed. For range the absolute offset is calibrated out once, e.g. by a loopback or a target at known range, and tracked as a system bias.

Modern systems design the baseband chain for linear phase so the group delay is flat over the signal bandwidth, making the residual variation negligible compared to the range resolution set by pulse width or bandwidth. Any remaining variation is compensated in digital matched filtering and timing alignment.",muse-glimmer-30b,meta,True,152,942,test,muse-glimmer-30b-q4_k_m,final-2026-09-20,You are answering questions the way a knowledgeable person would in an online discussion. Write in plain prose. Do not restate the question or add a preamble. Begin with the answer itself.,110,170,8192,default,,end_turn,ollama-local-muse-glimmer-30b,2026-09-28 09:45:48.337966+00:00,32.3,muse-glimmer:30b-q4_K_M,q4_k_m,16384,8192,True,"{""temperature"": ""1"", ""top_k"": ""64"", ""top_p"": ""0.95""}","Pulse Doppler radars normally measure range by the arrival time of a pulse relative to transmit, and Doppler by the phase progression between pulses. The group delay introduced by the mixer, low-pass filter and ADC anti-alias chain is essentially the same for every pulse and is common-mode.

That constant delay therefore cancels in a differential measurement. For Doppler the absolute time offset produces a fixed phase offset that is removed when the phase difference from pulse to pulse is formed. For range the absolute offset is calibrated out once, e.g. by a loopback or a target at known range, and tracked as a system bias.

Modern systems design the baseband chain for linear phase so the group delay is flat over the signal bandwidth, making the residual variation negligible compared to the range resolution set by pulse width or bandwidth. Any remaining variation is compensated in digital matched filtering and timing alignment.","Pulse Doppler radars normally measure range by the arrival time of a pulse relative to transmit, and Doppler by the phase progression between pulses. The group delay introduced by the mixer, low-pass filter and ADC anti-alias chain is essentially the same for every pulse and is common-mode. That constant delay therefore cancels in a differential measurement. For Doppler the absolute time offset produces a fixed phase offset that is removed when the phase difference from pulse to pulse is formed. For range the absolute offset is calibrated out once, e.g. by a loopback or a target at known range, and tracked as a system bias. Modern systems design the baseband chain for linear phase so the group delay is flat over the signal bandwidth, making the residual variation negligible compared to the range resolution set by pulse width or bandwidth. Any remaining variation is compensated in digital matched filtering and timing alignment.","Pulse Doppler radars normally measure range by the arrival time of a pulse relative to transmit, and Doppler by the phase progression between pulses. The group delay introduced by the mixer, low-pass filter and ADC anti-alias chain is essentially the same for every pulse and is common-mode. That constant delay therefore cancels in a differential measurement. For Doppler the absolute time offset produces a fixed phase offset that is removed when the phase difference from pulse to pulse is formed. For range the absolute offset is calibrated out once, e.g. by a loopback or a target at known range, and tracked as a system bias. Modern systems design the baseband chain for linear phase so the group delay is flat over the signal bandwidth, making the residual variation negligible compared to the range resolution set by pulse width or bandwidth. Any remaining variation is compensated in digital matched filtering and timing alignment.",pulse doppler radars normally measure range by the arrival time of a pulse relative to transmit and doppler by the phase progression between pulses the group delay introduced by the mixer low pass filter and adc anti alias chain is essentially the same for every pulse and is common mode that constant delay therefore cancels in a differential measurement for doppler the absolute time offset produces a fixed phase offset that is removed when the phase difference from pulse to pulse is formed for range the absolute offset is calibrated out once e g by a loopback or a target at known range and tracked as a system bias modern systems design the baseband chain for linear phase so the group delay is flat over the signal bandwidth making the residual variation negligible compared to the range resolution set by pulse width or bandwidth any remaining variation is compensated in digital matched filtering and timing alignment
technical_0395__muse-glimmer-30b,technical_0395,technical,"I want to construct a reference locked sine oscillator. The multibit sine wave is calculated using DDS. The multibit reference signal is typically not sinusoidal, can have offset and substantial noise, but is expected to contain one dominant frequency.

If this dominant frequency is nearly known, a standard PLL approach will work to keep track of the dominant frequency in the reference signal.

However, I now suppose this cannot work to acquire initial reference lock if the dominant frequency is far away from the oscillator frequency. In this case, the PLL gets stuck on a locally dominant frequency.

What is the common approach to resolve this ? Calculating an DFT seems like overkill, since it produces a lot of unnecessary information. A recursive 4 sample Zoom FFT looks a bit more efficient. But maybe there is a way that directly modifies the PLL filter to capture further off frequencies ?

Please let me know if I missed crucial info.","Use a coarse acquisition step before closing the narrow tracking loop. Run the DDS with a wideband frequency discriminator or a fast sweeping/gear-shifted PLL, then hand over to the normal PLL once the error is small. A practical implementation is a frequency-locked loop with a large loop bandwidth or a bang-bang/phase-frequency detector for acquisition, or a swept VCO/gear-change where you start with a wide capture range and progressively narrow it. Many designs simply measure the dominant tone once with a low-cost estimator – zero-crossing interval, autocorrelation peak, or a single-bin Goertzel/Zoom FFT tuned to the expected band – then pre-load the DDS and engage the PLL in track mode. That avoids a full DFT while still giving a reliable start frequency.","Use a coarse acquisition step before closing the narrow tracking loop. Run the DDS with a wideband frequency discriminator or a fast sweeping/gear-shifted PLL, then hand over to the normal PLL once the error is small. A practical implementation is a frequency-locked loop with a large loop bandwidth or a bang-bang/phase-frequency detector for acquisition, or a swept VCO/gear-change where you start with a wide capture range and progressively narrow it. Many designs simply measure the dominant tone once with a low-cost estimator – zero-crossing interval, autocorrelation peak, or a single-bin Goertzel/Zoom FFT tuned to the expected band – then pre-load the DDS and engage the PLL in track mode. That avoids a full DFT while still giving a reliable start frequency.",muse-glimmer-30b,meta,True,121,768,test,muse-glimmer-30b-q4_k_m,final-2026-09-20,You are answering questions the way a knowledgeable person would in an online discussion. Write in plain prose. Do not restate the question or add a preamble. Begin with the answer itself.,110,170,8192,default,,end_turn,ollama-local-muse-glimmer-30b,2026-09-28 09:46:26.740250+00:00,32.3,muse-glimmer:30b-q4_K_M,q4_k_m,16384,8192,True,"{""temperature"": ""1"", ""top_k"": ""64"", ""top_p"": ""0.95""}","Use a coarse acquisition step before closing the narrow tracking loop. Run the DDS with a wideband frequency discriminator or a fast sweeping/gear-shifted PLL, then hand over to the normal PLL once the error is small. A practical implementation is a frequency-locked loop with a large loop bandwidth or a bang-bang/phase-frequency detector for acquisition, or a swept VCO/gear-change where you start with a wide capture range and progressively narrow it. Many designs simply measure the dominant tone once with a low-cost estimator - zero-crossing interval, autocorrelation peak, or a single-bin Goertzel/Zoom FFT tuned to the expected band - then pre-load the DDS and engage the PLL in track mode. That avoids a full DFT while still giving a reliable start frequency.","Use a coarse acquisition step before closing the narrow tracking loop. Run the DDS with a wideband frequency discriminator or a fast sweeping/gear-shifted PLL, then hand over to the normal PLL once the error is small. A practical implementation is a frequency-locked loop with a large loop bandwidth or a bang-bang/phase-frequency detector for acquisition, or a swept VCO/gear-change where you start with a wide capture range and progressively narrow it. Many designs simply measure the dominant tone once with a low-cost estimator – zero-crossing interval, autocorrelation peak, or a single-bin Goertzel/Zoom FFT tuned to the expected band – then pre-load the DDS and engage the PLL in track mode. That avoids a full DFT while still giving a reliable start frequency.","Use a coarse acquisition step before closing the narrow tracking loop. Run the DDS with a wideband frequency discriminator or a fast sweeping/gear-shifted PLL, then hand over to the normal PLL once the error is small. A practical implementation is a frequency-locked loop with a large loop bandwidth or a bang-bang/phase-frequency detector for acquisition, or a swept VCO/gear-change where you start with a wide capture range and progressively narrow it. Many designs simply measure the dominant tone once with a low-cost estimator - zero-crossing interval, autocorrelation peak, or a single-bin Goertzel/Zoom FFT tuned to the expected band - then pre-load the DDS and engage the PLL in track mode. That avoids a full DFT while still giving a reliable start frequency.",use a coarse acquisition step before closing the narrow tracking loop run the dds with a wideband frequency discriminator or a fast sweeping gear shifted pll then hand over to the normal pll once the error is small a practical implementation is a frequency locked loop with a large loop bandwidth or a bang bang phase frequency detector for acquisition or a swept vco gear change where you start with a wide capture range and progressively narrow it many designs simply measure the dominant tone once with a low cost estimator zero crossing interval autocorrelation peak or a single bin goertzel zoom fft tuned to the expected band then pre load the dds and engage the pll in track mode that avoids a full dft while still giving a reliable start frequency
